loggingTime(txt),loggingSample(N),motionTimestamp_sinceReboot(s),motionYaw(rad),motionRoll(rad),motionPitch(rad),motionRotationRateX(rad/s),motionRotationRateY(rad/s),motionRotationRateZ(rad/s),motionUserAccelerationX(G),motionUserAccelerationY(G),motionUserAccelerationZ(G),motionAttitudeReferenceFrame(txt),motionQuaternionX(R),motionQuaternionY(R),motionQuaternionZ(R),motionQuaternionW(R),motionGravityX(G),motionGravityY(G),motionGravityZ(G),motionMagneticFieldX(µT),motionMagneticFieldY(µT),motionMagneticFieldZ(µT),motionHeading(°),motionMagneticFieldCalibrationAccuracy(Z),SampleIndex
2025-11-20T22:20:05.570+01:00,6669,630567.8296126251,0.2005743830938937,-0.0273894856009019,-0.0048122006365575,-0.1111402958631516,-0.1389574557542801,0.238837331533432,0.0440883040428161,0.0975690633058548,0.0599877834320068,XArbitraryCorrectedZVertical,-0.0010227245247874,-0.0138663413686216,0.1001422745041484,0.9948759841676764,0.9873905181884766,-0.1578717678785324,-0.0116784963756799,42.325439453125,-19.60163879394531,6.4725341796875,-1,2,4800
2025-11-20T22:20:05.599+01:00,6670,630567.864528625,0.209902992412702,-0.0315598134361941,-0.0090991924839386,0.0095755802467465,-0.1332599073648453,0.2950816452503204,0.0784749388694763,0.0053504258394241,0.0549302697181701,XArbitraryCorrectedZVertical,-0.0028709833597909,-0.0161688165728445,0.1048162013891571,0.9943559991397168,0.985794961452484,-0.1671393215656281,-0.0165086779743433,42.15283203125,-20.11090087890625,6.039459228515625,-1,2,4801
2025-11-20T22:20:05.634+01:00,6671,630567.899445625,0.2207067542677621,-0.0366633147146525,-0.009431703255527,0.0621340498328208,-0.1721697747707367,0.3147796094417572,0.0851837396621704,-0.0841022282838821,0.1669668555259705,XArbitraryCorrectedZVertical,-0.0026676400044855,-0.0187381919187836,0.1101957213054388,0.993729712833864,0.983831822872162,-0.1777843534946442,-0.0216269213706255,41.8809814453125,-20.43742370605469,5.883056640625,-1,2,4802
2025-11-20T22:20:05.669+01:00,6672,630567.934361625,0.2305190337898929,-0.0421948756965092,-0.0132893537292419,-0.1014710143208504,-0.2005979716777802,0.2640498280525208,0.0769639015197753,-0.1346135884523392,0.2452595233917236,XArbitraryCorrectedZVertical,-0.0041730053160548,-0.0217194299793718,0.115115597430353,0.993105882186722,0.9818739295005798,-0.1874841451644897,-0.0278065986931324,41.63690185546875,-21.1319580078125,5.364913940429688,-1,2,4803
2025-11-20T22:20:05.704+01:00,6673,630567.9692776251,0.2401561918382516,-0.0485495882669681,-0.0200992651128825,-0.0528554134070873,-0.1740386784076691,0.2712518870830536,0.1226589679718018,-0.0987948477268219,0.1248374581336975,XArbitraryCorrectedZVertical,-0.0070667216525329,-0.0252998807727424,0.1199905624604354,0.9924275142440706,0.9797580242156982,-0.197027251124382,-0.0354210101068019,41.358642578125,-21.40606689453125,4.83502197265625,-1,2,4804
2025-11-20T22:20:05.738+01:00,6674,630568.0041936251,0.2488931683748151,-0.0522064568486377,-0.0218015385500661,0.0747418850660324,-0.1064133122563362,0.2567112743854523,0.0508305430412292,-0.0217681378126144,0.0590711794793605,XArbitraryCorrectedZVertical,-0.0075730503555879,-0.0272494539606796,0.1243582555457229,0.9918343135556228,0.977840781211853,-0.2056030780076981,-0.0394331775605678,41.1268310546875,-21.79447937011719,4.62200927734375,-1,2,4805
2025-11-20T22:20:05.774+01:00,6675,630568.039110625,0.2573244215218884,-0.0536922905012393,-0.0251912568598389,-0.0779170617461204,0.0449732132256031,0.1949230581521988,-0.0200824737548828,-0.0604405403137207,0.0275040902197361,XArbitraryCorrectedZVertical,-0.0090428115287321,-0.0282344259367276,0.1285864188796798,0.9912550457300308,0.9759691953659058,-0.2138819098472595,-0.0416947938501834,40.79925537109375,-22.2177734375,4.642654418945312,-1,2,4806
2025-11-20T22:20:05.811+01:00,6676,630568.074026625,0.2585240260012347,-0.0467458518192834,-0.0297162171700616,-0.0954645127058029,0.2846092283725739,-0.1241937279701233,-0.0982463955879211,0.0172539800405502,-0.0767061114311218,XArbitraryCorrectedZVertical,-0.0117173667087389,-0.0250879131288531,0.1291972411665274,0.9912323354265326,0.9759320616722108,-0.215099424123764,-0.0359037704765796,40.5845947265625,-22.27261352539062,4.839157104492188,-1,2,4807
2025-11-20T22:20:05.844+01:00,6677,630568.108942625,0.2529816115094395,-0.0357595953877835,-0.0345527984123766,-0.1473282426595688,0.3425244987010956,-0.1266986131668091,-0.1023350358009338,0.1379390060901642,-0.139040470123291,XArbitraryCorrectedZVertical,-0.0148796335052243,-0.0199123837530588,0.1264211738893378,0.9916652028818091,0.9774112701416016,-0.2097315788269043,-0.0260748900473117,40.501220703125,-22.07402038574219,4.715179443359375,-1,2,4808
2025-11-20T22:20:05.878+01:00,6678,630568.1438596251,0.2468791730514579,-0.0244190265503876,-0.041845738397046,-0.2957881987094879,0.307282030582428,-0.2528649270534515,-0.1240589022636414,0.116102933883667,-0.165463387966156,XArbitraryCorrectedZVertical,-0.019257657030547,-0.0146894328707256,0.1233436981103909,0.9920684800442808,0.9788715839385986,-0.2038256973028183,-0.0162993539124727,40.3853759765625,-21.80256652832031,4.9149169921875,-1,2,4809
2025-11-20T22:20:05.913+01:00,6679,630568.1787756251,0.2366910948620314,-0.0149344060132033,-0.0549696215062241,-0.4395790994167328,0.2683924436569214,-0.2711966931819916,-0.0075821280479431,0.1202388107776642,-0.2628622055053711,XArbitraryCorrectedZVertical,-0.0264070573551056,-0.0106567203105876,0.1182253688491405,0.9925784679451064,0.980970859527588,-0.1939387619495392,-0.0091715045273303,40.4100341796875,-21.607177734375,4.966705322265625,-1,2,4810
2025-11-20T22:20:05.948+01:00,6680,630568.213691625,0.2278734823030582,-0.0055544568998881,-0.0714933237125128,-0.4902283847332001,0.3194002509117126,-0.2588004469871521,-0.0273742079734802,0.1257972121238708,-0.2836126685142517,XArbitraryCorrectedZVertical,-0.035191646207111,-0.0068206258581633,0.1137159301704737,0.9928664223506362,0.9826658964157104,-0.1853674799203873,-0.0025658993981778,40.41986083984375,-21.24180603027344,4.871109008789062,-1,2,4811
2025-11-20T22:20:05.983+01:00,6681,630568.248608625,0.2180551214858751,0.0065221912700229,-0.0883447925760888,-0.4758528769016266,0.3970242142677307,-0.2987968921661377,-0.0108036994934082,0.1298111826181412,-0.1921607255935669,XArbitraryCorrectedZVertical,-0.0442501006005654,-0.0015663189144198,0.1085618122927518,0.9931032069958856,0.984406054019928,-0.17577064037323,0.0070410845801234,40.5126953125,-21.12490844726562,5.008270263671875,-1,2,4812
2025-11-20T22:20:06.018+01:00,6682,630568.283524625,0.2086129323037894,0.0179823346546609,-0.1050029810670096,-0.4795052111148834,0.2901542484760284,-0.210401639342308,0.0625881552696228,0.1400310099124908,-0.1014200448989868,XArbitraryCorrectedZVertical,-0.0531248840388901,0.0034662703803734,0.1035004993794423,0.9932036259207722,0.9859042763710022,-0.166504979133606,0.0163980014622211,40.67486572265625,-20.58914184570312,5.224349975585938,-1,2,4813
2025-11-20T22:20:06.053+01:00,6683,630568.3184406251,0.2054396264256751,0.0256164721869556,-0.121566904532478,-0.4406609833240509,0.1853644698858261,-0.0128289256244897,0.0527151823043823,0.108757421374321,-0.0638726949691772,XArbitraryCorrectedZVertical,-0.0617317618775098,0.0064885043872831,0.1015675782751472,0.9928903345041342,0.9863320589065552,-0.1633533388376236,0.0215600207448005,40.50750732421875,-20.58938598632812,5.040481567382812,-1,2,4814
2025-11-20T22:20:06.088+01:00,6684,630568.3533576251,0.2062783192023737,0.0316640376674564,-0.1347199419812853,-0.3135006129741669,0.1663601398468018,0.0237397477030754,-0.0229837298393249,0.1036855131387711,-0.0604791641235351,XArbitraryCorrectedZVertical,-0.0685692071250364,0.0087824875186441,0.1016501056987845,0.992415423371098,0.9861183762550354,-0.1641102731227875,0.0252618473023176,40.42254638671875,-20.59254455566406,5.07427978515625,-1,2,4815
2025-11-20T22:20:06.123+01:00,6685,630568.388273625,0.2074006068385022,0.0373185843903949,-0.1433629884092326,-0.1940976530313492,0.1401644498109818,0.0134971011430025,-0.057245910167694,0.0760215669870376,-0.0414168797433376,XArbitraryCorrectedZVertical,-0.0731494053098337,0.0110978858003177,0.1019016083797936,0.9920394321846424,0.9858348965644836,-0.1651481240987778,0.0292555671185255,40.39642333984375,-20.83439636230469,5.26641845703125,-1,2,4816
2025-11-20T22:20:06.157+01:00,6686,630568.423189625,0.2084576689623323,0.0423266402192292,-0.1487049340771143,-0.1218411102890968,0.1233772337436676,0.0152977239340543,-0.0543320775032043,0.0688311159610748,-0.028876781463623,XArbitraryCorrectedZVertical,-0.0760598892442212,0.0132619569124777,0.1021660860087917,0.9917666837589264,0.9855454564094543,-0.1661363840103149,0.0331491716206073,40.309326171875,-20.88261413574219,5.451171875,-1,2,4817
2025-11-20T22:20:06.193+01:00,6687,630568.458105625,0.2089332469138715,0.045684194833535,-0.153054604574206,-0.1265116930007935,0.0756390169262886,-0.0028096172027289,-0.0126535296440124,0.0053060948848724,-0.0139327049255371,XArbitraryCorrectedZVertical,-0.0783907161492964,0.0146789613979136,0.1022077265709542,0.9915609235544144,0.985386073589325,-0.1665609329938889,0.0356611907482147,40.36993408203125,-20.95352172851562,5.367584228515625,-1,2,4818
2025-11-20T22:20:06.227+01:00,6688,630568.493022875,0.2084611267104684,0.0486559476846331,-0.1574230599765779,-0.1364134699106216,0.0843283310532569,-0.0344768650829792,-0.0070379972457885,0.0097170919179916,-0.0357420444488525,XArbitraryCorrectedZVertical,-0.0807034473433626,0.0159402242715785,0.101786770372407,0.9913991787738092,0.9853857159614564,-0.1660586148500443,0.0379393473267555,40.42840576171875,-20.90960693359375,5.558486938476562,-1,2,4819
2025-11-20T22:20:06.262+01:00,6689,630568.527938875,0.2075181094340959,0.0506856578901976,-0.1645190916739589,-0.2720225751399994,0.0438682958483696,-0.0324583351612091,0.0257772803306579,-0.0066412687301635,-0.0570502281188964,XArbitraryCorrectedZVertical,-0.0843143355977769,0.0166110808878353,0.1011186898310232,0.9911559849360172,0.9855141639709472,-0.1650658547878265,0.0389227271080017,40.26800537109375,-20.78565979003906,5.410354614257812,-1,2,4820
2025-11-20T22:20:06.297+01:00,6690,630568.562854875,0.207838231622101,0.0517249144255269,-0.1759434993173456,-0.380012571811676,0.0191065035760402,0.0286841504275798,0.0457291007041931,-0.0053994208574295,-0.1096314191818237,XArbitraryCorrectedZVertical,-0.0900272217762009,0.0165099213583242,0.1010367602463767,0.9906635081642036,0.9855208992958068,-0.1652395874261856,0.0380065850913524,40.2056884765625,-20.81739807128906,5.415451049804688,-1,2,4821
2025-11-20T22:20:06.332+01:00,6691,630568.5977718751,0.2101806643107996,0.0522791305927419,-0.190941449798066,-0.5093209147453308,-0.0203323159366846,0.0736743137240409,-0.0266910195350647,-0.0086095929145812,-0.1293865442276001,XArbitraryCorrectedZVertical,-0.0974966377477817,0.0158780588201828,0.1019059007929011,0.9898774925270166,0.9852632880210876,-0.1672936826944351,0.0356212705373764,40.2728271484375,-20.95814514160156,4.813323974609375,-1,2,4822
2025-11-20T22:20:06.370+01:00,6692,630568.6326878751,0.2159429894087037,0.0531612053137446,-0.2099967960147182,-0.5496509075164795,0.0376521721482276,0.2059865891933441,-0.0951111316680908,0.0289125144481658,-0.205446720123291,XArbitraryCorrectedZVertical,-0.1070067173249108,0.014987137476183,0.1043612492174876,0.9886525085352506,0.9844849109649658,-0.172512948513031,0.0320762768387794,40.1348876953125,-21.18614196777344,4.290496826171875,-1,2,4823
2025-11-20T22:20:06.402+01:00,6693,630568.667603875,0.2258258001029053,0.0584527615800055,-0.2269293775621166,-0.4624614417552948,0.1132641062140465,0.241527795791626,-0.1132011413574219,-0.0506497323513031,-0.2334251403808594,XArbitraryCorrectedZVertical,-0.1157237444894551,0.0160978685054733,0.1086132929122552,0.9871940179992124,0.9828452467918396,-0.1816194951534271,0.0320854038000106,40.0040283203125,-21.66781616210938,4.303451538085938,-1,2,4824
2025-11-20T22:20:06.437+01:00,6694,630568.702520875,0.2349811715283289,0.0637245939678916,-0.2430326620216102,-0.4976725280284882,0.0865462198853492,0.1780143827199936,-0.1875445246696472,-0.0646623373031616,-0.194130539894104,XArbitraryCorrectedZVertical,-0.1240274629491361,0.0172020279147164,0.1124620336703746,0.9857349851795204,0.9812759757041932,-0.1899152249097824,0.0320821739733219,39.85003662109375,-22.24284362792969,3.944900512695312,-1,2,4825
2025-11-20T22:20:06.472+01:00,6695,630568.737436875,0.2374037675706903,0.0696604321806748,-0.2585981156387422,-0.3952608704566956,0.2332803159952164,-0.0566863603889942,-0.18597412109375,0.0014538913965225,-0.1480462551116943,XArbitraryCorrectedZVertical,-0.1320435578801535,0.0190293566063176,0.1129050864619747,0.9846090153941008,0.9808502197265624,-0.1917156875133514,0.0343224853277206,39.74365234375,-22.39979553222656,3.57464599609375,-1,2,4826
2025-11-20T22:20:06.507+01:00,6696,630568.7723528751,0.2367850112249689,0.0793687639810498,-0.2705102013198964,-0.30721515417099,0.272401362657547,-0.0255265645682811,-0.0202327966690063,-0.0287705659866333,-0.0604323148727417,XArbitraryCorrectedZVertical,-0.1384370650068857,0.023121831448932,0.1116328996289491,0.98378795194875,0.980758249759674,-0.1907118260860443,0.0417402237653732,39.88568115234375,-22.406494140625,3.641815185546875,-1,2,4827
2025-11-20T22:20:06.542+01:00,6697,630568.8072698751,0.2361604700251961,0.0870261933779817,-0.2814033992875776,-0.335377037525177,0.1759461760520935,-0.0687122121453285,-0.0275248885154724,0.0095271617174148,0.0215777084231376,XArbitraryCorrectedZVertical,-0.1442034205774715,0.0262643555152319,0.1104736648213826,0.983011216287802,0.9806954860687256,-0.1897181272506714,0.0473614148795604,39.81109619140625,-22.46180725097656,3.702423095703125,-1,2,4828
2025-11-20T22:20:06.576+01:00,6698,630568.842185875,0.23476368283528,0.0903308893608651,-0.2937857554599376,-0.3656000196933746,0.0288944244384765,-0.0550312288105487,0.0416671633720397,0.0040826350450515,-0.010324589908123,XArbitraryCorrectedZVertical,-0.1504404441426905,0.0272327979960717,0.1091701653411936,0.9821955262893218,0.980976939201355,-0.1879205107688904,0.0486851371824741,39.8509521484375,-22.614013671875,3.41064453125,-1,2,4829
2025-11-20T22:20:06.611+01:00,6699,630568.877101875,0.2346337935376328,0.0895921100224146,-0.3065055786442338,-0.3451177775859833,-0.0557653978466987,-0.0578674301505088,0.0380091071128845,-0.0268821269273757,-0.0837551355361938,XArbitraryCorrectedZVertical,-0.1566323150858183,0.0261021540907806,0.1087710936912026,0.9813021197093572,0.9812474250793456,-0.1872749328613281,0.0456233546137809,40.0538330078125,-22.55921936035156,3.535919189453125,-1,2,4830
2025-11-20T22:20:06.650+01:00,6700,630568.912017875,0.2309284425404526,0.0866332426627962,-0.3163741728113737,-0.1891133189201355,-0.0309774503111839,-0.1757862120866776,0.0094528794288635,0.0218764096498489,-0.1319432258605957,XArbitraryCorrectedZVertical,-0.1612590546838503,0.0243462211120806,0.106886649629452,0.9808047971636954,0.9821394681930542,-0.1833906769752502,0.0420689657330513,40.1669921875,-22.5733642578125,3.148696899414062,-1,2,4831
2025-11-20T22:20:06.681+01:00,6701,630568.946934875,0.2264385069210007,0.0850321399249765,-0.3202062010494123,-0.0255494900047779,0.0206823274493217,-0.0379112809896469,0.0574281215667724,0.0899410545825958,-0.1108309030532837,XArbitraryCorrectedZVertical,-0.1629966666169063,0.0236964374532044,0.104699358807803,0.9807694154653588,0.9829771518707277,-0.1790370941162109,0.0412507802248001,40.20562744140625,-22.25595092773438,3.218017578125,-1,2,4832
2025-11-20T22:20:06.716+01:00,6702,630568.9818508751,0.2267592486606725,0.0860940345606535,-0.3199297814481997,0.0233288630843162,0.0302507001906633,0.0110594043508172,0.0541393756866455,0.0282708406448364,-0.078265905380249,XArbitraryCorrectedZVertical,-0.1629207895398989,0.024207385331053,0.1047784131464375,0.9807610485120156,0.98287832736969,-0.1793480664491653,0.0422399267554283,40.24102783203125,-22.34675598144531,3.201950073242188,-1,2,4833
2025-11-20T22:20:06.751+01:00,6703,630569.016766875,0.2260784436415789,0.0872525940016037,-0.3174507450113709,0.1403806507587433,0.0545025616884231,0.0008724452927708,0.0619798898696899,0.0794212371110916,-0.1352883577346802,XArbitraryCorrectedZVertical,-0.1617591220812666,0.024977431168922,0.1044253539806209,0.9809717315322248,0.9828962087631226,-0.178816944360733,0.0440407916903495,40.30706787109375,-22.35945129394531,3.111495971679688,-1,2,4834
2025-11-20T22:20:06.786+01:00,6704,630569.051683875,0.2270203215337725,0.0904948658847309,-0.3095120316141788,0.3077649176120758,0.1122526600956917,0.0815581753849983,0.0445958375930786,0.076188713312149,-0.1194062158465385,XArbitraryCorrectedZVertical,-0.1580523861351433,0.0269629000888649,0.1048712379531051,0.9814757134535156,0.9824733138084412,-0.1800247579813004,0.0483460240066051,40.2255859375,-22.36041259765625,3.507339477539062,-1,2,4835
2025-11-20T22:20:06.821+01:00,6705,630569.086599875,0.2288740577763693,0.0936080272486405,-0.2967884143907802,0.3877943456172943,0.0092569906264543,0.1066109240055084,0.1082144379615784,0.0190459638833999,-0.0697120428085327,XArbitraryCorrectedZVertical,-0.152006031840185,0.0291059269279449,0.1059365866632627,0.9822547975987326,0.9818123579025269,-0.1822692006826401,0.0531256534159183,40.2158203125,-22.56007385253906,3.70611572265625,-1,2,4836
2025-11-20T22:20:06.856+01:00,6706,630569.121515875,0.2319888154310402,0.0925164946945962,-0.2817229788964556,0.4536945223808289,-0.088761106133461,0.1500627845525742,0.1687886118888855,0.000104010105133,-0.0989507585763931,XArbitraryCorrectedZVertical,-0.1446022798855379,0.0292447983361159,0.1080170609286064,0.98314144954524,0.9811134934425354,-0.1857728958129883,0.0538915321230888,40.2864990234375,-22.67584228515625,4.470611572265625,-1,2,4837
2025-11-20T22:20:06.891+01:00,6707,630569.1564328751,0.2349716484560798,0.0911954956411371,-0.2637615365732026,0.5617949366569519,-0.0193322300910949,0.0912250354886055,0.1875844597816467,-0.025213211774826,-0.1278969049453735,XArbitraryCorrectedZVertical,-0.1357530962857669,0.0294769296021355,0.1101244369907181,0.9841620695816932,0.9803842902183532,-0.1892337948083878,0.0551125332713127,40.265625,-22.90475463867188,4.884750366210938,-1,2,4838
2025-11-20T22:20:06.931+01:00,6708,630569.191348875,0.2350199776250305,0.0909064134874621,-0.2425636446711199,0.5918566584587097,-0.0471776872873306,0.0302973091602325,0.1996756792068481,-0.027028739452362,-0.0229609012603759,XArbitraryCorrectedZVertical,-0.1253142164238192,0.0306231721360795,0.1107989937375932,0.9854350462510468,0.9800270795822144,-0.1899664551019669,0.0588190332055091,40.147216796875,-22.92350769042969,5.314117431640625,-1,2,4839
2025-11-20T22:20:06.961+01:00,6709,630569.226264875,0.2330284846130099,0.0869567491432872,-0.225744336004766,0.4664348363876343,-0.1287170946598053,-0.0503096207976341,0.1043261885643005,-0.1010661125183105,0.0911612510681152,XArbitraryCorrectedZVertical,-0.1167839208140053,0.0298140168610676,0.1105395449434358,0.9865361974440128,0.9803142547607422,-0.1885456591844559,0.0586037598550319,40.21026611328125,-22.85989379882812,5.634063720703125,-1,2,4840
2025-11-20T22:20:06.996+01:00,6710,630569.261181875,0.2283843221220386,0.0819494739685141,-0.2161625094609994,0.340587854385376,-0.1692194640636444,-0.1390793174505234,-0.0141178369522094,-0.0353882163763046,0.1646490097045898,XArbitraryCorrectedZVertical,-0.1117187444066061,0.0281780701228412,0.1087942250535203,0.9873645284924316,0.9812350273132324,-0.184338316321373,0.0565423294901847,40.55474853515625,-22.66397094726562,5.566635131835938,-1,2,4841
2025-11-20T22:20:07.031+01:00,6711,630569.296097875,0.2214963921803359,0.0738814096344697,-0.2103145111636597,0.2908421456813812,-0.2147332280874252,-0.2098791599273682,-0.0755435228347778,0.0091664642095565,0.1652592420578003,XArbitraryCorrectedZVertical,-0.1083086240897648,0.0249104210972945,0.1059836426404416,0.988137774374128,0.9827242493629456,-0.1778523325920105,0.0512018837034702,40.7529296875,-22.35366821289062,5.548095703125,-1,2,4842
2025-11-20T22:20:07.065+01:00,6712,630569.3310138751,0.213776193170972,0.0677334208699415,-0.2029826897614613,0.4135243892669678,-0.0658576637506485,-0.1688920706510544,-0.1752745509147644,0.1667153388261795,0.2037656307220459,XArbitraryCorrectedZVertical,-0.1042749837868441,0.022690953945755,0.1026637897186078,0.9889752481491716,0.9841734170913696,-0.1705605089664459,0.0480806306004524,40.9710693359375,-21.87322998046875,5.642562866210938,-1,2,4843
2025-11-20T22:20:07.101+01:00,6713,630569.365929875,0.2071583085915834,0.0664944853217275,-0.1897462903832782,0.5193796157836914,0.0044332654215395,-0.1168568581342697,-0.1191400289535522,0.1236145198345184,0.2971174716949463,XArbitraryCorrectedZVertical,-0.0975925816250715,0.0231250781324684,0.0997401082127439,0.9899458409442072,0.985106647014618,-0.1643859446048737,0.0504166781902313,41.1251220703125,-21.78050231933594,5.898178100585938,-1,2,4844
2025-11-20T22:20:07.135+01:00,6714,630569.400846875,0.2019407837002764,0.0657032404706966,-0.17541394098004,0.5338599681854248,-0.0396856777369976,-0.1472329944372177,-0.0719562172889709,0.0124223232269287,0.3115143775939941,XArbitraryCorrectedZVertical,-0.0903994864356133,0.0237281398258379,0.0974948249236462,0.9908379465066824,0.9857746958732604,-0.1595170348882675,0.0529417656362056,41.29742431640625,-21.4874267578125,6.388473510742188,-1,2,4845
2025-11-20T22:20:07.171+01:00,6715,630569.435762875,0.1955481400956575,0.0631455533114387,-0.1609704196761311,0.464171975851059,-0.0753962993621826,-0.1314080357551575,-0.0214521288871765,-0.0128805190324783,0.2753841876983643,XArbitraryCorrectedZVertical,-0.083046065390024,0.0234706169917423,0.0947279976342124,0.9917556271720144,0.9866927266120912,-0.1534402668476105,0.0537936277687549,41.3624267578125,-21.33154296875,6.672286987304688,-1,2,4846
2025-11-20T22:20:07.211+01:00,6716,630569.470678875,0.1915441791164378,0.060214120535239,-0.149442817108562,0.4404096007347107,-0.0636661648750305,-0.0561858154833316,-0.0005974173545837,-0.0507324337959289,0.2040326595306396,XArbitraryCorrectedZVertical,-0.0771466572098349,0.0227455429709001,0.0930787897521983,0.99240488012775,0.987307071685791,-0.1496154516935349,0.0532915517687797,41.546630859375,-20.94834899902344,6.70159912109375,-1,2,4847
2025-11-20T22:20:07.240+01:00,6717,630569.5055958751,0.1891912633693577,0.0582920001664305,-0.1374528520873556,0.4008554518222809,-0.0660043805837631,-0.0290448665618896,-0.0109927058219909,-0.058893859386444,0.1382642984390259,XArbitraryCorrectedZVertical,-0.0710823641658368,0.0224594325142912,0.0921993190396434,0.992946200601181,0.9876314401626588,-0.1473744213581085,0.0535234212875366,41.78765869140625,-20.67762756347656,7.084091186523438,-1,2,4848
2025-11-20T22:20:07.275+01:00,6718,630569.5405118751,0.1879855110760039,0.0564167285593842,-0.127892042414585,0.3208348155021667,-0.0545355379581451,-0.0126834046095609,-0.007761001586914,-0.1240549087524414,0.1160866096615791,XArbitraryCorrectedZVertical,-0.0662367846979576,0.0220275930382701,0.0918309386094083,0.9933250491162446,0.987817883491516,-0.1462239921092987,0.0532400980591774,41.784423828125,-20.60301208496094,7.24371337890625,-1,2,4849
2025-11-20T22:20:07.310+01:00,6719,630569.575427875,0.1863067979386801,0.0552601943616427,-0.1216400479715472,0.2055557072162628,-0.0224664658308029,-0.0665612816810607,-0.0584023594856262,-0.1031532287597656,0.105130672454834,XArbitraryCorrectedZVertical,-0.0630609426299646,0.0218041873088198,0.0911393737659335,0.9936002704473458,0.9880592823028564,-0.1445884555578232,0.0532249622046947,41.67120361328125,-20.39694213867188,7.239547729492188,-1,2,4850
2025-11-20T22:20:07.345+01:00,6720,630569.610343875,0.183277424015228,0.0561790272277173,-0.1184025772469275,0.183305412530899,0.0634159445762634,-0.0781809538602829,-0.0696011781692504,-0.0792405754327774,0.1072228029370308,XArbitraryCorrectedZVertical,-0.0614608539916203,0.0225067373113422,0.0896593758505222,0.993819579670095,0.988394021987915,-0.1416151076555252,0.0549781322479248,41.5263671875,-20.11660766601562,7.470794677734375,-1,2,4851
2025-11-20T22:20:07.380+01:00,6721,630569.645260875,0.1805751150124315,0.0585348745895412,-0.1145860853104563,0.2093437910079956,0.0306605901569128,-0.0898804292082786,-0.0711228847503662,-0.0342441201210022,0.1498039960861206,XArbitraryCorrectedZVertical,-0.0596382362041324,0.0239354590570719,0.0883096077703196,0.994017994417157,0.9885880351066588,-0.1389583647251129,0.0581732839345932,41.6024169921875,-20.13786315917969,7.715927124023438,-1,2,4852
2025-11-20T22:20:07.415+01:00,6722,630569.6801768751,0.1743572266942234,0.0558600625258614,-0.1110927601703417,0.208576112985611,-0.1831032931804657,-0.2002197951078415,-0.029231309890747,-0.0461663603782653,0.1733449697494507,XArbitraryCorrectedZVertical,-0.0577131640755386,0.0229454849005421,0.0853555101089493,0.9944129704790284,0.9895126223564148,-0.1328344494104385,0.0567422248423099,41.7637939453125,-19.90591430664062,7.70159912109375,-1,2,4853
2025-11-20T22:20:07.451+01:00,6723,630569.7150928751,0.1693425335389219,0.0477425031243454,-0.1081089363961453,0.1516235768795013,-0.2267024964094162,-0.0439853556454181,-0.0403031110763549,0.0115690976381301,0.1299251317977905,XArbitraryCorrectedZVertical,-0.0558349105032928,0.0191808707239212,0.0831375722649762,0.9947877816680912,0.9905441403388976,-0.1278868019580841,0.0496707260608673,41.8497314453125,-19.49746704101562,7.53564453125,-1,2,4854
2025-11-20T22:20:07.492+01:00,6724,630569.750009875,0.170927853938854,0.0417124148481805,-0.1053254339471696,0.1080159842967987,-0.1761013120412827,0.1510964334011078,-0.0165249109268188,-0.0351838171482086,0.1018272638320923,XArbitraryCorrectedZVertical,-0.0542125386496214,0.016257542102094,0.0841292965120377,0.994846199424913,0.9906154274940492,-0.1294432133436203,0.0438788458704948,41.8067626953125,-19.50466918945312,7.703033447265625,-1,2,4855
2025-11-20T22:20:07.519+01:00,6725,630569.784925875,0.1797518974343722,0.0366060882187821,-0.1038136892500863,0.2064305543899536,-0.1741361916065216,0.3690310418605804,-0.1086999177932739,-0.0149698257446289,0.0883673429489135,XArbitraryCorrectedZVertical,-0.0533059593747516,0.0135475751347927,0.0886733556584614,0.9945411102112928,0.9896813035011292,-0.1381368190050125,0.0380670055747032,41.53961181640625,-19.98086547851562,6.96807861328125,-1,2,4856
2025-11-20T22:20:07.554+01:00,6726,630569.819841875,0.194041310389279,0.0362819369119475,-0.0930807193389166,0.3867526948451996,0.0854769721627235,0.3550491034984589,-0.2922995090484619,0.0178171694278717,0.1303578615188599,XArbitraryCorrectedZVertical,-0.0480524377280151,0.0135291879217609,0.095907735653848,0.994137662458734,0.9876272678375244,-0.1521860212087631,0.0378397367894649,41.249267578125,-20.32931518554688,7.00592041015625,-1,2,4857
2025-11-20T22:20:07.589+01:00,6727,630569.8547588751,0.1949951670536536,0.0356954252609353,-0.080028371642222,0.291454553604126,-0.1975190043449402,-0.2036268413066864,0.2124384641647339,-0.33153235912323,0.1460920572280884,XArbitraryCorrectedZVertical,-0.0415430553264122,0.0138543416118573,0.0965392362566174,0.9943653554767544,0.9874363541603088,-0.1530867516994476,0.0391648784279823,41.09600830078125,-20.27958679199219,7.301864624023438,-1,2,4858
2025-11-20T22:20:07.624+01:00,6728,630569.8896748751,0.1903170251263957,0.0266701010037363,-0.0745878313630992,0.0761074051260948,-0.1982369869947433,0.0125510226935148,0.0920400619506835,-0.0170300602912902,0.1028605699539185,XArbitraryCorrectedZVertical,-0.0383793955501573,0.0097227531825564,0.0944455139937268,0.9947425006678214,0.9884195923805236,-0.1484515070915222,0.0314472541213035,41.071533203125,-19.964111328125,6.814529418945312,-1,2,4859
2025-11-20T22:20:07.659+01:00,6729,630569.924590875,0.1928870731719265,0.0232349852906801,-0.0722648054061347,0.0612499676644802,-0.0779710263013839,0.0912131071090698,0.1114282608032227,-0.0093045681715011,0.0216615200042724,XArbitraryCorrectedZVertical,-0.0370721807490222,0.0080773524594065,0.0958070317055678,0.9946765709528668,0.9881353378295898,-0.1509737372398376,0.0282041262835264,40.99420166015625,-20.16357421875,6.728958129882812,-1,2,4860
2025-11-20T22:20:07.694+01:00,6730,630569.959507875,0.1972198148807397,0.0217956837156515,-0.0712296559428315,-0.0044119032099843,-0.0001739170402288,0.1192789748311043,0.0475617051124572,0.004054918885231,0.0101546049118042,XArbitraryCorrectedZVertical,-0.0365044071313958,0.0073324716086094,0.0979957490690386,0.994490069373866,0.9875181913375854,-0.1552389711141586,0.0266190227121114,40.8699951171875,-20.16592407226562,6.667282104492188,-1,2,4861
2025-11-20T22:20:07.731+01:00,6731,630569.994423875,0.1993832886083618,0.0233775932904558,-0.0716461072140132,-0.0107192210853099,0.062228724360466,0.0425673760473728,0.0682610869407653,0.0264368206262588,0.0301496982574462,XArbitraryCorrectedZVertical,-0.0367977023087113,0.0080586933003723,0.0990393929677509,0.9943702911675476,0.987143576145172,-0.1573724448680878,0.0279558226466178,40.6912841796875,-20.10502624511719,6.46746826171875,-1,2,4862
2025-11-20T22:20:07.764+01:00,6732,630570.0293398751,0.2026364018278269,0.0247714286595965,-0.0723247493229894,-0.0450746603310108,-0.04153773188591,0.1138023063540459,0.104558527469635,0.0435747057199478,0.0577814504504203,XArbitraryCorrectedZVertical,-0.0372182274922729,0.008657262050372,0.1006255799083345,0.994190229819908,0.9865972399711608,-0.1605790257453918,0.0289799477905035,40.75830078125,-20.1627197265625,6.617416381835938,-1,2,4863
2025-11-20T22:20:07.799+01:00,6733,630570.0642558751,0.2066460192810563,0.021829336550217,-0.0743040042171849,-0.0474931858479976,-0.1168449893593788,0.1152236834168434,0.0349987149238586,0.0617193281650543,0.0127255916595459,XArbitraryCorrectedZVertical,-0.0380680976998337,0.0070180318960556,0.1026587167024255,0.9939631717548022,0.986043095588684,-0.1645330190658569,0.0254517924040556,40.58477783203125,-20.51242065429688,6.369979858398438,-1,2,4864
2025-11-20T22:20:07.833+01:00,6734,630570.099172875,0.2116732802516352,0.0173502364248352,-0.0745830845326477,0.0430143810808658,-0.1444635689258575,0.1730401217937469,0.0679497122764587,0.0560279041528701,-0.044241189956665,XArbitraryCorrectedZVertical,-0.0379886731582719,0.004682084899838,0.1052401279974256,0.993709933541435,0.985318660736084,-0.1694769412279129,0.0206052158027887,40.49798583984375,-20.42764282226562,6.113998413085938,-1,2,4865
2025-11-20T22:20:07.869+01:00,6735,630570.134088875,0.2176839884278741,0.0145420353130289,-0.0710866107524926,0.1325941830873489,-0.0438330583274364,0.1726889610290527,0.0071625709533691,0.0377961248159408,-0.0330404043197631,XArbitraryCorrectedZVertical,-0.0361139309477987,0.0033633075294365,0.1082988900371756,0.9934565213075984,0.9843382239341736,-0.1753693222999573,0.0179952252656221,40.18438720703125,-20.72378540039062,5.672119140625,-1,2,4866
2025-11-20T22:20:07.903+01:00,6736,630570.169004875,0.2233024279880448,0.0132838309315104,-0.0655842479671014,0.1750838905572891,-0.0772363021969795,0.1377674043178558,0.0634128451347351,0.0114905685186386,-0.0292326211929321,XArbitraryCorrectedZVertical,-0.0333210186869155,0.0029440194920438,0.1111406205817474,0.9932415755665728,0.9833552837371826,-0.180863082408905,0.0173459630459547,39.99267578125,-20.84231567382812,5.730804443359375,-1,2,4867
2025-11-20T22:20:07.938+01:00,6737,630570.203921875,0.2268962787929715,0.0101074303795269,-0.0599668240574575,0.1228476539254189,-0.1088677570223808,0.0756898522377014,0.0239246487617492,-0.0095149427652359,-0.0507712364196777,XArbitraryCorrectedZVertical,-0.0303576698174176,0.0016252315745106,0.1130020805672787,0.9931295725922804,0.9827433824539183,-0.1843632012605667,0.015019878745079,39.62139892578125,-20.6253662109375,5.480331420898438,-1,2,4868
2025-11-20T22:20:07.973+01:00,6738,630570.2388378751,0.2296978247719251,0.0068114033323259,-0.0579200938815932,-0.0039956262335181,-0.0790699198842048,0.0930288583040237,-0.049452006816864,0.0490085482597351,-0.0678879022598266,XArbitraryCorrectedZVertical,-0.0291551914427287,6.360020475377845e-05,0.1144499184605273,0.9930010758771272,0.982267439365387,-0.1871005445718765,0.0119949961081147,39.857421875,-20.9581298828125,5.569183349609375,-1,2,4869
2025-11-20T22:20:08.012+01:00,6739,630570.273753875,0.2335638396255243,0.005848088836525,-0.0589192045134299,-0.0230370052158832,0.0206443909555673,0.1124890223145485,-0.1508795619010925,0.1141743063926697,-0.1355884075164795,XArbitraryCorrectedZVertical,-0.0295951392996909,-0.0005291593252565,0.1163800568068396,0.9927635962273524,0.9815527200698853,-0.1908954530954361,0.0106341056525707,39.77178955078125,-20.99665832519531,5.331924438476562,-1,2,4870
2025-11-20T22:20:08.043+01:00,6740,630570.308670875,0.235440971098322,0.0080113070931561,-0.0592806572472959,-0.0133173698559403,0.0680849477648735,-0.021878432482481,-0.1374810338020325,0.0702234059572219,-0.1272921562194824,XArbitraryCorrectedZVertical,-0.0299008888827932,0.0004954901307817,0.1172783470548823,0.9926488049008644,0.981170117855072,-0.1927362233400345,0.0125765213742852,39.7333984375,-21.11683654785156,5.484054565429688,-1,2,4871
2025-11-20T22:20:08.078+01:00,6741,630570.343586875,0.2325607380244281,0.0085795757007116,-0.0615950492187421,-0.1272069215774536,-0.0115510821342468,-0.1435261964797974,0.0004481673240661,0.0185383111238479,-0.1201359033584595,XArbitraryCorrectedZVertical,-0.0310818910538891,0.0006863004367374,0.1158312210316436,0.992782235228068,0.9817142486572266,-0.1899249851703644,0.0128665678203105,39.737548828125,-20.93333435058594,5.618728637695312,-1,2,4872
2025-11-20T22:20:08.113+01:00,6742,630570.378502875,0.2266915384729882,0.0100645356787775,-0.0663874106529778,-0.1323254406452179,0.1411021202802658,-0.1734949946403503,-0.0223594903945922,0.1208062916994095,-0.1499619483947754,XArbitraryCorrectedZVertical,-0.0335430842616527,0.0012436235501288,0.1128735518963368,0.9930422699040602,0.9827934503555298,-0.1841912716627121,0.0138077214360237,39.9056396484375,-20.58613586425781,5.454345703125,-1,2,4873
2025-11-20T22:20:08.148+01:00,6743,630570.4134198751,0.2222482801658535,0.0161020248219766,-0.0712759686899326,-0.1422474384307861,0.1703692078590393,-0.0694399178028106,0.0783976316452026,0.1210887581110001,-0.0867458581924438,XArbitraryCorrectedZVertical,-0.0363017721105924,0.004045057057373,0.1105364813572821,0.993200640819859,0.9835072159767152,-0.179850310087204,0.0191646888852119,39.8980712890625,-20.40977478027344,5.566314697265625,-1,2,4874
2025-11-20T22:20:08.183+01:00,6744,630570.4483358751,0.2240422691719174,0.0205895877548412,-0.0759862676273451,-0.1098246723413467,0.075996033847332,0.1404340118169785,0.0728147625923156,0.1157969534397125,-0.0732954740524292,XArbitraryCorrectedZVertical,-0.0388938895416,0.0059768133621711,0.1113118207142088,0.993006184071734,0.983108639717102,-0.1816233247518539,0.0225905161350965,39.89154052734375,-20.55006408691406,5.642822265625,-1,2,4875
2025-11-20T22:20:08.218+01:00,6745,630570.483252375,0.2293653906568905,0.0210040525071969,-0.0780277959338648,-0.0166577454656362,-0.0763309001922607,0.1557954549789429,0.0069664120674133,0.073028564453125,-0.0594761408865451,XArbitraryCorrectedZVertical,-0.0399464807915991,0.0059618699471862,0.1139311740548138,0.9926672833425152,0.9821386337280272,-0.1868437975645065,0.0221988596022129,39.6170654296875,-20.69363403320312,5.6544189453125,-1,2,4876
2025-11-20T22:20:08.253+01:00,6746,630570.518168375,0.2344399566025583,0.0174629326404342,-0.0776531494039279,0.0203737262636423,-0.1306325495243073,0.1243436112999916,-0.0577519536018371,0.0434803217649459,-0.0420389175415039,XArbitraryCorrectedZVertical,-0.0395693505713732,0.0041253813920395,0.1165225218366436,0.9923909530648426,0.98125958442688,-0.1918109506368637,0.0183877944946289,39.56982421875,-20.64097595214844,5.401931762695312,-1,2,4877
2025-11-20T22:20:08.289+01:00,6747,630570.553085375,0.2389546686162679,0.0134294803302537,-0.078093710811663,-0.0508959591388702,-0.1162077710032463,0.1762382984161377,-0.068059504032135,0.068114161491394,-0.0339008569717407,XArbitraryCorrectedZVertical,-0.0395575022826698,0.0020089044361456,0.1188394874000378,0.9921232057052936,0.9804587960243224,-0.1962269097566605,0.0139881437644362,39.530029296875,-21.01741027832031,5.1707763671875,-1,2,4878
2025-11-20T22:20:08.322+01:00,6748,630570.5880013751,0.2471421973693114,0.0113034392112271,-0.0807586994082074,-0.0928253307938575,-0.0239494368433952,0.2598865032196045,-0.1077718138694763,0.0599827021360397,-0.0676150321960449,XArbitraryCorrectedZVertical,-0.0407559645223075,0.0006284222954069,0.1229280120397136,0.991578117647094,0.978865385055542,-0.2042239606380463,0.0107149453833699,39.29608154296875,-21.17236328125,4.958602905273438,-1,2,4879
2025-11-20T22:20:08.357+01:00,6749,630570.6229173751,0.2543560556838557,0.0130708216069693,-0.0833132121851886,-0.0700837671756744,0.0655548572540283,0.1372156292200089,-0.0566503405570983,-0.033984825015068,-0.0821176767349243,XArbitraryCorrectedZVertical,-0.0421355415196116,0.0011950653438615,0.1264527634872637,0.9910766597324752,0.9773656129837036,-0.2112543731927872,0.0113167976960539,39.1990966796875,-21.59065246582031,4.942337036132812,-1,2,4880
2025-11-20T22:20:08.392+01:00,6750,630570.657834375,0.2595222766945044,0.0155134587827439,-0.0869005226816058,-0.152443915605545,0.0282780826091766,0.1732104420661926,0.0173235535621643,-0.0512109994888305,-0.0558720827102661,XArbitraryCorrectedZVertical,-0.0440728585316174,0.0020637726928599,0.1289371863486947,0.9906707496618116,0.9762523770332336,-0.2162755280733109,0.0124912578612566,39.08514404296875,-21.85243225097656,4.812789916992188,-1,2,4881
2025-11-20T22:20:08.427+01:00,6751,630570.692750375,0.267708273030151,0.0168644354285646,-0.0928272404786884,-0.1646423935890198,0.0311466101557016,0.2607276439666748,-0.0027911067008972,-0.0407775789499282,-0.0930724143981933,XArbitraryCorrectedZVertical,-0.0471043895789441,0.0021560168987524,0.132918593301196,0.9900046940037374,0.9744707942008972,-0.2242065221071243,0.0117583135142922,39.000244140625,-22.15312194824219,4.857635498046875,-1,2,4882
2025-11-20T22:20:08.462+01:00,6752,630570.727666375,0.2763942960309296,0.0191790902663547,-0.0963281276975887,-0.0512816533446312,0.0487058572471141,0.2372035384178162,0.0007131695747375,-0.0664511770009994,-0.1100190877914429,XArbitraryCorrectedZVertical,-0.0490037079059106,0.0028548594322333,0.1371343002670052,0.989335563139792,0.9724924564361572,-0.2326058149337769,0.0123780369758606,38.86431884765625,-22.38185119628906,4.712554931640625,-1,2,4883
2025-11-20T22:20:08.497+01:00,6753,630570.7625833751,0.2838910972279574,0.0206748647418152,-0.0971665669902788,-0.0357088930904865,-0.0161926988512277,0.1763048321008682,-0.0144864320755004,-0.1980766505002975,-0.0876930952072143,XArbitraryCorrectedZVertical,-0.0495338545441137,0.0033512327795973,0.1407979142811789,0.9887927771534604,0.9707241654396056,-0.2398505508899689,0.0128944395110011,38.58294677734375,-22.86701965332031,4.8779296875,-1,2,4884
2025-11-20T22:20:08.532+01:00,6754,630570.7974993751,0.2899474172541379,0.0200591711331399,-0.0998039349016904,-0.1242613643407822,-0.0322273969650268,0.1834296137094498,-0.1090289354324341,-0.1390891075134277,-0.1003900766372681,XArbitraryCorrectedZVertical,-0.050802613139421,0.0027060486174002,0.1437842750829673,0.9883005756192564,0.969289004802704,-0.2456765025854111,0.0110497921705246,38.4781494140625,-22.98841857910156,4.76983642578125,-1,2,4885
2025-11-20T22:20:08.572+01:00,6755,630570.832416375,0.2982561354299719,0.0208036384896066,-0.1059013406159168,-0.2228770107030869,0.020905053243041,0.2498224526643753,-0.163684606552124,-0.1275131106376648,-0.1543999910354614,XArbitraryCorrectedZVertical,-0.0538789390836341,0.0024086734054788,0.147815261539268,0.9875433876555684,0.9672582149505616,-0.2536208927631378,0.0093804346397519,38.20794677734375,-23.30996704101562,4.721511840820312,-1,2,4886
2025-11-20T22:20:08.602+01:00,6756,630570.867332375,0.3054017817143622,0.0221838106792338,-0.1144053254460642,-0.2300128787755966,0.0310783367604017,0.1522029638290405,-0.0529843568801879,-0.216151624917984,-0.1661627292633057,XArbitraryCorrectedZVertical,-0.0581871158303484,0.0022489710178014,0.1512232652501326,0.9867830135729888,0.9654751420021056,-0.2603802978992462,0.0077307554893195,38.02960205078125,-23.59220886230469,4.476898193359375,-1,2,4887
2025-11-20T22:20:08.637+01:00,6757,630570.902248375,0.3102063182352783,0.0259038001523182,-0.1197530546850118,-0.0864005833864212,0.1592975258827209,0.1264429241418839,-0.2078051567077637,-0.0494408309459686,-0.11568284034729,XArbitraryCorrectedZVertical,-0.0611146342869859,0.0035295867069373,0.1534265094100224,0.9862621280697432,0.9642291665077208,-0.2649054825305939,0.0093443747609853,37.8089599609375,-23.8525390625,4.614166259765625,-1,2,4888
2025-11-20T22:20:08.671+01:00,6758,630570.937165375,0.3131295377443959,0.0316368646972247,-0.1215909362040443,-0.0616971217095851,0.0707160755991935,0.0109234899282455,-0.0500015020370483,-0.1521117091178894,-0.0519983768463134,XArbitraryCorrectedZVertical,-0.0624692152975386,0.0061228701531707,0.1546690809837872,0.985970346650482,0.9634077548980712,-0.2676727771759033,0.0140192154794931,37.940185546875,-23.99365234375,4.620620727539062,-1,2,4889
2025-11-20T22:20:08.706+01:00,6759,630570.9720813751,0.3113601796558792,0.0292598308813538,-0.1262565334652561,-0.2059687972068787,-0.1482296288013458,-0.1197766214609146,0.1420926451683044,-0.2505166828632355,-0.0174690522253513,XArbitraryCorrectedZVertical,-0.064580532181629,0.0046430636369467,0.1538148442801665,0.9859759909505972,0.963940441608429,-0.2659016847610474,0.0107093201950192,37.9632568359375,-23.83609008789062,4.469833374023438,-1,2,4890
2025-11-20T22:20:08.741+01:00,6760,630571.006997375,0.3033355363183898,0.0244635088051102,-0.1352668359881017,-0.2914874255657196,-0.005397358443588,-0.3315620124340057,-0.0348118543624877,-0.0560868978500366,-0.0466572046279907,XArbitraryCorrectedZVertical,-0.0686448466402662,0.0018534202251567,0.1499131219532174,0.9863116096873934,0.9661167860031128,-0.258061021566391,0.0047869980335235,38.07476806640625,-23.56864929199219,3.9603271484375,-1,2,4891
2025-11-20T22:20:08.776+01:00,6761,630571.041914375,0.2898291312796838,0.0263136710443284,-0.146314050707432,-0.3332605063915253,0.1421427875757217,-0.4271150231361389,0.1499771475791931,-0.0196192264556884,-0.0453470945358276,XArbitraryCorrectedZVertical,-0.0742142085744733,0.00242961487806,0.1430576116369784,0.9869249981869568,0.9695296883583068,-0.2449071109294891,0.0057200393639504,38.22637939453125,-22.85586547851562,3.653335571289062,-1,2,4892
2025-11-20T22:20:08.812+01:00,6762,630571.076830375,0.2779451922263638,0.0281731037079801,-0.1607610908284684,-0.4516619443893433,0.0792541429400444,-0.2765965461730957,0.1354096531867981,0.0671615898609161,0.0078947553411126,XArbitraryCorrectedZVertical,-0.0814569764361413,0.0027835588232458,0.1369445854555594,0.9872200251245106,0.9724090695381165,-0.2332077324390411,0.0059144017286598,38.5172119140625,-22.49942016601562,3.654022216796875,-1,2,4893
2025-11-20T22:20:08.851+01:00,6763,630571.111746375,0.2694626160923776,0.0305281550718349,-0.1747587999939491,-0.2779554426670074,0.1530718803405762,-0.2682076692581177,-0.0552961826324462,0.1840903460979462,0.0450758934020996,XArbitraryCorrectedZVertical,-0.0885097315835456,0.0033465948477816,0.1324760533935437,0.9872208440418792,0.9743940830230712,-0.2247549742460251,0.0064377482049167,38.756103515625,-22.10791015625,3.568161010742188,-1,2,4894
2025-11-20T22:20:08.881+01:00,6764,630571.1466633751,0.2596030332122769,0.0351535889001491,-0.1807504751361504,-0.0761990472674369,0.1877696365118027,-0.3009366989135742,-0.0008974075317382,0.1654242277145386,0.133296012878418,XArbitraryCorrectedZVertical,-0.091744895195296,0.0056767011697593,0.1273162617512428,0.9875936177604662,0.9765137434005736,-0.2151525616645813,0.0114030167460441,38.9820556640625,-21.86106872558594,3.882415771484375,-1,2,4895
2025-11-20T22:20:08.916+01:00,6765,630571.181579375,0.2485922400207095,0.036820983847203,-0.183679714221502,-0.0761250108480453,0.0306412652134895,-0.2719671130180359,0.1135868430137634,0.1288039237260818,0.1889482736587524,XArbitraryCorrectedZVertical,-0.093260570694799,0.0068224003750785,0.1217575985988942,0.9881452237970264,0.978759229183197,-0.2045027166604996,0.0144513314589858,39.192138671875,-20.93614196777344,3.881088256835938,-1,2,4896
2025-11-20T22:20:08.951+01:00,6766,630571.216495375,0.242357750028391,0.0376464744177279,-0.1838355303640946,0.0942417830228805,0.0995378047227859,-0.0853025615215301,0.036255657672882,0.1804153919219971,0.140882134437561,XArbitraryCorrectedZVertical,-0.0933648026527112,0.0075115798674695,0.1186359092566311,0.9885100735215764,0.9799644351005554,-0.1984970271587372,0.016390161588788,39.3961181640625,-20.704345703125,3.837982177734375,-1,2,4897
2025-11-20T22:20:08.986+01:00,6767,630571.251412375,0.2429101341285361,0.0413041436842314,-0.1788806397277313,0.1798904836177826,0.0880225822329521,0.1322673410177231,0.0186159610748291,0.0729843974113464,0.2127705812454224,XArbitraryCorrectedZVertical,-0.0911361731477523,0.0095970017948513,0.11881571983028,0.9886784197842547,0.9797514081001282,-0.1991287916898727,0.0208566524088382,39.2039794921875,-20.42558288574219,4.016082763671875,-1,2,4898
2025-11-20T22:20:09.021+01:00,6768,630571.286328375,0.2487563476551169,0.0431734359401883,-0.1710933090748542,0.2246922701597214,-0.0462673678994178,0.1665527075529099,-0.0331153869628906,-0.0338071882724762,0.2155566215515137,XArbitraryCorrectedZVertical,-0.0874305593731603,0.010742657378312,0.1217452481513363,0.9886447754893224,0.9785040020942688,-0.2049164921045303,0.0232128705829381,38.9366455078125,-20.39756774902344,4.345779418945312,-1,2,4899
2025-11-20T22:20:09.056+01:00,6769,630571.3212453751,0.2519996590194699,0.0407239433067707,-0.1640422608083684,0.1826885491609573,-0.1089858636260033,0.0195784959942102,-0.0945037603378295,-0.1070859283208847,0.1621227264404297,XArbitraryCorrectedZVertical,-0.0838128971324547,0.0098376128726433,0.1235633631893335,0.9887419897197932,0.9778502583503724,-0.208175852894783,0.021715197712183,38.8902587890625,-20.55673217773438,4.417312622070312,-1,2,4900
2025-11-20T22:20:09.092+01:00,6770,630571.3561613751,0.2499357173529491,0.0363519811713314,-0.1587478715333047,0.1099743247032166,-0.1196576878428459,-0.1218798458576202,-0.0549567937850952,-0.1431356072425842,0.121367335319519,XArbitraryCorrectedZVertical,-0.0809175315466588,0.008095103834006,0.1228000105617175,0.9890940892172176,0.9783119559288024,-0.2062754034996033,0.0188761819154024,38.89794921875,-20.50141906738281,4.490234375,-1,2,4901
2025-11-20T22:20:09.132+01:00,6771,630571.391077375,0.2426698105018355,0.031376188378555,-0.1573012414608276,-0.0199035201221704,-0.0935060009360313,-0.289238303899765,-0.0329530239105224,-0.0994938760995864,0.067053198814392,XArbitraryCorrectedZVertical,-0.0798752113278689,0.0060152914281927,0.1194248917160805,0.9896067254998508,0.9798218607902528,-0.1992731690406799,0.0154663315042853,39.0482177734375,-20.08415222167969,4.26483154296875,-1,2,4902
2025-11-20T22:20:09.160+01:00,6772,630571.425994375,0.2311995845212554,0.0279460683055909,-0.1598178907769274,-0.0878202840685844,-0.0008274442516267,-0.3346070349216461,0.0211363434791564,-0.0590818375349044,0.0435658693313598,XArbitraryCorrectedZVertical,-0.0808899103944327,0.0046288425693884,0.1138553032045853,0.9901881244965832,0.9820528626441956,-0.188125804066658,0.0134561574086546,39.46856689453125,-19.71611022949219,4.063735961914062,-1,2,4903
2025-11-20T22:20:09.195+01:00,6773,630571.460910375,0.2203999380622827,0.0278515389909905,-0.1620158071229356,-0.0017570650670677,0.0969031602144241,-0.2989676892757416,-0.0344198942184448,0.030842900276184,0.0511555671691894,XArbitraryCorrectedZVertical,-0.0819471345244858,0.0048970533813914,0.1084857887939625,0.990702504140118,0.9839894771575928,-0.177617147564888,0.0147165907546877,39.59075927734375,-19.15072631835938,4.010086059570312,-1,2,4904
2025-11-20T22:20:09.230+01:00,6774,630571.4958259168,0.2081281296320128,0.0284876465358492,-0.1604329732585029,0.0880793407559394,0.040065661072731,-0.3436777889728546,-0.0201064348220825,0.0231864601373672,0.1159615516662598,XArbitraryCorrectedZVertical,-0.0811636993515809,0.0057979177934662,0.1023966576655885,0.9914100193432288,0.9860183000564576,-0.1657035201787949,0.0176139026880264,39.714599609375,-18.33256530761719,4.5709228515625,-1,2,4905
2025-11-20T22:20:09.265+01:00,6775,630571.5307429167,0.1973633651136337,0.0261932491112471,-0.1566392635074427,0.1414807885885239,-0.0868299230933189,-0.260008305311203,0.0018914341926574,-0.0376389026641845,0.1310453414916992,XArbitraryCorrectedZVertical,-0.0791385727964944,0.0052849578907422,0.0971915012608837,0.9921003299871404,0.9877173900604248,-0.1552474349737167,0.0176820401102304,39.826416015625,-17.80372619628906,4.28515625,-1,2,4906
2025-11-20T22:20:09.300+01:00,6776,630571.5656589167,0.1904061491803513,0.0193753040816331,-0.151268989200827,0.1764317750930786,-0.198147639632225,-0.0781481564044952,-0.0776212811470031,-0.0479807406663894,0.1291148662567139,XArbitraryCorrectedZVertical,-0.0761349454397683,0.0024334882751327,0.0940544066711178,0.9926487196705288,0.9888304471969604,-0.1484913975000381,0.0128376213833689,40.0267333984375,-17.28697204589844,4.40863037109375,-1,2,4907
2025-11-20T22:20:09.335+01:00,6777,630571.6005759167,0.1905142326636508,0.0135180954442914,-0.1440815664673401,0.2220454514026642,-0.1401065438985825,0.0380372144281864,-0.1510135531425476,-0.1206177473068237,0.0656027793884277,XArbitraryCorrectedZVertical,-0.0722917360732676,-0.0001350404728762,0.0943799554010581,0.9929079799614152,0.9888582825660706,-0.1486387848854065,0.008097187615931,40.1304931640625,-17.18649291992188,4.192657470703125,-1,2,4908
2025-11-20T22:20:09.371+01:00,6778,630571.6354919167,0.1909491884029721,0.0095937843934207,-0.1359957562188812,0.2748456597328186,-0.0748041346669197,-0.0011239568702876,-0.1644359230995178,-0.1421723365783691,0.0515096187591552,XArbitraryCorrectedZVertical,-0.0680914920388205,-0.0017131483790242,0.0947837633318092,0.9931650704893964,0.9888073205947876,-0.1491026729345322,0.0053598587401211,40.06317138671875,-17.23904418945312,4.292098999023438,-1,2,4909
2025-11-20T22:20:09.407+01:00,6779,630571.6704079167,0.1900981722961381,0.0110527442274794,-0.124133538220815,0.4027836620807648,0.1538143455982208,-0.1265025436878204,-0.2386288046836853,-0.0901887714862823,0.0743921995162963,XArbitraryCorrectedZVertical,-0.0622694824286647,-0.0003958333770482,0.0943806078853664,0.9935867661085755,0.9889034032821656,-0.1483060717582703,0.0086766853928565,40.0006103515625,-17.07951354980469,4.358062744140625,-1,2,4910
2025-11-20T22:20:09.440+01:00,6780,630571.7053249168,0.1793645485918637,0.0135276006525466,-0.1111178219561712,0.3020735383033752,-0.0082920081913471,-0.4472169280052185,0.0978181362152099,-0.1649996638298035,0.107298731803894,XArbitraryCorrectedZVertical,-0.0559107462649718,0.0017528724701333,0.0890477834288178,0.9944553079236292,0.9903622269630432,-0.1377651691436768,0.0142527902498841,40.0723876953125,-16.311279296875,5.169677734375,-1,2,4911
2025-11-20T22:20:09.475+01:00,6781,630571.7402409167,0.1651485671552033,0.0098398126750317,-0.1043177796357955,0.1344071924686432,-0.0125291077420115,-0.3068569004535675,0.0961953401565551,0.0217950418591499,0.0742725133895874,XArbitraryCorrectedZVertical,-0.0523622113521306,0.0005963677546183,0.0821116773948273,0.9952465359577242,0.9922294020652772,-0.1237390041351318,0.0130230477079749,40.3682861328125,-15.63333129882812,5.034271240234375,-1,2,4912
2025-11-20T22:20:09.509+01:00,6782,630571.7751579167,0.1563122329286021,0.0121147006074792,-0.0990357323238314,0.1789756119251251,0.1302973031997681,-0.2149937897920609,0.14634770154953,0.0706632584333419,0.0577254295349121,XArbitraryCorrectedZVertical,-0.0498179803611252,0.0021668860868241,0.07768052743458,0.995730547657566,0.9932243824005128,-0.1149899959564209,0.0168137121945619,40.4783935546875,-14.96688842773438,4.806594848632812,-1,2,4913
2025-11-20T22:20:09.545+01:00,6783,630571.8100739167,0.1508774629015971,0.014065085340212,-0.0929924689858587,0.1874603033065796,-0.0037984172813594,-0.1054756939411163,0.228192150592804,0.0033961310982704,0.0691251754760742,XArbitraryCorrectedZVertical,-0.046875584250778,0.0035019629734837,0.0749579405819996,0.9960782499809236,0.9937775135040284,-0.1095820292830467,0.0199555661529302,40.58135986328125,-14.79400634765625,5.317138671875,-1,2,4914
2025-11-20T22:20:09.579+01:00,6784,630571.8449899167,0.1476403905861242,0.0115227427201455,-0.0863576410527577,0.1912091374397278,-0.1060289666056633,-0.0820208936929702,0.1182519197463989,0.0147659331560134,0.0349228344857692,XArbitraryCorrectedZVertical,-0.0434716545418047,0.0025567605842654,0.0734351940905024,0.9963487358005056,0.9941593408584596,-0.1063338816165924,0.0184370726346969,40.46563720703125,-14.59027099609375,5.245361328125,-1,2,4915
2025-11-20T22:20:09.614+01:00,6785,630571.8799069168,0.1451897786920745,0.0078760515896486,-0.0801523926156969,0.154315397143364,-0.0834050998091697,-0.0583936721086502,0.013984739780426,0.021950215101242,0.0024435520172119,XArbitraryCorrectedZVertical,-0.0402450312170664,0.001018518167134,0.0723149779328757,0.996569067929246,0.9944685697555542,-0.1038593649864197,0.0156685747206211,40.50128173828125,-14.38516235351562,5.259384155273438,-1,2,4916
2025-11-20T22:20:09.652+01:00,6786,630571.9148229167,0.1424403088312329,0.005620998164104,-0.0758562238800519,0.0940712243318557,-0.0259412936866283,-0.0983350425958633,-0.02942955493927,0.0428244099020957,-0.0323914289474487,XArbitraryCorrectedZVertical,-0.0380225919805154,0.0001030492344059,0.0710022008134786,0.996751221811909,0.9947768449783324,-0.1010977029800415,0.0140808755531907,40.593017578125,-14.16297912597656,5.51263427734375,-1,2,4917
2025-11-20T22:20:09.691+01:00,6787,630571.9497399167,0.1394356273627098,0.0071783059892206,-0.0736435318595207,0.0318167880177497,0.137378916144371,-0.0698871985077858,-0.0743317008018493,0.105406142771244,-0.050255537033081,XArbitraryCorrectedZVertical,-0.036973631876853,0.0010135415835083,0.0694818706622195,0.9968973249121196,0.9950470328330994,-0.0980971530079841,0.0160758383572101,40.52203369140625,-13.98846435546875,5.487411499023438,-1,2,4918
2025-11-20T22:20:09.719+01:00,6788,630571.9846559167,0.1340382927820426,0.012877056850386,-0.0734757800043085,-0.012810094282031,0.1763071864843369,-0.2569416165351868,-0.0332399010658264,0.0953011661767959,-0.0404587984085083,XArbitraryCorrectedZVertical,-0.0370772964100899,0.0039600003811542,0.066686455857559,0.99707704748203,0.9954439401626588,-0.0927376672625541,0.0221634991466999,40.5126953125,-13.6875,5.483795166015625,-1,2,4919
2025-11-20T22:20:09.754+01:00,6789,630572.0195719167,0.1246175264508643,0.017290023376951,-0.0757510984717525,-0.1368880271911621,0.095714047551155,-0.2125385254621506,0.0533053874969482,0.1869938373565674,0.0213924646377563,XArbitraryCorrectedZVertical,-0.0383295157918033,0.0062641399863141,0.061894748825457,0.9973268149446144,0.9961483478546144,-0.0834019109606742,0.027069354429841,40.64007568359375,-13.47003173828125,5.713333129882812,-1,2,4920
2025-11-20T22:20:09.789+01:00,6790,630572.0544889166,0.1214615911966061,0.0167406570697539,-0.083731380953237,-0.3073814213275909,-0.1041375398635864,-0.0184729006141424,0.1100204586982727,0.1476044207811356,0.0046535693109035,XArbitraryCorrectedZVertical,-0.0422824138585071,0.0058073362117577,0.0602884891819973,0.9972681223978508,0.9964247345924376,-0.0803436338901519,0.0261233989149332,40.536376953125,-13.21781921386719,5.69122314453125,-1,2,4921
2025-11-20T22:20:09.824+01:00,6791,630572.0894049167,0.1210679108516068,0.0119739615753427,-0.0960939092695189,-0.396392434835434,-0.1222079023718834,-0.0191094540059566,-0.0165544152259826,0.1251381039619446,-0.0990616083145141,XArbitraryCorrectedZVertical,-0.0483014137400961,0.0030635568916195,0.0601390744940289,0.9970160278161077,0.9965806603431702,-0.0800636038184166,0.0204177573323249,40.548828125,-13.30355834960938,5.551498413085938,-1,2,4922
2025-11-20T22:20:09.859+01:00,6792,630572.1243209167,0.1225067458874297,0.0108366480743395,-0.10948742234205,-0.3605351746082306,0.0498242564499378,0.0858519375324249,-0.0302544236183166,0.1047584041953087,-0.1538567543029785,XArbitraryCorrectedZVertical,-0.0549441359434243,0.0020506169017117,0.0608265576710717,0.9966329327353332,0.9965021014213562,-0.0815955325961113,0.0180534459650516,40.5391845703125,-13.28239440917969,5.210311889648438,-1,2,4923
2025-11-20T22:20:09.894+01:00,6793,630572.1592379167,0.124707275491136,0.0132233429878254,-0.1205932930436125,-0.3105067312717438,0.0477270558476448,0.02212955057621,-0.0159000158309936,0.0614329278469085,-0.1205011606216431,XArbitraryCorrectedZVertical,-0.060552934009498,0.002831861901823,0.061800992956709,0.9962459984059616,0.9962924718856812,-0.0838480740785598,0.0192590337246656,40.51513671875,-13.42349243164062,5.272705078125,-1,2,4924
2025-11-20T22:20:09.931+01:00,6794,630572.1941539167,0.1244829061033429,0.0154891155505887,-0.1322397542763276,-0.3464704751968384,0.1134602501988411,-0.0276950448751449,-0.0262934565544128,0.0196047201752662,-0.0907748937606811,XArbitraryCorrectedZVertical,-0.0664224558441564,0.003602973077881,0.0615527937311612,0.9958847127519884,0.9962793588638306,-0.0836916118860244,0.0205692090094089,40.4063720703125,-13.39962768554688,5.065643310546875,-1,2,4925
2025-11-20T22:20:09.963+01:00,6795,630572.2290709167,0.124683556938679,0.021026800781348,-0.142959595679853,-0.2600229978561401,0.1910355240106583,0.0549880713224411,-0.022856056690216,0.0908367782831192,-0.0948467254638671,XArbitraryCorrectedZVertical,-0.0719295803963645,0.0060167346178776,0.0613894946180522,0.995500502109768,0.9961530566215516,-0.0839397609233856,0.0251598320901393,40.3018798828125,-13.41879272460938,5.245132446289062,-1,2,4926
2025-11-20T22:20:09.998+01:00,6796,630572.2639869167,0.1267554823518771,0.0282470691326584,-0.150460319603581,-0.1816843003034592,0.1863411515951157,0.0059796888381242,-0.0541944503784179,0.0575219169259071,-0.0669152736663818,XArbitraryCorrectedZVertical,-0.0758927933898317,0.0092950855285293,0.0620905293892465,0.995137575989056,0.99579918384552,-0.086010068655014,0.0314080938696861,40.18524169921875,-13.449951171875,5.329544067382812,-1,2,4927
2025-11-20T22:20:10.033+01:00,6797,630572.2989029167,0.1261540235583828,0.0342614753974415,-0.1571766540548364,-0.2142145335674286,0.1725727766752243,-0.0150542668998241,-0.0350118279457092,0.0440259128808975,-0.0161017179489135,XArbitraryCorrectedZVertical,-0.0794162832046496,0.0120950612147448,0.0614892626019175,0.9948698025080608,0.9956594109535216,-0.0854382440447807,0.0369146503508091,40.40936279296875,-13.53042602539062,5.47967529296875,-1,2,4928
2025-11-20T22:20:10.068+01:00,6798,630572.3338199167,0.127663557556415,0.0392941642992827,-0.1666836166584457,-0.3513113260269165,0.0881876200437545,0.0693078488111496,0.0432907342910766,-0.0280767977237701,-0.0062215328216552,XArbitraryCorrectedZVertical,-0.0843086154439336,0.014228691005131,0.0619226714703352,0.9944120421351504,0.9953750371932985,-0.0869439393281936,0.0408589504659175,40.20758056640625,-13.5848388671875,5.6798095703125,-1,2,4929
2025-11-20T22:20:10.103+01:00,6799,630572.3687359167,0.131185738820766,0.0426136709158965,-0.1817161815063084,-0.4869416356086731,0.1037413775920868,0.0830910801887512,-0.0620262622833252,0.024172194302082,-0.0602921210229396,XArbitraryCorrectedZVertical,-0.0919081700440606,0.0152258876103124,0.063331731393363,0.993634879591592,0.99500972032547,-0.0904105827212333,0.0422103963792324,40.110595703125,-13.8590087890625,5.61932373046875,-1,2,4930
2025-11-20T22:20:10.138+01:00,6800,630572.4036519167,0.1372497322224229,0.0478972564237623,-0.198924762008241,-0.5088405013084412,0.1023663654923439,0.2590082287788391,0.0228951573371887,0.0184615850448608,-0.1007401943206787,XArbitraryCorrectedZVertical,-0.100670237790076,0.0169648588743744,0.0658403077097829,0.9925940316568416,0.9943473339080812,-0.096311904489994,0.0446946620941162,39.97271728515625,-14.14309692382812,5.282455444335938,-1,2,4931
2025-11-20T22:20:10.173+01:00,6801,630572.4385689168,0.1502661632284073,0.0530299810608585,-0.2167687758644774,-0.5184233784675598,0.0532544776797294,0.3703249096870422,-0.028577446937561,-0.0290055200457572,-0.1552470922470093,XArbitraryCorrectedZVertical,-0.1098075923449647,0.0181651401130301,0.0717359690368829,0.9911943661583106,0.9930243492126464,-0.1088881120085716,0.045231208205223,39.67010498046875,-14.46646118164062,5.365798950195312,-1,2,4932
2025-11-20T22:20:10.212+01:00,6802,630572.4734849167,0.1629648459831375,0.0575193700052054,-0.231907243521567,-0.3700680434703827,0.0524190887808799,0.3164093792438507,-0.0607160925865173,-0.0263764262199401,-0.180488109588623,XArbitraryCorrectedZVertical,-0.117587197313269,0.0190551546527922,0.0774964741261138,0.9898507091268548,0.9916241765022278,-0.1210386976599693,0.0450663417577743,39.51605224609375,-15.23350524902344,5.257781982421875,-1,2,4933
2025-11-20T22:20:10.243+01:00,6803,630572.508401875,0.1752798112986406,0.0626716414106869,-0.2417283567948347,-0.2706653475761414,0.0601552538573741,0.3107044398784637,-0.0697457194328308,-0.1140828430652618,-0.1307054758071899,XArbitraryCorrectedZVertical,-0.1227707135253327,0.0204347099727029,0.0830835173996278,0.988740137356417,0.9900796413421632,-0.1327738165855408,0.0459734462201595,39.1845703125,-15.77790832519531,4.852462768554688,-1,2,4934
2025-11-20T22:20:10.278+01:00,6804,630572.543317875,0.1858611180905002,0.0663821321202414,-0.251312949853612,-0.3315876126289368,-0.0182817503809928,0.2229267060756683,-0.1119932532310486,-0.1384263187646866,-0.0957906246185302,XArbitraryCorrectedZVertical,-0.127771737514085,0.0211578077746765,0.0878735067942817,0.9876765609917376,0.9887021780014038,-0.1427626013755798,0.0456807203590869,38.83392333984375,-16.43220520019531,4.662918090820312,-1,2,4935
2025-11-20T22:20:10.313+01:00,6805,630572.578233875,0.19415226394939,0.0677984270415398,-0.2639382459880786,-0.3715887069702148,-0.0016362080350518,0.1421170234680176,-0.0960525274276733,-0.1166450530290604,-0.1356731653213501,XArbitraryCorrectedZVertical,-0.1341480498468744,0.0206933114423884,0.091586919651294,0.9865029848972728,0.9876846671104432,-0.1504142582416534,0.0430675595998764,38.798583984375,-16.66523742675781,4.584136962890625,-1,2,4936
2025-11-20T22:20:10.347+01:00,6806,630572.6131508751,0.198527336175372,0.0709222615235108,-0.2755805098040743,-0.2626905143260956,0.1305583417415619,0.0410061851143837,0.0548489689826965,-0.189343124628067,-0.1484265327453613,XArbitraryCorrectedZVertical,-0.1400727658740792,0.0213414073425942,0.0932539801239125,0.9855089569431382,0.9870821237564088,-0.1542847752571106,0.0431865602731704,38.59326171875,-16.80059814453125,4.306747436523438,-1,2,4937
2025-11-20T22:20:10.383+01:00,6807,630572.6480668751,0.1966958242503702,0.0771676503768151,-0.2828819153245278,-0.1686004847288132,0.2164003252983093,-0.1618759334087372,-0.0231497883796691,-0.0097163915634155,-0.0383164808154106,XArbitraryCorrectedZVertical,-0.14393396407687,0.0241730592672027,0.0917250324831754,0.9850306305775588,0.9871239066123962,-0.152347207069397,0.0487534292042255,38.4873046875,-16.91392517089844,4.446640014648438,-1,2,4938
2025-11-20T22:20:10.417+01:00,6808,630572.682983875,0.1916885497708246,0.079367973111879,-0.2903473986708109,-0.2344417423009872,-0.0348080024123191,-0.0761180967092514,0.2198476791381836,-0.0439796298742294,0.0143481492996215,XArbitraryCorrectedZVertical,-0.1476437139427018,0.0252429410687773,0.0889033795157318,0.984713328683672,0.987748086452484,-0.147396057844162,0.0512646324932575,38.38763427734375,-16.51373291015625,4.503662109375,-1,2,4939
2025-11-20T22:20:10.452+01:00,6809,630572.717899875,0.190476053890462,0.0749267316128246,-0.2980369658542638,-0.1871916651725769,-0.1481896638870239,-0.0907387658953666,0.1407480239868164,0.0130866169929504,-0.0755772590637207,XArbitraryCorrectedZVertical,-0.1512132779828759,0.0227631661546886,0.0884386338725414,0.9842739041459012,0.9882040023803712,-0.1460364162921906,0.0461125411093235,38.49420166015625,-16.68110656738281,4.204193115234375,-1,2,4940
2025-11-20T22:20:10.491+01:00,6810,630572.752815875,0.1857623008770806,0.0703185023010012,-0.3030144496260581,-0.0888257473707199,-0.0020860638469457,-0.1222993433475494,0.0583657026290893,0.1812702268362045,-0.0868710279464721,XArbitraryCorrectedZVertical,-0.1534077477947222,0.0206099577140328,0.0863459823067306,0.9841675266407378,0.9890432953834534,-0.1414447426795959,0.0422695465385913,38.49066162109375,-16.34858703613281,4.150604248046875,-1,2,4941
2025-11-20T22:20:10.522+01:00,6811,630572.7877328751,0.184950069669558,0.071120538362459,-0.3060864904610284,-0.1421148926019669,0.0087211057543754,0.0757596120238304,0.1902744174003601,0.1203605681657791,0.0345133505761623,XArbitraryCorrectedZVertical,-0.1549438637893909,0.0209185788014336,0.0858095205243091,0.98396723289032,0.9891383051872252,-0.1405936926603317,0.0428792349994182,38.607421875,-16.56303405761719,3.880294799804688,-1,2,4942
2025-11-20T22:20:10.557+01:00,6812,630572.8226488751,0.1913425052974253,0.0710141271337585,-0.3121905497803225,-0.2193882167339325,-0.0939586460590362,0.2190656960010529,0.128636360168457,0.1475549042224884,0.0558947324752807,XArbitraryCorrectedZVertical,-0.1580035577532909,0.0200664083660315,0.0888108730690268,0.9832318710578896,0.9884138107299804,-0.1464409828186035,0.0399152189493179,38.34735107421875,-16.68946838378906,3.803665161132812,-1,2,4943
2025-11-20T22:20:10.592+01:00,6813,630572.857564875,0.1984720926073428,0.0716528349642776,-0.3171743651531194,-0.0742898508906364,-0.0068098991177976,0.1378416866064072,0.0086700320243835,0.147397518157959,0.0264610089361667,XArbitraryCorrectedZVertical,-0.160549615244702,0.0195593348133069,0.0921384511668754,0.9825232183773184,0.9875153303146362,-0.1529822051525116,0.0375495441257953,38.26947021484375,-16.92262268066406,3.52734375,-1,2,4944
2025-11-20T22:20:10.627+01:00,6814,630572.892481875,0.2027749131532741,0.0723048902480089,-0.3175432078880172,0.0270583871752023,-0.0470731370151042,0.1016832441091537,0.019327700138092,0.0983663648366928,0.0778590440750122,XArbitraryCorrectedZVertical,-0.1608030008920866,0.0195146767363759,0.0941901946998417,0.9822880176064008,0.9869130253791808,-0.1570058614015579,0.0367649532854557,38.037109375,-17.2344970703125,3.38226318359375,-1,2,4945
2025-11-20T22:20:10.662+01:00,6815,630572.927397875,0.2069951539330797,0.071400539785373,-0.3147105897739636,0.135870486497879,-0.0589064694941043,0.1668898463249207,-0.045390784740448,0.1288972198963165,0.0941990613937377,XArbitraryCorrectedZVertical,-0.1594108113267496,0.0188835643412189,0.0964081184973605,0.9823121257348169,0.9863240122795104,-0.1610627025365829,0.034981831908226,37.98291015625,-17.35310363769531,3.441940307617188,-1,2,4946
2025-11-20T22:20:10.697+01:00,6816,630572.9623138751,0.2135175770851804,0.0720156709163792,-0.3060961840271025,0.3333119451999664,-0.0211454611271619,0.1900664418935776,-0.0506675839424133,0.0792056620121002,0.0849864482879638,XArbitraryCorrectedZVertical,-0.1552762619694189,0.0191426000206784,0.099785292628568,0.982632124168788,0.9852532148361206,-0.167493000626564,0.0349628366529941,37.85589599609375,-17.51657104492188,3.6199951171875,-1,2,4947
2025-11-20T22:20:10.732+01:00,6817,630572.9972308751,0.2194070976544359,0.0723114706763635,-0.2919691741251936,0.4215745031833649,-0.0796060264110565,0.211948037147522,-0.052273154258728,-0.0090474784374237,0.1796972751617432,XArbitraryCorrectedZVertical,-0.1484131657309496,0.0196325658184822,0.1030215912083457,0.9833486585325676,0.984173059463501,-0.1735391467809677,0.0358787849545478,37.71441650390625,-17.61091613769531,3.934585571289062,-1,2,4948
2025-11-20T22:20:10.771+01:00,6818,630573.032146875,0.226582697718499,0.0701755600797649,-0.2766586238966389,0.4095691740512848,-0.1349996477365494,0.196073591709137,-0.0976088643074035,-0.066252052783966,0.1930602788925171,XArbitraryCorrectedZVertical,-0.1408482442604453,0.018944150275743,0.1070941589075965,0.9840395287636604,0.9829084873199464,-0.1808487474918365,0.0344177074730396,37.7340087890625,-17.97343444824219,3.773727416992188,-1,2,4949
2025-11-20T22:20:10.802+01:00,6819,630573.067063875,0.2292127994113895,0.0667721398152594,-0.2634413020017268,0.3346323370933533,-0.0956551134586334,-0.0079377237707376,-0.0976243019104003,-0.1412725299596786,0.1418957710266113,XArbitraryCorrectedZVertical,-0.1341898715294155,0.0178625171228196,0.1089465281172225,0.9847866246745134,0.9824204444885254,-0.1837854087352753,0.032756257802248,37.56304931640625,-18.12361145019531,3.642501831054688,-1,2,4950
2025-11-20T22:20:10.836+01:00,6820,630573.101979875,0.226984623997608,0.0636537205497378,-0.2534366379652097,0.2497175484895706,-0.0532224290072917,-0.0434394888579845,-0.0425151586532592,-0.0918181389570236,0.1300367116928101,XArbitraryCorrectedZVertical,-0.1290776821702947,0.017058186658407,0.1082881962719778,0.9855564850059976,0.9827768802642822,-0.1819855123758316,0.0321030765771865,37.5599365234375,-17.84426879882812,3.860153198242188,-1,2,4951
2025-11-20T22:20:10.871+01:00,6821,630573.136895875,0.2248689413405157,0.0621107722304394,-0.2451485835776328,0.2475826144218445,-0.0068967291153967,-0.0606658495962619,-0.0594260692596435,-0.0271984189748764,0.1054556369781494,XArbitraryCorrectedZVertical,-0.124894628988577,0.0169113143097024,0.1075297423055998,0.9861809475697564,0.9830864071846008,-0.1802142709493637,0.0326211117208004,37.89404296875,-17.88265991210938,3.913543701171875,-1,2,4952
2025-11-20T22:20:10.906+01:00,6822,630573.1718128751,0.2206756415921762,0.0609639470542917,-0.2371093183042605,0.2159592509269714,-0.0272334180772304,-0.122049555182457,-0.0913785099983215,-0.0008178949356079,0.1317265033721924,XArbitraryCorrectedZVertical,-0.1208356932793019,0.01706136246839,0.1057075055448243,0.986880738507078,0.9837276935577391,-0.1764281541109085,0.0339534357190132,37.978271484375,-17.76028442382812,4.136764526367188,-1,2,4953
2025-11-20T22:20:10.941+01:00,6823,630573.206728875,0.2172130637833106,0.0574903540341223,-0.2297454778378898,0.2403021156787872,-0.1289238035678864,-0.0535497888922691,-0.0348656773567199,-0.0034916847944259,0.1090950965881348,XArbitraryCorrectedZVertical,-0.1169926830082672,0.0159646528555964,0.1043593702839946,0.9875054267229868,0.9843285083770752,-0.1732965856790543,0.0326437279582023,38.03240966796875,-17.62803649902344,4.112289428710938,-1,2,4954
2025-11-20T22:20:10.976+01:00,6824,630573.241644875,0.2135334847119023,0.0515290734874033,-0.2199412588610559,0.3078166842460632,-0.1640378385782242,-0.1632818132638931,-0.1056010723114014,-0.0145837515592575,0.0929882526397705,XArbitraryCorrectedZVertical,-0.1118166384423095,0.0137688399560854,0.1030739133952507,0.9882729300842564,0.9850109219551086,-0.1699865311384201,0.0292956735938787,38.2451171875,-17.452880859375,4.167816162109375,-1,2,4955
2025-11-20T22:20:11.011+01:00,6825,630573.276561875,0.2061772273473492,0.0435839951166925,-0.2104954472745346,0.2471745312213898,-0.205824002623558,-0.1898748874664307,-0.0178433656692504,-0.0932424813508987,0.1105211973190308,XArbitraryCorrectedZVertical,-0.106700937586358,0.0107465712016183,0.1000354052785938,0.989187709960088,0.9863033890724182,-0.1630898714065552,0.0246410723775625,38.4649658203125,-17.03924560546875,4.219940185546875,-1,2,4956
2025-11-20T22:20:11.051+01:00,6826,630573.311477875,0.2011693639150204,0.0352276703223527,-0.2032979300550223,0.1803929209709167,-0.2043416500091553,-0.0753364786505699,-0.0521296858787536,-0.0541773438453674,0.0890682935714721,XArbitraryCorrectedZVertical,-0.1027049300120128,0.0072454993894785,0.0981031166682587,0.9898358709858046,0.9872034788131714,-0.1583775579929352,0.0185976475477218,38.71337890625,-16.77572631835938,4.167633056640625,-1,2,4957
2025-11-20T22:20:11.081+01:00,6827,630573.3463938751,0.1999513428185583,0.0283771605763181,-0.1973641091149991,0.1904893517494202,-0.1396670043468475,0.0331131443381309,-0.0670104622840881,-0.0556295812129974,0.0506596565246582,XArbitraryCorrectedZVertical,-0.0994293503559601,0.0042161657862345,0.0979227630679338,0.9902056664358536,0.9874664545059204,-0.1572915315628052,0.0130153037607669,38.9554443359375,-16.73408508300781,3.671188354492188,-1,2,4958
2025-11-20T22:20:11.116+01:00,6828,630573.3813108751,0.2007298655447165,0.0237563667480404,-0.1888314993690156,0.2503960728645325,-0.207823172211647,0.0207584630697965,-0.0450126528739929,-0.1606329828500748,0.0873678922653198,XArbitraryCorrectedZVertical,-0.0949793100117198,0.0023200812444231,0.0986290538100864,0.9905786246945928,0.9873650074005128,-0.1581688970327377,0.0096474504098296,39.12640380859375,-16.74192810058594,3.690826416015625,-1,2,4959
2025-11-20T22:20:11.151+01:00,6829,630573.416226875,0.2022340663602133,0.0120062008924681,-0.1803696205572329,0.2376841306686401,-0.4109802842140198,0.140552818775177,-0.0552737712860107,-0.12179896235466,0.0856629610061645,XArbitraryCorrectedZVertical,-0.0902044684211204,-0.0031430580149155,0.09999487060402,0.9908856723620428,0.9871586561203004,-0.1597409397363663,-0.0008851385209709,39.2286376953125,-16.84910583496094,3.220489501953125,-1,2,4960
2025-11-20T22:20:11.185+01:00,6830,630573.451143875,0.209184611652345,0.0023750751208057,-0.1698207046051249,0.3535091280937195,-0.1624026596546173,0.2159727662801743,-0.2312256097793579,-0.0991529673337936,0.0413164496421814,XArbitraryCorrectedZVertical,-0.0844683672773289,-0.0076773370256275,0.1039253379040953,0.9909620680828912,0.9859710931777954,-0.1666245758533478,-0.0098681282252073,39.11322021484375,-16.93252563476562,3.1126708984375,-1,2,4961
2025-11-20T22:20:11.220+01:00,6831,630573.4860602918,0.2141304975064774,0.0007271643266894,-0.1562406462082609,0.4104263782501221,-0.0561958365142345,0.0501000806689262,0.004170536994934,-0.2652538418769836,0.0536894798278808,XArbitraryCorrectedZVertical,-0.0776327558646005,-0.0079791152552396,0.1065066924328949,0.9912445646306676,0.985117733478546,-0.1715899705886841,-0.0099883349612355,39.30126953125,-17.23953247070312,3.113265991210938,-1,2,4962
2025-11-20T22:20:11.255+01:00,6832,630573.5209762917,0.2136698030290466,-0.0035387581143727,-0.1432145131332506,0.3170983791351318,-0.1543508619070053,-0.0710209086537361,0.0748901963233947,-0.2470692694187164,0.0679661631584167,XArbitraryCorrectedZVertical,-0.070949861439272,-0.0093838553290318,0.1064842237304673,0.9917354493450888,0.985153079032898,-0.1712656468153,-0.0118901254609227,39.54779052734375,-16.99372863769531,3.055892944335938,-1,2,4963
2025-11-20T22:20:11.291+01:00,6833,630573.5558932917,0.2088754849960848,-0.006599409758166,-0.1338609910943682,0.2135934829711914,0.0394987314939498,-0.1911823153495789,-0.0534998774528503,-0.0572231709957122,0.0537389516830444,XArbitraryCorrectedZVertical,-0.0661725417686961,-0.0102464937656804,0.1042334879902647,0.99229619586836,0.98593407869339,-0.1666537672281265,-0.0126775987446308,39.7012939453125,-16.51713562011719,2.877593994140625,-1,2,4964
2025-11-20T22:20:11.331+01:00,6834,630573.5908092917,0.2019859622291887,-0.0045489529900491,-0.1278648864350055,0.131029412150383,0.0957005396485328,-0.2078876197338104,0.1713607311248779,-0.0978661030530929,0.0504820942878723,XArbitraryCorrectedZVertical,-0.0633343452508114,-0.0086996130028447,0.1007597248850552,0.9928547439207868,0.9870864748954772,-0.1599463373422623,-0.0087951486930251,40.042236328125,-16.17758178710938,3.385208129882812,-1,2,4965
2025-11-20T22:20:11.360+01:00,6835,630573.6257252917,0.195023478386171,-0.0013771773307497,-0.1220764592721406,0.2181279361248016,0.1517171412706375,-0.1753722280263901,0.1162348389625549,0.0628874450922012,0.0115164518356323,XArbitraryCorrectedZVertical,-0.0606436192027625,-0.0066228649691038,0.0972177494831308,0.9933918518838764,0.9881964325904846,-0.1531431674957275,-0.0039023049175739,40.23211669921875,-15.70413208007812,3.849227905273438,-1,2,4966
2025-11-20T22:20:11.395+01:00,6836,630573.6606422917,0.1884450272254713,0.0029660723285734,-0.1134042755745163,0.2601485252380371,0.0854840502142906,-0.2389703989028931,0.0922729969024658,0.1705466657876968,0.021087646484375,XArbitraryCorrectedZVertical,-0.0565596234332236,-0.0038577674697877,0.0938481767471681,0.99397116654387,0.9891783595085144,-0.146697148680687,0.0024566305801272,40.61474609375,-15.5283203125,3.82293701171875,-1,2,4967
2025-11-20T22:20:11.430+01:00,6837,630573.6955582917,0.1805160232811814,0.0011244887804597,-0.1054108294882174,0.1934157609939575,-0.1187116056680679,-0.1543990224599838,0.1434392333030701,0.2424688190221786,-0.0297495126724243,XArbitraryCorrectedZVertical,-0.0525171774640378,-0.0041892512285256,0.0899808352082445,0.9945490907799602,0.9903039932250975,-0.1388921141624451,0.002634574426338,41.1678466796875,-14.76118469238281,3.97802734375,-1,2,4968
2025-11-20T22:20:11.465+01:00,6838,630573.7304742917,0.1767006393512728,-0.0043691775555829,-0.0997931426266291,0.0985613241791725,-0.1360200792551041,-0.0619084313511848,-0.018339455127716,0.2395824790000916,-0.0763211846351623,XArbitraryCorrectedZVertical,-0.049488695669918,-0.0065741648777793,0.0882339242874527,0.9948480203321912,0.9908278584480286,-0.1351207792758942,-0.0016512456350028,41.13336181640625,-14.59912109375,4.148239135742188,-1,2,4969
2025-11-20T22:20:11.500+01:00,6839,630573.7653912917,0.1779406492599835,-0.0083977684048326,-0.1005817737085938,-0.1426088809967041,-0.1260827779769897,0.1157760173082352,0.0639213919639587,0.1003344357013702,-0.0921968817710876,XArbitraryCorrectedZVertical,-0.0496978050472065,-0.0086435481409599,0.0889501062140755,0.9947579962365084,0.990644097328186,-0.1363451778888702,-0.0058713536709547,41.4300537109375,-14.48231506347656,3.682403564453125,-1,2,4970
2025-11-20T22:20:11.535+01:00,6840,630573.8003072917,0.181082224962523,-0.0112962992319944,-0.1075494286400939,-0.2166001051664352,-0.0213967803865671,0.0244013089686632,-0.0113267302513122,0.0710473656654357,-0.1638368368148804,XArbitraryCorrectedZVertical,-0.0530178350317315,-0.0104766044460913,0.090587647527065,0.9944211352461374,0.9901781678199768,-0.1394525021314621,-0.0100218625739216,41.56268310546875,-14.66159057617188,3.669204711914062,-1,2,4971
2025-11-20T22:20:11.570+01:00,6841,630573.8352232917,0.1798981042064456,-0.0101254225658336,-0.1140469883721414,-0.1374706476926804,0.0637092739343643,-0.0288234483450651,0.0018123388290405,0.1077287942171097,-0.1730108261108398,XArbitraryCorrectedZVertical,-0.0563074327393955,-0.0101534811104165,0.0899680199746433,0.9942998376763066,0.9903445839881896,-0.1382920891046524,-0.0096369050443172,41.67852783203125,-14.52407836914062,3.395980834960938,-1,2,4972
2025-11-20T22:20:11.611+01:00,6842,630573.8701402918,0.1795824558713177,-0.0085559484402816,-0.1173886429132679,-0.0584095269441604,0.0179916266351938,-0.0345701687037944,0.0102426409721374,0.0661743283271789,-0.1350311040878296,XArbitraryCorrectedZVertical,-0.0580408254074035,-0.009513475462414,0.0897653171907457,0.9942248676147696,0.9903982281684875,-0.1379821449518204,-0.0085083246231079,41.67889404296875,-14.49053955078125,3.7630615234375,-1,2,4973
2025-11-20T22:20:11.639+01:00,6843,630573.9050562917,0.176730601659864,-0.0088885713701179,-0.1177690186211295,0.0454018115997314,-0.0213539656251668,-0.0881299600005149,0.0225669145584106,0.0710134208202362,-0.119825541973114,XArbitraryCorrectedZVertical,-0.0582287642334689,-0.0096127831758123,0.0883570508589629,0.9943389732468304,0.9907844066619872,-0.1351765692234039,-0.0085619362071156,41.93084716796875,-14.29278564453125,3.521484375,-1,2,4974
2025-11-20T22:20:11.674+01:00,6844,630573.9399732917,0.174991720292535,-0.0098107159655419,-0.1159750695245391,0.0483161583542823,-0.0242130812257528,-0.0584824159741401,0.0234986543655395,0.0085712373256683,-0.0866824984550476,XArbitraryCorrectedZVertical,-0.0573047218153488,-0.0099426581096246,0.0875195402660251,0.9944635042954264,0.9910123944282532,-0.1334643661975861,-0.0090359197929501,42.03961181640625,-14.17015075683594,3.48583984375,-1,2,4975
2025-11-20T22:20:11.709+01:00,6845,630573.9748892917,0.1725682570333043,-0.0093811764749851,-0.114656242217201,0.0349603705108165,0.0996686443686485,-0.0655539184808731,-0.0261287093162536,0.026905208826065,-0.0932781100273132,XArbitraryCorrectedZVertical,-0.056679385365562,-0.0096030550550814,0.0863023371906211,0.9946090762460192,0.9913386106491088,-0.1310769468545914,-0.0081623457372188,42.1031494140625,-14.02874755859375,3.685455322265625,-1,2,4976
2025-11-20T22:20:11.744+01:00,6846,630574.0098052917,0.169979143775707,-0.0051569863682732,-0.1140768411192282,-0.0311053991317749,0.1236114874482155,-0.0393301770091056,0.012221872806549,-0.0094899535179138,-0.0652850866317749,XArbitraryCorrectedZVertical,-0.0565830199624424,-0.0074042017510468,0.0848954275333818,0.9947543692449744,0.991699516773224,-0.1285257488489151,-0.0036083727609366,42.22406005859375,-13.89053344726562,4.0499267578125,-1,2,4977
2025-11-20T22:20:11.779+01:00,6847,630574.0447222918,0.1699862070757584,-0.0005885943490342,-0.1169703906726643,-0.1239486634731293,0.1510417908430099,-0.0225120112299919,-0.0265251994132995,0.0124019235372543,-0.0706942081451416,XArbitraryCorrectedZVertical,-0.0582159200303787,-0.0052547589016461,0.0847628031378776,0.9946851647011292,0.9917045831680298,-0.1285365223884583,0.0005494717624969,42.34283447265625,-13.75128173828125,4.074859619140625,-1,2,4978
2025-11-20T22:20:11.814+01:00,6848,630574.0796382917,0.1678979203729803,0.0050591163902203,-0.1224374904354959,-0.1752118021249771,0.1785277724266052,-0.0419607162475585,0.0168522000312805,0.0266773253679275,-0.0873365402221679,XArbitraryCorrectedZVertical,-0.0611765658403845,-0.0026140673776397,0.0835388281448101,0.99462152621475,0.9919521808624268,-0.1264850646257401,0.0057019749656319,42.513671875,-13.76071166992188,4.2161865234375,-1,2,4979
2025-11-20T22:20:11.851+01:00,6849,630574.1145542917,0.1691863678016714,0.0101139630134831,-0.1298879159934416,-0.2335909307003021,0.1174702569842339,0.1397717297077179,0.0203865766525268,0.0648113936185836,-0.1308376789093018,XArbitraryCorrectedZVertical,-0.0650917875858434,-0.0004550841640679,0.0839861080368241,0.9943386629963912,0.991759479045868,-0.1277538686990738,0.0096066240221261,42.67010498046875,-13.61213684082031,4.377578735351562,-1,2,4980
2025-11-20T22:20:11.884+01:00,6850,630574.1494712917,0.1772623405665954,0.0151011667297463,-0.136786582603327,-0.1447611302137375,0.110506072640419,0.31730917096138,-0.0479547381401062,0.0827154964208602,-0.1597499847412109,XArbitraryCorrectedZVertical,-0.0687365709123161,0.0014543379971094,0.0877917430907111,0.993763423677172,0.9906731247901917,-0.1356787085533142,0.0125636775046587,42.7294921875,-13.96781921386719,4.194229125976562,-1,2,4981
2025-11-20T22:20:11.919+01:00,6851,630574.1843872917,0.1908238787383446,0.0198466067587601,-0.1395437516964199,-0.0512039959430694,0.0446917116641998,0.4189111590385437,-0.1131033897399902,-0.0587382018566131,-0.1440753936767578,XArbitraryCorrectedZVertical,-0.0703378294271147,0.0032127180805539,0.0943421231906697,0.9930467445136338,0.988728940486908,-0.1489643901586533,0.0149859702214598,42.7161865234375,-14.58953857421875,4.453460693359375,-1,2,4982
2025-11-20T22:20:11.954+01:00,6852,630574.2193032918,0.2052889939109859,0.0214415191622123,-0.1416191185731565,-0.1086387559771538,-0.071914792060852,0.4295414388179779,-0.151409387588501,-0.0925467610359191,-0.103545069694519,XArbitraryCorrectedZVertical,-0.0714696920042226,0.0033884281290799,0.1014472087536195,0.9922646741539848,0.9865077137947084,-0.1630989760160446,0.0141895925626158,42.6063232421875,-14.91622924804688,4.578887939453125,-1,2,4983
2025-11-20T22:20:11.989+01:00,6853,630574.2542202917,0.2191264832382677,0.020164735013858,-0.1461566203855641,-0.1231971979141235,-0.0699057281017303,0.2938383519649506,-0.1866002082824707,-0.1106447130441666,-0.1497753858566284,XArbitraryCorrectedZVertical,-0.0736712890338728,0.0020118239389367,0.1083150649395584,0.991381032595227,0.9842380881309508,-0.176556184887886,0.0101573662832379,42.5111083984375,-15.57893371582031,4.79150390625,-1,2,4984
2025-11-20T22:20:12.023+01:00,6854,630574.2891362917,0.2260689263606113,0.0210607225526914,-0.1496077676825206,-0.0790828913450241,0.0704183205962181,0.1730819940567017,-0.0764771103858947,-0.1479941159486771,-0.1392843723297119,XArbitraryCorrectedZVertical,-0.0754375149829971,0.0020046193295248,0.1116903037258445,0.990873613308832,0.9830170273780824,-0.1832741647958755,0.0093863252550363,42.365966796875,-15.59092712402344,4.613632202148438,-1,2,4985
2025-11-20T22:20:12.058+01:00,6855,630574.3240522917,0.2314772167381603,0.0247579738566307,-0.1505555508403932,0.0031655754428356,0.0682960897684097,0.099480889737606,0.030653178691864,-0.1315972208976746,-0.0922104120254516,XArbitraryCorrectedZVertical,-0.0761232672589303,0.0035767994161944,0.1142197853290547,0.9905283229476256,0.9819962978363036,-0.1885168701410294,0.0120254727080464,42.58306884765625,-15.88249206542969,4.90283203125,-1,2,4986
2025-11-20T22:20:12.093+01:00,6856,630574.3589692917,0.2341014924570525,0.0246424232739696,-0.150725128400696,-0.0178267899900674,-0.1029134765267372,0.1249777302145958,0.1163895130157471,-0.0767449885606765,-0.0288759488612413,XArbitraryCorrectedZVertical,-0.076205181976872,0.0034097403070895,0.1155220247820948,0.9903714905330654,0.9815106391906738,-0.1910619586706161,0.0114808632060885,42.735107421875,-15.91551208496094,5.01837158203125,-1,2,4987
2025-11-20T22:20:12.132+01:00,6857,630574.3938852916,0.2394078168848902,0.0205710096955324,-0.1497641487959222,0.0457722768187522,-0.1388312131166458,0.1303236037492752,0.0791415572166442,-0.0665808618068695,-0.0625958442687988,XArbitraryCorrectedZVertical,-0.0754976455728755,0.001249646753703,0.1183133301050346,0.9901012413932068,0.9805355072021484,-0.1962212324142456,0.0068706851452589,42.69580078125,-15.91683959960938,4.811813354492188,-1,2,4988
2025-11-20T22:20:12.163+01:00,6858,630574.4288012917,0.2414918048292103,0.0177734593885272,-0.1493469598458706,-0.0314770117402076,-0.0456312671303749,0.0078423414379358,0.0635110139846801,-0.0493879616260528,-0.0502392053604126,XArbitraryCorrectedZVertical,-0.0751254235747211,-0.0001885864252592,0.1194541459505536,0.9899933437904616,0.9801442623138428,-0.1982468813657761,0.0038982133846729,42.75531005859375,-16.07301330566406,4.894134521484375,-1,2,4989
2025-11-20T22:20:12.198+01:00,6859,630574.4637182917,0.2427028414233019,0.0183361284790377,-0.1520146274239664,-0.1116513609886169,0.0840116590261459,0.0681666210293769,0.0613757967948913,0.004116415977478,-0.0216814279556274,XArbitraryCorrectedZVertical,-0.0764791629618974,-0.0001174901485887,0.1200081759403926,0.9898227685257132,0.9799145460128784,-0.1993831545114517,0.0037370841018855,42.77410888671875,-15.72993469238281,5.032928466796875,-1,2,4990
2025-11-20T22:20:12.233+01:00,6860,630574.49863425,0.2433896507618893,0.021911802955495,-0.1571415957014616,-0.1859779506921768,0.0750639587640762,-0.0551028959453105,-0.0279697775840759,0.1019192636013031,0.0511708259582519,XArbitraryCorrectedZVertical,-0.0792306774497641,0.001313414461604,0.1201593426930885,0.9895870386217402,0.9797824621200562,-0.1999721825122833,0.0061106695793569,42.8902587890625,-15.87275695800781,5.265945434570312,-1,2,4991
2025-11-20T22:20:12.268+01:00,6861,630574.53355025,0.2400428300364263,0.0226992582224198,-0.1654896223763859,-0.2866854965686798,0.0201970227062702,-0.1429780274629593,-0.0094428658485412,0.1268845200538635,0.0995165109634399,XArbitraryCorrectedZVertical,-0.0834048071990558,0.0013338031779261,0.1183848428962299,0.9894578830915576,0.980466365814209,-0.1966018974781036,0.0057690716348588,43.22747802734375,-15.66970825195312,5.235397338867188,-1,2,4992
2025-11-20T22:20:12.303+01:00,6862,630574.5684672501,0.2350103531219086,0.0241293849363746,-0.1740084231858784,-0.1484315693378448,0.1316598653793335,-0.0929000526666641,-0.0146721601486206,0.2747532725334167,0.0644406080245971,XArbitraryCorrectedZVertical,-0.0876980216497168,0.0017495571967895,0.1157419184298169,0.9893986837099976,0.9814536571502686,-0.1915928274393082,0.0063753924332559,43.08270263671875,-15.52496337890625,5.224273681640625,-1,2,4993
2025-11-20T22:20:12.338+01:00,6863,630574.6033832501,0.2358696486877862,0.0310071370830931,-0.1738847191445279,0.1475885361433029,0.2368819117546082,0.1328425705432892,0.0049042105674743,0.2246977835893631,0.1137869358062744,XArbitraryCorrectedZVertical,-0.0880365491860119,0.0051214425131645,0.1158663005657722,0.989342436113126,0.9812255501747132,-0.1924254149198532,0.0129983257502317,43.2432861328125,-15.19375610351562,5.800064086914062,-1,2,4994
2025-11-20T22:20:12.373+01:00,6864,630574.63829925,0.2424316389588426,0.0413113911611453,-0.1657789135064362,0.2791461646556854,0.2582590878009796,0.1881822198629379,-0.0129233002662658,0.104179784655571,0.2130800485610962,XArbitraryCorrectedZVertical,-0.0846584397950703,0.0104229629627369,0.1187808186228235,0.9892499331321304,0.9797353744506836,-0.1989063024520874,0.0235532037913799,43.34130859375,-15.54255676269531,6.316482543945312,-1,2,4995
2025-11-20T22:20:12.412+01:00,6865,630574.67321625,0.2453610877985919,0.047426599001891,-0.1559570130339019,0.2609761357307434,0.0689062252640724,0.0166744478046894,-0.0211820006370544,0.0281765311956405,0.2727335691452026,XArbitraryCorrectedZVertical,-0.080185070219316,0.0139312383128824,0.1201336804341712,0.9894160458557418,0.97891503572464,-0.2018977999687195,0.0310231111943721,43.25390625,-15.3824462890625,7.120651245117188,-1,2,4996
2025-11-20T22:20:12.442+01:00,6866,630574.70813225,0.2431739322646546,0.048054490996577,-0.1468307604524541,0.278772383928299,-0.0137093225494027,-0.1065357401967049,-0.002484917640686,0.0309808105230331,0.2142642736434937,XArbitraryCorrectedZVertical,-0.0756929994093924,0.0148895178820921,0.1191767737602499,0.9898716222730398,0.9792304635047911,-0.1999108344316483,0.0338131077587604,43.25433349609375,-15.3245849609375,7.309097290039062,-1,2,4997
2025-11-20T22:20:12.477+01:00,6867,630574.7430482501,0.2380772060333051,0.0456896136690966,-0.1381414622924482,0.2026082873344421,-0.0869204029440879,-0.1505609303712845,0.0119255185127258,-0.0077648311853408,0.1734466552734375,XArbitraryCorrectedZVertical,-0.071215830382408,0.0144330657195625,0.1168782287606582,0.9904844364669476,0.9802008271217346,-0.1950701773166656,0.0339660309255123,43.34271240234375,-14.98385620117188,7.4432373046875,-1,2,4998
2025-11-20T22:20:12.512+01:00,6868,630574.7779652501,0.2322084941145077,0.0408568276274066,-0.1345438174248479,0.0515658259391784,-0.1150628179311752,-0.1632942855358124,0.0479243397712707,-0.058050736784935,0.1012712717056274,XArbitraryCorrectedZVertical,-0.0691156628499722,0.0124580581005957,0.1141935452452164,0.9909730956197736,0.981418251991272,-0.1894010156393051,0.0307477377355098,43.71990966796875,-14.64535522460938,7.401092529296875,-1,2,4999
2025-11-20T22:20:12.547+01:00,6869,630574.81288125,0.2266436750709956,0.0381872682139908,-0.1331024424216769,0.0649441480636596,0.0068902941420674,-0.1596315056085587,0.0186195969581604,-0.0382330566644668,0.0026036500930786,XArbitraryCorrectedZVertical,-0.0682176961491719,0.0114093691503264,0.1115470052905418,0.9913493642490966,0.982494294643402,-0.1839959323406219,0.0291651170700788,43.78302001953125,-14.27580261230469,7.524169921875,-1,2,5000
2025-11-20T22:20:12.582+01:00,6870,630574.84779725,0.218944223748463,0.0376782292548143,-0.1292426320244415,0.1627200394868851,0.0164632499217987,-0.2556130290031433,-0.0121788382530212,-0.0147672295570373,-0.0012121200561523,XArbitraryCorrectedZVertical,-0.0662322203652433,0.0116322045577177,0.1077969927912922,0.9918960960773564,0.9838280081748962,-0.1765169203281403,0.0304021444171667,44.2596435546875,-14.37968444824219,7.531707763671875,-1,2,5001
2025-11-20T22:20:12.617+01:00,6871,630574.88271425,0.2072628203069043,0.0366236628689693,-0.1208733450810841,0.3517146706581116,0.0047719902358949,-0.3834343254566193,-0.004173457622528,-0.0343979895114898,0.0097829140722751,XArbitraryCorrectedZVertical,-0.0619564918331405,0.011932240125716,0.1021397976319355,0.9927671468061356,0.9857409596443176,-0.1651411652565002,0.0323008708655834,44.58148193359375,-13.586669921875,8.050384521484375,-1,2,5002
2025-11-20T22:20:12.652+01:00,6872,630574.91763025,0.191112891944344,0.034488238898401,-0.1062009464008235,0.4789510369300842,-0.0531229898333549,-0.5509516000747681,-0.017945110797882,-0.1282369345426559,0.093260645866394,XArbitraryCorrectedZVertical,-0.0544684142650904,0.0120771662165392,0.0943514233542381,0.993974419226602,0.9881904125213624,-0.1493203938007355,0.0343942902982235,44.9141845703125,-12.98515319824219,8.07958984375,-1,2,5003
2025-11-20T22:20:12.691+01:00,6873,630574.9525462501,0.1669603961736867,0.02608442986269,-0.0806491140774668,0.3209748268127441,-0.2018765211105347,-0.7940117120742798,-0.1058176755905151,-0.191261813044548,0.2059239149093628,XArbitraryCorrectedZVertical,-0.0412564092403715,0.0096246660622914,0.082784464951851,0.9956666404206644,0.99159038066864,-0.1254190653562546,0.0319148376584053,45.23956298828125,-11.71104431152344,8.126678466796875,-1,2,5004
2025-11-20T22:20:12.722+01:00,6874,630574.98746325,0.1399490680562164,0.0147763573263974,-0.0602566780047272,0.2228921204805374,-0.2195396572351456,-0.5913512706756592,-0.0059813261032104,0.0004868954420089,0.1808178424835205,XArbitraryCorrectedZVertical,-0.0305655650796919,0.0052605661332339,0.0696617930576858,0.9970884131207218,0.9948270916938782,-0.0984787940979003,0.0249163545668125,45.69378662109375,-10.55584716796875,8.239181518554688,-1,2,5005
2025-11-20T22:20:12.757+01:00,6875,630575.02237925,0.1282514864093128,0.0045509462336021,-0.0371940396763166,0.2165755480527878,-0.2905600965023041,-0.1151161938905716,0.1012741327285767,-0.0122677981853485,0.1442484855651855,XArbitraryCorrectedZVertical,-0.0187034705706193,0.0010787427432893,0.0640283319215164,0.9977721685611408,0.9960920810699464,-0.0865785852074623,0.0174488332122564,46.0155029296875,-9.695022583007812,7.822265625,-1,2,5006
2025-11-20T22:20:12.791+01:00,6876,630575.05729525,0.1290680623257568,-0.0098528832087711,-0.0155141944069227,0.1726898550987244,-0.4409818053245544,0.096101589500904,-0.0407283902168273,-0.0976618304848671,0.1282625198364258,XArbitraryCorrectedZVertical,-0.0074230868243573,-0.005416257219971,0.0645246591075013,0.9978738031049584,0.9961878657341005,-0.0870915651321411,0.0049618803896009,46.2781982421875,-9.597686767578123,7.441299438476562,-1,2,5007
2025-11-20T22:20:12.827+01:00,6877,630575.09221225,0.1335746283530238,-0.0244246579026257,0.0040138219799323,0.3878346979618073,-0.3279486894607544,0.104798324406147,-0.1704471111297607,-0.1445043385028839,0.0550397634506225,XArbitraryCorrectedZVertical,0.0028172861805585,-0.0120508473428081,0.0667081035321668,0.9976958651730212,0.9957951307296752,-0.0912744253873825,-0.0078290738165378,46.4176025390625,-9.973556518554688,6.940765380859375,-1,2,5008
2025-11-20T22:20:12.861+01:00,6878,630575.1271282501,0.139134466554635,-0.0378294720252717,0.0334433494637415,0.4454840421676636,-0.3611381053924561,0.221435010433197,-0.2284624576568604,-0.0831471234560012,0.1416013240814209,XArbitraryCorrectedZVertical,0.0179919885284345,-0.0177031405883714,0.0691734934802807,0.997285312689701,0.9951860904693604,-0.0962809398770332,-0.0182950794696807,46.58563232421875,-10.07847595214844,6.388229370117188,-1,2,5009
2025-11-20T22:20:12.896+01:00,6879,630575.16204425,0.1476198011742688,-0.0492449310138105,0.0570584315951696,0.3761596977710724,-0.2851449847221375,0.1105998530983925,0.0773117542266845,-0.2931148111820221,0.0754650831222534,XArbitraryCorrectedZVertical,0.0302538662723556,-0.0224400489771961,0.0729901674774465,0.9966210837053204,0.9941908717155457,-0.1042240262031555,-0.0268659051507711,46.5635986328125,-10.18623352050781,6.255264282226562,-1,2,5010
2025-11-20T22:20:12.931+01:00,6880,630575.19696125,0.1482356164184797,-0.0633730752899533,0.0819834666993361,0.3150772750377655,-0.3700820207595825,-0.042032703757286,0.1025447845458984,-0.1982697695493698,0.0196992196142673,XArbitraryCorrectedZVertical,0.0431912533658747,-0.0285346519064183,0.072655880288039,0.9960127602972032,0.9938144087791444,-0.1042509526014328,-0.0382692106068134,46.60125732421875,-10.23495483398438,5.7025146484375,-1,2,5011
2025-11-20T22:20:12.971+01:00,6881,630575.23187725,0.1504268951193496,-0.0723700260764619,0.1037543529230299,0.4173502922058105,-0.0866559594869613,0.0757107883691787,0.0394913554191589,-0.0044820085167884,-0.0046071335673332,XArbitraryCorrectedZVertical,0.0543882474694085,-0.0321324213454673,0.0731217210762793,0.9953203313567608,0.9933758974075316,-0.1058542355895042,-0.0447092801332473,46.664306640625,-10.01576232910156,5.543853759765625,-1,2,5012
2025-11-20T22:20:13.001+01:00,6882,630575.26679325,0.1539791138355957,-0.0765981550357898,0.1324679648319717,0.4546232223510742,-0.0541778244078159,0.0479473508894443,0.1301736235618591,-0.0630418136715889,0.0422060489654541,XArbitraryCorrectedZVertical,0.0688796553870964,-0.0330057519662231,0.0741618765570979,0.9943169827376552,0.9930563569068908,-0.1085279807448387,-0.0453951656818389,46.86041259765625,-10.0029296875,5.649398803710938,-1,2,5013
2025-11-20T22:20:13.036+01:00,6883,630575.3017092501,0.1556451464770211,-0.0779706885103905,0.1559212386421304,0.3691138029098511,0.0428743362426757,-0.048766691237688,0.0438870191574096,0.0711283907294273,0.0287911333143711,XArbitraryCorrectedZVertical,0.0806078604045416,-0.0326892440010211,0.0744227246910481,0.9934259045163336,0.9930238723754884,-0.1094126477837563,-0.0439583733677864,46.88482666015625,-10.00013732910156,5.720001220703125,-1,2,5014
2025-11-20T22:20:13.071+01:00,6884,630575.3366262501,0.1545802008985375,-0.0766585130095195,0.1823383034315778,0.3806424140930176,0.0779644399881362,-0.0796813666820526,0.08430677652359,0.1292838454246521,-0.0247115530073642,XArbitraryCorrectedZVertical,0.0936509425288393,-0.0310222540086944,0.0733576847562289,0.9924141894177224,0.993406355381012,-0.1074485033750534,-0.039985753595829,47.0947265625,-9.78472900390625,6.440902709960938,-1,2,5015
2025-11-20T22:20:13.106+01:00,6885,630575.37154225,0.1541433557502133,-0.075581279498229,0.202650652433168,0.3025417625904083,0.069233238697052,0.008822314441204,0.0530672073364257,0.2317235171794891,-0.0216643773019313,XArbitraryCorrectedZVertical,0.1036738441675452,-0.0296936004134306,0.0727354509507415,0.991503701705368,0.9936550855636596,-0.1062657237052917,-0.0368378385901451,47.27020263671875,-9.739578247070312,6.407058715820312,-1,2,5016
2025-11-20T22:20:13.141+01:00,6886,630575.40645825,0.1557722680226533,-0.0731943104544416,0.2266305757887489,0.3908561170101166,0.1366083174943924,-0.0204273797571659,0.021962285041809,0.2499144971370697,-0.0588488578796386,XArbitraryCorrectedZVertical,0.1154832958303061,-0.0274520958862081,0.0731319569981981,0.990233218794632,0.9937695264816284,-0.1068938374519348,-0.0315595380961895,47.302490234375,-9.606491088867188,7.019515991210938,-1,2,5017
2025-11-20T22:20:13.176+01:00,6887,630575.44137525,0.156990256799791,-0.0702287046404651,0.2498841875277638,0.3974867165088654,0.0837802067399025,0.0506357625126838,0.0325286984443664,0.2913292646408081,-0.054944097995758,XArbitraryCorrectedZVertical,0.1268884288350411,-0.0249604311025776,0.0733938484846421,0.9888830366708878,0.9939147233963012,-0.1070793271064758,-0.025835970416665,47.271484375,-9.488250732421877,7.2537841796875,-1,2,5018
2025-11-20T22:20:13.211+01:00,6888,630575.476291375,0.162770846538959,-0.0720422436667361,0.273634007448626,0.3496940135955811,-0.0277782399207353,0.1498327553272247,0.0571918487548828,0.1917161345481873,-0.0759230256080627,XArbitraryCorrectedZVertical,0.1387512954470247,-0.0244779433422769,0.0755880501181447,0.9871349218865738,0.9934825301170348,-0.1115311458706856,-0.023518593981862,47.2598876953125,-9.66351318359375,7.437881469726562,-1,2,5019
2025-11-20T22:20:13.251+01:00,6889,630575.5112073751,0.1704427883411191,-0.0767373703851008,0.2943049732031575,0.4050198793411255,-0.0602112263441085,0.1674574613571167,-0.0092666149139404,0.1557317525148392,-0.1504979729652405,XArbitraryCorrectedZVertical,0.1492121479833975,-0.0253359749394718,0.0785324982031678,0.9853560035601489,0.992756485939026,-0.1177983582019806,-0.0236201360821723,47.4449462890625,-9.833053588867188,7.526535034179688,-1,2,5020
2025-11-20T22:20:13.280+01:00,6890,630575.5461243751,0.1774997465560757,-0.0825143405221152,0.3212946921995818,0.5774850249290466,-0.0612578876316547,0.1192482635378838,-0.0004679560661315,0.1002536416053772,-0.1859111189842224,XArbitraryCorrectedZVertical,0.1628007783832953,-0.026388656486344,0.0808461633847147,0.9829870310435512,0.992121398448944,-0.1229739636182785,-0.0239278264343738,47.472412109375,-9.998886108398438,8.017440795898438,-1,2,5021
2025-11-20T22:20:13.315+01:00,6891,630575.581040375,0.1823145863568843,-0.0876567866896561,0.3514704059635657,0.7018367648124695,-0.1028410494327545,-0.0114760091528296,0.0017375946044921,0.0308445543050766,-0.1374359130859375,XArbitraryCorrectedZVertical,0.1778660139568413,-0.0270605612393477,0.0819146385847702,0.9802659876901182,0.9917925596237184,-0.1256473660469055,-0.0236664079129695,47.37994384765625,-9.98956298828125,8.049270629882812,-1,2,5022
2025-11-20T22:20:13.350+01:00,6892,630575.615956375,0.1827316587372163,-0.0920900751049347,0.3873106625839547,0.7700190544128418,-0.0507348887622356,-0.1133629754185677,0.0100764632225036,0.0362039878964424,-0.1005027294158936,XArbitraryCorrectedZVertical,0.1955624827953914,-0.0274399400916006,0.0806172189440291,0.9769867629320188,0.9920443296432496,-0.1236825808882713,-0.0234597511589527,47.43963623046875,-9.623626708984377,8.080078125,-1,2,5023
2025-11-20T22:20:13.385+01:00,6893,630575.650873375,0.1836498918174773,-0.0934298882715844,0.4214021100732468,0.7390254139900208,0.0492350906133651,0.0086054541170597,0.0072801113128662,0.0479082018136978,-0.028732119128108,XArbitraryCorrectedZVertical,0.2122245085519164,-0.0263159465510151,0.0798447199856919,0.973597923767556,0.992307722568512,-0.1221269071102142,-0.0202486310154199,47.6114501953125,-9.308212280273438,8.035140991210938,-1,2,5024
2025-11-20T22:20:13.420+01:00,6894,630575.685789375,0.1866836839223924,-0.0944891471337477,0.454219830579711,0.5961645245552063,0.0239369161427021,-0.0273320749402046,0.0512861013412475,-0.0657425820827484,-0.0056096911430358,XArbitraryCorrectedZVertical,0.2282210914777429,-0.0248507909129366,0.0801241351118808,0.9699885267823326,0.9923540353775024,-0.1223829984664917,-0.015996778383851,47.597412109375,-9.15948486328125,8.643173217773438,-1,2,5025
2025-11-20T22:20:13.455+01:00,6895,630575.7207053751,0.1871530084790095,-0.0940840995305306,0.4793272631688493,0.4270434081554413,0.0800592750310897,-0.0664188414812088,-0.080322265625,0.0027332827448844,-0.024738073348999,XArbitraryCorrectedZVertical,0.2403442885999063,-0.0233249146735521,0.0795551732903934,0.9671409187710098,0.9925994277000428,-0.1208057627081871,-0.0123408641666173,47.59503173828125,-8.874755859375,8.931640625,-1,2,5026
2025-11-20T22:20:13.490+01:00,6896,630575.755621375,0.1879306773772449,-0.0908216138357795,0.4992626938026208,0.1768069118261337,0.1756988167762756,-0.0029007978737354,-0.0903525948524475,-0.0278617888689041,-0.0180709958076477,XArbitraryCorrectedZVertical,0.2498306103018565,-0.0206382703331158,0.079659821114748,0.9647865859026136,0.99277263879776,-0.1198432594537735,-0.0063431025482714,47.59234619140625,-8.668167114257812,9.144073486328123,-1,2,5027
2025-11-20T22:20:13.531+01:00,6897,630575.790538375,0.1862354954132651,-0.0869346124959645,0.5071459896782478,-0.1126307845115662,0.0481163039803504,-0.1171588376164436,0.0466586351394653,-0.1360859572887421,-0.0128345489501953,XArbitraryCorrectedZVertical,0.2534528055760494,-0.0185776934905638,0.0790710924276145,0.963931640383506,0.99304461479187,-0.1177134439349174,-0.0023785303346812,47.7728271484375,-8.728607177734375,9.456497192382812,-1,2,5028
2025-11-20T22:20:13.560+01:00,6898,630575.825454375,0.1827192389338851,-0.0835287818721063,0.5076931372072627,-0.342667281627655,0.1456199437379837,-0.0065250284969806,-0.0602419972419738,-0.0083442479372024,-0.0337030887603759,XArbitraryCorrectedZVertical,0.2535508203813601,-0.0173545203604088,0.0777904216688089,0.9640329265531338,0.9934084415435792,-0.1146262958645821,-0.0006597681203857,47.7115478515625,-8.385757446289062,9.467239379882812,-1,2,5029
2025-11-20T22:20:13.595+01:00,6899,630575.860370375,0.1858353719188564,-0.0802134900674949,0.4997289700683294,-0.4677872359752655,0.1385846883058548,0.2000047564506531,0.0158093571662902,-0.061687596142292,-0.0415292978286743,XArbitraryCorrectedZVertical,0.2496127239743574,-0.015758752721015,0.0799585463493154,0.9649102740168872,0.99301016330719,-0.1179846152663231,0.0032297109719365,47.64385986328125,-8.464691162109375,9.91448974609375,-1,2,5030
2025-11-20T22:20:13.630+01:00,6900,630575.8952873751,0.1918903807754999,-0.0802851582605214,0.4899752778459754,-0.5019392967224121,0.095852680504322,0.1031357496976852,-0.0870183706283569,-0.1406995356082916,-0.0444846153259277,XArbitraryCorrectedZVertical,0.2449640745137428,-0.0155378564388466,0.0831737115110115,0.96583296586588,0.9922612309455872,-0.1240709349513054,0.0048879450187087,47.6651611328125,-9.139724731445312,9.738479614257812,-1,2,5031
2025-11-20T22:20:13.665+01:00,6901,630575.930203375,0.1935552211829885,-0.0778571268986802,0.4792868489883624,-0.4213316738605499,0.121876060962677,0.04308957234025,-0.1315709948539734,-0.1008680760860443,-0.0544607639312744,XArbitraryCorrectedZVertical,0.2397197173790999,-0.0147120767637196,0.0845997864033723,0.9670372112363383,0.9919530153274536,-0.1264268159866333,0.0067464201711118,47.67901611328125,-9.502273559570312,9.706283569335938,-1,2,5032
2025-11-20T22:20:13.699+01:00,6902,630575.965119375,0.1959060892839722,-0.0760809957088912,0.4724389199065471,-0.4115415811538696,0.0983661562204361,0.1339540779590607,-0.1303914785385132,-0.1302713602781296,-0.0344660282135009,XArbitraryCorrectedZVertical,0.2363544546556149,-0.0139273100035236,0.0861540912144138,0.967739723905131,0.9915975332260132,-0.129066988825798,0.0087243681773543,47.619873046875,-9.699569702148438,10.17231750488281,-1,2,5033
2025-11-20T22:20:13.734+01:00,6903,630576.000036375,0.2037914342657297,-0.075450246399454,0.4630064304571781,-0.3843792974948883,0.1986589580774307,0.2873647212982178,-0.1513849496841431,-0.1402177363634109,-0.0619404315948486,XArbitraryCorrectedZVertical,0.231822544674881,-0.0131975904298817,0.0903266828228896,0.9684653532034182,0.9905266761779784,-0.1368208080530167,0.0116931665688753,47.48504638671875,-9.984130859375,10.10575866699219,-1,2,5034
2025-11-20T22:20:13.770+01:00,6904,630576.034952375,0.2167153217107532,-0.0743590583663277,0.4581754135633317,-0.2792410850524902,0.159354954957962,0.383715957403183,-0.076143741607666,-0.1908459216356277,-0.0616716146469116,XArbitraryCorrectedZVertical,0.2295161268319593,-0.0114457723003354,0.0968559182748931,0.9684060797186002,0.9887261390686036,-0.1486621052026749,0.0178940743207931,47.13519287109375,-10.59233093261719,10.38059997558594,-1,2,5035
2025-11-20T22:20:13.811+01:00,6905,630576.0698683751,0.2308053026303704,-0.0798317947131034,0.4495293778040446,-0.4774931371212006,0.0090941004455089,0.2815574705600739,-0.2365884780883789,-0.1437995731830597,-0.0331196784973144,XArbitraryCorrectedZVertical,0.2256975273564007,-0.0129996934343388,0.1033261064906261,0.9686152438233224,0.9866495728492736,-0.1619255095720291,0.0174031350761652,46.9981689453125,-11.47903442382812,10.43402099609375,-1,2,5036
2025-11-20T22:20:13.839+01:00,6906,630576.104784375,0.235629932573554,-0.080661562589614,0.4384963987056071,-0.4301824271678925,0.1320343613624573,0.0617706850171089,0.0979723930358886,-0.251147985458374,-0.0924222469329834,XArbitraryCorrectedZVertical,0.2204383754570032,-0.0135375857475803,0.1059268736836598,0.9695375991271328,0.9857677817344666,-0.1672632098197937,0.0168759822845459,46.9471435546875,-12.022216796875,10.42805480957031,-1,2,5037
2025-11-20T22:20:13.874+01:00,6907,630576.139701375,0.2393067888684769,-0.077427250734588,0.4328040894604707,-0.2326892763376236,0.1621992588043213,0.1028663665056229,0.007300317287445,-0.0819694548845291,-0.0492411851882934,XArbitraryCorrectedZVertical,0.21753429517682,-0.0119198101815031,0.1082456493552518,0.969958590441652,0.9850397109985352,-0.1710822731256485,0.0206766668707132,46.880859375,-12.38641357421875,10.55058288574219,-1,2,5038
2025-11-20T22:20:13.909+01:00,6908,630576.174617375,0.2386527281193484,-0.0749639506992465,0.430408842729429,-0.2651265859603882,-0.0129156233742833,-0.1147129908204079,0.112303614616394,-0.1549069732427597,-0.0216091871261596,XArbitraryCorrectedZVertical,0.2162377155242175,-0.0109449558203658,0.1082703064740212,0.9702572422234936,0.9850627183914183,-0.1707308143377304,0.0224177874624729,46.837158203125,-12.53465270996094,10.66117858886719,-1,2,5039
2025-11-20T22:20:13.944+01:00,6909,630576.209533375,0.2344489471968831,-0.0756599667279064,0.4254741777847323,-0.2802934944629669,-0.0211288295686245,-0.1103513315320015,0.1265482306480408,-0.1195252686738968,-0.0570656061172485,XArbitraryCorrectedZVertical,0.2138606985677266,-0.0120386409834527,0.1063072374111955,0.9709879417141676,0.9856955409049988,-0.1674467772245407,0.0191322099417448,46.69866943359375,-12.59974670410156,10.59294128417969,-1,2,5040
2025-11-20T22:20:13.979+01:00,6910,630576.2444503751,0.2261569962247079,-0.0730785937062763,0.4226243887819524,-0.2949265539646149,0.0326620079576969,-0.3024822771549225,0.0547606945037841,-0.0530634373426437,-0.0226840954273939,XArbitraryCorrectedZVertical,0.2122948309613257,-0.0118393467300208,0.1026408943962779,0.9717282019540588,0.986911118030548,-0.1602849215269089,0.0177554506808519,46.84625244140625,-12.24684143066406,10.55056762695312,-1,2,5041
2025-11-20T22:20:14.014+01:00,6911,630576.2793663751,0.2089099116831579,-0.0660319726472767,0.4154497992870774,-0.5055558681488037,-0.0316988937556743,-0.6147027611732483,0.0330870747566223,-0.005977839231491,0.0684534311294555,XArbitraryCorrectedZVertical,0.2083661854950053,-0.0106329927841855,0.0951973996850058,0.973348851729346,0.9892365336418152,-0.1453893035650253,0.0165227279067039,47.10247802734375,-11.84814453125,10.50717163085938,-1,2,5042
2025-11-20T22:20:14.051+01:00,6912,630576.314282375,0.1818983131026104,-0.0572434515155362,0.3996940371554316,-0.7258211970329285,0.0280659012496471,-0.6041964292526245,-0.0095956325531005,0.2468285411596298,0.0456545352935791,XArbitraryCorrectedZVertical,0.2001653905994026,-0.0099094060142654,0.0833219845433335,0.9761624005609076,0.9924446940422058,-0.1220726519823074,0.0123136173933744,47.3546142578125,-11.05984497070312,10.28509521484375,-1,2,5043
2025-11-20T22:20:14.084+01:00,6913,630576.349199375,0.1659104765537956,-0.0473927912092794,0.3797121082538799,-0.6624364852905273,0.1643973588943481,-0.2387340366840363,-0.0321570038795471,0.37816521525383,0.0360406637191772,XArbitraryCorrectedZVertical,0.1899437908910273,-0.0075556431135223,0.0768922700597961,0.9787501831969938,0.9939794540405272,-0.1087102368474007,0.0136724319308996,47.3133544921875,-10.4620361328125,10.19918823242188,-1,2,5044
2025-11-20T22:20:14.118+01:00,6914,630576.384115375,0.1596227101623778,-0.0394132674535582,0.3649466950900838,-0.4479124844074249,0.2328560501337051,-0.0745405629277229,-0.1009652614593506,0.3497825860977173,0.0736474990844726,XArbitraryCorrectedZVertical,0.1823946112197028,-0.0048519408641307,0.0748233972637438,0.9803622365620568,0.9944435954093932,-0.1037651225924492,0.0177372731268405,47.34619140625,-10.5677490234375,10.4095458984375,-1,2,5045
2025-11-20T22:20:14.153+01:00,6915,630576.4190313751,0.1580886305803889,-0.0299775368329703,0.357683079506298,-0.2279804348945618,0.2597446739673615,-0.0417378209531307,-0.0782648921012878,0.171932116150856,0.1558600664138794,XArbitraryCorrectedZVertical,0.178478980178579,-0.000658143788764,0.0750359703091227,0.9810781631671304,0.9943718910217284,-0.1027487218379974,0.0258262529969215,47.3387451171875,-10.70712280273438,10.69891357421875,-1,2,5046
2025-11-20T22:20:14.188+01:00,6916,630576.4539473751,0.1527685025041458,-0.0210875444703493,0.3545640730534633,-0.2184996753931046,0.1654706001281738,-0.2365172654390335,-0.0503841638565063,0.0485114157199859,0.1808204650878906,XArbitraryCorrectedZVertical,0.1766228147972239,0.0031088254461489,0.0732557899475925,0.9815439424447052,0.9946592450141908,-0.0979651361703872,0.0324974209070205,47.00018310546875,-10.70774841308594,11.14729309082031,-1,2,5047
2025-11-20T22:20:14.223+01:00,6917,630576.48886425,0.1445559277452546,-0.0124517798316995,0.3496292561057999,-0.208147257566452,0.1941406428813934,-0.1606961488723755,0.0154919624328613,0.12725430727005,0.1194325685501099,XArbitraryCorrectedZVertical,0.1739108773531821,0.0064448495441556,0.0700330202189897,0.9822468204482742,0.9951738119125366,-0.0905568674206733,0.0377939231693744,46.97772216796875,-10.3914794921875,10.99429321289062,-1,2,5048
2025-11-20T22:20:14.258+01:00,6918,630576.52378025,0.1411739720947698,-0.0048014142893634,0.3470821664056061,-0.1384755522012711,0.1847173273563385,-0.0437859594821929,0.0512127876281738,0.1111259907484055,0.1122814565896988,XArbitraryCorrectedZVertical,0.1724075857201267,0.0098194333142209,0.0690553033365403,0.9825532011994036,0.995189368724823,-0.0875206366181373,0.0440295934677124,47.11883544921875,-10.53387451171875,11.555908203125,-1,2,5049
2025-11-20T22:20:14.293+01:00,6919,630576.5586962501,0.1399908119122505,0.0012242245421525,0.3461836203116327,-0.0523135028779506,0.1478727459907532,-0.0539989992976188,0.0045805573463439,0.0912025645375251,0.1139659881591797,XArbitraryCorrectedZVertical,0.1717648455404011,0.0126468693866554,0.0689983295295608,0.9826373066146348,0.9950226545333862,-0.0864570364356041,0.0495471656322479,47.09271240234375,-10.36317443847656,11.54838562011719,-1,2,5050
2025-11-20T22:20:14.331+01:00,6920,630576.5936132501,0.1379479879849615,0.0054274643936142,0.3487939440268455,0.0323857888579368,0.0612132512032985,-0.0215224307030439,0.0781906247138977,0.0537193641066551,0.1043469980359077,XArbitraryCorrectedZVertical,0.1729168705692839,0.0146246498670416,0.0683434004364802,0.9824536627090844,0.9950059056282043,-0.0844200178980827,0.0532610118389129,46.90228271484375,-10.40484619140625,11.97219848632812,-1,2,5051
2025-11-20T22:20:14.363+01:00,6921,630576.62852925,0.1385142985105939,0.0059724900482323,0.3525726767608852,0.0578722395002841,-0.0097605232149362,0.0296547375619411,0.0667263269424438,-0.0268962681293487,0.1098377779126167,XArbitraryCorrectedZVertical,0.1747500158464732,0.0150690981000597,0.0686514386427097,0.9821010321100102,0.9949192404747008,-0.0847675204277038,0.0543162189424037,46.942626953125,-10.47998046875,12.01454162597656,-1,2,5052
2025-11-20T22:20:14.398+01:00,6922,630576.66344525,0.140755363323219,0.0043268410005399,0.3556241734275613,0.024936243891716,-0.003972424659878,0.0746565163135528,0.0183532834053039,-0.0165308490395546,0.1000346019864082,XArbitraryCorrectedZVertical,0.1762885668007947,0.0145618951545141,0.0695924157828473,0.9817674590832824,0.994784653186798,-0.0867100954055786,0.0537128709256649,46.77001953125,-10.59843444824219,11.69541931152344,-1,2,5053
2025-11-20T22:20:14.433+01:00,6923,630576.69836125,0.1438905483253936,0.0025932024338124,0.358008585444955,0.0197813156992197,-0.0512685552239418,0.1102126911282539,-0.0081241726875305,-0.0207161530852317,0.1115081310272217,XArbitraryCorrectedZVertical,0.1774973918256331,0.0140713691522357,0.0709648369110806,0.9814584569956984,0.994559109210968,-0.089513324201107,0.0532868206501007,46.9656982421875,-10.84521484375,11.83660888671875,-1,2,5054
2025-11-20T22:20:14.468+01:00,6924,630576.7332782501,0.1485879898752618,-0.0016501869732078,0.3593502165356973,0.020677201449871,-0.0917195975780487,0.0806975960731506,-0.0525032877922058,-0.047066144645214,0.0931979417800903,XArbitraryCorrectedZVertical,0.1782771327910542,0.0124552854937216,0.0728836951881175,0.9811983419557034,0.9942909479141236,-0.0938182100653648,0.0508297160267829,46.9307861328125,-11.17372131347656,11.86711120605469,-1,2,5055
2025-11-20T22:20:14.503+01:00,6925,630576.7681942501,0.1509074486323697,-0.0067959449925779,0.359954165614564,-0.0667059421539306,-0.140784353017807,0.0795726627111434,-0.0674314498901367,-0.0510281845927238,0.1097124814987183,XArbitraryCorrectedZVertical,0.1787486637369785,0.0101602837958152,0.0735575969857938,0.9810887454912672,0.9942961931228638,-0.0959444642066955,0.0465832315385341,46.6348876953125,-11.16363525390625,11.6629638671875,-1,2,5056
2025-11-20T22:20:14.537+01:00,6926,630576.80311025,0.156188649662281,-0.0138571458508453,0.3579397991492461,-0.1421175748109818,-0.1069933027029037,0.2294712662696838,-0.0690631866455078,-0.0556340739130973,0.0981441736221313,XArbitraryCorrectedZVertical,0.1780010830328763,0.0070905057293174,0.0755374066370649,0.9811012068734192,0.9940358400344848,-0.1009668633341789,0.0412143096327781,46.5557861328125,-11.44818115234375,11.41854858398438,-1,2,5057
2025-11-20T22:20:14.572+01:00,6927,630576.83802725,0.1667880051557809,-0.0177472223674574,0.3527913465967318,-0.2283925116062164,0.0654444620013237,0.3116876780986786,-0.0693367719650268,-0.1541509926319122,0.1215336322784424,XArbitraryCorrectedZVertical,0.175593256456596,0.0059111987313196,0.0804498540101465,0.9811523512224556,0.992981731891632,-0.1111230328679085,0.0404841229319572,46.60064697265625,-12.27658081054688,11.32688903808594,-1,2,5058
2025-11-20T22:20:14.610+01:00,6928,630576.87294325,0.1820590593678488,-0.0216385566792283,0.3399854915022839,-0.4639966785907745,-0.0252398699522018,0.5775433778762817,0.0312955379486084,-0.1757986545562744,0.1846781969070435,XArbitraryCorrectedZVertical,0.1694342128180286,0.0047588060282664,0.0877655898818731,0.9816143085359248,0.9911959171295166,-0.1261269897222519,0.040282055735588,46.44879150390625,-13.01239013671875,11.05580139160156,-1,2,5059
2025-11-20T22:20:14.642+01:00,6929,630576.9078592501,0.2102950354467547,-0.0337643391020232,0.3220409993010477,-0.4983944296836853,-0.1342955231666565,0.9319755434989928,-0.0762476325035095,-0.114786222577095,0.1174300909042358,XArbitraryCorrectedZVertical,0.1611662373881272,0.0002534257075001,0.1008898717261411,0.9817569791873698,0.9875026345252992,-0.1536768972873688,0.034959353506565,46.15179443359375,-14.91133117675781,10.72673034667969,-1,2,5060
2025-11-20T22:20:14.677+01:00,6930,630576.9427752501,0.2447277645652863,-0.0474786566644472,0.3016607415409713,-0.5197039246559143,0.0200679525732994,0.9105517268180848,-0.2127580642700195,-0.1733880788087845,0.0614128112792968,XArbitraryCorrectedZVertical,0.1519580232508988,-0.0049568594747331,0.1170989266773734,0.9814133036908466,0.981877326965332,-0.1873449236154556,0.0286139920353889,45.81072998046875,-16.34523010253906,10.06089782714844,-1,2,5061
2025-11-20T22:20:14.712+01:00,6931,630576.97769225,0.2690026388722312,-0.0538094769344498,0.2832916148298544,-0.4418645799160004,-0.1207680404186249,0.5060054063796997,0.0901706218719482,-0.3345578908920288,0.0079222898930311,XArbitraryCorrectedZVertical,0.1434182347066959,-0.0074676863747424,0.1289416797463953,0.9811979721142816,0.9770442247390748,-0.2114625722169876,0.025845406576991,45.10052490234375,-17.98631286621094,10.14451599121094,-1,2,5062
2025-11-20T22:20:14.747+01:00,6932,630577.01260825,0.2867580343821611,-0.0654843978811123,0.2655155939808411,-0.386973112821579,-0.1693299561738968,0.5490232706069946,-0.0263829827308654,-0.1701641827821732,-0.0527424812316894,XArbitraryCorrectedZVertical,0.1355761786072321,-0.0132116107436769,0.1372662404270867,0.9811231154535248,0.9731907844543456,-0.2294787168502808,0.015465235337615,44.90533447265625,-19.04652404785156,9.456314086914062,-1,2,5063
2025-11-20T22:20:14.782+01:00,6933,630577.04752425,0.3006890903328722,-0.0704275937822707,0.2535378714236884,-0.1703161895275116,0.0544432029128074,0.2423349618911743,-0.0155402421951293,-0.1678773462772369,-0.0842194557189941,XArbitraryCorrectedZVertical,0.1301568633997354,-0.0156053040302949,0.1440838613507245,0.9808443043619918,0.969840168952942,-0.2434690594673157,0.0115264663472771,44.82794189453125,-20.00669860839844,9.123626708984377,-1,2,5064
2025-11-20T22:20:14.817+01:00,6934,630577.0824412501,0.3048370843271898,-0.0674550983616627,0.2489630213314463,-0.0507972501218318,0.1708286702632904,0.0492619089782238,0.0841756463050842,-0.164394199848175,-0.0267139673233032,XArbitraryCorrectedZVertical,0.1277312970444721,-0.0142318953921091,0.1464302840622533,0.980836536031476,0.9687264561653136,-0.2477151155471802,0.014354265294969,44.62347412109375,-20.31095886230469,9.216522216796877,-1,2,5065
2025-11-20T22:20:14.852+01:00,6935,630577.1173572501,0.3034561569147141,-0.0597836157591017,0.2488339579661276,0.0874855294823646,0.1927832663059235,-0.1135985627770424,0.0734196901321411,-0.0021328032016754,0.0290411729365587,XArbitraryCorrectedZVertical,0.1270981893647149,-0.0105672800041537,0.1462449429346197,0.9809928153839028,0.9689235091209412,-0.2464328557252884,0.0214043334126472,44.57867431640625,-20.49099731445312,9.516845703125,-1,2,5066
2025-11-20T22:20:14.889+01:00,6936,630577.15227325,0.2973257179426151,-0.0532725640605816,0.2509851172572439,0.1022061482071877,0.0544735603034496,-0.2710103690624237,0.0764302611351013,0.0807617008686065,0.055525779724121,XArbitraryCorrectedZVertical,0.1276527422311996,-0.0076001250809735,0.1436022567857353,0.9813385801512952,0.9702768325805664,-0.240521177649498,0.026688503101468,44.6025390625,-20.40475463867188,9.696243286132812,-1,2,5067
2025-11-20T22:20:14.922+01:00,6937,630577.18718925,0.2832390249446111,-0.0488672571214643,0.2525681689811086,0.0727214142680168,0.001931277802214,-0.4097974896430969,0.0033947825431823,0.3135874569416046,0.0203906297683715,XArbitraryCorrectedZVertical,0.1280714833140805,-0.006222083302747,0.1369345411237025,0.982246403353902,0.9734576344490052,-0.2271768897771835,0.0277661327272653,44.667724609375,-19.81370544433594,9.5986328125,-1,2,5068
2025-11-20T22:20:14.956+01:00,6938,630577.22210625,0.2741510124809639,-0.045354914826413,0.2525983269502494,0.0315074063837528,0.0350325852632522,-0.0453574955463409,0.0659387111663818,0.3890772461891174,0.0064340829849243,XArbitraryCorrectedZVertical,0.1278238583358871,-0.0050758115989153,0.1326938714334402,0.9828671031569636,0.9753820896148682,-0.2186212986707687,0.0288899280130863,44.732421875,-19.38345336914062,9.625137329101562,-1,2,5069
2025-11-20T22:20:14.991+01:00,6939,630577.2570222501,0.2759326461061794,-0.0450355614230565,0.2508203905457422,0.0429682061076164,-0.0744771659374237,0.0575266890227794,0.0317805409431457,0.1977249085903168,-0.0395151376724243,XArbitraryCorrectedZVertical,0.1269340188391953,-0.0049287676229648,0.1336248023298992,0.9828569834148204,0.9749637246131896,-0.2204299420118332,0.029261153191328,44.85430908203125,-19.65061950683594,9.542083740234377,-1,2,5070
2025-11-20T22:20:15.026+01:00,6940,630577.2919382501,0.2758193388602495,-0.0493752392757804,0.2497476354764194,0.0160821471363306,-0.1675269901752472,-0.0323359407484531,-0.0572328567504882,0.1821630001068115,-0.080032467842102,XArbitraryCorrectedZVertical,0.1266965228707243,-0.0071433785109721,0.1333155941263113,0.982916003195138,0.9750946760177612,-0.2204014658927917,0.0247651189565658,44.9371337890625,-19.65707397460938,9.625289916992188,-1,2,5071
2025-11-20T22:20:15.061+01:00,6941,630577.32685525,0.2739418014336623,-0.0532705284500393,0.2475070005241363,0.0450331382453441,-0.125373438000679,-0.0645773038268089,-0.0030320286750793,0.1049321740865707,-0.1092673540115356,XArbitraryCorrectedZVertical,0.1258470150075746,-0.0093323143168462,0.1321941011763034,0.9831581963827072,0.975566029548645,-0.2187931835651398,0.020003343001008,44.870361328125,-19.78605651855469,9.218246459960938,-1,2,5072
2025-11-20T22:20:15.096+01:00,6942,630577.36177125,0.2714385706777716,-0.0557402560141401,0.2454991673586744,-0.033089242875576,-0.090105153620243,-0.0990368947386741,-0.0160891413688659,0.0886286795139312,-0.0856391191482543,XArbitraryCorrectedZVertical,0.1250105707302563,-0.0108422394791663,0.130852172949018,0.9834289020141722,0.9761261343955994,-0.2165735512971878,0.0165319945663213,45.07550048828125,-19.76051330566406,9.047317504882812,-1,2,5073
2025-11-20T22:20:15.131+01:00,6943,630577.39668725,0.2658690127953856,-0.0565124606111485,0.2408795535312945,-0.042057815939188,-0.036852303892374,-0.1645386219024658,0.0568606257438659,0.0637864619493484,-0.1013826131820679,XArbitraryCorrectedZVertical,0.1227587642265433,-0.0118817824452766,0.1281660806542446,0.9840542246184996,0.9772581458091736,-0.2116288542747498,0.0134157054126262,45.08447265625,-19.680419921875,9.020492553710938,-1,2,5074
2025-11-20T22:20:15.170+01:00,6944,630577.4316032501,0.2600387850949759,-0.0544504321285527,0.2382964550295441,0.0315980240702629,0.0170292519032955,-0.1169499680399895,0.0972371697425842,0.0600685328245163,-0.0629130601882934,XArbitraryCorrectedZVertical,0.1213239105988611,-0.0113949833686758,0.1254779958225212,0.9845841704385,0.9784005880355836,-0.2062782049179077,0.0134745221585035,45.10845947265625,-19.47764587402344,8.854415893554688,-1,2,5075
2025-11-20T22:20:15.201+01:00,6945,630577.4665202501,0.2581036633891806,-0.0531535776785295,0.2371981107551483,0.1041712611913681,-0.0288324635475873,0.0117783397436142,0.0712862014770507,0.064225435256958,-0.0044386368244886,XArbitraryCorrectedZVertical,0.1206917033066843,-0.0109457231239027,0.124626671927141,0.984775121605734,0.978762686252594,-0.204514741897583,0.0140516571700573,45.09259033203125,-19.50071716308594,9.055587768554688,-1,2,5076
2025-11-20T22:20:15.236+01:00,6946,630577.501435625,0.2604195124049341,-0.0563017932305736,0.2383983194545847,0.088536113500595,-0.1692561507225037,0.1341156959533691,0.0580139756202697,-0.012514129281044,0.0136295547708869,XArbitraryCorrectedZVertical,0.1214924568944104,-0.0122765374252978,0.1255508663069295,0.9845434646288552,0.9783476591110228,-0.2066325545310974,0.0117763020098209,45.11712646484375,-19.35807800292969,8.793167114257812,-1,2,5077
2025-11-20T22:20:15.271+01:00,6947,630577.536351625,0.2659018642342318,-0.0642039873519187,0.2343063146638707,-0.0699441879987716,-0.2316944301128387,0.1131400689482689,-0.0424216985702514,-0.1387389749288559,-0.0439760684967041,XArbitraryCorrectedZVertical,0.1200196932676513,-0.016108869172654,0.1278646382903008,0.9843710379259896,0.977236032485962,-0.212106317281723,0.0045167626813054,45.2252197265625,-19.87503051757812,8.4161376953125,-1,2,5078
2025-11-20T22:20:15.306+01:00,6948,630577.5712676251,0.2660721341327602,-0.0702713463268396,0.2262690877467766,-0.2179252207279205,-0.117795355618,-0.0472506023943424,-0.1587160229682922,-0.06498484313488,-0.109427809715271,XArbitraryCorrectedZVertical,0.1164565248868627,-0.0196300702220204,0.1277839380135264,0.9847455819525612,0.9770906567573548,-0.21280138194561,-0.0030752862803637,45.13763427734375,-19.94528198242188,8.249740600585938,-1,2,5079
2025-11-20T22:20:15.341+01:00,6949,630577.6061846251,0.263233346283461,-0.0720171694662985,0.2140417960517351,-0.2984004616737366,-0.0869767293334007,-0.0103618614375591,-0.0819862484931945,-0.0507455915212631,-0.1713696122169495,XArbitraryCorrectedZVertical,0.1105218241338685,-0.0214760255436569,0.1265893422187202,0.9855449883499516,0.977478802204132,-0.2108815610408783,-0.0080127473920583,45.5548095703125,-20.08023071289062,7.791580200195312,-1,2,5080
2025-11-20T22:20:15.375+01:00,6950,630577.641100625,0.2628213395777248,-0.0733152904811201,0.2002893144673605,-0.3201489150524139,0.0036514136008918,-0.0183319877833128,-0.1659528017044067,-0.024087518453598,-0.1964893937110901,XArbitraryCorrectedZVertical,0.1038269749088712,-0.0230598957584475,0.1266561535900979,0.9862284126746004,0.9773388504981996,-0.2113250494003296,-0.0122661478817462,45.4453125,-20.40701293945312,7.813461303710938,-1,2,5081
2025-11-20T22:20:15.410+01:00,6951,630577.676016625,0.2602150316095582,-0.0690951158812398,0.1889998641700678,-0.1338043957948685,0.1489045023918152,-0.0016187280416488,-0.099560797214508,0.051112487912178,-0.2045351266860962,XArbitraryCorrectedZVertical,0.0979673157852682,-0.0218609887951633,0.1258531027367591,0.9869577830725026,0.9777499437332152,-0.2094834744930267,-0.011041066609323,45.4520263671875,-20.30107116699219,7.5025634765625,-1,2,5082
2025-11-20T22:20:15.450+01:00,6952,630577.710933625,0.2645854361513669,-0.0644854100055946,0.1822188095968057,-0.1204033419489861,0.099915899336338,0.2529975175857544,-0.0698283910751342,0.0018055737018585,-0.1012173295021057,XArbitraryCorrectedZVertical,0.0943761922468313,-0.0198277689517605,0.1283843804823205,0.987024587459814,0.9767956137657166,-0.2140553295612335,-0.0071200928650796,45.38336181640625,-20.57316589355469,7.566070556640625,-1,2,5083
2025-11-20T22:20:15.480+01:00,6953,630577.7458496251,0.2763839809051014,-0.0636115226248676,0.173763733366074,-0.1534207463264465,0.0295533593744039,0.3791356086730957,-0.1402694582939148,-0.07106813788414,-0.0695782899856567,XArbitraryCorrectedZVertical,0.0902659612304966,-0.019431329292002,0.1344304715574645,0.9866119153995804,0.974147081375122,-0.2258373647928238,-0.005922207608819,45.25830078125,-21.16056823730469,7.7662353515625,-1,2,5084
2025-11-20T22:20:15.515+01:00,6954,630577.7807656251,0.2845226340338021,-0.0625726561241515,0.1637568551058391,-0.1880812495946884,0.0485281459987163,0.093841902911663,-0.0415864586830139,-0.1823613494634628,-0.1102202534675598,XArbitraryCorrectedZVertical,0.0853413861506268,-0.0192712386566109,0.1387052503452707,0.9864615223927578,0.972174108028412,-0.2341883033514023,-0.0057618371210992,45.0589599609375,-21.74430847167969,7.495697021484375,-1,2,5085
2025-11-20T22:20:15.550+01:00,6955,630577.815681625,0.2891087236678212,-0.0595723594290196,0.1545086819446404,-0.106293112039566,0.1716209948062897,0.2102535963058472,-0.0274472832679748,-0.1224127262830734,-0.1152165532112122,XArbitraryCorrectedZVertical,0.080616010489907,-0.0182706533704598,0.1412835876201189,0.9865121005096618,0.9709896445274352,-0.2390831857919693,-0.0042597856372594,45.03948974609375,-22.03390502929688,7.280532836914062,-1,2,5086
2025-11-20T22:20:15.585+01:00,6956,630577.850598625,0.2922355398634705,-0.0507934929933211,0.148686067112309,-0.057303462177515,0.2435881644487381,-0.0486543178558349,-0.0024459958076477,-0.1689890176057816,-0.067050814628601,XArbitraryCorrectedZVertical,0.0771465072425515,-0.014243246810491,0.1432833642853719,0.98656744872065,0.970173478126526,-0.2423878461122513,0.0033606183715164,44.9224853515625,-22.25125122070312,7.351104736328125,-1,2,5087
2025-11-20T22:20:15.620+01:00,6957,630577.885514625,0.2867138121709057,-0.043577314327984,0.1414715200508005,-0.1618679910898209,0.0894110277295112,-0.2116360366344452,0.1863492727279663,-0.1948960721492767,-0.0027800798416137,XArbitraryCorrectedZVertical,0.0730400133047551,-0.0114145781976135,0.140951248840275,0.9872525846364304,0.9713655710220336,-0.2374616712331772,0.007800209801644,44.9351806640625,-22.23869323730469,7.83599853515625,-1,2,5088
2025-11-20T22:20:15.655+01:00,6958,630577.9204306251,0.2750447954130558,-0.037320635482486,0.1318417616172128,-0.2303572148084641,0.1622608453035355,-0.4130737483501434,0.0143057107925415,-0.0070236474275588,0.0194209814071655,XArbitraryCorrectedZVertical,0.0677922803885578,-0.009413989297207,0.1355502100060914,0.9884036799140749,0.9739145040512084,-0.22669517993927,0.0099979890510439,45.067626953125,-21.97520446777344,7.973358154296875,-1,2,5089
2025-11-20T22:20:15.690+01:00,6959,630577.9553466251,0.2618546634170074,-0.0283973875174213,0.1226383066374711,-0.3286595046520233,0.233805313706398,-0.2773106396198273,0.123075008392334,0.1116039752960205,0.0893795490264892,XArbitraryCorrectedZVertical,0.0626002675651872,-0.0060506280234915,0.1294324619831572,0.9895917494305372,0.976641058921814,-0.2143566012382507,0.0149447806179523,45.69805908203125,-21.50859069824219,8.421005249023438,-1,2,5090
2025-11-20T22:20:15.732+01:00,6960,630577.990263625,0.2541330689896535,-0.0218471722168327,0.108902172176859,-0.4629429876804352,0.0985113829374313,-0.1443489342927933,0.0827432870864868,0.1465585082769394,0.1222014427185059,XArbitraryCorrectedZVertical,0.0553643955425299,-0.0039227591031634,0.1259397966927052,0.9904840840069205,0.9780936241149902,-0.2074258029460907,0.0175385419279336,45.75848388671875,-21.19522094726562,7.955535888671875,-1,2,5091
2025-11-20T22:20:15.760+01:00,6961,630578.025179625,0.2485328105036907,-0.0178734402496377,0.0950748329225175,-0.3059347569942474,0.1221746057271957,-0.1979235708713531,-0.0590592622756958,0.2763590216636658,0.0507583618164062,XArbitraryCorrectedZVertical,0.0482576112912511,-0.0029680146046581,0.1233804690810105,0.9911809906285296,0.9791184663772584,-0.2024912089109421,0.018013022840023,45.95782470703125,-21.20921325683594,7.753204345703125,-1,2,5092
2025-11-20T22:20:15.794+01:00,6962,630578.060095625,0.2409791386419786,-0.0107148878129423,0.0883957092182287,-0.0986609011888504,0.2164308577775955,-0.2142688035964966,-0.011331558227539,0.2400629371404648,0.0909230709075927,XArbitraryCorrectedZVertical,0.0445058238019402,-2.684371036692464e-06,0.1198441376779794,0.991794694526916,0.9804629683494568,-0.1953546404838562,0.0229990426450967,46.0936279296875,-20.94194030761719,8.051254272460938,-1,2,5093
2025-11-20T22:20:15.829+01:00,6963,630578.0950116251,0.2366494997159581,-0.0046939528895687,0.0834915642363014,0.0120374551042914,0.0711405351758003,-0.0064414730295538,0.1271907091140747,0.2105119228363037,0.1382318735122681,XArbitraryCorrectedZVertical,0.0417185492612964,0.0025980628270878,0.1178484009332339,0.992151492945625,0.9811466336250304,-0.1912858039140701,0.0275853481143713,46.48175048828125,-20.81509399414062,8.1640625,-1,2,5094
2025-11-20T22:20:15.864+01:00,6964,630578.1299286251,0.2385415570681161,-0.0014638641552363,0.082090755669273,0.0652468800544738,0.087547980248928,0.0688446760177612,0.0207343101501464,0.1441537886857986,0.1297612190246582,XArbitraryCorrectedZVertical,0.0408293427237658,0.0041564229869928,0.11885812875198,0.9920627162257334,0.9806846976280212,-0.1931802332401276,0.0306390933692455,46.33331298828125,-20.90309143066406,8.437881469726562,-1,2,5095
2025-11-20T22:20:15.899+01:00,6965,630578.164844625,0.2413131260431174,0.0017660573107751,0.079647744979559,0.055384088307619,0.0581793561577796,0.0902120247483253,0.0055134296417236,0.0580729246139526,0.1393324136734009,XArbitraryCorrectedZVertical,0.0394176808066582,0.0056680064448383,0.1203034440444807,0.9919381051888748,0.980036437511444,-0.1959665566682816,0.0335496552288532,46.2183837890625,-20.96917724609375,8.3779296875,-1,2,5096
2025-11-20T22:20:15.934+01:00,6966,630578.199760625,0.2436346567467154,0.0031429942534787,0.0799111226904899,0.1203475669026375,-0.0091893058270215,0.0370273366570472,-0.0357552766799926,0.0517871528863906,0.1283670663833618,XArbitraryCorrectedZVertical,0.0394580570588969,0.0064125585041917,0.1214814395816807,0.9917884046606684,0.9795265793800354,-0.1982256919145584,0.035130850970745,46.25311279296875,-20.9739990234375,8.585708618164062,-1,2,5097
2025-11-20T22:20:15.969+01:00,6967,630578.234676625,0.2431650517135614,0.0030176660138338,0.0796387404319214,0.0575847364962101,-0.0123195182532072,-0.0635195672512054,-0.0610308051109314,-0.0233545154333114,0.1214543581008911,XArbitraryCorrectedZVertical,0.0393320812633682,0.0063246460716751,0.1212465463129722,0.9918226943069692,0.9796251058578492,-0.197775810956955,0.0349177345633506,46.40313720703125,-21.07774353027344,8.679672241210938,-1,2,5098
2025-11-20T22:20:16.004+01:00,6968,630578.269593625,0.2392411731612814,0.0037946257572584,0.0775178840156556,-0.0544361509382724,-0.0120798135176301,-0.1269501298666,-0.0111839771270752,-0.0376195758581161,0.0960930585861206,XArbitraryCorrectedZVertical,0.0382460170960436,0.0065064895172855,0.119318659237562,0.9920978370965946,0.9803766012191772,-0.1940088421106339,0.0349646136164665,46.3653564453125,-20.98109436035156,8.834152221679688,-1,2,5099
2025-11-20T22:20:16.039+01:00,6969,630578.3045096251,0.2347771149698208,0.0032746332855185,0.0706647404266761,-0.1308460086584091,-0.0709146410226821,-0.1299763023853302,0.0105568766593933,-0.0122217684984207,0.0447574891149997,XArbitraryCorrectedZVertical,0.0348902170175065,0.0057622620703569,0.1171033169528981,0.9924900191239628,0.9812644720077516,-0.189850389957428,0.0328181870281696,46.59814453125,-20.80192565917969,8.587646484375,-1,2,5100
2025-11-20T22:20:16.074+01:00,6970,630578.339425625,0.2307002733534385,0.0015723291983545,0.0643250778635061,-0.0767766460776329,-0.0508793853223323,-0.0785628259181976,0.022178828716278,0.0013172179460525,-0.0033202171325683,XArbitraryCorrectedZVertical,0.031852848629259,0.0044816278450871,0.1150600535503106,0.9928376466892316,0.9820935726165771,-0.186040073633194,0.0296874344348907,46.75347900390625,-20.71916198730469,8.633651733398438,-1,2,5101
2025-11-20T22:20:16.109+01:00,6971,630578.374341625,0.2299962560227158,0.0003742657229326,0.0622354917908953,0.1350886225700378,-0.0621035508811473,0.0288128592073917,-2.151727676391602e-05,0.0148914009332656,-0.0090817213058471,XArbitraryCorrectedZVertical,0.030885762364167,0.0037558311519519,0.114695062078632,0.9929133787179824,0.9822602272033693,-0.1854083240032196,0.0280789099633693,46.9398193359375,-20.71981811523438,8.443893432617188,-1,2,5102
2025-11-20T22:20:16.143+01:00,6972,630578.409258625,0.2314875810125974,-0.0021549622452632,0.0670607044014076,0.2617564499378204,-0.0972146317362785,0.037256546318531,-0.0176189541816711,-0.0563386231660842,0.0442894697189331,XArbitraryCorrectedZVertical,0.0334241087829587,0.0028018724781951,0.1153846710452101,0.9927544564261004,0.9820507168769836,-0.1867338418960571,0.0265876036137342,47.04364013671875,-20.72270202636719,8.296310424804688,-1,2,5103
2025-11-20T22:20:16.179+01:00,6973,630578.4441746251,0.2312211856026007,-0.0059546754106275,0.0754596111736879,0.3694442510604858,-0.1753351092338562,-0.0474589578807354,-0.0166277885437011,-0.0784535855054855,0.0856584310531616,XArbitraryCorrectedZVertical,0.0378120845380802,0.0013958494672955,0.1151590617819699,0.992626166375945,0.9822039008140564,-0.1862253099679947,0.0244031548500061,47.15924072265625,-20.63615417480469,8.261245727539062,-1,2,5104
2025-11-20T22:20:16.213+01:00,6974,630578.47909125,0.2309719661646751,-0.0131019575634441,0.0858497077766027,0.3471956253051758,-0.2598691582679749,0.0349946282804012,-0.0063967108726501,-0.1040156781673431,0.1197746992111206,XArbitraryCorrectedZVertical,0.0433790876035699,-0.0015567185900183,0.114841604683588,0.9924349379588724,0.9824249744415284,-0.1856571137905121,0.0192938223481178,47.2816162109375,-20.70347595214844,8.019683837890625,-1,2,5105
2025-11-20T22:20:16.250+01:00,6975,630578.5140072501,0.2330423923587777,-0.0227396290788434,0.0914743618570505,0.2082711756229401,-0.310020923614502,0.0632883533835411,-0.0099279880523681,-0.1666740030050278,0.1062618494033813,XArbitraryCorrectedZVertical,0.0467286857650511,-0.0059655619739124,0.1156123100567533,0.9921767430823556,0.9822027087211608,-0.1874977052211761,0.0110629796981811,47.39959716796875,-20.46673583984375,7.723861694335938,-1,2,5106
2025-11-20T22:20:16.283+01:00,6976,630578.5489242501,0.236914921168158,-0.033897581619883,0.0950969487439099,0.1832522302865982,-0.3081226646900177,0.1736986190080643,-0.0058810114860534,-0.1070744395256042,0.0495526790618896,XArbitraryCorrectedZVertical,0.0491913499560023,-0.0111938050695604,0.1172301903701414,0.9918225833003768,0.9815584421157836,-0.1911585479974747,0.0011675462592393,47.39892578125,-20.59600830078125,7.271682739257812,-1,2,5107
2025-11-20T22:20:16.318+01:00,6977,630578.58384025,0.2444164818505586,-0.0440846517517636,0.1002344744381571,0.2914794087409973,-0.2603236734867096,0.2422841638326645,-0.0886222124099731,-0.0609361380338668,0.0102397203445434,XArbitraryCorrectedZVertical,0.0523940188731601,-0.015743227111802,0.1206257212193093,0.9911894088882518,0.980116844177246,-0.1982953995466232,-0.0070506278425455,47.5032958984375,-20.81930541992188,7.142654418945312,-1,2,5108
2025-11-20T22:20:16.353+01:00,6978,630578.61875625,0.2524682150754971,-0.0508933811449282,0.1063998389432779,0.2080907076597214,-0.1606932431459427,0.1340902894735336,-0.0649599432945251,-0.1840800195932388,0.0533164739608764,XArbitraryCorrectedZVertical,0.0559334768233411,-0.0185132803315692,0.1243380796097551,0.9904891743306832,0.9785036444664,-0.2059040665626526,-0.0115837473422288,47.35162353515625,-21.00564575195312,6.912002563476562,-1,2,5109
2025-11-20T22:20:16.388+01:00,6979,630578.65367225,0.2553600563417122,-0.0583712030336883,0.1088742644814716,0.0382965244352817,-0.2558187246322632,0.0787113457918167,0.1518692970275879,-0.1967459619045258,0.0232530832290649,XArbitraryCorrectedZVertical,0.0576546351971925,-0.0219757531691187,0.1255157827212651,0.9901711038458046,0.9778303503990172,-0.2086189836263657,-0.0180498585104942,47.34161376953125,-21.04608154296875,6.938735961914062,-1,2,5110
2025-11-20T22:20:16.423+01:00,6980,630578.6885892501,0.2610341634287761,-0.0647962134390039,0.1065673011752526,-0.0179727189242839,-0.0436608605086803,0.2545779347419739,-0.0238506197929382,0.0101168751716613,-0.0234774388372898,XArbitraryCorrectedZVertical,0.0569875372488004,-0.0251435697777891,0.1281834250845534,0.9897926113272916,0.9764874577522278,-0.2142184227705002,-0.024145271629095,47.3406982421875,-21.48066711425781,6.6619873046875,-1,2,5111
2025-11-20T22:20:16.458+01:00,6981,630578.7235052501,0.2724512696746614,-0.0651892188510062,0.1065969021793729,0.113528810441494,0.0054531269706785,0.3854533135890961,0.029598593711853,-0.0162484943866729,-0.0169854145497083,XArbitraryCorrectedZVertical,0.0571710755911942,-0.0250101643512458,0.1338197869373614,0.9890390413389808,0.9740176796913148,-0.2252828180789948,-0.0231757033616304,46.99273681640625,-21.82231140136719,6.782501220703125,-1,2,5112
2025-11-20T22:20:16.493+01:00,6982,630578.75842125,0.2854972132627838,-0.0670055924364866,0.1093515262894566,0.1839944571256638,-0.0443426594138145,0.2528529167175293,-0.0723114013671875,-0.0508906841278076,-0.0234025120735168,XArbitraryCorrectedZVertical,0.0588205608275202,-0.0253361080802893,0.140160069101064,0.9880553932571016,0.9710540175437928,-0.2377750426530838,-0.0227400865405798,46.79974365234375,-22.56059265136719,7.046737670898438,-1,2,5113
2025-11-20T22:20:16.531+01:00,6983,630578.79333725,0.2880916161878279,-0.0696251646208239,0.1149261630450965,0.1374192237854004,-0.0876882672309875,-0.1198128089308739,-0.1662008762359619,0.0421748757362365,-0.0089775957167148,XArbitraryCorrectedZVertical,0.0617902500299367,-0.0261490405014929,0.1412461814595359,0.9876982453966652,0.970476508140564,-0.2400355786085129,-0.0236304551362991,46.77313232421875,-22.40798950195312,7.1103515625,-1,2,5114
2025-11-20T22:20:16.562+01:00,6984,630578.82825425,0.2821113045063303,-0.0705294769693748,0.1173398378085747,0.064731478691101,0.028356235474348,-0.1729417741298676,-0.1171464920043945,0.1724736541509628,-0.0338079929351806,XArbitraryCorrectedZVertical,0.0629660581816379,-0.0266087453249065,0.1382123727060095,0.9880408118557552,0.9718828201293944,-0.2341648936271667,-0.0247094817459583,46.87835693359375,-22.10418701171875,6.875701904296875,-1,2,5115
2025-11-20T22:20:16.598+01:00,6985,630578.8631702501,0.2775943095479935,-0.0645168864926421,0.1191668520190186,0.0522218160331249,0.2207747846841812,-0.121879056096077,-0.0191813707351684,0.2026418745517731,0.0006564259529113,XArbitraryCorrectedZVertical,0.0633991506657641,-0.023651673251457,0.1361324394584883,0.9883770363154892,0.9730692505836488,-0.229726180434227,-0.0190279968082904,46.85137939453125,-21.89186096191406,7.00701904296875,-1,2,5116
2025-11-20T22:20:16.632+01:00,6986,630578.8980862501,0.2748787768735271,-0.059213469772309,0.1166353201206588,-0.1026915982365608,0.0121474917978048,0.0014501637779176,0.1401588916778564,0.1355077922344208,0.030966343358159,XArbitraryCorrectedZVertical,0.0617585353847409,-0.0212915058993885,0.1350051587967547,0.9886890793751408,0.973732590675354,-0.2272130399942398,-0.0147920530289411,46.989990234375,-21.85914611816406,7.040863037109375,-1,2,5117
2025-11-20T22:20:16.667+01:00,6987,630578.93300225,0.2765754059125395,-0.0610774072530492,0.1116182118192732,-0.1020712703466415,-0.0959235802292823,0.0572087913751602,0.0461713671684265,0.12977634370327,-0.0820716023445129,XArbitraryCorrectedZVertical,0.0594243451501611,-0.0225098187538977,0.13588164551072,0.988685109069892,0.9732530117034912,-0.2290652543306351,-0.0175378341227769,46.97174072265625,-21.7977294921875,7.2703857421875,-1,2,5118
2025-11-20T22:20:16.702+01:00,6988,630578.96791925,0.2738643122657634,-0.0637401955560887,0.1083290123530802,-0.0723249465227127,-0.0419460795819759,-0.2102689296007156,0.0062492489814758,0.0443289577960968,-0.1190528869628906,XArbitraryCorrectedZVertical,0.0579473272688735,-0.0241337989944001,0.1345262810475729,0.9889198159920284,0.9737616777420044,-0.2265798896551132,-0.0212058871984481,46.9407958984375,-21.62881469726562,7.084243774414062,-1,2,5119
2025-11-20T22:20:16.737+01:00,6989,630579.00283525,0.2648724593906988,-0.0602098811879774,0.1074410439244092,0.0214834585785865,0.1701645851135254,-0.2413157522678375,0.0434268116950988,0.1348078101873398,-0.131636917591095,XArbitraryCorrectedZVertical,0.0571693762675601,-0.0227066254619857,0.1301971031627249,0.9895781211192302,0.9757840037345886,-0.2179071307182312,-0.0190284214913845,47.143798828125,-21.25736999511719,6.835220336914062,-1,2,5120
2025-11-20T22:20:16.772+01:00,6990,630579.0377512501,0.2589021575060044,-0.0536717486170827,0.1086859180487962,0.0538260266184806,0.1532452404499054,-0.0945151820778846,0.1218769550323486,0.1076195985078812,-0.0632767677307128,XArbitraryCorrectedZVertical,0.0573010615984805,-0.0195597159161311,0.1274076021927895,0.9900006780430765,0.977167785167694,-0.2120659947395325,-0.0130783058702945,47.16925048828125,-20.99542236328125,7.282516479492188,-1,2,5121
2025-11-20T22:20:16.811+01:00,6991,630579.0726672501,0.2567063397879322,-0.0482899675819995,0.1121027343475283,0.1840811520814896,0.1374609768390656,-0.0501916036009788,0.091863214969635,0.0975554436445236,-0.0191770195960998,XArbitraryCorrectedZVertical,0.0586304192688391,-0.0167376514067329,0.1264213641871837,0.990101018621222,0.977716863155365,-0.2097990661859512,-0.007358016911894,47.32061767578125,-20.86088562011719,7.631057739257812,-1,2,5122
2025-11-20T22:20:16.842+01:00,6992,630579.10758425,0.2556398766243255,-0.0443441081805632,0.1202075023853028,0.2880171537399292,0.0345475897192955,-0.0252954773604869,0.102211594581604,0.0482480823993682,0.0380399227142334,XArbitraryCorrectedZVertical,0.0623838926645617,-0.0142946084048303,0.1258898770271834,0.9899775613788284,0.9780341982841492,-0.2084347754716873,-0.0019376759883016,47.21856689453125,-20.67037963867188,8.003173828125,-1,2,5123
2025-11-20T22:20:16.877+01:00,6993,630579.14250025,0.2565662759976278,-0.0461135028533649,0.128439459480135,0.2017744481563568,-0.1376507431268692,0.0588278360664844,0.0730928778648376,-0.0202330946922302,0.0409997701644897,XArbitraryCorrectedZVertical,0.0665746887955218,-0.0146102310478798,0.1261665284839668,0.9896648375974876,0.9779173135757446,-0.2089844346046448,-0.00183052837383,47.30169677734375,-20.56344604492188,8.010055541992188,-1,2,5124
2025-11-20T22:20:16.912+01:00,6994,630579.17741625,0.2613026144585241,-0.0523269773422067,0.133537053267576,0.1455211341381073,-0.1698236614465714,0.1858723759651184,-0.0066357851028442,-0.0222202390432357,-0.0498549938201904,XArbitraryCorrectedZVertical,0.0695282525988478,-0.0171905884491574,0.1282146215749191,0.9891568972167928,0.9769574403762816,-0.2133449018001556,-0.0061753056943416,47.15863037109375,-20.65289306640625,7.918472290039062,-1,2,5125
2025-11-20T22:20:16.947+01:00,6995,630579.2123322501,0.2690651552449266,-0.0585292664866019,0.1365081522565579,0.0335104465484619,-0.1140341460704803,0.2224784195423126,-0.1632717251777649,-0.0677581876516342,-0.1037847995758057,XArbitraryCorrectedZVertical,0.0714713751209619,-0.0197848481542348,0.1317799537120127,0.988501200403186,0.9752835631370544,-0.2207092195749283,-0.0104730809107422,47.1580810546875,-20.77536010742188,7.792236328125,-1,2,5126
2025-11-20T22:20:16.981+01:00,6996,630579.2472492501,0.2745698618721957,-0.0605562616102355,0.135900576805655,-0.0404150262475013,0.056844912469387,0.080116182565689,-0.2112276554107666,-0.0665244758129119,-0.1625940203666687,XArbitraryCorrectedZVertical,0.0713618406028307,-0.0206316000981379,0.1344395302914533,0.98813345567245,0.9740448594093324,-0.226047471165657,-0.0117834722623229,46.87799072265625,-21.0325927734375,7.729461669921875,-1,2,5127
2025-11-20T22:20:17.017+01:00,6997,630579.28216525,0.2769058681437591,-0.0565035925112178,0.1343399703522727,-0.0283659715205431,0.1832864880561829,0.1142531484365463,-0.1194162368774414,-0.0474910140037536,-0.2035112977027893,XArbitraryCorrectedZVertical,0.0703404148578044,-0.0186551005126967,0.1357669857282272,0.9880646232538834,0.9735422134399414,-0.2283725887537003,-0.007853515446186,46.88470458984375,-21.18508911132812,7.7823486328125,-1,2,5128
2025-11-20T22:20:17.051+01:00,6998,630579.31708125,0.2837321902970982,-0.0504917909022748,0.1339356436246569,-0.0138423833996057,0.2154335379600525,0.2576769888401031,-0.1555359363555908,-0.0224508494138717,-0.1591969728469849,XArbitraryCorrectedZVertical,0.0697855576660376,-0.0154750659066806,0.139356572634627,0.9876589922333656,0.972003161907196,-0.2349648922681808,-0.0011271501425653,46.7401123046875,-21.41877746582031,8.43182373046875,-1,2,5129
2025-11-20T22:20:17.090+01:00,6999,630579.35199725,0.2938357255270935,-0.0435431029122332,0.1345051984764291,0.0772424414753913,0.2515702545642853,0.3140947818756104,-0.0960966348648071,-0.0942369997501373,-0.0891201496124267,XArbitraryCorrectedZVertical,0.0696418706346609,-0.0116512716488372,0.1445771413815237,0.986970976707724,0.9695859551429749,-0.244645431637764,0.0071804481558501,46.42462158203125,-21.83979797363281,8.922653198242188,-1,2,5130
2025-11-20T22:20:17.121+01:00,7000,630579.3869142501,0.308255791467079,-0.0381106207489891,0.1396739029217173,0.1571968048810959,0.1309676170349121,0.5018866658210754,-0.0992052555084228,-0.0869804918766021,-0.0109838228672742,XArbitraryCorrectedZVertical,0.0718585164510944,-0.0080717916648791,0.1518025168731684,0.9857623303738432,0.9659656286239624,-0.2581885457038879,0.0157902836799621,45.96441650390625,-22.38949584960938,9.472991943359377,-1,2,5131
2025-11-20T22:20:17.157+01:00,7001,630579.4218302501,0.3257177724232866,-0.0390929070188907,0.1419414282158667,-0.0129948519170284,0.0091394940391182,0.367438942193985,-0.1917836666107178,-0.1776583790779114,0.0148959159851074,XArbitraryCorrectedZVertical,0.073120552768952,-0.0077426988616986,0.1603332272920181,0.9843204275290752,0.9613606333732604,-0.2747036218643188,0.0179867148399353,45.6553955078125,-23.01969909667969,9.832122802734377,-1,2,5132
2025-11-20T22:20:17.191+01:00,7002,630579.45674625,0.3331900626783987,-0.0392612151690343,0.1465048347732409,0.2856714427471161,0.0939124077558517,0.1123562082648277,0.1260653734207153,-0.2528425455093384,-0.0864741802215576,XArbitraryCorrectedZVertical,0.0754060672267267,-0.0071717498308922,0.1639321937734282,0.9835592496850212,0.9593380689620972,-0.2815354764461517,0.0202052593231201,45.3443603515625,-23.50312805175781,9.94012451171875,-1,2,5133
2025-11-20T22:20:17.226+01:00,7003,630579.4916617917,0.3366632931492886,-0.0348317701155437,0.1574181805299741,0.1257274895906448,0.1492481231689453,0.0401334725320339,0.0066950321197509,-0.1194389164447784,0.0962207317352294,XArbitraryCorrectedZVertical,0.080413375504963,-0.0039445615040847,0.1656438392322218,0.9828938249654268,0.9583622813224792,-0.2841712832450867,0.0280773043632507,45.31414794921875,-23.41781616210938,10.56059265136719,-1,2,5134
2025-11-20T22:20:17.261+01:00,7004,630579.5265777917,0.3364913486602049,-0.0354593633830572,0.1573444059062543,-0.2116519063711166,-0.1440873444080353,-0.0332454144954681,0.2995981574058533,-0.2030166983604431,0.0124132670462131,XArbitraryCorrectedZVertical,0.0804287396388746,-0.0042661166499977,0.165535214714852,0.9829095840862566,0.9584280252456664,-0.2840133309364319,0.027427464723587,45.078857421875,-23.34194946289062,10.78997802734375,-1,2,5135
2025-11-20T22:20:17.296+01:00,7005,630579.5614947916,0.3342290543158837,-0.0405469976278008,0.1491088976178888,-0.3014493882656097,-0.0800234675407409,-0.0991507992148399,0.0944120287895202,0.0031625926494598,-0.1426360607147217,XArbitraryCorrectedZVertical,0.0767952893778732,-0.0075469772226678,0.1643526730415705,0.983378733116644,0.9591004848480223,-0.2823678553104401,0.0198638159781694,45.16552734375,-23.44720458984375,10.25567626953125,-1,2,5136
2025-11-20T22:20:17.331+01:00,7006,630579.5964107917,0.3342696379859962,-0.0399390461507054,0.1428134681592019,-0.1704134345054626,0.1392149180173874,0.1446175128221512,0.1087279915809631,0.1399787366390228,-0.1280810832977295,XArbitraryCorrectedZVertical,0.0736512650406553,-0.0077731638569771,0.1644959538987729,0.9835934779143112,0.9590057134628296,-0.2827704250812531,0.0186755061149597,45.05084228515625,-23.37823486328125,9.980865478515623,-1,2,5137
2025-11-20T22:20:17.370+01:00,7007,630579.6313267917,0.340007868731751,-0.0354728111389737,0.1384772179844865,-0.2202898263931274,0.192411333322525,0.1201391816139221,-0.0204461216926574,-0.0046238005161285,0.0003544092178344,XArbitraryCorrectedZVertical,0.0711686428588454,-0.0057349006233313,0.1675449880945832,0.9832755861075247,0.9572288990020752,-0.2884517312049866,0.0225490536540746,44.83099365234375,-23.5595703125,10.32949829101562,-1,2,5138
2025-11-20T22:20:17.400+01:00,7008,630579.6662427917,0.3393523674684638,-0.028961409389485,0.131501359996673,-0.3172496855258942,0.1669070273637772,-0.1625455319881439,-0.0036256909370422,-0.040136307477951,0.0335758924484252,XArbitraryCorrectedZVertical,0.0671928796756041,-0.0031477086522353,0.1675429066894307,0.9835673100413316,0.9571931958198548,-0.2882175445556641,0.0266810320317745,44.51141357421875,-23.68154907226562,10.42948913574219,-1,2,5139
2025-11-20T22:20:17.436+01:00,7009,630579.7011597917,0.3300470167841414,-0.0240031794266951,0.1218983785519708,-0.3062887489795685,0.1062990128993988,-0.342558354139328,-0.0112143158912658,0.1113965213298798,0.0578631162643432,XArbitraryCorrectedZVertical,0.0620474787676031,-0.0018107352892335,0.1632375921400297,0.9846320884403365,0.9596395492553712,-0.2798839807510376,0.0275098532438278,44.6707763671875,-23.353271484375,10.49391174316406,-1,2,5140
2025-11-20T22:20:17.470+01:00,7010,630579.7360757916,0.319264786034207,-0.0185771800558547,0.1171578009443174,-0.0793002992868423,0.186874583363533,-0.2081008553504944,-0.0814072489738464,0.3745744824409485,0.1056491136550903,XArbitraryCorrectedZVertical,0.059272464921167,0.0001510672642917,0.1581388989942831,0.9856363214470936,0.962434470653534,-0.2698380947113037,0.0301235448569059,44.73162841796875,-22.79722595214844,10.35032653808594,-1,2,5141
2025-11-20T22:20:17.505+01:00,7011,630579.7709917917,0.3135619591283112,-0.0117162196313461,0.1191882869800686,0.1212881579995155,0.1461202502250671,-0.112625926733017,-0.0062746405601501,0.254387229681015,0.2115354537963867,XArbitraryCorrectedZVertical,0.0597404291064563,0.0035233764705916,0.1555150029707704,0.9860191682671406,0.963748335838318,-0.2642901539802551,0.0366029925644397,44.74945068359375,-22.53559875488281,10.78033447265625,-1,2,5142
2025-11-20T22:20:17.540+01:00,7012,630579.8059077917,0.3108098656416856,-0.0074259081271865,0.1253242901623158,0.182819664478302,0.0950262024998664,-0.0895237326622009,-0.0299237966537475,0.1512222290039062,0.2603926658630371,XArbitraryCorrectedZVertical,0.0624396282389275,0.0060314423928298,0.1542456125951882,0.9860391804534492,0.96432626247406,-0.2613601386547089,0.0420212335884571,44.71209716796875,-22.022216796875,11.37307739257812,-1,2,5143
2025-11-20T22:20:17.575+01:00,7013,630579.8408247917,0.3050729344274585,-0.0034809090055544,0.1312766392700986,0.1263222992420197,0.0821381285786628,-0.2229205965995789,-0.0102185606956481,0.0378175973892211,0.2475391626358032,XArbitraryCorrectedZVertical,0.0650933934811435,0.0082497398380198,0.1515053658773404,0.9862763094447266,0.9656628370285034,-0.2555757164955139,0.0466502346098423,44.6820068359375,-21.68951416015625,11.46501159667969,-1,2,5144
2025-11-20T22:20:17.610+01:00,7014,630579.8757407917,0.2966351969067846,-0.0006178827687919,0.135584008039782,0.1384804546833038,0.0222499743103981,-0.2334689944982529,0.0605140924453735,0.044823482632637,0.1952327489852905,XArbitraryCorrectedZVertical,0.0670419236187159,0.0097054038493858,0.1474142695616163,0.9867523572295576,0.9676840305328368,-0.2472770512104034,0.0494113638997077,44.91290283203125,-21.35990905761719,11.728759765625,-1,2,5145
2025-11-20T22:20:17.650+01:00,7015,630579.9106567918,0.289115111399389,-0.0004200068292167,0.1402448189417304,0.1111449003219604,-0.0720968022942543,-0.1622412651777267,0.0688812732696533,0.1008824110031128,0.1887742280960083,XArbitraryCorrectedZVertical,0.0693643353221623,0.009885877099861,0.1436860235659101,0.9871399236821264,0.9695402979850768,-0.2398288995027542,0.049735888838768,44.96539306640625,-21.06878662109375,11.84793090820312,-1,2,5146
2025-11-20T22:20:17.680+01:00,7016,630579.9455727917,0.2877634939675651,-0.0041054121186553,0.1429523369003552,0.0375850461423397,-0.1397903263568878,0.0905964449048042,0.1058944463729858,0.035086914896965,0.1477428674697876,XArbitraryCorrectedZVertical,0.0709708052838189,0.0082136154813148,0.142874322967371,0.9871588987257915,0.970048487186432,-0.2383949905633926,0.0466235280036926,45.06854248046875,-20.91693115234375,11.75814819335938,-1,2,5147
2025-11-20T22:20:17.715+01:00,7017,630579.9804887917,0.2913116580604145,-0.0095051542963891,0.1419124285081911,-0.0747558027505874,-0.123715803027153,0.0468259155750274,-0.0007610917091369,-0.0869133174419403,0.0408724583685398,XArbitraryCorrectedZVertical,0.0708332157803729,0.0055995201613117,0.1444410993305311,0.9869591008474206,0.9694196581840516,-0.2418525516986847,0.0416317768394947,45.01324462890625,-20.95268249511719,11.49468994140625,-1,2,5148
2025-11-20T22:20:17.750+01:00,7018,630580.0154057917,0.289523349077574,-0.0132431065644413,0.1379088498962521,-0.1474580466747284,-0.1257695555686951,-0.1207982748746872,0.0582979917526245,-0.1401557326316833,-0.0056977272033691,XArbitraryCorrectedZVertical,0.069130554238952,0.003402356611421,0.1434591811288148,0.9872329513449948,0.9699917435646056,-0.2403374016284943,0.036795038729906,44.81640625,-20.888916015625,11.45393371582031,-1,2,5149
2025-11-20T22:20:17.785+01:00,7019,630580.0503217917,0.2839596706642067,-0.0166014268827436,0.1330103028095206,-0.0924465730786323,-0.0760985910892486,-0.1771643906831741,0.0380652546882629,-0.0762495696544647,-0.0401817597448825,XArbitraryCorrectedZVertical,0.0669571412230536,0.001204508083601,0.140639544844856,0.9877934373063724,0.971425712108612,-0.235228031873703,0.0316215306520462,45.04266357421875,-20.84356689453125,10.97747802734375,-1,2,5150
2025-11-20T22:20:17.819+01:00,7020,630580.0852377918,0.2793697285711063,-0.0178196978241113,0.133083874131999,0.0678150802850723,-0.043341789394617,-0.0217731706798076,0.0065991878509521,0.0288861542940139,0.0070359706878662,XArbitraryCorrectedZVertical,0.0670803483975273,0.0004540774784845,0.1383307454822184,0.9881116514285369,0.9725419878959656,-0.2308056801557541,0.0298444107174873,45.10809326171875,-20.55595397949219,10.89170837402344,-1,2,5151
2025-11-20T22:20:17.855+01:00,7021,630580.1201537917,0.2810748527456437,-0.021126055951664,0.1373857163502999,0.1817004829645157,-0.1507835984230042,0.1033909991383553,0.0137028098106384,-0.0302093774080276,0.0805420875549316,XArbitraryCorrectedZVertical,0.069434432950514,-0.0008199581036187,0.1390192278534386,0.9878522032078798,0.9722591638565063,-0.2322418093681335,0.0278563797473907,45.0343017578125,-20.6422119140625,10.95045471191406,-1,2,5152
2025-11-20T22:20:17.890+01:00,7022,630580.1550707917,0.2855579460300351,-0.0278116639808397,0.1457938237573923,0.2911758720874786,-0.1906369477510452,0.1033523082733154,-0.0782365798950195,-0.0496027171611785,0.1112405061721802,XArbitraryCorrectedZVertical,0.0740576874748731,-0.0033647006684014,0.1409002753685721,0.987244247592998,0.97142493724823,-0.2361332923173904,0.0239676013588905,44.78863525390625,-20.56280517578125,11.04667663574219,-1,2,5153
2025-11-20T22:20:17.931+01:00,7023,630580.1899867917,0.2869199361296541,-0.0362250953931154,0.1546244558113385,0.1906026005744934,-0.2889212071895599,0.023981474339962,-0.0878165364265441,-0.120106503367424,0.1450101137161255,XArbitraryCorrectedZVertical,0.0790109186229209,-0.0068315717451225,0.1411334609493047,0.986809012417698,0.9713461995124816,-0.2369796335697174,0.0180910769850015,44.929931640625,-20.65097045898438,10.79953002929688,-1,2,5154
2025-11-20T22:20:17.959+01:00,7024,630580.2249027917,0.29343072336202,-0.0477578643751641,0.1592529363951927,0.1132757365703583,-0.2730914056301117,0.3606577217578888,-0.0663376450538635,-0.0781292468309402,0.0977833271026611,XArbitraryCorrectedZVertical,0.0821448240357373,-0.0119203576421455,0.1438060296769818,0.9861186091950956,0.969993531703949,-0.2429613769054413,0.0090586366131901,45.19622802734375,-20.49794006347656,10.48117065429688,-1,2,5155
2025-11-20T22:20:17.994+01:00,7025,630580.2598187918,0.3079524133722332,-0.0591313875755421,0.1627972079917919,0.1374923884868622,-0.2911643981933594,0.4021764993667603,-0.0900021195411682,-0.1671368181705475,0.0269596576690673,XArbitraryCorrectedZVertical,0.0848304492129865,-0.016650176294797,0.1504187249930973,0.984835385797724,0.9665126204490662,-0.2566149532794952,0.0013758599525317,44.7840576171875,-21.05513000488281,10.121337890625,-1,2,5156
2025-11-20T22:20:18.029+01:00,7026,630580.2947357917,0.3211299350406078,-0.0673292703331032,0.1665458694571496,0.1494871228933334,0.0274249799549579,0.2272143214941025,-0.2681530714035034,-0.1265997290611267,-0.0084681510925292,XArbitraryCorrectedZVertical,0.0874228143032552,-0.0198197801087293,0.1564680858121955,0.9836067141802808,0.9631603360176086,-0.2689080238342285,-0.0032506168354302,44.5484619140625,-21.76359558105469,9.912948608398438,-1,2,5157
2025-11-20T22:20:18.064+01:00,7027,630580.3296517917,0.321571050459826,-0.0646985028169144,0.1718318206158491,0.1085176914930344,0.0175737477838993,-0.1456605195999146,0.1210266351699829,-0.262482225894928,-0.0069304704666137,XArbitraryCorrectedZVertical,0.0898180409314801,-0.0180781873961754,0.1566800686732586,0.9833907539852716,0.9631408452987672,-0.2689966261386871,0.0007811539107933,44.29193115234375,-21.7991943359375,10.31459045410156,-1,2,5158
2025-11-20T22:20:18.099+01:00,7028,630580.3645677917,0.3175545699020222,-0.065792194694796,0.1737059641248903,0.0224350076168775,-0.0220722258090972,-0.0564817264676094,0.0870720148086547,-0.1303271949291229,-0.0242571830749511,XArbitraryCorrectedZVertical,0.09078706289817,-0.0186463030724622,0.1546126644034241,0.9836182832851592,0.9642279148101808,-0.2650737464427948,-0.0005078482208773,44.1748046875,-21.49073791503906,10.24186706542969,-1,2,5159
2025-11-20T22:20:18.134+01:00,7029,630580.3994837917,0.3165284836101783,-0.0608863621628262,0.1763515908769289,0.1210726350545883,0.2446271628141403,-0.0841134563088417,0.005228042602539,-0.0198027789592742,-0.0245841741561889,XArbitraryCorrectedZVertical,0.0916993203834225,-0.016068834812678,0.1542723858277946,0.9836325927946392,0.9645289778709412,-0.2639343440532684,0.0047324257902801,44.0335693359375,-21.23942565917969,10.50889587402344,-1,2,5160
2025-11-20T22:20:18.171+01:00,7030,630580.4343997918,0.3106869932296077,-0.0520649936842195,0.1816975306917924,0.1455226242542267,0.1914145201444626,-0.2265505641698837,0.0679925680160522,0.0622109472751617,0.0259835720062255,XArbitraryCorrectedZVertical,0.0936116914785469,-0.0115780799605963,0.1516961462910405,0.983916201357376,0.966034471988678,-0.2580574452877045,0.013551851734519,44.04736328125,-21.11622619628906,11.2354736328125,-1,2,5161
2025-11-20T22:20:18.204+01:00,7031,630580.4693167917,0.3035822093061959,-0.0456834277741431,0.1882030355814259,0.2301633656024933,0.0837194994091987,-0.1644117683172226,0.1179338693618774,0.1916065216064453,-0.0114808082580566,XArbitraryCorrectedZVertical,0.096296360562225,-0.0082729367225713,0.148379215769566,0.9841962196487064,0.96780526638031,-0.2509021461009979,0.0200257170945406,43.89617919921875,-20.5731201171875,11.38966369628906,-1,2,5162
2025-11-20T22:20:18.238+01:00,7032,630580.50423325,0.3013670013537187,-0.0423603591610436,0.1980098810447748,0.2925935983657837,0.0725922659039497,-0.0351289212703704,0.0228520631790161,0.2254417240619659,-0.025999903678894,XArbitraryCorrectedZVertical,0.1008649682586836,-0.0060016554498645,0.1472756665996722,0.983920823192064,0.968389332294464,-0.2481620311737061,0.0252521596848964,43.72222900390625,-20.19898986816406,11.62434387207031,-1,2,5163
2025-11-20T22:20:18.274+01:00,7033,630580.53914925,0.3023766713782723,-0.0423174654554678,0.2046827591103499,0.0695595666766166,-0.0593284666538238,0.1019088551402092,0.028008222579956,0.1430027335882187,0.0152941942214965,XArbitraryCorrectedZVertical,0.1041446913115844,-0.0054227657122486,0.1476546064531923,0.9835256198989242,0.9682075381278992,-0.2486698031425476,0.0271557681262493,43.59619140625,-20.24185180664062,11.79830932617188,-1,2,5164
2025-11-20T22:20:18.308+01:00,7034,630580.57406525,0.3077127286565374,-0.0469388554899856,0.2030970483794038,-0.1133810728788376,-0.1314947903156281,0.1385971456766129,-0.0083190202713012,0.092553436756134,-0.0742629766464233,XArbitraryCorrectedZVertical,0.1037268399234154,-0.0075392914589519,0.1500677245106894,0.9831905393960148,0.9669677019119264,-0.2538235485553741,0.0233901645988225,43.58642578125,-20.34611511230469,11.66806030273438,-1,2,5165
2025-11-20T22:20:18.343+01:00,7035,630580.6089822501,0.3098324189161847,-0.0504783034901929,0.1987889507858214,-0.0821017101407051,-0.025498878210783,0.0130878733471036,-0.0769711732864379,0.0911588370800018,-0.1785773038864136,XArbitraryCorrectedZVertical,0.1018860350718436,-0.0095050018384383,0.1510126255914141,0.983221238143812,0.9664516448974608,-0.2561215460300446,0.0193060487508773,43.500732421875,-20.58946228027344,11.46681213378906,-1,2,5166
2025-11-20T22:20:18.378+01:00,7036,630580.6438982501,0.3089283617933085,-0.0511716300276218,0.1962183322620562,-0.078331783413887,-0.0385560691356658,-0.0742022171616554,-0.0413069725036621,0.0559166073799133,-0.143147349357605,XArbitraryCorrectedZVertical,0.1006710054832772,-0.0100918484823607,0.1505846517785822,0.9834062296021544,0.966660976409912,-0.2554405033588409,0.0177963767200708,43.368408203125,-20.40736389160156,11.25906372070312,-1,2,5167
2025-11-20T22:20:18.413+01:00,7037,630580.67881425,0.3012664459984725,-0.0506034886346214,0.1942033286104391,-0.0374732576310634,0.0105467122048139,-0.3456027209758759,-0.0321707725524902,0.0578263700008392,-0.1574486494064331,XArbitraryCorrectedZVertical,0.0995992377106492,-0.0103507978353855,0.146884563909315,0.9840720185349272,0.9685415029525756,-0.2483170181512833,0.0163047835230827,43.31573486328125,-20.21615600585938,11.00614929199219,-1,2,5168
2025-11-20T22:20:18.451+01:00,7038,630580.71373025,0.2883476715365074,-0.0465831051083749,0.1960625478663846,0.1067090258002281,0.0547469370067119,-0.2983888387680054,0.1030282974243164,0.1057554185390472,-0.1321197748184204,XArbitraryCorrectedZVertical,0.1001626492657713,-0.0088788909327206,0.1406904936707011,0.984933945117684,0.9716023802757264,-0.2359281033277512,0.0180755574256181,43.50701904296875,-19.74749755859375,11.05337524414062,-1,2,5169
2025-11-20T22:20:18.483+01:00,7039,630580.74864625,0.2808669414010555,-0.0440666515282724,0.2017572681482268,0.19664067029953,-0.0211691167205572,-0.183041974902153,0.1115718483924866,0.0640978515148162,-0.0497783422470092,XArbitraryCorrectedZVertical,0.1027601266483749,-0.0076108874485111,0.137030021720232,0.9851929425026652,0.9733431935310364,-0.2284502238035202,0.0203288234770298,43.5167236328125,-19.30902099609375,11.07595825195312,-1,2,5170
2025-11-20T22:20:18.518+01:00,7040,630580.7835632501,0.2755700512849077,-0.0444296966751661,0.2100980294559542,0.2615527212619781,-0.0422736369073391,-0.1194878667593002,0.0492241978645324,0.0773562043905258,-0.0202761888504028,XArbitraryCorrectedZVertical,0.1068706518498011,-0.0074828608348183,0.1342515189183962,0.9851392403060704,0.974625289440155,-0.2228792458772659,0.0207491181790828,43.4461669921875,-18.86314392089844,11.41999816894531,-1,2,5171
2025-11-20T22:20:18.553+01:00,7041,630580.8184792501,0.2745996075665246,-0.0471471766551611,0.217429035484959,0.1072274670004845,-0.135350838303566,0.0555393770337104,0.029990017414093,-0.0299827307462692,0.0246726274490356,XArbitraryCorrectedZVertical,0.110656699006199,-0.0083655221667719,0.1334895655078358,0.9848175876167984,0.9749690890312196,-0.2214820832014084,0.0195168200880289,43.3775634765625,-18.69515991210938,11.58659362792969,-1,2,5172
2025-11-20T22:20:18.588+01:00,7042,630580.85339525,0.2769639469327179,-0.0531705679040759,0.2174824203132769,-0.0856992974877357,-0.1581382155418396,0.0063471840694546,-0.1047831177711487,-0.067733883857727,-0.037083625793457,XArbitraryCorrectedZVertical,0.1110978122650544,-0.0111964139423297,0.1343186985200242,0.9846269945678158,0.9745491743087769,-0.2237241864204407,0.014180195517838,43.2608642578125,-18.76806640625,11.46665954589844,-1,2,5173
2025-11-20T22:20:18.623+01:00,7043,630580.88831125,0.2742343984616916,-0.0559594983701439,0.2125560354441826,-0.1897593587636948,-0.0237584356218576,-0.0859061479568481,-0.1260930895805359,-0.0580137073993682,-0.1140605211257935,XArbitraryCorrectedZVertical,0.108843706447783,-0.0130632392520978,0.1329237139265858,0.9850451321137024,0.9751227498054504,-0.221450999379158,0.0097667053341865,43.0347900390625,-18.60804748535156,11.00411987304688,-1,2,5174
2025-11-20T22:20:18.657+01:00,7044,630580.92322725,0.2727049847262881,-0.0558421029512652,0.2034099354982108,-0.3493084311485291,0.0297241322696209,0.0445146784186363,-0.1011655926704407,-0.0502867996692657,-0.1250749826431274,XArbitraryCorrectedZVertical,0.1043233606875191,-0.0137197889212871,0.1323670942409071,0.9856001040193384,0.9753417372703552,-0.2205719649791718,0.0075364625081419,43.10614013671875,-18.81951904296875,11.157958984375,-1,2,5175
2025-11-20T22:20:18.693+01:00,7045,630580.9581442501,0.2732560830531825,-0.0517946651466304,0.1906577613643501,-0.3564195334911346,0.2038176655769348,-0.0088576273992657,-0.1572875380516052,-0.0163035541772842,-0.1847728490829468,XArbitraryCorrectedZVertical,0.0977768013661582,-0.0125765410186689,0.1330977008391795,0.986187895360268,0.9750365018844604,-0.2218708395957947,0.0087779453024268,42.77142333984375,-18.85952758789062,11.00236511230469,-1,2,5176
2025-11-20T22:20:18.729+01:00,7046,630580.9930602501,0.2738319647528435,-0.0444091381831106,0.1787831362452222,-0.3415780067443848,0.1876661330461502,0.156781941652298,-0.0344691276550293,-0.0330543220043182,-0.1360983848571777,XArbitraryCorrectedZVertical,0.0914336328685748,-0.0097254589590197,0.1339465777027133,0.98671361767477,0.9747005105018616,-0.2231102138757706,0.0134481890127062,42.72076416015625,-19.06253051757812,11.1158447265625,-1,2,5177
2025-11-20T22:20:18.763+01:00,7047,630581.02797625,0.2859445498142163,-0.0410587729299679,0.167593370718713,-0.2390544712543488,0.1274741142988205,0.5306368470191956,-0.1029878258705139,-0.0028688758611679,-0.1315593719482422,XArbitraryCorrectedZVertical,0.0857418846782885,-0.0083238520136741,0.1402551781231704,0.986360700988656,0.971777319908142,-0.2353359907865524,0.0162943582981824,42.2095947265625,-19.46856689453125,11.21168518066406,-1,2,5178
2025-11-20T22:20:18.797+01:00,7048,630581.06289225,0.3029693234144873,-0.0398900952077743,0.1600109812739511,-0.1884398013353348,0.1108099669218063,0.3226228654384613,-0.2028653621673584,-0.1022202968597412,-0.0936651229858398,XArbitraryCorrectedZVertical,0.081989214565473,-0.007594238072777,0.1488176742025937,0.985430596993432,0.9675443172454834,-0.2520277202129364,0.0184392724186182,41.76416015625,-20.13975524902344,11.37054443359375,-1,2,5179
2025-11-20T22:20:18.832+01:00,7049,630581.09780925,0.3091471293605822,-0.0374449401211122,0.1531169579396152,-0.164954736828804,0.0877842754125595,0.184431403875351,0.067409336566925,-0.2275928258895874,-0.0295429229736328,XArbitraryCorrectedZVertical,0.0784324491208444,-0.0066707085774884,0.1520660745520751,0.9852308456897894,0.9658547639846802,-0.2583080530166626,0.0200365725904703,41.08978271484375,-20.74989318847656,11.02516174316406,-1,2,5180
2025-11-20T22:20:18.867+01:00,7050,630581.1327252501,0.3173375568597669,-0.0366677798876027,0.1495980128493466,-0.0811112448573112,0.0014859270304441,0.1549533158540726,-0.0056337118148803,-0.1488549411296844,0.0005943775177001,XArbitraryCorrectedZVertical,0.0766667252077537,-0.0062464286801814,0.1561827703993096,0.9847284842641376,0.9636567831039428,-0.2663061618804932,0.0211340449750423,40.924072265625,-21.21292114257812,11.29940795898438,-1,2,5181
2025-11-20T22:20:18.902+01:00,7051,630581.1676412501,0.314589230768094,-0.037795319148872,0.1443194233705687,-0.2139256745576859,-0.1051873341202736,-0.2556925117969513,0.1179659962654114,-0.2088874578475952,0.0047308187931776,XArbitraryCorrectedZVertical,0.0741467074055319,-0.0073229182756674,0.1548656780546252,0.9851219577031686,0.9643551111221312,-0.263982355594635,0.0182336438447237,40.84912109375,-21.29179382324219,11.02415466308594,-1,2,5182
2025-11-20T22:20:18.937+01:00,7052,630581.20255725,0.3059149380152217,-0.0416804700874662,0.135733576259798,-0.268444836139679,-0.1649169623851776,-0.192824587225914,0.1976878046989441,-0.0786221623420715,-0.0112229576334357,XArbitraryCorrectedZVertical,0.0701761076891303,-0.0102178969199923,0.1505812951848323,0.9860508745963124,0.9665731191635132,-0.2561556696891785,0.0109940031543374,40.87103271484375,-21.19635009765625,10.65951538085938,-1,2,5183
2025-11-20T22:20:18.972+01:00,7053,630581.23747325,0.2973511147684101,-0.0452274236129605,0.1269739677921535,-0.2298905253410339,-0.0682700648903846,-0.271960973739624,-0.0360503196716308,0.1736786067485809,0.0126090049743652,XArbitraryCorrectedZVertical,0.0660710950788137,-0.0129217740811862,0.1463734531376435,0.9869358505532476,0.968652069568634,-0.2483855783939362,0.004175585694611,40.9012451171875,-20.79568481445312,10.00717163085938,-1,2,5184
2025-11-20T22:20:19.010+01:00,7054,630581.27239025,0.2870943459726576,-0.0433825787509036,0.1199099514470023,-0.2298734933137894,0.0946089550852775,-0.2769892811775208,-0.0367098450660705,0.1830977499485016,0.103091835975647,XArbitraryCorrectedZVertical,0.0623860542944025,-0.0128582491831809,0.141477815879388,0.9878900119398828,0.9710512161254884,-0.2388533055782318,0.0029109630268067,40.9591064453125,-20.62080383300781,9.865692138671877,-1,2,5185
2025-11-20T22:20:19.042+01:00,7055,630581.3073062501,0.2749935414222998,-0.0391256863810852,0.1113136602907777,-0.279938131570816,0.0081640053540468,-0.3509289622306824,0.063242495059967,0.2139685451984406,0.1801412105560303,XArbitraryCorrectedZVertical,0.0577695835447125,-0.0117238253895564,0.1357476085885513,0.9889883387142226,0.973760187625885,-0.2275488525629044,0.0035745338536798,41.0887451171875,-20.03330993652344,9.971954345703123,-1,2,5186
2025-11-20T22:20:19.076+01:00,7056,630581.3422222501,0.2660556405365362,-0.0406328989968327,0.1029061722589806,-0.1803426444530487,-0.1070190519094467,-0.119646780192852,0.0810140371322631,0.2672367990016937,0.1422308087348938,XArbitraryCorrectedZVertical,0.053656408718759,-0.0132888139739055,0.1313973680453269,0.9897874027406288,0.9756722450256348,-0.2192325741052628,-0.000781902403105,41.07525634765625,-19.96035766601562,9.66253662109375,-1,2,5187
2025-11-20T22:20:19.112+01:00,7057,630581.37713825,0.2643618301841079,-0.0425126181685364,0.1003253853794053,-0.0032342146150767,-0.0017296220175921,-0.0082826260477304,-0.0156700015068054,0.1700813770294189,0.1391044855117798,XArbitraryCorrectedZVertical,0.0524908001850633,-0.0144358025265683,0.130544366896915,0.9899467735349252,0.9760125279426576,-0.2176887989044189,-0.0033623499330133,41.0921630859375,-19.99632263183594,9.501358032226562,-1,2,5188
2025-11-20T22:20:19.146+01:00,7058,630581.41205425,0.2648029948316587,-0.0417795038111229,0.0993344864211417,-0.0627346336841583,0.0204214509576559,0.0085519049316644,-0.0177803039550781,0.0723874121904373,0.1773456931114197,XArbitraryCorrectedZVertical,0.0519557232184264,-0.0141271840758293,0.1307954742145151,0.9899462745686226,0.975910186767578,-0.2181545794010162,-0.0028157283086329,40.96636962890625,-19.89956665039062,9.64788818359375,-1,2,5189
2025-11-20T22:20:19.181+01:00,7059,630581.44697125,0.2660379435414708,-0.0428625496120222,0.0978130306299559,-0.0055795460939407,-0.0401590503752231,0.0959414690732955,0.0060042142868041,0.0766492486000061,0.1119241714477539,XArbitraryCorrectedZVertical,0.0512827754251232,-0.01473267614287,0.1313996629564569,0.9898925372428576,0.975624144077301,-0.2194104343652725,-0.0040751076303422,40.82513427734375,-20.04779052734375,9.819198608398438,-1,2,5190
2025-11-20T22:20:19.216+01:00,7060,630581.481887,0.2683481229693192,-0.0438630012757439,0.0987369537462021,0.0448345504701137,-0.0064452774822711,0.0077389618381857,-0.044153869152069,0.0166753083467483,0.0951040983200073,XArbitraryCorrectedZVertical,0.0518231330577423,-0.0151063206346217,0.1325042469627289,0.9897115273977648,0.975123167037964,-0.221616119146347,-0.0046042748726904,40.581787109375,-20.21343994140625,9.688934326171877,-1,2,5191
2025-11-20T22:20:19.251+01:00,7061,630581.516803,0.2676373734619159,-0.0439481780318113,0.0990134934973292,-0.0455125048756599,-0.0145397009328007,-0.0244706757366657,0.0321038365364074,-0.0533603876829147,0.0725878477096557,XArbitraryCorrectedZVertical,0.0519602029126854,-0.0151483187886121,0.1321463950243304,0.9897515388666334,0.9752814769744872,-0.2209163457155228,-0.004701507743448,40.66552734375,-20.11325073242188,9.4652099609375,-1,2,5192
2025-11-20T22:20:19.289+01:00,7062,630581.551719,0.2659738206797419,-0.0436903396939656,0.0958030171721901,-0.1091333255171776,0.0456986017525196,-0.0795967951416969,0.0619367361068725,-0.076245903968811,0.009556770324707,XArbitraryCorrectedZVertical,0.0503420868144538,-0.0152781565951423,0.1313748762323715,0.9899357815404994,0.9756150245666504,-0.2194236069917679,-0.0053301095031201,40.59063720703125,-20.42825317382812,9.684188842773438,-1,2,5193
2025-11-20T22:20:19.321+01:00,7063,630581.5866350001,0.2625897945959305,-0.0396510320405391,0.0932098618998715,-0.0335984341800212,0.1463911086320877,-0.0874257087707519,0.1385596990585327,-0.0473010241985321,-0.0159856677055358,XArbitraryCorrectedZVertical,0.0487705388142045,-0.0135342366282944,0.1298345268538921,0.9902430461908656,0.9763389825820924,-0.2162334769964218,-0.0022943674121052,40.549072265625,-20.35221862792969,9.8377685546875,-1,2,5194
2025-11-20T22:20:19.356+01:00,7064,630581.621552,0.2605075551005865,-0.0348847322725125,0.0943203151777582,0.0925574749708175,0.0976614877581596,-0.0162348616868257,0.1560800075531006,-0.0457940101623535,0.0066564083099365,XArbitraryCorrectedZVertical,0.0489991027549013,-0.0111522746533663,0.1289063561420102,0.9903826748371324,0.97679340839386,-0.214169904589653,0.0023919853847473,40.70697021484375,-20.15675354003906,9.907455444335938,-1,2,5195
2025-11-20T22:20:19.391+01:00,7065,630581.656468,0.2636000664005491,-0.0327820501492614,0.0988013443530482,0.1732819229364395,0.0374745577573776,0.1621657013893127,0.0696078538894653,-0.0318330377340316,0.0765050649642944,XArbitraryCorrectedZVertical,0.0510970845881623,-0.0097396514967613,0.1304384643499256,0.9900910104410447,0.9761533141136168,-0.2170072644948959,0.0057244896888732,40.36431884765625,-20.091552734375,10.23393249511719,-1,2,5196
2025-11-20T22:20:19.426+01:00,7066,630581.691384,0.2692950007447366,-0.0332952444799379,0.1058370738067055,0.2420404106378555,-0.0326046980917453,0.1206413209438324,-0.0081785917282104,-0.0798822790384292,0.1222923994064331,XArbitraryCorrectedZVertical,0.0546393818673084,-0.0093735468087884,0.1331619664796367,0.9895426324789748,0.974960207939148,-0.2222569584846497,0.0073767299763858,40.2523193359375,-20.40872192382812,10.33531188964844,-1,2,5197
2025-11-20T22:20:19.461+01:00,7067,630581.7263,0.271667209655592,-0.0371423475724303,0.1144676827888088,0.229538157582283,-0.1825114190578461,0.0196119882166385,-0.0601427555084228,-0.1157046407461166,0.1629066467285156,XArbitraryCorrectedZVertical,0.0591764954376746,-0.0106240989386283,0.1341187593696123,0.989139793530618,0.97452574968338,-0.2242001444101334,0.005824978929013,40.1649169921875,-20.46200561523438,10.30778503417969,-1,2,5198
2025-11-20T22:20:19.495+01:00,7068,630581.7612160001,0.2742019734781867,-0.044657946147707,0.1208696376129393,0.1273951977491379,-0.1837827414274216,0.1434817016124725,-0.1289624571800232,-0.0880314856767654,0.1494472026824951,XArbitraryCorrectedZVertical,0.0628622898377536,-0.0138245739420385,0.1350525069065178,0.988745658974169,0.9740398526191713,-0.2263758182525635,0.0002566782059147,40.14044189453125,-20.41204833984375,10.03413391113281,-1,2,5199
2025-11-20T22:20:19.531+01:00,7069,630581.796133,0.2814699989415135,-0.050286176817136,0.123564704864496,0.0591750219464302,-0.1234696507453918,0.2370426952838898,-0.0994499921798706,-0.1812356263399124,0.0933980345726013,XArbitraryCorrectedZVertical,0.0646330347096318,-0.0161863725254781,0.1384221102319624,0.9881294699165822,0.972405195236206,-0.2332693040370941,-0.0036611261311918,39.9876708984375,-20.81573486328125,9.930419921875,-1,2,5200
2025-11-20T22:20:19.571+01:00,7070,630581.831049,0.2911820578771931,-0.0576150117806529,0.1253661341043152,0.0854568853974342,-0.1965856552124023,0.3366596102714539,-0.1011883616447449,-0.1701835840940475,0.0577016472816467,XArbitraryCorrectedZVertical,0.0661241081519989,-0.0193586589806634,0.1429470121036239,0.9873292131503144,0.9701000452041626,-0.2425360977649689,-0.0090566538274288,39.8214111328125,-21.33192443847656,9.9296875,-1,2,5201
2025-11-20T22:20:19.600+01:00,7071,630581.865965,0.3071477069154585,-0.0648051826160254,0.1300668055556926,0.2283605933189392,-0.0901143252849578,0.5496174693107605,-0.3016277551651001,-0.0819472968578338,0.0537251234054565,XArbitraryCorrectedZVertical,0.069134307102355,-0.0220119650403131,0.1504867721340208,0.98594611721743,0.9661632776260376,-0.2576217353343964,-0.0126332063227891,39.46441650390625,-22.02096557617188,9.869735717773438,-1,2,5202
2025-11-20T22:20:19.635+01:00,7072,630581.9008810001,0.3251242936983481,-0.0661814411754567,0.1370657647232803,0.2238787561655045,0.0851464420557022,0.3160433173179626,-0.2198524475097656,-0.2395244240760803,0.0493708252906799,XArbitraryCorrectedZVertical,0.0728815055167246,-0.0214947469354238,0.1591430394776827,0.9843270188680708,0.9615668058395386,-0.2744067907333374,-0.0094843665137887,39.15533447265625,-22.66400146484375,9.9793701171875,-1,2,5203
2025-11-20T22:20:19.670+01:00,7073,630581.9357970001,0.3292092770359506,-0.0687975546834385,0.1424269030275802,0.0563747473061084,-0.1684260070323944,-0.027196928858757,0.1356896758079529,-0.3341595232486725,0.0168873071670532,XArbitraryCorrectedZVertical,0.0757712494832412,-0.022188689256111,0.1609362697528207,0.9838018398529672,0.9605323076248168,-0.2779925763607025,-0.0098987817764282,38.97979736328125,-23.05746459960938,9.908370971679688,-1,2,5204
2025-11-20T22:20:19.705+01:00,7074,630581.970714,0.3266127334618975,-0.0700986632022929,0.1414539148521589,-0.0784751325845718,0.1522263884544373,-0.1213801428675652,-0.1293722987174988,-0.0650255978107452,-0.0494440793991088,XArbitraryCorrectedZVertical,0.0753679071425302,-0.023007229311055,0.1596319681624752,0.9840264948989718,0.9612052440643312,-0.2755810916423798,-0.0118199530988931,38.96551513671875,-22.92485046386719,10.02104187011719,-1,2,5205
2025-11-20T22:20:19.740+01:00,7075,630582.00563,0.3203465557150516,-0.0588788106251107,0.1403192949053733,-0.0182869788259267,0.3575623333454132,-0.1934795826673508,0.0470941066741943,0.0450747907161712,-0.0019521713256835,XArbitraryCorrectedZVertical,0.0738578219944516,-0.017811196198975,0.1569908968667242,0.9846734296506632,0.9629461765289308,-0.2696841061115265,-0.0022897939197719,39.09100341796875,-22.8638916015625,10.20042419433594,-1,2,5206
2025-11-20T22:20:19.775+01:00,7076,630582.040546,0.3108534507907117,-0.0462611928460608,0.139869732982105,-0.0674589723348617,0.2706763446331024,-0.3841811418533325,0.0211926102638244,0.0749745666980743,0.0642688274383544,XArbitraryCorrectedZVertical,0.0725886456557573,-0.0119795587713552,0.1527852795047359,0.9855172262386508,0.9653950333595276,-0.2606587707996368,0.0083477711305022,39.273193359375,-22.87118530273438,10.4482421875,-1,2,5207
2025-11-20T22:20:19.811+01:00,7077,630582.0754620001,0.2969160522729294,-0.0373020969101614,0.1386392315785222,-0.0203105974942445,0.1374491006135941,-0.3355231285095215,0.1245185136795044,0.226899728178978,0.007381796836853,XArbitraryCorrectedZVertical,0.0712422648688158,-0.0081572252357676,0.1462548238715896,0.9866446451822511,0.9688042402267456,-0.2473922520875931,0.0146823786199092,39.42010498046875,-22.14230346679688,11.03684997558594,-1,2,5208
2025-11-20T22:20:19.850+01:00,7078,630582.1103780001,0.288999145761438,-0.0322727448758612,0.1375861529727804,-0.0862756520509719,0.1084597557783127,-0.1606489270925522,0.0362114310264587,0.2207155227661133,0.0034726839512586,XArbitraryCorrectedZVertical,0.070331579623102,-0.0060328268086804,0.1425403474740285,0.9872686188423356,0.9706396460533142,-0.2398499995470047,0.0181795340031385,39.70965576171875,-22.177978515625,11.29814147949219,-1,2,5209
2025-11-20T22:20:19.880+01:00,7079,630582.145295,0.2835731767808219,-0.0272492797264683,0.1310116537726095,-0.2854808270931244,0.1073614731431007,-0.1203267872333527,0.0570076704025268,0.1375084072351456,-0.0528593063354492,XArbitraryCorrectedZVertical,0.0667172330993878,-0.0042092924124944,0.1401129480925326,0.9878762956549532,0.9717856645584106,-0.234950989484787,0.020754812285304,39.5111083984375,-22.08941650390625,11.22004699707031,-1,2,5210
2025-11-20T22:20:19.914+01:00,7080,630582.180211,0.2783048811951646,-0.0249222166607264,0.1179271942028899,-0.4249647855758667,0.0132658556103706,-0.169026181101799,-0.0135229229927063,0.1820501387119293,-0.1228519678115845,XArbitraryCorrectedZVertical,0.0600806419481524,-0.004145791319911,0.1377247897111396,0.9886379765350104,0.9728887677192688,-0.2304662466049194,0.0193058438599109,39.58050537109375,-22.11190795898438,10.82278442382812,-1,2,5211
2025-11-20T22:20:19.950+01:00,7081,630582.215127,0.2718154966135997,-0.022398542248702,0.1053259473103905,-0.2911257445812225,0.0869957655668258,-0.1914525777101517,-0.0089530944824218,0.1872276067733765,-0.1880942583084106,XArbitraryCorrectedZVertical,0.053665221903797,-0.0039488369273329,0.1347093562664121,0.9894229654268988,0.9742544889450072,-0.224718376994133,0.0181570462882518,39.7435302734375,-22.07171630859375,10.71855163574219,-1,2,5212
2025-11-20T22:20:19.984+01:00,7082,630582.2500430001,0.2645073243279678,-0.0175356612959751,0.0971781261161337,-0.1978554129600525,0.118332713842392,-0.232594758272171,0.0694484114646911,0.1203994899988174,-0.1472963094711304,XArbitraryCorrectedZVertical,0.0492987628997241,-0.0022762973681934,0.1312856238341195,0.990115482799908,0.9757481813430786,-0.2179489135742188,0.020343117415905,39.89862060546875,-21.85816955566406,10.5799560546875,-1,2,5213
2025-11-20T22:20:20.019+01:00,7083,630582.2849590001,0.2554547932767596,-0.0131064647214849,0.0905409335096923,-0.1731142550706863,0.1348189413547516,-0.2552627325057983,0.0590913891792297,0.1893110275268555,-0.0900044441223144,XArbitraryCorrectedZVertical,0.0457192819676587,-0.000728667804469,0.1269529922936001,0.9908542899894652,0.977575421333313,-0.2093915641307831,0.0223927404731512,39.91229248046875,-21.52342224121094,10.80926513671875,-1,2,5214
2025-11-20T22:20:20.054+01:00,7084,630582.319876,0.2486631508759167,-0.0069055774751252,0.0878256918400384,-0.0265513304620981,0.1348241865634918,-0.0870262756943702,0.1863359808921814,0.1481218487024307,-0.0505017042160034,XArbitraryCorrectedZVertical,0.04398738166887,0.0020210887699232,0.1237408041368757,0.991337114035315,0.9788251519203186,-0.2028703540563583,0.0272930916398763,40.16864013671875,-21.23092651367188,10.72879028320312,-1,2,5215
2025-11-20T22:20:20.090+01:00,7085,630582.354792,0.2490344135085788,-0.0052770601973096,0.0875945370176252,-0.0077347299084067,-0.0162323731929063,0.0817919448018074,0.0929979085922241,0.1162651032209396,0.0138064585626125,XArbitraryCorrectedZVertical,0.0437715159922544,0.0028220864543343,0.1239615379282921,0.9913170897296666,0.9787030220031738,-0.2032401412725449,0.0288722887635231,40.33746337890625,-21.58929443359375,10.75750732421875,-1,2,5216
2025-11-20T22:20:20.131+01:00,7086,630582.389708,0.2527162716778927,-0.0066729729084077,0.0884364800622358,0.0321351885795593,-0.0427689105272293,0.1431996375322342,0.0395190119743347,0.0621454864740371,-0.0048071146011352,XArbitraryCorrectedZVertical,0.0442712271263826,0.0022639860630946,0.1257519596521179,0.9910708641575964,0.977982759475708,-0.2067987620830536,0.0280004814267158,40.2696533203125,-21.62353515625,10.87599182128906,-1,2,5217
2025-11-20T22:20:20.159+01:00,7087,630582.4246240001,0.2584994219189867,-0.0109598050407516,0.0891728408401329,-0.0235819835215807,-0.1772377640008926,0.154089093208313,0.0592874884605407,-0.0675662457942962,-0.0466629303991794,XArbitraryCorrectedZVertical,0.0449048097368342,0.000315994409719,0.1285179174253594,0.9906899255721686,0.97687566280365,-0.2124019265174866,0.0244765486568212,40.13995361328125,-21.77484130859375,10.89799499511719,-1,2,5218
2025-11-20T22:20:20.194+01:00,7088,630582.4595400001,0.2619838316642468,-0.018524728453134,0.0868980139902756,-0.1000508517026901,-0.18746317923069,0.0741219297051429,-0.058184802532196,-0.0301016718149185,-0.1131644248962402,XArbitraryCorrectedZVertical,0.0442700401711638,-0.0035010370320807,0.1300898914950661,0.990507225710672,0.976275622844696,-0.2158699631690979,0.0169119723141193,40.06060791015625,-22.01091003417969,10.310302734375,-1,2,5219
2025-11-20T22:20:20.229+01:00,7089,630582.494457,0.2654630752454365,-0.0215302360357043,0.0840146535262135,-0.0117178689688444,0.026979561895132,0.1415946185588837,-0.082819640636444,0.0123662501573562,-0.1996001005172729,XArbitraryCorrectedZVertical,0.0430465701096626,-0.0051034274144301,0.1317696318543067,0.9903321679413812,0.9755502939224244,-0.2193516939878464,0.0136565016582608,40.11529541015625,-22.19827270507812,9.9830322265625,-1,2,5220
2025-11-20T22:20:20.264+01:00,7090,630582.529373,0.2726195905098341,-0.0208079350499571,0.0848731359452919,0.0449797287583351,0.0214697420597076,0.2893827259540558,-0.0709010362625122,0.0043907910585403,-0.1668157577514648,XArbitraryCorrectedZVertical,0.0434405157107864,-0.0045334165406822,0.135321102209087,0.9898387314742264,0.9739468097686768,-0.2262688428163528,0.015173852443695,39.7802734375,-22.53741455078125,10.34286499023438,-1,2,5221
2025-11-20T22:20:20.299+01:00,7091,630582.564289,0.2838827820623986,-0.0219553641901055,0.0863793603045523,0.0851921662688255,-0.0149191534146666,0.3189738988876343,-0.1334363222122192,-0.0399302542209625,-0.1818265914916992,XArbitraryCorrectedZVertical,0.0442909477798568,-0.0047493581336205,0.1408556169300262,0.9890274864082278,0.97135728597641,-0.2371234893798828,0.0153989885002374,39.71600341796875,-23.07077026367188,10.40147399902344,-1,2,5222
2025-11-20T22:20:20.333+01:00,7092,630582.5992050001,0.2936956319381008,-0.0245264607983676,0.0913326970741584,0.2171309143304825,-0.0921836197376251,0.2659273445606232,-0.0685054659843444,-0.1021124124526978,-0.215013861656189,XArbitraryCorrectedZVertical,0.0469482043402666,-0.0054391896494548,0.1456032905249796,0.9882135153837008,0.9690486192703248,-0.24641352891922,0.0150015754625201,39.39141845703125,-23.28372192382812,10.39591979980469,-1,2,5223
2025-11-20T22:20:20.371+01:00,7093,630582.6341210001,0.3055136459321145,-0.0289884519217002,0.101325985906558,0.3806926012039185,-0.1054210811853409,0.4082894325256348,-0.1612253189086914,-0.0132325589656829,-0.24257493019104,XArbitraryCorrectedZVertical,0.0522489471978949,-0.0066016162933134,0.1512267870890014,0.9870952236361648,0.9662027359008788,-0.2573820650577545,0.0143796792253851,39.184326171875,-23.55908203125,10.42919921875,-1,2,5224
2025-11-20T22:20:20.403+01:00,7094,630582.669037,0.3202429349679022,-0.0374825620848054,0.1148066336356688,0.4034288823604584,-0.2844869792461395,0.3280648291110992,-0.1831711530685425,-0.0636338293552398,-0.193673849105835,XArbitraryCorrectedZVertical,0.0596109205887099,-0.009324341110692,0.1580861415844751,0.9855802776523428,0.962544322013855,-0.2708845734596252,0.0114076528698205,38.89208984375,-24.12448120117188,10.39889526367188,-1,2,5225
2025-11-20T22:20:20.438+01:00,7095,630582.703954,0.328855329842999,-0.0459657244579431,0.1313766549755898,0.6802748441696167,-0.1226509362459183,0.1436785608530045,0.1130675077438354,-0.2275997400283813,-0.1724399328231812,XArbitraryCorrectedZVertical,0.0684922068848836,-0.0118801788103901,0.1618034317731816,0.9843715913039868,0.960464596748352,-0.2782596051692963,0.0089115155860781,38.96209716796875,-24.41998291015625,10.28373718261719,-1,2,5226
2025-11-20T22:20:20.473+01:00,7096,630582.73887,0.3364689015357327,-0.0517637150024685,0.1571971667787276,0.7483126521110535,-0.2499250173568726,0.2566871047019958,0.0560033321380615,-0.0802260935306549,0.0621459484100341,XArbitraryCorrectedZVertical,0.0817030855467538,-0.0122920858927567,0.1648658721686018,0.9828493065292327,0.9587518572807312,-0.2840011417865753,0.0117523791268467,38.974609375,-24.54367065429688,10.62620544433594,-1,2,5227
2025-11-20T22:20:20.508+01:00,7097,630582.7737860001,0.3477211637461581,-0.0670076879954398,0.1779967339020469,0.5654025077819824,-0.4619238674640656,0.2717990577220917,0.0663450360298156,-0.1586771607398987,0.0816693305969238,XArbitraryCorrectedZVertical,0.0932635340678666,-0.017495471840765,0.1692722729175536,0.980990658334462,0.9560242295265198,-0.293242335319519,0.0051379394717514,38.97210693359375,-24.65135192871094,10.82669067382812,-1,2,5228
2025-11-20T22:20:20.543+01:00,7098,630582.8087020001,0.3535941688662183,-0.0810971284231552,0.1957344067933708,0.4996315538883209,-0.3463886976242065,-0.1191147938370705,-0.0263119935989379,-0.1605498492717743,0.0641396641731262,XArbitraryCorrectedZVertical,0.103204376263655,-0.0225435552234543,0.1709927920602441,0.9795928667849244,0.9547330141067504,-0.2974579334259033,-0.001929604448378,38.8514404296875,-24.71290588378906,10.65443420410156,-1,2,5229
2025-11-20T22:20:20.578+01:00,7099,630582.843618,0.3411364015577091,-0.0928599444147424,0.2086221540478901,0.2859677672386169,-0.4942593276500702,-0.5827539563179016,0.1334661841392517,-0.0889405310153961,0.1003569364547729,XArbitraryCorrectedZVertical,0.1103359389595961,-0.0278362810143088,0.1638752480934454,0.9798959587089372,0.958498477935791,-0.2848387360572815,-0.0121459290385246,39.23199462890625,-24.18569946289062,10.20660400390625,-1,2,5230
2025-11-20T22:20:20.613+01:00,7100,630582.878535,0.3210729737960388,-0.1030698075045119,0.2185667042291872,0.2485731393098831,-0.2957596480846405,-0.5618083477020264,-0.0161654353141784,0.2425544559955597,0.0667911767959594,XArbitraryCorrectedZVertical,0.1157055842313037,-0.0331355832410848,0.1531373162651599,0.9808482442881776,0.963873565196991,-0.2652900218963623,-0.0238529667258262,40.0205078125,-23.2620849609375,9.866775512695312,-1,2,5231
2025-11-20T22:20:20.651+01:00,7101,630582.913451,0.3028090747043176,-0.1052143548794018,0.2260746230762566,0.1445406824350357,-0.1120257005095482,-0.4391153156757355,0.0869944095611572,0.2977496981620789,0.1272222995758057,XArbitraryCorrectedZVertical,0.1192323955752282,-0.0346604071288779,0.1437935176401202,0.9817870887657332,0.9684561491012572,-0.2475635558366776,-0.028375893831253,40.53643798828125,-22.36813354492188,9.768478393554688,-1,2,5232
2025-11-20T22:20:20.683+01:00,7102,630582.9483670001,0.2938565695599687,-0.1052271089776492,0.2301482796384892,0.1280767768621445,-0.033681895583868,-0.1164187416434288,0.0954451560974121,0.2149514406919479,0.1636677980422974,XArbitraryCorrectedZVertical,0.1210741928885763,-0.0348921333751298,0.1392574576863037,0.9822071484816428,0.9706100225448608,-0.2388314008712769,-0.0295888353139162,40.9776611328125,-22.13520812988281,9.544998168945312,-1,2,5233
2025-11-20T22:20:20.718+01:00,7103,630582.9832830001,0.2912587963755124,-0.1041331721975748,0.2335566601021908,0.1234499514102936,0.0445631295442581,-0.0720765367150306,-0.0524525046348571,0.1589711010456085,0.1844612956047058,XArbitraryCorrectedZVertical,0.1226243501379147,-0.0342565644466026,0.1379320088194783,0.9822242806785536,0.9713062047958374,-0.2361347675323486,-0.0283639151602983,40.95306396484375,-21.75914001464844,9.668472290039062,-1,2,5234
2025-11-20T22:20:20.752+01:00,7104,630583.018199,0.2895119657404794,-0.1013696999569992,0.2359270136151281,0.0640673264861106,0.0666036009788513,-0.025555707514286,0.0076829195022583,0.0427872389554977,0.2037217020988464,XArbitraryCorrectedZVertical,0.1235670712665045,-0.0328297538311083,0.1371643291614,0.9822623422437567,0.9718244671821594,-0.2343155145645142,-0.0255601722747087,41.10467529296875,-21.78477478027344,9.8701171875,-1,2,5235
2025-11-20T22:20:20.788+01:00,7105,630583.053116,0.2888975432852272,-0.0973079388771249,0.2345485618197719,-0.0437573678791523,0.1629996746778488,-0.0096392296254634,-0.0665532946586608,0.0054429024457931,0.1876900196075439,XArbitraryCorrectedZVertical,0.1226027968946341,-0.0309750068274462,0.1371577701204502,0.982444379451704,0.9720250964164734,-0.2338364273309708,-0.0220864433795213,41.13189697265625,-21.69924926757812,9.95147705078125,-1,2,5236
2025-11-20T22:20:20.822+01:00,7106,630583.088032,0.2879515903264027,-0.0890092008033077,0.2316901315448076,-0.0534399040043354,0.267851322889328,-0.0212184228003025,-0.0283414721488952,-0.0211073607206344,0.1682358980178833,XArbitraryCorrectedZVertical,0.1206175142143869,-0.0271667307179887,0.1372868948619273,0.9827846941547153,0.9723264575004578,-0.2331498116254807,-0.014915588311851,41.0830078125,-21.78126525878906,10.21609497070312,-1,2,5237
2025-11-20T22:20:20.857+01:00,7107,630583.1229480001,0.2854624037547334,-0.0798897719030176,0.2279268888454108,-0.1098607927560806,0.1765469610691071,-0.0807526633143425,0.0820224285125732,-0.1005693227052689,0.1949845552444458,XArbitraryCorrectedZVertical,0.1181144401642036,-0.0231087736471666,0.1367165789719559,0.9832719058261996,0.9729092717170716,-0.2310651838779449,-0.0075150979682803,41.45965576171875,-21.70733642578125,10.44963073730469,-1,2,5238
2025-11-20T22:20:20.892+01:00,7108,630583.1578640001,0.2831076043869672,-0.0735825341756197,0.2216822639186116,-0.1642988920211792,0.1466269195079803,-0.0304227899760007,0.0452126264572143,-0.0983525216579437,0.1713152527809143,XArbitraryCorrectedZVertical,0.1145913875241477,-0.0205965222235094,0.1360928690631812,0.9838309625772836,0.9733572602272034,-0.2292689085006714,-0.003361776471138,41.22198486328125,-21.71165466308594,10.62454223632812,-1,2,5239
2025-11-20T22:20:20.931+01:00,7109,630583.19278,0.2812236269353826,-0.0682926538665984,0.2146536590193601,-0.1735722720623016,0.1330945193767548,-0.020022602751851,0.0432045459747314,-0.1081961691379547,0.1274082660675049,XArbitraryCorrectedZVertical,0.1107589432883301,-0.0186041207128569,0.1356402916806171,0.9843719107252612,0.9736716151237488,-0.2279549092054367,-0.0002415914786979,41.26800537109375,-21.74041748046875,10.60130310058594,-1,2,5240
2025-11-20T22:20:20.962+01:00,7110,630583.227696,0.2806917256682173,-0.063088599977234,0.2081366654065809,-0.1078412085771561,0.1103709116578102,-0.0120099615305662,-0.0078034996986389,-0.1057269126176834,0.1362384557723999,XArbitraryCorrectedZVertical,0.1071960243260157,-0.0165358427903887,0.1358154793729956,0.9847789987276828,0.9736847281455994,-0.2278759330511093,0.0032268548384308,41.44677734375,-21.88412475585938,10.52798461914062,-1,2,5241
2025-11-20T22:20:20.997+01:00,7111,630583.262613,0.2793276661004794,-0.0595511139478734,0.204203224211225,-0.0460829585790634,0.0814116820693016,-0.0415223762392997,-0.0623435378074646,-0.0704565793275833,0.1746412515640259,XArbitraryCorrectedZVertical,0.1050099783296879,-0.0151451210447374,0.1354189964580918,0.9850915158668632,0.9739187955856324,-0.2268303781747818,0.0054886601865291,41.4095458984375,-21.93618774414062,10.72467041015625,-1,2,5242
2025-11-20T22:20:21.032+01:00,7112,630583.2975290001,0.2774285793410714,-0.0556711049967874,0.2028470351971137,0.0510903447866439,0.0784806162118911,-0.0447005443274974,-0.0606761574745178,-0.0448962748050689,0.1687582731246948,XArbitraryCorrectedZVertical,0.1040668749472324,-0.013428604930584,0.1347151073778286,0.9853129437923722,0.9742960929870604,-0.2251079678535461,0.0085640829056501,41.70562744140625,-21.92373657226562,10.89822387695312,-1,2,5243
2025-11-20T22:20:21.067+01:00,7113,630583.3324450001,0.2782060904637854,-0.0535568143478963,0.2042924380459159,0.093985691666603,0.0432992056012153,0.1133090928196907,-0.0786734819412231,-0.0146602243185043,0.1721614599227905,XArbitraryCorrectedZVertical,0.1046406959104104,-0.0122449781703138,0.1351788401379663,0.985204106304694,0.9741201996803284,-0.2257572114467621,0.0111117642372846,41.78076171875,-21.71992492675781,10.76835632324219,-1,2,5244
2025-11-20T22:20:21.102+01:00,7114,630583.367361,0.284866490919259,-0.05356312868473,0.2064171313114433,0.136234313249588,-0.0131811732426285,0.2389187663793564,-0.0463398694992065,-0.0377292782068252,0.1475903987884521,XArbitraryCorrectedZVertical,0.1057265922844023,-0.0117467048490032,0.1384152179917989,0.9846447044941692,0.9726398587226868,-0.2319545298814774,0.0129930591210722,41.92431640625,-21.879638671875,11.12379455566406,-1,2,5245
2025-11-20T22:20:21.137+01:00,7115,630583.402277,0.2965141148334329,-0.0541673625671266,0.2098702247651761,0.1369316875934601,0.1692863553762436,0.350946456193924,-0.1070419549942017,-0.0931075811386108,0.0835349559783935,XArbitraryCorrectedZVertical,0.1075337747739479,-0.0111696402774824,0.1440427709066959,0.9836480966809862,0.9699571132659912,-0.2427688837051392,0.0157082118093967,41.7984619140625,-22.29452514648438,11.29075622558594,-1,2,5246
2025-11-20T22:20:21.171+01:00,7116,630583.437194,0.3006539354366117,-0.0510276160637511,0.2130376790395793,0.0402383431792259,-0.0074864719063043,-0.169006735086441,0.100948691368103,-0.3005319833755493,0.0348626337945461,XArbitraryCorrectedZVertical,0.1088832011660475,-0.0091632881455103,0.1461824690180091,0.9832044768348476,0.968936324119568,-0.2464649975299835,0.0204198751598596,41.70941162109375,-22.39454650878906,11.51933288574219,-1,2,5247
2025-11-20T22:20:21.211+01:00,7117,630583.4721100001,0.2912818684248682,-0.0465047771839991,0.2121513224450291,-0.0399598143994808,0.2174941003322601,-0.3298488855361938,-0.0487383604049682,0.0276835262775421,-0.0318593978881835,XArbitraryCorrectedZVertical,0.1080828822386415,-0.0075134518184483,0.1418362626947928,0.983943206974944,0.9710863828659058,-0.2376596927642822,0.022566732019186,42.0972900390625,-22.10487365722656,11.56817626953125,-1,2,5248
2025-11-20T22:20:21.241+01:00,7118,630583.507026375,0.2755952762032162,-0.0331272946859089,0.2111066680151833,-0.0285427700728178,0.2978843152523041,-0.4426498711109161,0.0407301187515258,0.1577903628349304,-0.001673936843872,XArbitraryCorrectedZVertical,0.1066068763714431,-0.0018444622592034,0.134850238994357,0.9851127197723752,0.9743302464485168,-0.2228385508060455,0.0319931097328662,42.49432373046875,-21.29290771484375,11.98477172851562,-1,2,5249
2025-11-20T22:20:21.276+01:00,7119,630583.541942375,0.2651905731767757,-0.0222686903996977,0.2093613668555343,-0.0817910060286521,0.1769144982099533,-0.1160656213760376,0.172076404094696,0.2306774258613586,0.0239255428314209,XArbitraryCorrectedZVertical,0.1050299356597366,0.0028374416372682,0.1303220446653925,0.9858888836180402,0.9762237668037416,-0.2130382508039474,0.0400239638984203,42.69097900390625,-20.8367919921875,12.127197265625,-1,2,5250
2025-11-20T22:20:21.311+01:00,7120,630583.576858375,0.2633398447941829,-0.0186075605668894,0.2053883056965734,-0.128136932849884,0.0268246755003929,-0.0331230796873569,0.0849608182907104,0.1735967695713043,-0.0075701475143432,XArbitraryCorrectedZVertical,0.1028370252194542,0.0042839017692243,0.1296469511305859,0.9862037990025734,0.9764557480812072,-0.2115148454904556,0.0423753708600997,42.82391357421875,-20.69648742675781,12.45120239257812,-1,2,5251
2025-11-20T22:20:21.346+01:00,7121,630583.6117743751,0.2623600741868908,-0.018996347667914,0.1992398815781075,-0.2257446795701981,-0.0567115508019924,0.025401858612895,0.0440631508827209,0.1498346924781799,-0.047809962183237,XArbitraryCorrectedZVertical,0.0998325295007946,0.0036388316895584,0.1292132291702456,0.9865718990177508,0.9766581654548644,-0.2109460830688477,0.0405010022222995,43.01141357421875,-20.71820068359375,12.17916870117188,-1,2,5252
2025-11-20T22:20:21.381+01:00,7122,630583.6466913751,0.2647933338149617,-0.0232063931002857,0.189535349128592,-0.299705296754837,-0.1403417736291885,0.0832248255610466,0.0383996963500976,0.0639225989580154,-0.1129394769668579,XArbitraryCorrectedZVertical,0.0953162678108904,0.0010409570469196,0.1303206835144959,0.9868791200863868,0.9762487411499025,-0.2138401567935944,0.0347992070019245,43.1986083984375,-21.00503540039062,12.0703125,-1,2,5253
2025-11-20T22:20:21.416+01:00,7123,630583.681607375,0.2643657616345085,-0.0277437105429337,0.1782592762789134,-0.3502833843231201,-0.1179264709353447,-0.1007950380444527,-0.091732382774353,0.0889266580343246,-0.1813210248947144,XArbitraryCorrectedZVertical,0.0900476743182345,-0.0019653633931013,0.1300385608190749,0.987409449478087,0.976421594619751,-0.2140639126300812,0.0278785899281501,43.4296875,-20.94395446777344,11.68052673339844,-1,2,5254
2025-11-20T22:20:21.451+01:00,7124,630583.716523375,0.2599029474294193,-0.0301632463071589,0.1669238225036184,-0.2838359773159027,-0.0666688755154609,-0.0819529220461845,0.0040500164031982,0.1030334085226059,-0.2330739498138428,XArbitraryCorrectedZVertical,0.0846002159146594,-0.00410012134282,0.1278736252742071,0.988167185190204,0.977364718914032,-0.210378959774971,0.0223347302526235,43.79669189453125,-20.97410583496094,11.14247131347656,-1,2,5255
2025-11-20T22:20:21.490+01:00,7125,630583.751439375,0.2570759150707748,-0.030822711225287,0.1591574579541211,-0.1582261025905609,-0.0054294248111546,-0.1226927191019058,-0.0506607294082641,0.101207047700882,-0.2234264612197876,XArbitraryCorrectedZVertical,0.0807987576264898,-0.0050464746550251,0.1265484843676226,0.9886514458918568,0.977922022342682,-0.2080490589141846,0.0195995513349771,43.8502197265625,-20.86848449707031,10.95854187011719,-1,2,5256
2025-11-20T22:20:21.520+01:00,7126,630583.7863553751,0.249676210723792,-0.0296110411861214,0.1557055590792679,-0.0664906129240989,0.0055240946821868,-0.2841717898845673,-0.0432367324829101,0.1046220064163208,-0.1911250352859497,XArbitraryCorrectedZVertical,0.0789982893359424,-0.0049623526558685,0.1229808502568709,0.9892474338661614,0.9793940186500548,-0.2010727971792221,0.0188990291208028,43.98382568359375,-20.59727478027344,10.71395874023438,-1,2,5257
2025-11-20T22:20:21.556+01:00,7127,630583.821271375,0.2388892901519126,-0.0279628992751386,0.1550734947475842,-0.0089908670634031,-0.0142467133700847,-0.2787731289863586,0.0574477910995483,0.0977533310651779,-0.1438621282577515,XArbitraryCorrectedZVertical,0.0785606426664157,-0.0046104875150023,0.1177159582060877,0.9899242366428948,0.9814773201942444,-0.1906640529632568,0.0186942461878061,44.35516357421875,-20.30918884277344,10.63296508789062,-1,2,5258
2025-11-20T22:20:21.590+01:00,7128,630583.856188375,0.2321667868253291,-0.0263718548594906,0.1553838225472297,0.0061867148615419,0.0422243103384971,-0.1098724603652954,0.0138694047927856,0.1369985789060593,-0.1229590177536011,XArbitraryCorrectedZVertical,0.0786073056615357,-0.0040686306869022,0.1144469475928914,0.9903061326704912,0.9827125668525696,-0.1841329336166382,0.0192603264003992,44.56231689453125,-19.79496765136719,10.48435974121094,-1,2,5259
2025-11-20T22:20:21.626+01:00,7129,630583.891104375,0.2313214198842574,-0.0242753262911192,0.1555141468062349,0.0054781958460807,0.040162269026041,0.0661690086126327,0.066489577293396,0.0865510255098342,-0.0973230600357055,XArbitraryCorrectedZVertical,0.078550522258296,-0.0030561436680528,0.11410931944793,0.990353254899218,0.982826828956604,-0.1833069622516632,0.0212121810764074,44.77392578125,-19.73481750488281,10.80441284179688,-1,2,5260
2025-11-20T22:20:21.660+01:00,7130,630583.926020375,0.2369473004152476,-0.0242817217050012,0.1559236334441073,0.025484625250101,0.0193011630326509,0.2231060564517975,0.0230911970138549,-0.011101096868515,-0.0950708389282226,XArbitraryCorrectedZVertical,0.0787618349764816,-0.0028140231772361,0.1168900726056773,0.990012844401222,0.9817762970924376,-0.1887432485818863,0.0221642646938562,44.73736572265625,-19.82691955566406,10.67715454101562,-1,2,5261
2025-11-20T22:20:21.695+01:00,7131,630583.9609363751,0.2437452520381501,-0.0250700918708366,0.1564019379770935,0.0035798219032585,-0.0005654897540807,0.1406966745853424,-0.100341260433197,-0.0805751085281372,-0.0798028707504272,XArbitraryCorrectedZVertical,0.0790549445310719,-0.0029071727965343,0.120218119817174,0.9895906488572642,0.9804835915565492,-0.1953037977218628,0.0225518513470888,44.4888916015625,-19.96940612792969,10.82606506347656,-1,2,5262
2025-11-20T22:20:21.731+01:00,7132,630583.995852375,0.2478683549786957,-0.0251193207297429,0.1559686157811586,-0.0335398912429809,0.02311672270298,0.0931753739714622,-0.0602766275405883,-0.138227105140686,-0.1203261613845825,XArbitraryCorrectedZVertical,0.0788494895458092,-0.0027954505649577,0.1222608064115347,0.9893569334476428,0.9796642661094666,-0.1993125230073929,0.0230665951967239,44.64605712890625,-20.1282958984375,10.80262756347656,-1,2,5263
2025-11-20T22:20:21.766+01:00,7133,630584.030769375,0.2490048232012245,-0.0244964529699754,0.152608712258568,-0.161976620554924,0.0214734748005867,-0.0509799011051654,-0.0624127388000488,-0.1365567892789841,-0.1368904113769531,XArbitraryCorrectedZVertical,0.0771511397059398,-0.0026521032862461,0.1228839538408444,0.989414043305528,0.9794047474861144,-0.2005708366632462,0.0231818258762359,44.644287109375,-20.25079345703125,11.06527709960938,-1,2,5264
2025-11-20T22:20:21.800+01:00,7134,630584.065685375,0.2470644060198591,-0.0219634563117046,0.1452433244162049,-0.2200451195240021,0.1246994733810425,0.0392834544181823,-0.0237685441970825,-0.0473653078079223,-0.158666729927063,XArbitraryCorrectedZVertical,0.0733501345034576,-0.00192918851825,0.1220953361556969,0.9898024536819716,0.9797012209892272,-0.1990336030721664,0.0239010490477085,44.60235595703125,-19.90217590332031,10.84310913085938,-1,2,5265
2025-11-20T22:20:21.835+01:00,7135,630584.100601375,0.254883749619114,-0.0173857868887388,0.1386630649868942,-0.1492639929056168,0.1670470684766769,0.4160601496696472,0.0031688213348388,-0.0271515101194381,-0.1359635591506958,XArbitraryCorrectedZVertical,0.069813765490454,0.0002028778042353,0.126189719833639,0.98954649370507,0.9779561758041382,-0.2069030702114105,0.0281602181494236,44.31134033203125,-20.44682312011719,11.05409240722656,-1,2,5266
2025-11-20T22:20:21.870+01:00,7136,630584.1355173751,0.2744079832502306,-0.0180065191305372,0.1322118723545413,-0.2135416865348816,-0.0760105177760124,0.6172392964363098,-0.0977404713630676,-0.1084697544574738,-0.0517538860440254,XArbitraryCorrectedZVertical,0.066663063658613,0.0001355698155812,0.1358805157844675,0.9884798435329334,0.9736863374710084,-0.2260638624429703,0.0288046207278966,44.02685546875,-21.07968139648438,10.92791748046875,-1,2,5267
2025-11-20T22:20:21.905+01:00,7137,630584.170433375,0.2905911557418319,-0.0248201841557491,0.1264642055064582,-0.0309498142451047,-0.177916020154953,0.2559085190296173,-0.0377594232559204,-0.2486535757780075,-0.0967388153076171,XArbitraryCorrectedZVertical,0.0643124907036508,-0.0031062253939912,0.1437085055355842,0.9875232722117538,0.9700257182121276,-0.2419164776802063,0.0229472871869802,43.83642578125,-21.77610778808594,10.52299499511719,-1,2,5268
2025-11-20T22:20:21.940+01:00,7138,630584.205349375,0.2987016977476976,-0.0321787251359888,0.1308611888123665,0.2792640030384064,-0.173319935798645,0.2445016652345657,0.1042690277099609,-0.2189217805862427,-0.060227632522583,XArbitraryCorrectedZVertical,0.0670364955841234,-0.0061479024926021,0.1474183892024174,0.9867807308877962,0.9682101607322692,-0.2494924962520599,0.0179607234895229,43.625244140625,-21.85107421875,10.49020385742188,-1,2,5269
2025-11-20T22:20:21.975+01:00,7139,630584.240266375,0.3040567845646466,-0.0385258264254559,0.1375288862626194,0.0033755197655409,-0.1296579539775848,0.0411913655698299,-0.1262497305870056,-0.1000382006168365,0.0717146396636962,XArbitraryCorrectedZVertical,0.0708153187304149,-0.0085907711170769,0.1497492793717696,0.9861473534425134,0.9670242071151732,-0.2542860805988312,0.0142381340265274,43.34674072265625,-21.86041259765625,10.29756164550781,-1,2,5270
2025-11-20T22:20:22.011+01:00,7140,630584.275182375,0.3010494720522506,-0.0400000489698922,0.1316983649743749,-0.2685261368751526,0.0325259007513523,-0.1685087978839874,0.053512156009674,-0.068351536989212,0.0123516321182251,XArbitraryCorrectedZVertical,0.0680369857557036,-0.009864269228855,0.1483009643516885,0.9865498054229622,0.9677432775497437,-0.2517015337944031,0.0109179746359586,43.50982666015625,-21.87266540527344,10.11909484863281,-1,2,5271
2025-11-20T22:20:22.050+01:00,7141,630584.3100983751,0.2932047196349016,-0.0379625784603309,0.1217710603192945,-0.3786119222640991,-0.0156718119978904,-0.2533161342144012,0.0582960247993469,0.1648443341255188,0.0692038536071777,XArbitraryCorrectedZVertical,0.062951801870034,-0.0098548318029877,0.1446383213049157,0.9874309516633422,0.9695666432380676,-0.2446478009223938,0.0093941241502761,43.5738525390625,-21.47555541992188,9.763290405273438,-1,2,5272
2025-11-20T22:20:22.079+01:00,7142,630584.345014375,0.2858550706542772,-0.0381879709876899,0.1117085811418025,-0.26677206158638,0.0536625683307647,-0.1215012222528458,0.0122014880180358,0.2726266980171204,0.0521783828735351,XArbitraryCorrectedZVertical,0.0579613124732269,-0.010918291563894,0.1411383580495105,0.9882313652019912,0.971242606639862,-0.2380197048187256,0.0058507556095719,43.7642822265625,-21.02738952636719,9.545730590820312,-1,2,5273
2025-11-20T22:20:22.115+01:00,7143,630584.379930375,0.2811398962325698,-0.0362493924538928,0.1090635580684468,-0.1043868884444237,0.0154131781309843,-0.1433817595243454,0.0427148938179016,0.2298281490802765,0.1114459037780762,XArbitraryCorrectedZVertical,0.0564937642161771,-0.0102829934748147,0.1388981305799622,0.9886405107010854,0.972314953804016,-0.2335817664861679,0.0065655075013637,43.79766845703125,-21.03575134277344,9.574722290039062,-1,2,5274
2025-11-20T22:20:22.149+01:00,7144,630584.414846375,0.277158822056591,-0.0369191566677241,0.1089086674828163,-0.0185613967478275,-0.0126351974904537,-0.0615983679890632,0.0179286003112793,0.1996210962533951,0.1254358291625977,XArbitraryCorrectedZVertical,0.0564424676563489,-0.0107373529646946,0.1369130013662792,0.9889155289129126,0.9732365608215332,-0.2297419160604477,0.0054234499111771,43.97137451171875,-20.86672973632812,9.473114013671877,-1,2,5275
2025-11-20T22:20:22.184+01:00,7145,630584.449763375,0.2755275058510454,-0.0362764488205274,0.1133426044854368,0.0747146755456924,0.0725892037153244,-0.0442453324794769,8.279085159301758e-05,0.1452774107456207,0.1449973583221436,XArbitraryCorrectedZVertical,0.058581863102238,-0.0101594137482791,0.1360678082655214,0.988913766768326,0.9736414551734924,-0.227979987859726,0.0068732863292098,43.81976318359375,-20.60801696777344,9.572280883789062,-1,2,5276
2025-11-20T22:20:22.219+01:00,7146,630584.48467875,0.2744671953996917,-0.0338885484894038,0.1186805177666482,0.0703224092721939,0.0817490443587303,-0.0172563772648572,0.0196872949600219,0.0841797143220901,0.1530464887619019,XArbitraryCorrectedZVertical,0.0610532714603145,-0.0086426108768856,0.1355474622841829,0.9888501889999974,0.9739039540290833,-0.2267272770404816,0.0102835688740015,43.86212158203125,-20.48226928710938,9.914047241210938,-1,2,5277
2025-11-20T22:20:22.254+01:00,7147,630584.51959475,0.2751229644878974,-0.031232863031811,0.123497894102392,0.0331834442913532,0.1116030886769295,0.0184193775057792,-0.0002937316894531,0.0591654032468795,0.1469053030014038,XArbitraryCorrectedZVertical,0.0632565934081963,-0.0069776983824921,0.1358954677906883,0.988677035526042,0.9737585186958312,-0.2271493375301361,0.0140443174168467,43.78509521484375,-20.54661560058594,9.87579345703125,-1,2,5278
2025-11-20T22:20:22.291+01:00,7148,630584.55451075,0.275429125053811,-0.027876129656422,0.125851728437224,0.0002232904080301,0.1030061319470406,-0.0217184796929359,-0.003909409046173,0.0182941854000091,0.1374630928039551,XArbitraryCorrectedZVertical,0.0641924896153593,-0.0051464291138136,0.1361265052495815,0.9885961941150996,0.9736512303352356,-0.2273395657539368,0.0178866386413574,43.6429443359375,-20.33201599121094,10.10142517089844,-1,2,5279
2025-11-20T22:20:22.324+01:00,7149,630584.5894267501,0.2739238128534927,-0.0260458133461969,0.1278988758723325,-0.0646918043494224,0.0457275100052356,-0.0523178614675998,-0.0045190453529357,0.0171151459217071,0.1271413564682007,XArbitraryCorrectedZVertical,0.065076422849697,-0.0041496281022523,0.1354190439976483,0.9886402408955544,0.973970890045166,-0.2257943004369736,0.0199380442500114,43.6224365234375,-20.32145690917969,10.35227966308594,-1,2,5280
2025-11-20T22:20:22.358+01:00,7150,630584.6243427501,0.2713572807175397,-0.0254711003741161,0.1264158665826491,-0.1418428122997284,-0.0042286878451704,-0.0707559883594512,0.0024760365486145,0.003213807940483,0.0925476551055908,XArbitraryCorrectedZVertical,0.0642994233134138,-0.0040496754813518,0.1341846386663507,0.9888598481859728,0.9745290279388428,-0.2233828604221344,0.0198333077132701,43.8077392578125,-20.17774963378906,10.19937133789062,-1,2,5281
2025-11-20T22:20:22.394+01:00,7151,630584.65925975,0.2708228618273337,-0.0263954782382819,0.1254123909673405,-0.071763664484024,-0.0153228919953107,0.0377094745635986,0.0286353230476379,-0.0083204209804534,0.0084137916564941,XArbitraryCorrectedZVertical,0.063864170291448,-0.0045919187434683,0.1339014823066698,0.988924032084425,0.9746605157852172,-0.2229112386703491,0.0186400264501571,43.55767822265625,-19.89311218261719,10.12619018554688,-1,2,5282
2025-11-20T22:20:22.428+01:00,7152,630584.69417575,0.273933878289305,-0.0280277427007301,0.1266805256992024,0.0116138570010662,-0.0207152515649795,0.1276873350143433,-0.0623621940612793,-0.0049758851528167,0.0153013449162244,XArbitraryCorrectedZVertical,0.0646084994957872,-0.0052125423824545,0.1353731980690262,0.9886721429034302,0.9739984273910522,-0.2258590310811996,0.0177338793873786,43.70208740234375,-19.94456481933594,9.876235961914062,-1,2,5283
2025-11-20T22:20:22.463+01:00,7153,630584.72909175,0.2800206824977898,-0.0301804458422755,0.1295495293498993,0.0266059730201959,-0.0322670489549636,0.1923028528690338,-0.0671438574790954,-0.1018978357315063,0.0555094480514526,XArbitraryCorrectedZVertical,0.066190165312004,-0.0058784688740472,0.1382776419838115,0.9881617681655136,0.9726613759994508,-0.2315982282161713,0.0170917995274066,43.49285888671875,-20.19857788085938,9.787734985351562,-1,2,5284
2025-11-20T22:20:22.498+01:00,7154,630584.7640077501,0.2857715681562711,-0.0330328165500802,0.1331921102148049,0.0738287270069122,-0.087395004928112,0.0804221630096435,-0.1133862733840942,-0.1301640719175339,0.082365870475769,XArbitraryCorrectedZVertical,0.0682063101968092,-0.0068361288026518,0.1409771836825011,0.9876368302258016,0.9713878035545348,-0.2369623184204102,0.0159464813768863,43.45172119140625,-20.46736145019531,9.94744873046875,-1,2,5285
2025-11-20T22:20:22.533+01:00,7155,630584.7989237501,0.2882788072139121,-0.038503479555661,0.1381856737572728,0.0575899854302406,-0.1351023018360138,0.0988204777240753,-0.1633402109146118,-0.0673747956752777,0.1046643257141113,XArbitraryCorrectedZVertical,0.0710678534049014,-0.0090906464381039,0.1419563005982633,0.9872766197591532,0.9709115624427797,-0.2391284853219986,0.0121721886098384,43.53118896484375,-20.50515747070312,9.488327026367188,-1,2,5286
2025-11-20T22:20:22.570+01:00,7156,630584.83384075,0.2924946980777736,-0.0431039906152241,0.1425715146087351,0.0947233140468597,-0.0638919919729232,0.1027202531695366,-0.1188573241233826,-0.1814849525690079,0.0936650037765502,XArbitraryCorrectedZVertical,0.0735811690705397,-0.010889104710126,0.1438041549704133,0.9868068433644616,0.969992697238922,-0.2429535239934921,0.00937754008919,43.36236572265625,-20.59121704101562,9.358612060546877,-1,2,5287
2025-11-20T22:20:22.607+01:00,7157,630584.86875675,0.2948450362892201,-0.0462781838033714,0.1481372561217286,0.0468456149101257,-0.103167250752449,-0.0057213315740227,-0.0542279481887817,-0.231524258852005,0.1111906766891479,XArbitraryCorrectedZVertical,0.0765678975337143,-0.0119562902030621,0.1447535564090857,0.9864282742989172,0.9695110321044922,-0.2449161261320114,0.0080109564587473,43.403564453125,-20.42207336425781,9.458831787109377,-1,2,5288
2025-11-20T22:20:22.638+01:00,7158,630584.90367275,0.2944279057543715,-0.05198123136185,0.150516764786478,-0.01062604598701,-0.1076184958219528,0.0044313161633908,-0.0807868242263793,-0.1383153200149536,0.0847859382629394,XArbitraryCorrectedZVertical,0.0781501351778111,-0.0146088646855551,0.1442853761566819,0.9863371656005352,0.9696723818778992,-0.2443903684616089,0.0029978437814861,43.36492919921875,-20.431396484375,9.429946899414062,-1,2,5289
2025-11-20T22:20:22.673+01:00,7159,630584.9385887501,0.2911436441094014,-0.0489099985707777,0.1543389851274416,0.0563146732747554,0.2486524730920792,-0.2764937281608582,-0.0883070230484008,-0.178148165345192,0.0632915496826171,XArbitraryCorrectedZVertical,0.079791205581287,-0.0129423073374022,0.142718102140327,0.98645694866574,0.970493733882904,-0.2410412132740021,0.0063800206407904,43.40277099609375,-20.15625,9.258712768554688,-1,2,5290
2025-11-20T22:20:22.708+01:00,7160,630584.97350475,0.275534838113218,-0.0409478873553427,0.1549964398589412,-0.2004775553941727,0.0134994219988584,-0.5489330291748047,0.2745628952980042,-0.2705644369125366,0.143391489982605,XArbitraryCorrectedZVertical,0.0794741327139946,-0.0095875628027674,0.1353211567243345,0.9875627241628396,0.9740484952926636,-0.2260327637195587,0.0117751434445381,43.56011962890625,-19.6085205078125,9.314956665039062,-1,2,5291
2025-11-20T22:20:22.743+01:00,7161,630585.00842175,0.2552939981826721,-0.040184149362532,0.1467575066669128,-0.3355354368686676,-0.0050122300162911,-0.5209073424339294,0.2052974104881287,0.0131713300943374,0.0039732451550662,XArbitraryCorrectedZVertical,0.0752524612765663,-0.0105427459008493,0.1254715197779571,0.9891829121711272,0.9783267974853516,-0.2069273889064789,0.0075929234735667,44.05621337890625,-18.85935974121094,9.010787963867188,-1,2,5292
2025-11-20T22:20:22.778+01:00,7162,630585.04333775,0.2414617838628482,-0.035014149033638,0.1393088840202837,-0.1973938047885895,0.163110762834549,-0.2331657111644745,0.235048234462738,0.2271139174699783,-0.0338809490203857,XArbitraryCorrectedZVertical,0.0711842280472134,-0.0089556463783886,0.1189178296078303,0.9903085500989156,0.9809855222702026,-0.1938649564981461,0.0091311838477849,44.216552734375,-18.34150695800781,8.964111328125,-1,2,5293
2025-11-20T22:20:22.813+01:00,7163,630585.07825375,0.2360133814676445,-0.029193490071386,0.1367927535046514,-0.0780671015381813,0.1290389597415924,-0.0923793613910675,0.1749007105827332,0.1774352043867111,-0.0002428274601697,XArbitraryCorrectedZVertical,0.0695749588504954,-0.0064154483335513,0.1164545861602145,0.990735421514976,0.9819444417953492,-0.1886809170246124,0.0135942390188574,44.30712890625,-17.86325073242188,9.20941162109375,-1,2,5294
2025-11-20T22:20:22.851+01:00,7164,630585.1131697501,0.2343636048140276,-0.0266565793092908,0.1370291342649329,-0.009756751358509,0.0065130805596709,0.0134946964681148,0.0502827167510986,0.2521459460258484,-0.0141913890838623,XArbitraryCorrectedZVertical,0.0695399910168165,-0.0052021160534119,0.1157229518436618,0.99083067762832,0.9822185039520264,-0.1870671957731247,0.015900308266282,44.30755615234375,-17.60191345214844,8.91900634765625,-1,2,5295
2025-11-20T22:20:22.883+01:00,7165,630585.14808575,0.2366611897562221,-0.0283340703318289,0.1392740941198581,0.0056442702189087,-0.0368980728089809,0.0931934267282486,-0.0126000642776489,0.1588857173919678,-0.0336133241653442,XArbitraryCorrectedZVertical,0.0707556469974989,-0.0058198914947812,0.1167778670012876,0.9906173521567812,0.9818230867385864,-0.1892048865556717,0.014997599646449,44.27685546875,-17.63430786132812,9.19561767578125,-1,2,5296
2025-11-20T22:20:22.917+01:00,7166,630585.18300275,0.2386189000259566,-0.0302157073288152,0.1407436108823516,-0.0234570410102605,-0.0441476926207542,0.0209046993404626,-0.0561015009880065,0.129977285861969,-0.0393435955047607,XArbitraryCorrectedZVertical,0.0715996282836371,-0.0065945073648359,0.1176637421474214,0.9904470429150464,0.9814859628677368,-0.1910429447889328,0.0137087842449545,44.18511962890625,-17.93644714355469,8.84063720703125,-1,2,5297
2025-11-20T22:20:22.952+01:00,7167,630585.21791875,0.2410306398189994,-0.0327617223025525,0.139771813517983,-0.1259126514196396,-0.0803906545042991,0.0871699824929237,-0.0159152746200561,0.0684264004230499,-0.0973522663116455,XArbitraryCorrectedZVertical,0.0712777210418743,-0.0078276407326535,0.1187787290620972,0.9903281802546998,0.9810489416122437,-0.1934263706207275,0.0113690178841352,44.3272705078125,-17.94464111328125,8.62005615234375,-1,2,5298
2025-11-20T22:20:22.987+01:00,7168,630585.25283475,0.2432244988705679,-0.035817283919213,0.1363706797933064,-0.0860430374741554,-0.0536830723285675,0.0020100553520023,-0.0957579612731933,0.0769745111465454,-0.1628216505050659,XArbitraryCorrectedZVertical,0.0697858537509392,-0.0094701045307666,0.1198003223790619,0.9902969463342158,0.9806302189826964,-0.1957030743360519,0.008021137677133,44.19830322265625,-18.02708435058594,8.295578002929688,-1,2,5299
2025-11-20T22:20:23.022+01:00,7169,630585.2877507501,0.2409944723696631,-0.0367728740516119,0.1358590441850279,-0.0376535914838314,-0.0022838418371975,-0.1039532721042633,-0.0670490264892578,0.0663169473409652,-0.1462746858596802,XArbitraryCorrectedZVertical,0.0695786589763968,-0.0100521244640003,0.1186694467773724,0.9904419788627608,0.9810656905174256,-0.1935599595308304,0.0066719991154968,44.2431640625,-17.90811157226562,8.413284301757812,-1,2,5300
2025-11-20T22:20:23.057+01:00,7170,630585.3226677501,0.2369566205154039,-0.0363674419272708,0.1371701993978909,0.0193097088485956,-0.0109085831791162,-0.114112988114357,0.0041811466217041,0.0543124824762344,-0.1342408657073975,XArbitraryCorrectedZVertical,0.0701838300748083,-0.0099136472067722,0.1166665778089821,0.9906386434427068,0.9818417429924012,-0.1895816177129745,0.0067536546848714,44.172119140625,-17.611328125,8.532638549804688,-1,2,5301
2025-11-20T22:20:23.092+01:00,7171,630585.35758375,0.2342715279102003,-0.036943938829068,0.139636916111061,0.0243282858282327,-0.0056061348877847,-0.0313006415963172,-0.0479627251625061,0.0838552862405777,-0.1098307371139526,XArbitraryCorrectedZVertical,0.0714252810962674,-0.010148122756808,0.1152837258977261,0.9907094421732974,0.9823651909828186,-0.186867356300354,0.0062693320214748,44.1688232421875,-17.462158203125,8.290939331054688,-1,2,5302
2025-11-20T22:20:23.131+01:00,7172,630585.39249975,0.2338039532331211,-0.0367109680207514,0.1423822679774374,0.097397357225418,0.0287429597228765,-0.0337499603629112,-0.0282151103019714,0.0211191624402999,-0.1085813045501709,XArbitraryCorrectedZVertical,0.072768985947992,-0.0098879732699104,0.1150241859971036,0.990644479780178,0.9824693202972412,-0.1862955540418625,0.0069424058310687,44.0679931640625,-17.42408752441406,8.28350830078125,-1,2,5303
2025-11-20T22:20:23.162+01:00,7173,630585.42741575,0.2313489262161522,-0.0356760925041528,0.1491642748405636,0.1686055213212967,0.0110662598162889,-0.0872170850634574,-0.0625633597373962,0.0371470302343368,-0.0479391813278198,XArbitraryCorrectedZVertical,0.0760562523955732,-0.009069967518707,0.1137572881663108,0.9905516284855236,0.982958197593689,-0.183616116642952,0.0088461637496948,44.148193359375,-17.3424072265625,8.463104248046875,-1,2,5304
2025-11-20T22:20:23.196+01:00,7174,630585.4623317501,0.2290449690613933,-0.0363046796319586,0.1553815516303286,0.1223972514271736,-0.0626047924160957,-0.0553668402135372,-0.0002989768981933,-0.0220821499824523,-0.023040771484375,XArbitraryCorrectedZVertical,0.0791594724759427,-0.0091105338023369,0.1125093015669016,0.9904506696438182,0.9834228157997132,-0.1811038702726364,0.0090026762336492,44.2122802734375,-17.23054504394531,8.440933227539062,-1,2,5305
2025-11-20T22:20:23.232+01:00,7175,630585.4972492501,0.2272536471718923,-0.0390781499705452,0.1605013699978616,0.1035466343164444,-0.1073839515447617,-0.0734187215566635,0.018976867198944,-0.053546130657196,-0.0605111122131347,XArbitraryCorrectedZVertical,0.0818405390801475,-0.0102618435105021,0.111439850838317,0.9903423850369094,0.9838002324104308,-0.1791351288557053,0.006907008588314,44.15582275390625,-17.01371765136719,8.296493530273438,-1,2,5306
2025-11-20T22:20:23.266+01:00,7176,630585.53216525,0.2262391822719688,-0.0422281377008604,0.1629087947190058,0.0201093815267086,-0.0788202136754989,0.0057126246392726,-0.0086423158645629,-0.0478800386190414,-0.0728713274002075,XArbitraryCorrectedZVertical,0.0832015591782751,-0.0117257745556322,0.1107723315861363,0.9902876488902276,0.984014630317688,-0.1780415773391724,0.0040693939663469,44.23370361328125,-16.98020935058594,8.20208740234375,-1,2,5307
2025-11-20T22:20:23.302+01:00,7177,630585.56708125,0.2288196094743909,-0.0457482374304981,0.162689933936739,-0.032101210206747,-0.0658224448561668,0.1431539058685303,-0.0610182285308837,-0.0373110324144363,-0.1353980302810669,XArbitraryCorrectedZVertical,0.0833054019914267,-0.0133737505989302,0.1119067792325323,0.9901304474860608,0.9835646152496338,-0.1805539280176163,0.0009986344957724,43.94207763671875,-16.94914245605469,7.947280883789062,-1,2,5308
2025-11-20T22:20:23.336+01:00,7178,630585.60199725,0.2332699260758766,-0.0482015697939396,0.1629197482145473,0.0045192362740635,-0.046268418431282,0.1333330869674683,-0.0927202701568603,-0.0725902318954467,-0.1790170669555664,XArbitraryCorrectedZVertical,0.0835885605027748,-0.0143890431143975,0.1140035652216229,0.9898530490536324,0.9827653169631958,-0.1848560124635696,-0.0006246955017559,43.92596435546875,-17.04095458984375,7.770767211914062,-1,2,5309
2025-11-20T22:20:23.371+01:00,7179,630585.6369142501,0.241509015164566,-0.0513771620080698,0.1631675962946838,-0.0033550844527781,-0.0703007951378822,0.3390310704708099,-0.0647736191749572,-0.090186208486557,-0.1719486713409424,XArbitraryCorrectedZVertical,0.0839570536309674,-0.015600351637638,0.1179430058537679,0.9893417952509562,0.9812315702438354,-0.1928184926509857,-0.0023067155852913,43.73760986328125,-17.42121887207031,7.9688720703125,-1,2,5310
2025-11-20T22:20:23.411+01:00,7180,630585.6718302501,0.255310088651477,-0.0566704848756027,0.1625706502126829,-0.0444857403635978,-0.0271003022789955,0.346998006105423,-0.2015080451965332,-0.0994731485843658,-0.1514045000076294,XArbitraryCorrectedZVertical,0.0840977640356831,-0.0176753565745872,0.1245556542957252,0.98848421567027,0.9785007238388062,-0.2061755955219269,-0.0052727474831044,43.431884765625,-17.88436889648438,7.731857299804688,-1,2,5311
2025-11-20T22:20:23.441+01:00,7181,630585.70674625,0.2594062852055008,-0.0541034122658289,0.1637428665893996,0.1794019490480423,0.1503162533044815,-0.1444881856441498,0.2015285491943359,-0.408816933631897,-0.1261851787567139,XArbitraryCorrectedZVertical,0.0845501181776303,-0.0161578317173543,0.1266659401538186,0.9882034439884594,0.9776859283447266,-0.2100642621517181,-0.0018208731198683,43.25634765625,-18.24394226074219,7.713302612304688,-1,2,5312
2025-11-20T22:20:23.476+01:00,7182,630585.74166225,0.2546109626128126,-0.0490935899548055,0.1712222413523925,0.0752618089318275,0.0841156616806983,-0.1006669923663139,0.0437190532684326,-0.0972007066011428,0.0689257383346557,XArbitraryCorrectedZVertical,0.0878938518486681,-0.0134037373798566,0.1243770742450351,0.9882436398086046,0.9787420034408568,-0.2050606608390808,0.0037976319435983,43.17950439453125,-17.99050903320312,8.280075073242188,-1,2,5313
2025-11-20T22:20:23.511+01:00,7183,630585.77657925,0.2467491311133727,-0.0473614971293424,0.1690973224324604,-0.1952028572559357,-0.0392448268830776,-0.3131636083126068,-0.0152815580368042,0.0454900711774826,0.0803121328353881,XArbitraryCorrectedZVertical,0.0866861001987017,-0.0130252087477684,0.1206034491844091,0.988822803254281,0.9802777171134948,-0.1975896060466766,0.0036874136421829,43.2908935546875,-17.87190246582031,8.163482666015625,-1,2,5314
2025-11-20T22:20:23.546+01:00,7184,630585.8114952501,0.236705188484715,-0.0456448585431517,0.162157395623433,-0.2162140160799026,0.0333992131054401,-0.2353611588478088,0.0282515287399292,0.1398786604404449,0.0367109775543212,XArbitraryCorrectedZVertical,0.0830880897735451,-0.0130258535822874,0.1158226472856424,0.9897029295007757,0.9821244478225708,-0.1882184743881226,0.0023210060317069,43.3729248046875,-17.52346801757812,8.124710083007812,-1,2,5315
2025-11-20T22:20:23.581+01:00,7185,630585.8464112501,0.2269427302703274,-0.0440909132643417,0.1540123560345643,-0.2453057765960693,-0.0433266907930374,-0.3153096735477448,0.0075677037239074,0.1815039962530136,0.0846242904663085,XArbitraryCorrectedZVertical,0.078905347581215,-0.0131284770308563,0.1111801143544607,0.9905759018652854,0.9838262796401978,-0.1791235953569412,0.0007637952221557,43.2745361328125,-17.40638732910156,7.705963134765625,-1,2,5316
2025-11-20T22:20:23.616+01:00,7186,630585.88132725,0.2160951123977755,-0.0430123143035494,0.1466201652047671,-0.1825554221868515,0.0557097867131233,-0.2746016979217529,-0.0342034101486206,0.227099671959877,0.0603441596031189,XArbitraryCorrectedZVertical,0.0751132338982396,-0.0134250064530671,0.1059570285386078,0.9914388068532902,0.9856346845626832,-0.1688873618841171,-0.0011400760849937,43.64593505859375,-17.06690979003906,7.7813720703125,-1,2,5317
2025-11-20T22:20:23.651+01:00,7187,630585.91624425,0.2069660668765584,-0.0375581629432733,0.1419292592165892,-0.0941619947552681,0.1432306170463562,-0.202050119638443,0.0744519233703613,0.2702187597751617,0.086295485496521,XArbitraryCorrectedZVertical,0.0724481889718891,-0.0113074203634744,0.101695945067257,0.9921095112521168,0.9870867133140564,-0.160172313451767,0.0021139371674507,43.809326171875,-16.8746337890625,7.609268188476562,-1,2,5318
2025-11-20T22:20:23.690+01:00,7188,630585.95116025,0.2039726409359491,-0.0314403614584005,0.1392129325197339,-0.0203671716153621,0.1734020709991455,0.0152908936142921,0.0784330368041992,0.2155811190605164,0.1120613813400269,XArbitraryCorrectedZVertical,0.0707768565014764,-0.0085199736556086,0.1004629114087182,0.9923836290193384,0.987515389919281,-0.1573535352945328,0.0072928271256387,43.89959716796875,-16.77299499511719,7.64764404296875,-1,2,5319
2025-11-20T22:20:23.720+01:00,7189,630585.9860762501,0.2045578766819247,-0.0261296340839963,0.1402720300548236,0.0700275227427482,0.1306919604539871,0.0033878202084451,0.0010437965393066,0.1448079198598862,0.1336516141891479,XArbitraryCorrectedZVertical,0.07103696253645,-0.0058097633765156,0.100930246047146,0.9923371907359136,0.9873747229576112,-0.1578846573829651,0.0127868801355361,43.64019775390625,-16.94332885742188,8.24261474609375,-1,2,5320
2025-11-20T22:20:23.755+01:00,7190,630586.0209922501,0.2049551598240631,-0.0230111469842888,0.1427634462260407,0.0658210590481758,0.0488487891852855,0.0062108542770147,0.0754985213279724,0.0332218706607818,0.156779408454895,XArbitraryCorrectedZVertical,0.0721162354793423,-0.0041202670681312,0.1012147790315569,0.992238778757586,0.987276017665863,-0.1581760495901108,0.016316233202815,43.53448486328125,-16.88478088378906,8.4249267578125,-1,2,5321
2025-11-20T22:20:23.790+01:00,7191,630586.05590925,0.2044263048077028,-0.0212380631729576,0.1448216198608438,0.0628518536686897,0.0580829493701458,-0.0638201534748077,0.0147081613540649,0.0029770135879516,0.126567006111145,XArbitraryCorrectedZVertical,0.0730465444364523,-0.0031541439497367,0.10099790134627,0.9921964424783908,0.9873365759849548,-0.1575790345668793,0.0183151680976152,43.35003662109375,-16.93667602539062,8.526580810546875,-1,2,5322
2025-11-20T22:20:23.825+01:00,7192,630586.09082525,0.2009325674670092,-0.0178931688323648,0.1466027370253154,0.0352299734950065,0.0879764929413795,-0.1245343387126923,0.0226737856864929,0.0230855494737625,0.1113059520721436,XArbitraryCorrectedZVertical,0.0737584306245282,-0.0015323922089856,0.0993721225414397,0.9923117540149298,0.9878242611885072,-0.1540974825620651,0.0213845036923885,43.42010498046875,-16.64085388183594,8.454025268554688,-1,2,5323
2025-11-20T22:20:23.860+01:00,7193,630586.12574125,0.197502498706766,-0.0148219600484967,0.1460978307892386,-0.0634143576025962,0.0558704063296318,-0.0388822816312313,0.0552055239677429,0.0689940750598907,0.0813089609146118,XArbitraryCorrectedZVertical,0.0733550964646597,-0.0001597870563147,0.0977869526130643,0.9925002465043616,0.9882819652557372,-0.1507658958435059,0.0238393153995275,43.3369140625,-16.60324096679688,8.73150634765625,-1,2,5324
2025-11-20T22:20:23.895+01:00,7194,630586.1606572501,0.1984286402866627,-0.0132739588368855,0.1443500866623025,-0.0021344844717532,0.0553335100412368,0.0798598080873489,0.0559383630752563,0.0599870979785919,0.0184770859777927,XArbitraryCorrectedZVertical,0.0724118691009474,0.0005555937281655,0.0983153148437192,0.9925172571429708,0.9880985617637634,-0.1517381966114044,0.0252392701804637,43.314697265625,-16.71160888671875,8.388763427734375,-1,2,5325
2025-11-20T22:20:23.930+01:00,7195,630586.1955742501,0.2015241165478842,-0.0119410312073728,0.1469243074659151,0.1393121033906937,0.0328085459768772,0.087113618850708,0.0136638283729553,0.0220942944288253,0.019780158996582,XArbitraryCorrectedZVertical,0.0736214705472049,0.0014587257878404,0.0998825483447689,0.992270807883311,0.9875873923301696,-0.1546626091003418,0.0273999478667974,43.090576171875,-16.84463500976562,8.642608642578125,-1,2,5326
2025-11-20T22:20:23.971+01:00,7196,630586.23049025,0.2052844831344807,-0.0129241505552366,0.1526326331612809,0.1779717206954956,-0.0606728978455066,0.1468050330877304,0.0368818640708923,-0.0512309670448303,0.0665535926818847,XArbitraryCorrectedZVertical,0.0764995916341847,0.0014024693176593,0.1016716537144976,0.9918713103205667,0.9870285391807556,-0.1581043154001236,0.027883006259799,43.00439453125,-16.88619995117188,8.75592041015625,-1,2,5327
2025-11-20T22:20:24.000+01:00,7197,630586.26540625,0.2117996840990432,-0.0173150071103981,0.158372109465302,0.158556655049324,-0.1335852146148682,0.1735073775053024,-0.0530054569244384,-0.111346036195755,0.0712535381317138,XArbitraryCorrectedZVertical,0.0795694695324887,-0.0002208505618351,0.1046858509187635,0.9913170155586298,0.9860954880714417,-0.1642123907804489,0.0254871230572462,42.85693359375,-17.08018493652344,8.591018676757812,-1,2,5328
2025-11-20T22:20:24.034+01:00,7198,630586.30032325,0.2163591906148041,-0.0223944010159325,0.1634694073187672,0.1400417983531952,-0.0875035375356674,0.0608967654407024,-0.1218811273574829,-0.1298078745603561,0.0428634881973266,XArbitraryCorrectedZVertical,0.0823662646079741,-0.0022799339285166,0.1066927129205909,0.9908719298835852,0.9854673743247986,-0.1684250980615616,0.0220626033842563,42.7432861328125,-17.35612487792969,8.555892944335938,-1,2,5329
2025-11-20T22:20:24.070+01:00,7199,630586.33523925,0.2156476900346271,-0.0231828652331999,0.1690633568597858,0.1895921975374222,0.0006397333927452,-0.0993282943964004,-0.0659032464027404,-0.1411087363958359,0.0451240539550781,XArbitraryCorrectedZVertical,0.0851780142336558,-0.0023972710059127,0.1062506084949731,0.9906814469890072,0.9856266379356384,-0.1674849539995193,0.0221061334013938,42.6435546875,-17.40617370605469,8.648956298828125,-1,2,5330
2025-11-20T22:20:24.104+01:00,7200,630586.3701552501,0.2131818004352294,-0.0231880054197509,0.1760537082502351,0.208037331700325,-0.0386421531438827,-0.0353101417422294,-0.0265789031982421,-0.0698287039995193,0.0989906787872314,XArbitraryCorrectedZVertical,0.0886370592395788,-0.0021309246712058,0.1049566587993847,0.9905166427978488,0.9860669374465942,-0.1647751480340958,0.0228355191648006,42.64385986328125,-17.10842895507812,8.504226684570312,-1,2,5331
2025-11-20T22:20:24.139+01:00,7201,630586.40507125,0.2133056891537611,-0.0261757201216404,0.1826342753986734,0.161046177148819,-0.1236250251531601,0.036372072994709,-0.0023890137672424,-0.1529291868209839,0.1188061237335205,XArbitraryCorrectedZVertical,0.0920517301248119,-0.0032524608942693,0.1048114835495055,0.9902174285103802,0.9861384630203248,-0.1645909398794174,0.020994909107685,42.65673828125,-17.36697387695312,8.057327270507812,-1,2,5332
2025-11-20T22:20:24.174+01:00,7202,630586.43998825,0.217073854184114,-0.0316268806241972,0.1883584599448733,0.1837564408779144,-0.1570024043321609,0.1606019288301468,-0.0418395400047302,-0.1327388286590576,0.093412160873413,XArbitraryCorrectedZVertical,0.0951803216681307,-0.0054645523629083,0.1063521333185461,0.9897475248055622,0.9856414198875428,-0.1679660975933075,0.0172750372439622,42.53857421875,-17.43414306640625,8.11212158203125,-1,2,5333
2025-11-20T22:20:24.211+01:00,7203,630586.47490425,0.2244364462525509,-0.0393863352745487,0.1952862626005817,0.2081112265586853,-0.207919180393219,0.218299925327301,-0.0732848048210144,-0.1999614983797073,0.0938501358032226,XArbitraryCorrectedZVertical,0.0990507299881687,-0.008559954555378,0.109520179606421,0.9889999792056112,0.9845395684242249,-0.1747332662343979,0.0122441640123724,42.631103515625,-17.69296264648438,7.835800170898438,-1,2,5334
2025-11-20T22:20:24.250+01:00,7204,630586.5098196667,0.2305989264641694,-0.0482764974476706,0.201535058187423,0.1618315577507019,-0.183527484536171,0.0781992375850677,-0.1702163815498352,-0.214323952794075,0.0738652944564819,XArbitraryCorrectedZVertical,0.1026626458639755,-0.012284293538035,0.1120153452650622,0.9883128006903948,0.9835861921310424,-0.1803446263074875,0.0058465432375669,42.56219482421875,-17.73786926269531,7.802581787109375,-1,2,5335
2025-11-20T22:20:24.279+01:00,7205,630586.5447356667,0.228016860058587,-0.0499105195455643,0.2059495967174827,0.0489565916359424,0.0290881320834159,-0.238631397485733,-0.020190417766571,-0.2595397531986237,0.0300997495651245,XArbitraryCorrectedZVertical,0.1049173918499156,-0.0129691125668963,0.1105754399305584,0.9882294445152132,0.9840882420539856,-0.1776245385408401,0.0044919685460627,42.4517822265625,-17.79684448242188,7.797073364257812,-1,2,5336
2025-11-20T22:20:24.314+01:00,7206,630586.5796526667,0.2160144815306733,-0.0482199752815759,0.2035037461339511,-0.2058891355991364,-0.0662762448191642,-0.3474054038524628,0.2151294350624084,-0.1996224969625473,0.0083012580871582,XArbitraryCorrectedZVertical,0.1035404334732079,-0.012896725215953,0.1047741437583477,0.9890073308134956,0.9860881567001344,-0.1661916822195053,0.0032343962229788,42.70989990234375,-17.3868408203125,7.51397705078125,-1,2,5337
2025-11-20T22:20:24.349+01:00,7207,630586.6145686667,0.2073458705911443,-0.0450671581979539,0.1981931066593771,-0.0783759504556655,0.172126293182373,-0.1048385798931122,0.0610125660896301,0.1848011910915375,-0.0866919755935668,XArbitraryCorrectedZVertical,0.1006985554676659,-0.0120648860095374,0.1007362679336182,0.9897305573318732,0.9874188899993896,-0.1580830216407776,0.0037146741524338,42.7547607421875,-17.02693176269531,7.2427978515625,-1,2,5338
2025-11-20T22:20:24.384+01:00,7208,630586.6494846668,0.2060287802685018,-0.0381506260400176,0.199697985372612,0.1313574612140656,0.1687594503164291,0.0136601654812693,0.0937601923942565,0.1149432361125946,-0.0344874858856201,XArbitraryCorrectedZVertical,0.1010883400263203,-0.0086297557115393,0.1004101944525423,0.9897598384872484,0.9875844120979308,-0.1567370146512985,0.0105158984661102,42.54241943359375,-16.97732543945312,7.436752319335938,-1,2,5339
2025-11-20T22:20:24.419+01:00,7209,630586.6844006667,0.2074635168503854,-0.034339911773499,0.2047497765575325,0.1180084347724915,0.0549679137766361,0.0308221317827701,-0.0245553851127624,0.0954077541828155,0.0452574491500854,XArbitraryCorrectedZVertical,0.1034003082548523,-0.0064069888255609,0.1012433113564407,0.9894530418094616,0.9873393177986144,-0.1578772217035294,0.0153656965121626,42.41998291015625,-17.11003112792969,7.516769409179688,-1,2,5340
2025-11-20T22:20:24.454+01:00,7210,630586.7193176667,0.207892059669673,-0.0344262156881137,0.2073240169084964,0.0459554754197597,-0.0274523459374904,0.0004633041098713,-0.0593236684799194,0.1120056807994843,-0.0019360780715942,XArbitraryCorrectedZVertical,0.1046790247499933,-0.0062924393194757,0.1014152156347034,0.9893016345737732,0.9872869253158568,-0.1581634879112244,0.0157757326960563,42.574951171875,-17.16764831542969,7.530441284179688,-1,2,5341
2025-11-20T22:20:24.490+01:00,7211,630586.7542336667,0.207787221521133,-0.0352812681897565,0.2071801798661372,-0.0607445761561393,-0.0252127572894096,-0.0143008660525083,-0.1200062036514282,0.1406744867563248,-0.028451919555664,XArbitraryCorrectedZVertical,0.1046509017680325,-0.0067284278798703,0.1013206245454962,0.9893114010285088,0.9873157143592834,-0.1580694764852524,0.0148868830874562,42.4908447265625,-17.26145935058594,7.51251220703125,-1,2,5342
2025-11-20T22:20:24.523+01:00,7212,630586.7891496667,0.2074409665039856,-0.0365124352001489,0.203622881542373,-0.1225762441754341,-0.0703918784856796,-0.0164545811712741,-0.0227829813957214,0.1180854737758636,-0.0892099142074585,XArbitraryCorrectedZVertical,0.1029528505251458,-0.0075420207798194,0.1011359072635124,0.9895025807401552,0.9873672127723694,-0.1579108536243439,0.0130379935726523,42.6524658203125,-17.19091796875,7.25909423828125,-1,2,5343
2025-11-20T22:20:24.559+01:00,7213,630586.8240656668,0.2059547674290935,-0.0392624294498615,0.1991278074460066,-0.1288470774888992,-0.0838224813342094,-0.0616106539964675,-0.0672391057014465,0.1350864917039871,-0.1497249603271484,XArbitraryCorrectedZVertical,0.1008617511810895,-0.0092134144826449,0.1003258184278285,0.9897861821994034,0.9876033067703248,-0.1566928923130035,0.0093135489150881,42.63421630859375,-17.30307006835938,6.977249145507812,-1,2,5344
2025-11-20T22:20:24.593+01:00,7214,630586.8589826667,0.2031195852140257,-0.041036700850142,0.1955790418251994,-0.0668238848447799,-0.054903794080019,-0.0741268694400787,0.0234432220458984,0.0846451222896575,-0.1779217720031738,XArbitraryCorrectedZVertical,0.0991803824968415,-0.0104171341480801,0.0988868557214737,0.9900889693042122,0.9880313873291016,-0.1541183441877365,0.0064434623345732,42.62127685546875,-17.34814453125,6.415863037109375,-1,2,5345
2025-11-20T22:20:24.628+01:00,7215,630586.8938986667,0.2008658240196902,-0.0411966220614716,0.1932226371941658,-0.0824853256344795,0.0217460375279188,-0.0752438753843307,-0.020752727985382,0.0620642304420471,-0.1595183610916138,XArbitraryCorrectedZVertical,0.0980101490042574,-0.0107279610915349,0.0977986431940683,0.9903102598867444,0.9883583188056946,-0.1520452797412872,0.0054808785207569,42.6767578125,-17.12435913085938,6.41845703125,-1,2,5346
2025-11-20T22:20:24.663+01:00,7216,630586.9288146667,0.1987622095880384,-0.0389385876596221,0.1901998222296796,-0.0637107267975807,0.0764897167682647,-0.0220637079328298,0.0374826788902282,0.0652750581502914,-0.1641354560852051,XArbitraryCorrectedZVertical,0.0963930283185794,-0.0098648870113559,0.0969110509604714,0.990565157809706,0.988640308380127,-0.1501444131135941,0.006847821176052,42.66729736328125,-17.13789367675781,6.332687377929688,-1,2,5347
2025-11-20T22:20:24.698+01:00,7217,630586.9637316667,0.2007541587803323,-0.0362532193778392,0.1883642199762834,-0.042689137160778,0.0820130854845047,0.1280255615711212,0.0361352562904357,0.0270985513925552,-0.1350950002670288,XArbitraryCorrectedZVertical,0.0953624799841494,-0.0085320925655952,0.0980520931932067,0.9905650482872892,0.9883093237876892,-0.1521595567464828,0.0096066808328032,42.607666015625,-17.31071472167969,6.285293579101562,-1,2,5348
2025-11-20T22:20:24.733+01:00,7218,630586.9986476667,0.2069423364471487,-0.0348299285313757,0.1862367872373218,-0.0421682223677635,0.0813543200492858,0.1989746391773224,-0.0167762637138366,0.0120471268892288,-0.1409285068511963,XArbitraryCorrectedZVertical,0.0942633882315173,-0.0076433709408081,0.1012129894787736,0.990359544091696,0.9873268604278564,-0.1582568436861038,0.0118544064462184,42.63323974609375,-17.68783569335938,6.5203857421875,-1,2,5349
2025-11-20T22:20:24.771+01:00,7219,630587.0335636667,0.212679489218223,-0.0322449663698076,0.1859746763474018,0.0349081493914127,0.1341918855905533,0.1172206476330757,-0.086282730102539,0.0021758079528808,-0.1410361528396606,XArbitraryCorrectedZVertical,0.0940206589544517,-0.0061073336198297,0.1041786625441725,0.9900855858894004,0.98636794090271,-0.1638273447751999,0.0154409846290946,42.5599365234375,-17.89360046386719,6.452850341796875,-1,2,5350
2025-11-20T22:20:24.803+01:00,7220,630587.0684796667,0.2156178014307923,-0.0263295607378305,0.1877275149588096,0.0519724301993846,0.2043491750955582,0.0330060087144374,-0.0457761287689209,-0.0561597645282745,-0.125677227973938,XArbitraryCorrectedZVertical,0.0945840210683084,-0.0029462983256165,0.1058905644875832,0.9898648185075872,0.9857784509658812,-0.1665879935026169,0.022115834057331,42.36688232421875,-17.97956848144531,7.112503051757812,-1,2,5351
2025-11-20T22:20:24.838+01:00,7221,630587.1033956667,0.2142922351403266,-0.0203503483576856,0.1874762116756461,-0.0562011003494262,0.1473055928945541,-0.0854897275567054,0.0278058052062988,-0.0879175066947937,-0.1175025701522827,XArbitraryCorrectedZVertical,0.0941426540247169,-6.295857508113912e-05,0.1055192930677515,0.9899509097938894,0.9858506917953492,-0.1653172969818115,0.027719771489501,42.51580810546875,-18.30891418457031,7.117156982421875,-1,2,5352
2025-11-20T22:20:24.872+01:00,7222,630587.1383126667,0.2120409246463007,-0.0143880322583249,0.184648007248001,-0.0971285626292228,0.1820452362298965,0.0213443990796804,-0.0172885656356811,0.0073722600936889,-0.1435263156890869,XArbitraryCorrectedZVertical,0.0924309050089184,0.0026326843870639,0.1047090367737094,0.9901948054800568,0.9860386848449708,-0.1632713079452515,0.0327169448137283,42.68060302734375,-18.18731689453125,7.313018798828125,-1,2,5353
2025-11-20T22:20:24.908+01:00,7223,630587.1732286667,0.2168070022840799,-0.0082817549525606,0.1818681170284279,-0.092819720506668,0.1907827258110046,0.205470085144043,-0.0352842807769775,-0.0272176563739776,-0.1289370059967041,XArbitraryCorrectedZVertical,0.0907211308172511,0.0057250870980741,0.1073695609263638,0.9900548710333495,0.9850064516067504,-0.1680184900760651,0.0391390025615692,42.62408447265625,-18.44172668457031,7.614059448242188,-1,2,5354
2025-11-20T22:20:24.942+01:00,7224,630587.2081446667,0.2232873701686154,-0.0039854696380221,0.176403714774565,-0.1965700834989548,0.0994163006544113,0.1558845937252045,-0.008616030216217,-0.1554186344146729,-0.0760918855667114,XArbitraryCorrectedZVertical,0.0877601122491806,0.0078413517247677,0.1108041532347302,0.9899288393632156,0.9836831092834472,-0.1745526492595673,0.0435753986239433,42.35369873046875,-18.8653564453125,7.66888427734375,-1,2,5355
2025-11-20T22:20:24.978+01:00,7225,630587.2430616667,0.231526258275724,-0.0077069859993784,0.1676096234534732,-0.3664356470108032,-0.216737300157547,0.2563657164573669,-0.1133923530578613,-0.0811980217695236,-0.0319886207580566,XArbitraryCorrectedZVertical,0.0835894056804954,0.0058541951725417,0.114778107386626,0.989850813164216,0.9823193550109864,-0.1829468607902527,0.0397400297224521,42.28228759765625,-19.26701354980469,7.372909545898438,-1,2,5356
2025-11-20T22:20:25.012+01:00,7226,630587.2779776667,0.2336115940176235,-0.0148261978053936,0.1558708644346774,-0.2332531809806824,-0.085815280675888,-0.1219414919614792,-0.0529409646987915,-0.1591380834579468,-0.121037133038044,XArbitraryCorrectedZVertical,0.078185216682541,0.0017330141571404,0.1156102125612527,0.990211212835974,0.9821552634239196,-0.1855121403932571,0.0309186466038227,42.45733642578125,-19.75328063964844,6.984298706054688,-1,2,5357
2025-11-20T22:20:25.050+01:00,7227,630587.3128936667,0.2272145465095953,-0.0133452535003249,0.1553297482755416,0.0720850378274917,0.0306969992816448,-0.1858242005109787,0.0885773301124572,-0.0473858565092086,0.0073653496801853,XArbitraryCorrectedZVertical,0.0778390888724881,0.0021857021017425,0.1125044370291274,0.9905953798755004,0.9832916259765624,-0.1793292313814163,0.03128507360816,42.66522216796875,-19.57696533203125,6.770584106445312,-1,2,5358
2025-11-20T22:20:25.082+01:00,7228,630587.3478096667,0.217312091253224,-0.0117177777053885,0.1436768877960115,-0.2437460422515869,-0.0886670127511024,-0.4112767279148102,-0.0047631859779357,0.012631744146347,0.1027179956436157,XArbitraryCorrectedZVertical,0.0719858647156125,0.0019742160084866,0.1077427569766887,0.9915673159529336,0.984972596168518,-0.1701939851045609,0.0293773207813501,42.92718505859375,-19.29078674316406,6.752517700195312,-1,2,5359
2025-11-20T22:20:25.117+01:00,7229,630587.3827256667,0.2039270983375353,-0.0104364490264045,0.1266139250133744,-0.1301111280918121,0.0190781131386756,-0.1841300576925278,0.0887662172317504,0.2940098643302917,0.0573947429656982,XArbitraryCorrectedZVertical,0.0634653240815757,0.0012587323410202,0.1012532628949382,0.992833513893926,0.9871309399604796,-0.1577793955802917,0.0260402727872133,43.44464111328125,-18.8677978515625,6.832427978515625,-1,2,5360
2025-11-20T22:20:25.152+01:00,7230,630587.4176426667,0.2022755823489858,-0.0081684846874578,0.1178034695026382,-0.0107912383973598,-0.0148513698950409,-0.0171906314790248,0.0564563274383544,0.2392079532146454,0.1512693166732788,XArbitraryCorrectedZVertical,0.0589780230270519,0.0018872385371731,0.1005503170702689,0.9931806368371702,0.9873211979866028,-0.1564747989177704,0.0266938731074333,43.38433837890625,-18.59942626953125,6.934371948242188,-1,2,5361
2025-11-20T22:20:25.187+01:00,7231,630587.4525586667,0.1986574348912638,-0.0090153731395375,0.1086576526131199,-0.0701221674680709,-0.1125124618411064,-0.1645070165395737,0.0449241399765014,0.0346587747335434,0.1819761991500854,XArbitraryCorrectedZVertical,0.0544802407732207,0.0009060033884096,0.0987745717326783,0.9936170089615972,0.9878975749015808,-0.1532347947359085,0.0240326952189207,43.599853515625,-18.77284240722656,6.873397827148438,-1,2,5362
2025-11-20T22:20:25.222+01:00,7232,630587.4874750001,0.1906914005110451,-0.0113358321917908,0.0978757680528079,-0.1951151639223099,-0.1004970222711563,-0.2347013503313065,0.0585042238235473,0.0469456613063812,0.1486045122146606,XArbitraryCorrectedZVertical,0.0492343311383402,-0.00097837109817,0.0948097990759979,0.994276650353637,0.9891335368156432,-0.145746260881424,0.0193031951785087,43.8927001953125,-18.44393920898438,6.724700927734375,-1,2,5363
2025-11-20T22:20:25.257+01:00,7233,630587.5223910001,0.1846640058081982,-0.0107393433845933,0.0834823846043982,-0.1750804632902145,0.0384704805910587,-0.0989841744303703,-0.0084772109985351,0.1419983357191086,0.0980857610702514,XArbitraryCorrectedZVertical,0.0420453804492509,-0.0014947150014968,0.0918961140303712,0.9948794066441368,0.9899681806564332,-0.140228271484375,0.0172859188169241,44.03863525390625,-18.17906188964844,6.279052734375,-1,2,5364
2025-11-20T22:20:25.291+01:00,7234,630587.557308,0.1819833640570843,-0.007080571276064,0.0725752398054244,-0.1121273338794708,0.1122946068644524,-0.0434411093592643,-0.0270372033119201,0.1439355462789536,0.1011642217636108,XArbitraryCorrectedZVertical,0.0364508234300605,-0.0002267388834282,0.0906778722219159,0.9952129909302004,0.9902635216712952,-0.1378777772188187,0.0191818084567785,44.0592041015625,-18.21580505371094,6.65380859375,-1,2,5365
2025-11-20T22:20:25.331+01:00,7235,630587.592224,0.1814945853060403,-0.0017781452724331,0.0639414591984157,-0.0218138713389635,0.1038335710763931,-0.0015935162082314,0.002797782421112,0.0787016749382019,0.135725736618042,XArbitraryCorrectedZVertical,0.0319142735742158,0.0020118206845329,0.0905481479433753,0.995378506706562,0.9902135729789734,-0.137615829706192,0.0232097208499908,44.326416015625,-18.16099548339844,6.805435180664062,-1,2,5366
2025-11-20T22:20:25.361+01:00,7236,630587.62714,0.1810387108484599,0.0014951397172924,0.0593954961985469,0.0548098385334014,0.0485715940594673,-0.0252372175455093,-0.0171741843223571,0.0708863288164138,0.1449474096298218,XArbitraryCorrectedZVertical,0.0295042596967852,0.0034283368054155,0.0903780110073521,0.9954645129148932,0.9901965856552124,-0.1372773051261902,0.0257984194904565,44.35736083984375,-18.3330078125,6.888595581054688,-1,2,5367
2025-11-20T22:20:25.397+01:00,7237,630587.6620560001,0.1800730397808317,0.0028627503716292,0.0549740293527849,0.0306732654571533,-0.0246494431048631,-0.0227479711174964,-0.0228120684623718,0.0646971017122268,0.1660878658294678,XArbitraryCorrectedZVertical,0.0272435483827965,0.0038962172586533,0.0899200431873819,0.9955686906398572,0.9902955293655396,-0.1364286243915558,0.0264932215213775,44.37933349609375,-18.40817260742188,7.074996948242188,-1,2,5368
2025-11-20T22:20:25.431+01:00,7238,630587.6969730001,0.1803559797412669,0.0018264321380185,0.0506582186162743,-0.0087854210287332,-0.0698860734701156,0.0572480596601963,0.0116074681282043,0.0455312579870224,0.1372934579849243,XArbitraryCorrectedZVertical,0.0251412666313527,0.0031900018489605,0.0900499217973451,0.9956148254347218,0.9902846813201904,-0.136809304356575,0.0248921513557434,44.61126708984375,-18.47975158691406,7.0625,-1,2,5369
2025-11-20T22:20:25.466+01:00,7239,630587.731889,0.1843851821720036,0.0001383490189633,0.0434045608109741,-0.0245768260210752,-0.0655965954065322,0.1553083509206772,-0.0280463695526123,0.0279977321624755,0.0796504020690918,XArbitraryCorrectedZVertical,0.0216020539363186,0.0020666641971719,0.0920418655598705,0.9955186264243896,0.9897619485855104,-0.1409584879875183,0.0224003121256828,44.43359375,-18.49211120605469,6.93035888671875,-1,2,5370
2025-11-20T22:20:25.501+01:00,7240,630587.766805,0.1905770636848738,-0.002292414433262,0.0399659386381724,0.067468449473381,-0.0938595980405807,0.201387345790863,-0.0568025112152099,0.0585320442914962,0.0620152950286865,XArbitraryCorrectedZVertical,0.0200000109234436,0.0007603599807728,0.095102529720682,0.9952663497065204,0.9889162182807922,-0.1471550613641739,0.019756568595767,44.41412353515625,-18.88226318359375,6.924896240234375,-1,2,5371
2025-11-20T22:20:25.536+01:00,7241,630587.801721,0.198019570411354,-0.0054322957236792,0.0386533589264455,0.1510445326566696,-0.1150113120675087,0.2471303343772888,-0.0597602128982543,0.0070424228906631,0.0788021087646484,XArbitraryCorrectedZVertical,0.0194991948998028,-0.0007920579914177,0.0987770403549228,0.9949182239974635,0.9878454804420472,-0.1545338481664658,0.0167484395205974,44.5201416015625,-19.3619384765625,7.038726806640625,-1,2,5372
2025-11-20T22:20:25.574+01:00,7242,630587.8366380001,0.2087330325191659,-0.0107012198765336,0.039940578089686,0.0837246924638748,-0.1939907222986221,0.3732533752918243,-0.0516210794448852,-0.0692746490240097,0.1100553274154663,XArbitraryCorrectedZVertical,0.0204173182449187,-0.0032401297129163,0.1040486217081491,0.9943573713119552,0.9862066507339478,-0.1650698184967041,0.0121828420087695,44.36865234375,-19.843017578125,6.894454956054688,-1,2,5373
2025-11-20T22:20:25.611+01:00,7243,630587.8715540001,0.2203716188767917,-0.0169374008176086,0.0362039667355134,-0.0039896005764603,-0.1268093138933182,0.273697704076767,-0.1057080626487732,-0.1790565997362137,0.0348306894302368,XArbitraryCorrectedZVertical,0.0189216579028107,-0.0064254956528512,0.109788658939847,0.9937541315824918,0.9842634201049804,-0.1766104847192764,0.0058644171804189,44.31451416015625,-20.568603515625,6.78729248046875,-1,2,5374
2025-11-20T22:20:25.641+01:00,7244,630587.90647,0.2260790097014071,-0.0171763465270071,0.0332400215072596,0.0447591431438922,0.0589504465460777,0.0958776921033859,-0.0926976203918457,-0.2056679725646973,0.0117648839950561,XArbitraryCorrectedZVertical,0.0174811617689435,-0.0066575149540859,0.1126373744596397,0.9934600219832722,0.9832309484481812,-0.1822866946458817,0.0053096921183168,44.24432373046875,-20.85368347167969,6.379364013671875,-1,2,5375
2025-11-20T22:20:25.676+01:00,7245,630587.941386,0.2289683144151857,-0.0145190369097044,0.0304853007882428,0.0504117012023925,0.0282058790326118,0.08279899507761,-0.0793546438217163,-0.1493484228849411,0.0878374576568603,XArbitraryCorrectedZVertical,0.0159710654545635,-0.0054699760562655,0.11410802822068,0.9933249452002548,0.9826748967170716,-0.1851852238178253,0.0075146895833313,44.32904052734375,-20.94692993164062,6.653076171875,-1,2,5376
2025-11-20T22:20:25.711+01:00,7246,630587.976303,0.2305151911855471,-0.013239065106713,0.0297873890851264,0.1381109356880188,0.0360688902437686,-0.0121170468628406,-0.0754992365837097,-0.1667047888040543,0.0846306085586547,XArbitraryCorrectedZVertical,0.0155551805939714,-0.00486212353826,0.1148893778125765,0.993244558899654,0.9823747277259828,-0.1867192387580872,0.0086921546608209,44.044677734375,-20.872802734375,6.549346923828125,-1,2,5377
2025-11-20T22:20:25.746+01:00,7247,630588.0112190001,0.2283985231726681,-0.0104142462850964,0.0326536681691771,0.2500901222229004,0.0363780185580253,-0.0591643750667572,0.0464293360710144,-0.2033766210079193,0.1585867404937744,XArbitraryCorrectedZVertical,0.0168128229423669,-0.0033121383828566,0.113850015609522,0.9933501266181818,0.982745349407196,-0.1845780462026596,0.011930244974792,44.3682861328125,-20.92288208007812,6.892364501953125,-1,2,5378
2025-11-20T22:20:25.780+01:00,7248,630588.0461350001,0.231448466208905,-0.012819017894169,0.0381488435904364,0.1708857268095016,-0.2068974673748016,0.2437297701835632,0.086158275604248,-0.151267409324646,0.2275938987731934,XArbitraryCorrectedZVertical,0.0196852433716959,-0.0041631662543664,0.1153212948771377,0.993124488025228,0.9822164177894592,-0.1874471753835678,0.010702502913773,44.3121337890625,-21.19105529785156,7.326889038085938,-1,2,5379
2025-11-20T22:20:25.816+01:00,7249,630588.081051,0.2405814355229093,-0.0213594213861972,0.0442842675311613,0.2480444014072418,-0.1644767820835114,0.2023495584726334,-0.1060339212417603,-0.0723784118890762,0.0826354026794433,XArbitraryCorrectedZVertical,0.0232603150171673,-0.0079430305197622,0.1197298282020145,0.992502250925057,0.9805456399917604,-0.1962525546550751,0.0038972212933003,44.220947265625,-21.59416198730469,7.035354614257812,-1,2,5380
2025-11-20T22:20:25.851+01:00,7250,630588.115967,0.2415061972106655,-0.0250556772433828,0.0543539470740665,0.2731083035469055,-0.1414529085159302,-0.1759544909000397,0.1351181864738464,-0.2496966570615768,0.0331299304962158,XArbitraryCorrectedZVertical,0.028482142292847,-0.0091586211620738,0.1200679814028118,0.9923147864372106,0.9804213643074036,-0.1968975514173508,0.0023009325377643,44.47918701171875,-21.590087890625,7.234695434570312,-1,2,5381
2025-11-20T22:20:25.891+01:00,7251,630588.150884,0.2332582290676355,-0.0316965260520448,0.0623933885496844,0.198957771062851,-0.1630138754844666,-0.2246994376182556,0.093070387840271,0.0353873968124389,-0.0507256388664245,XArbitraryCorrectedZVertical,0.0328190525535058,-0.0121031256376263,0.1158027123409932,0.9926560744263092,0.982048511505127,-0.1886008679866791,-0.0031836796551942,44.88836669921875,-21.32456970214844,7.065185546875,-1,2,5382
2025-11-20T22:20:25.920+01:00,7252,630588.1858000001,0.2288030734731722,-0.0309187664749522,0.0722765962102983,0.3938461244106293,0.1515491008758545,-0.0938551947474479,-0.0170077681541442,0.2778695225715637,-0.1407475471496582,XArbitraryCorrectedZVertical,0.0376534684247808,-0.0112238164776686,0.1135091131571085,0.9927597507804437,0.982934832572937,-0.1839516311883926,-0.0008997806580737,45.02777099609375,-21.13529968261719,7.013336181640625,-1,2,5383
2025-11-20T22:20:25.955+01:00,7253,630588.2207160001,0.2295760174053209,-0.0245485949754033,0.0862718661285177,0.4003102481365204,0.2339744120836258,0.1888472139835358,0.0710828304290771,0.1957979053258896,-0.0513515472412109,XArbitraryCorrectedZVertical,0.0442400522924494,-0.0072431556969242,0.1138951318311016,0.9924808388213576,0.9828416109085084,-0.1842774897813797,0.0080012660473585,45.0257568359375,-20.99528503417969,7.936172485351562,-1,2,5384
2025-11-20T22:20:25.990+01:00,7254,630588.255632,0.2391882509223494,-0.0178908326440254,0.099955601506814,0.3780759871006012,0.1320145577192307,0.2739055156707764,0.0455428957939147,0.13139408826828,-0.022477151826024,XArbitraryCorrectedZVertical,0.050664100939542,-0.0029102195030456,0.1187118114807115,0.991631084510149,0.980992078781128,-0.1932073980569839,0.0180368423461914,45.00738525390625,-21.31452941894531,8.283828735351562,-1,2,5385
2025-11-20T22:20:26.025+01:00,7255,630588.290549,0.2460416708169813,-0.0173945106559401,0.1119598574159484,0.3071722388267517,-0.0367049314081668,0.1057775840163231,-0.0809290409088134,0.0739054828882217,-0.0753859281539917,XArbitraryCorrectedZVertical,0.0565913104972757,-0.0017524023404977,0.1220309828181485,0.9909100422193672,0.979671597480774,-0.1994394958019257,0.0216138586401939,44.90087890625,-21.58413696289062,8.446044921875,-1,2,5386
2025-11-20T22:20:26.060+01:00,7256,630588.325465,0.2490660572309089,-0.0187915703268538,0.1200838561307013,0.2858629822731018,-0.0475386679172515,0.0309659391641616,-0.0560408234596252,0.0330058932304382,-0.1222972869873047,XArbitraryCorrectedZVertical,0.0607034742506997,-0.0018530033584902,0.1234226628457764,0.990494091652424,0.979121208190918,-0.2020579874515533,0.022230140864849,44.9091796875,-21.77247619628906,8.8790283203125,-1,2,5387
2025-11-20T22:20:26.095+01:00,7257,630588.3603810001,0.2468693871591892,-0.0204503502630397,0.1240994996975857,0.1754943281412125,-0.0940521135926246,-0.1506997644901276,-0.0703150629997253,0.0410225987434387,-0.1009145975112915,XArbitraryCorrectedZVertical,0.0627914203293437,-0.0024933163973715,0.1222488910312141,0.9905080848137464,0.9796167612075806,-0.199759766459465,0.0211415942758321,45.06005859375,-21.53433227539062,8.990158081054688,-1,2,5388
2025-11-20T22:20:26.131+01:00,7258,630588.3952970001,0.2401539248126642,-0.0216362102349287,0.1263667652985871,0.1595800369977951,-0.0604321360588073,-0.1821041107177734,-0.0105780959129333,0.1352477222681046,-0.1395697593688965,XArbitraryCorrectedZVertical,0.0639763025845239,-0.0031553960488468,0.1188644532144884,0.9908422461530346,0.9809759855270386,-0.193139523267746,0.019574586302042,45.422607421875,-21.39956665039062,8.578765869140625,-1,2,5389
2025-11-20T22:20:26.170+01:00,7259,630588.430213,0.2361867653107398,-0.0226769247593029,0.1274129229326313,0.1258138567209244,-0.0850565433502197,-0.0337381474673748,0.0591317415237426,0.1233807504177094,-0.1025182008743286,XArbitraryCorrectedZVertical,0.0645490515950416,-0.003736130790918,0.1168557191271175,0.9910419902843332,0.9817617535591124,-0.189237654209137,0.0182438530027866,45.62884521484375,-21.06611633300781,8.642471313476562,-1,2,5390
2025-11-20T22:20:26.199+01:00,7260,630588.46513,0.2361316079719729,-0.0258092046187501,0.1285425384464663,0.1475322097539902,-0.1294694393873215,0.0266245994716882,0.0520596504211425,0.0732934474945068,-0.0978487730026245,XArbitraryCorrectedZVertical,0.0652914673959598,-0.0052231700747371,0.1167156783988843,0.9910031046002254,0.9818300008773804,-0.1891381144523621,0.0153750125318765,45.764404296875,-21.07240295410156,8.450576782226562,-1,2,5391
2025-11-20T22:20:26.234+01:00,7261,630588.50004575,0.2373843102108143,-0.030456469936854,0.1287305997528351,0.1187220886349678,-0.1703122705221176,0.0464071780443191,0.0065502524375915,0.0319477170705795,-0.1023671627044678,XArbitraryCorrectedZVertical,0.0656603473765281,-0.007473613346189,0.1171821940643641,0.9909093053744276,0.9816546440124512,-0.1903491616249084,0.0110127460211515,45.790771484375,-21.14155578613281,8.281646728515625,-1,2,5392
2025-11-20T22:20:26.269+01:00,7262,630588.53496175,0.2400657570935344,-0.0347093982014736,0.1284671643107991,0.0744355842471122,-0.0804380401968956,0.086354061961174,-0.0245904326438903,-0.0369974672794342,-0.1180739402770996,XArbitraryCorrectedZVertical,0.0657917043342603,-0.0095082365141953,0.1183739857357101,0.9907415113280614,0.981179177761078,-0.1929676979780197,0.0071425209753215,45.9609375,-21.3162841796875,8.170150756835938,-1,2,5393
2025-11-20T22:20:26.304+01:00,7263,630588.56987775,0.2422335563349085,-0.035213467348477,0.1265517424210307,0.0622799694538116,0.0181345902383327,0.025638734921813,-0.0750651955604553,-0.0399534553289413,-0.1160434484481812,XArbitraryCorrectedZVertical,0.0648835879759776,-0.0098031125041344,0.1194552670247442,0.9906687401946768,0.9807506799697876,-0.1951539665460587,0.0065615670755505,46.0382080078125,-21.36903381347656,8.101882934570312,-1,2,5394
2025-11-20T22:20:26.339+01:00,7264,630588.60479475,0.2411535461605925,-0.0334317331998772,0.1261342187193373,0.0861790180206298,0.0258860550820827,-0.0735044181346893,-0.025835633277893,-0.0739299952983856,-0.099411129951477,XArbitraryCorrectedZVertical,0.0645655430586499,-0.0089808089738028,0.1189830824264841,0.9907540827924488,0.9809441566467284,-0.1941210776567459,0.0080872178077697,45.89178466796875,-21.27996826171875,7.985214233398438,-1,2,5395
2025-11-20T22:20:26.374+01:00,7265,630588.6397107501,0.2392470058836287,-0.0309199911774497,0.1254192669127903,0.0561177544295787,0.0670307949185371,-0.0492745451629161,0.0129631161689758,-0.0898543149232864,-0.0833940505981445,XArbitraryCorrectedZVertical,0.0640545244832882,-0.0078408612974044,0.1181277108362644,0.9908992774828308,0.9812842607498168,-0.1922959238290787,0.0101670594885945,45.9814453125,-21.22828674316406,8.449783325195312,-1,2,5396
2025-11-20T22:20:26.411+01:00,7266,630588.67462675,0.236885584961842,-0.026570355161268,0.1230110397310488,-0.0319394394755363,0.1493924856185913,-0.0636527761816978,-0.0136834979057312,-0.0714868754148483,-0.0868874788284301,XArbitraryCorrectedZVertical,0.062597561240142,-0.00590412538878,0.1171213603738751,0.9911252313948484,0.9816704392433168,-0.1900944858789444,0.0136758098378777,46.02313232421875,-21.14877319335938,8.359222412109375,-1,2,5397
2025-11-20T22:20:26.451+01:00,7267,630588.70954275,0.2352171996885841,-0.0199116998330606,0.1158230798352951,-0.2032562494277954,0.1626491993665695,0.0232103168964386,0.0180450081825256,-0.0712451040744781,-0.0347474813461303,XArbitraryCorrectedZVertical,0.0586427197107422,-0.0030792672942185,0.1165629063725847,0.9914457405183772,0.981848120689392,-0.188749372959137,0.0186494644731283,46.0357666015625,-20.90980529785156,8.665695190429688,-1,2,5398
2025-11-20T22:20:26.479+01:00,7268,630588.74445875,0.2388431162188895,-0.0147042827888816,0.10483584471882,-0.2558598518371582,0.1298138350248337,0.1945548802614212,0.0226973295211792,-0.079247236251831,-0.0659682750701904,XArbitraryCorrectedZVertical,0.0528940566357886,-0.001047752545088,0.1185885879413254,0.9915331312471676,0.9810105562210084,-0.1926948726177216,0.0220687519758939,45.9915771484375,-20.95802307128906,8.748855590820312,-1,2,5399
2025-11-20T22:20:26.514+01:00,7269,630588.77937575,0.247360705937692,-0.0106960484585969,0.0945247604163888,-0.1259494125843048,0.1085025668144226,0.2843325734138489,-0.0558001995086669,-0.052232414484024,-0.106162428855896,XArbitraryCorrectedZVertical,0.0475422484380968,0.0005270615623697,0.1229750171594569,0.991270223330988,0.979201078414917,-0.2013686150312424,0.0248177479952573,45.9278564453125,-21.63897705078125,8.804580688476562,-1,2,5400
2025-11-20T22:20:26.548+01:00,7270,630588.8142917501,0.2591405958650876,-0.0095538226734511,0.090876045554307,0.0183105301111936,-0.0868139415979385,0.3628303110599518,-0.0198279023170471,-0.1338975429534912,-0.060617446899414,XArbitraryCorrectedZVertical,0.045657697600438,0.0011369095118809,0.1288580613798915,0.9906107776376514,0.9767065048217772,-0.2129652053117752,0.0262699276208877,45.66064453125,-21.96205139160156,8.847213745117188,-1,2,5401
2025-11-20T22:20:26.584+01:00,7271,630588.84920775,0.2695288499087144,-0.0178666197803506,0.0865977574959419,-0.0618366599082946,-0.2858479022979736,0.2192224860191345,-0.0539014339447021,-0.1901972889900208,-0.0413947105407714,XArbitraryCorrectedZVertical,0.0440902837149225,-0.003028444447465,0.1338424282473188,0.990016667998316,0.9746013879776,-0.2232090085744858,0.018155563622713,45.6441650390625,-22.49043273925781,8.611282348632812,-1,2,5402
2025-11-20T22:20:26.618+01:00,7272,630588.88412375,0.2767591788558443,-0.0237086905802658,0.0855512138072787,0.1764461845159531,-0.0096591711044311,0.183272197842598,0.067375898361206,-0.230191558599472,-0.0749717950820922,XArbitraryCorrectedZVertical,0.0439844477569123,-0.0058318285623589,0.137300452250178,0.9895352046058165,0.9730445146560668,-0.2302576303482056,0.0128684863448143,45.4345703125,-22.655029296875,8.243988037109375,-1,2,5403
2025-11-20T22:20:26.653+01:00,7273,630588.91904075,0.2785628133580815,-0.0250875850014127,0.0885733278789691,0.0024866734165698,-0.169585183262825,-0.1262174695730209,-0.0346432328224182,-0.1304557323455811,0.1253073215484619,XArbitraryCorrectedZVertical,0.0455797270294916,-0.0062639218620058,0.1381345272071947,0.9893443188489836,0.9726620316505432,-0.2318947017192841,0.0123879574239254,45.3731689453125,-22.87863159179688,8.185348510742188,-1,2,5404
2025-11-20T22:20:26.691+01:00,7274,630588.95395675,0.2685574672395045,-0.0306033254193717,0.0804105214514613,-0.3263571560382843,-0.1363031566143036,-0.3903445303440094,-0.012220025062561,0.0032127499580383,0.0407512187957763,XArbitraryCorrectedZVertical,0.0418747278157528,-0.0097706514439844,0.1331422483381567,0.9901636743034364,0.9749273657798768,-0.2224814891815186,0.0042774719186127,45.6865234375,-22.51976013183594,8.026321411132812,-1,2,5405
2025-11-20T22:20:26.723+01:00,7275,630588.9888727501,0.2567467192446122,-0.0307546161181537,0.0642775385740578,-0.472900003194809,0.0150975566357374,-0.158588781952858,0.11020827293396,0.2458968013525009,0.0227112770080566,XArbitraryCorrectedZVertical,0.0338325813264398,-0.0111290540048317,0.1274497713873686,0.9912054346785596,0.9773772954940796,-0.2115034759044647,-0.0002809186116792,46.04095458984375,-21.83464050292969,7.217636108398438,-1,2,5406
2025-11-20T22:20:26.758+01:00,7276,630589.02378875,0.2573010738747275,-0.0301410711970154,0.0449754481347933,-0.4124415814876556,-0.0101250139996409,0.1532555371522903,0.0438289642333984,0.2646274864673615,0.0363015532493591,XArbitraryCorrectedZVertical,0.0242303973667772,-0.0120571336753651,0.1279128797442491,0.9914161056866614,0.9771366119384766,-0.2125797122716904,-0.0037393209058791,46.049072265625,-21.88168334960938,6.597885131835938,-1,2,5407
2025-11-20T22:20:26.793+01:00,7277,630589.05870475,0.2607003007350858,-0.0284110627169016,0.0337609026003323,-0.1413030624389648,0.1092504635453224,0.0487927496433258,-0.0935181379318237,0.1876227855682373,0.0567452311515808,XArbitraryCorrectedZVertical,0.018580890588624,-0.0118887197290614,0.1297119591021914,0.991306299521096,0.976345717906952,-0.2161719053983688,-0.0043008048087358,46.15966796875,-21.90423583984375,6.8974609375,-1,2,5408
2025-11-20T22:20:26.828+01:00,7278,630589.09362175,0.2605005591452381,-0.0248864314752038,0.0306169429351724,-0.0135715408250689,0.0189367737621069,-0.0577383264899253,0.0082989931106567,0.0526280850172042,0.1321002840995789,XArbitraryCorrectedZVertical,0.0167929550643878,-0.0103479826632946,0.1296681772467927,0.991361191619514,0.9763810038566588,-0.2160496562719345,-0.0015461409930139,45.960693359375,-21.86305236816406,6.982879638671875,-1,2,5409
2025-11-20T22:20:26.863+01:00,7279,630589.12853775,0.2556347162204324,-0.0266097852899397,0.0275516487669009,-0.1569078266620636,-0.075045607984066,-0.2080986797809601,-0.0345728397369384,0.00528284907341,0.1275999546051025,XArbitraryCorrectedZVertical,0.0153575657247683,-0.011438928575633,0.1272644611906007,0.9916839001834326,0.9773979783058168,-0.2113679945468903,-0.0040495507419109,45.9749755859375,-21.64045715332031,6.894134521484375,-1,2,5410
2025-11-20T22:20:26.898+01:00,7280,630589.1634537501,0.2470238645642433,-0.0263410894845249,0.0179740887337311,-0.3074861168861389,0.0773268640041351,-0.2270306348800659,-0.0308722257614135,0.084556758403778,0.0534340739250183,XArbitraryCorrectedZVertical,0.0105401618696546,-0.0119622304404588,0.1230650156059298,0.9922705813866686,0.9791296124458312,-0.2031480222940445,-0.0060098161920905,46.27752685546875,-21.08172607421875,6.349639892578125,-1,2,5411
2025-11-20T22:20:26.933+01:00,7281,630589.19836975,0.2405063664093271,-0.0204644562187606,0.0047767207857061,-0.3987299203872681,0.2356683313846588,-0.1340739578008652,0.0086923837661743,0.1098334491252899,0.0133709907531738,XArbitraryCorrectedZVertical,0.0035984553795371,-0.0098716264052584,0.1199326776128988,0.9927264675263996,0.9803975820541382,-0.19700688123703,-0.0029950742609798,46.3131103515625,-20.68057250976562,6.387451171875,-1,2,5412
2025-11-20T22:20:26.971+01:00,7282,630589.23328575,0.2366351789652308,-0.0098572872298568,-0.0095790354974632,-0.3454198241233826,0.337088406085968,-0.0801511481404304,0.0018842220306396,0.1094511747360229,0.0031785969622433,XArbitraryCorrectedZVertical,-0.0041741797375258,-0.0054594631434651,0.1180623710993861,0.9929824780006604,0.9811022877693176,-0.1934355497360229,0.0046034194529056,46.36285400390625,-20.46626281738281,6.5791015625,-1,2,5413
2025-11-20T22:20:27.003+01:00,7283,630589.26820275,0.2345965477113644,0.0016652624536939,-0.0189342877395844,-0.1621469408273697,0.289716362953186,-0.0419976375997066,0.0389456748962402,0.0459155887365341,0.0402617454528808,XArbitraryCorrectedZVertical,-0.0094993841210865,-0.000281045348823,0.1170163628517377,0.993084518099066,0.9813789129257202,-0.1915606707334518,0.0141358021646738,46.2359619140625,-20.30116271972656,6.888412475585938,-1,2,5414
2025-11-20T22:20:27.037+01:00,7284,630589.30311875,0.2344957528434009,0.0097070540256797,-0.0233925829776786,-0.0677635595202446,0.1441618055105209,-0.0013655619695782,0.0490580797195434,-0.0267765820026397,0.0690037012100219,XArbitraryCorrectedZVertical,-0.0121833084501151,0.0034516775477286,0.1169136661853118,0.9930613771417616,0.9812610745429992,-0.1915155947208405,0.0211757346987724,46.2027587890625,-20.10023498535156,7.201385498046875,-1,2,5415
2025-11-20T22:20:27.073+01:00,7285,630589.3380347501,0.2331065607828165,0.0124648217229794,-0.0268941808956627,-0.1118886023759842,0.0572141408920288,-0.0799828544259071,-0.0535693168640136,-0.07489874958992,0.0540804862976074,XArbitraryCorrectedZVertical,-0.0140798886196358,0.0046258475259329,0.1161935592711244,0.9931160347166488,0.9814714789390564,-0.1901921480894089,0.0232510678470134,46.14776611328125,-20.01899719238281,7.0830078125,-1,2,5416
2025-11-20T22:20:27.107+01:00,7286,630589.37295075,0.2286575834179744,0.0158039909735984,-0.0324295307282232,-0.1251221895217896,0.1283195018768311,-0.1499815732240677,-0.0420061945915222,-0.0640862882137298,0.0192763786762952,XArbitraryCorrectedZVertical,-0.0170090309888956,0.0059996544944636,0.1139340465210611,0.9933245656239404,0.9822373986244202,-0.1858831495046616,0.0256301835179328,46.1063232421875,-19.84938049316406,6.998641967773438,-1,2,5417
2025-11-20T22:20:27.142+01:00,7287,630589.40786675,0.2239310853081404,0.0209446918610313,-0.0358248954000154,-0.0159914009273052,0.1411366760730743,-0.1395422369241714,-0.0028195977210998,-0.0497140735387802,0.0290170889347791,XArbitraryCorrectedZVertical,-0.0189682435629841,0.0084037402402868,0.1115213020765998,0.9935454695945136,0.9829678535461426,-0.1812734305858612,0.0302327051758766,46.2191162109375,-19.49693298339844,6.999771118164062,-1,2,5418
2025-11-20T22:20:27.177+01:00,7288,630589.44278375,0.2183416133624687,0.023484383261134,-0.0359867993462181,0.064866229891777,-0.0215178932994604,-0.1572534888982773,0.0074387192726135,-0.0495168417692184,0.0701979398727417,XArbitraryCorrectedZVertical,-0.0191632057678695,0.0097099166628851,0.1087189244419721,0.9938403901067766,0.9838789701461792,-0.1757791489362717,0.0329208970069885,46.10113525390625,-19.08192443847656,7.14630126953125,-1,2,5419
2025-11-20T22:20:27.212+01:00,7289,630589.47769975,0.2155453453945844,0.0205816803147768,-0.0332880663126231,0.1387288570404053,-0.1303067058324814,-0.0118888849392533,0.0020204186439514,-0.043308287858963,0.0901935100555419,XArbitraryCorrectedZVertical,-0.0176525783496741,0.0084394121804455,0.1073732887974677,0.9940262865691072,0.984445095062256,-0.1730002909898758,0.0306408070027828,46.00799560546875,-18.64616394042969,7.05108642578125,-1,2,5420
2025-11-20T22:20:27.252+01:00,7290,630589.5126162501,0.2170716132867517,0.0142900101299111,-0.0281949968327157,0.177765429019928,-0.2519548237323761,0.1014649122953415,-0.0276920795440673,-0.0986694544553756,0.1050441265106201,XArbitraryCorrectedZVertical,-0.0147876059415738,0.0055752042611738,0.1082091723706119,0.9940026105696942,0.9843419790267944,-0.1744475811719894,0.0252812206745147,45.94464111328125,-18.32182312011719,6.87969970703125,-1,2,5421
2025-11-20T22:20:27.282+01:00,7291,630589.54753225,0.2218569963064327,0.0051117632311038,-0.0222854587835142,0.1948349177837372,-0.2673737108707428,0.1434160768985748,-0.0838727355003356,-0.1906641274690628,0.0822592973709106,XArbitraryCorrectedZVertical,-0.0113568991350751,0.0013065287513626,0.1106656025440775,0.9937919451403722,0.9836834073066713,-0.1790868043899536,0.0171669945120811,45.770263671875,-18.54219055175781,6.555953979492188,-1,2,5422
2025-11-20T22:20:27.317+01:00,7292,630589.58244825,0.2252664359062798,-0.0040899278758515,-0.0159666556881069,0.1624252051115036,-0.2733898758888245,0.0491839088499546,-0.0067485570907592,-0.2447191029787064,0.0842190980911254,XArbitraryCorrectedZVertical,-0.0077028044797575,-0.0029292164239468,0.1124076236434328,0.9936280230655968,0.9831889867782592,-0.1823591142892838,0.0091952253133058,45.56536865234375,-18.22634887695312,6.430740356445312,-1,2,5423
2025-11-20T22:20:27.352+01:00,7293,630589.61736525,0.2281697622340215,-0.0152125454087914,-0.0114557024973384,0.1102128326892853,-0.3538630604743958,0.1929248124361038,-0.0671364665031433,-0.0851278156042099,0.0611847043037414,XArbitraryCorrectedZVertical,-0.004824563985391,-0.008208652878464,0.1138756931819369,0.993449345215042,0.9827094674110411,-0.185151070356369,-0.0009430542704649,45.461181640625,-18.21061706542969,5.8074951171875,-1,2,5424
2025-11-20T22:20:27.386+01:00,7294,630589.65228125,0.2373670147908187,-0.0233542953655417,-0.0077117047473711,0.145887702703476,-0.1054186969995499,0.1907957047224045,-0.1295926570892334,-0.0819203108549118,-0.0316983461380004,XArbitraryCorrectedZVertical,-0.0024458655151327,-0.0120511731205738,0.1184408265793319,0.9928850277942688,0.980941653251648,-0.1941264271736145,-0.0082797165960073,45.24761962890625,-18.38671875,5.676284790039062,-1,2,5425
2025-11-20T22:20:27.422+01:00,7295,630589.6871972501,0.2351282752076253,-0.0301607670056838,-7.129217441734396e-06,0.2224515229463577,-0.2989104390144348,-0.2393751740455627,0.2696372866630554,-0.1928471773862839,-0.0448442697525024,XArbitraryCorrectedZVertical,0.0017652246039637,-0.0149761388494062,0.1172802287664996,0.9929843361804992,0.981339156627655,-0.1918115615844727,-0.013474877923727,45.08636474609375,-18.0137939453125,5.339187622070312,-1,2,5426
2025-11-20T22:20:27.456+01:00,7296,630589.72211325,0.2300137003897916,-0.0376185551686636,0.0067904801897968,0.1531773507595062,-0.0626670196652412,-0.0661446377635002,0.0345426797866821,0.0923617035150528,-0.051117718219757,XArbitraryCorrectedZVertical,0.0055304990953062,-0.0182942688370379,0.1146691023248317,0.9932198329226992,0.982226550579071,-0.1866762191057205,-0.0195610262453556,45.121337890625,-17.36265563964844,4.921417236328125,-1,2,5427
2025-11-20T22:20:27.493+01:00,7297,630589.75702925,0.2286070775293969,-0.0350624591884935,0.0103970340793364,0.0167862474918365,0.178251639008522,-0.0015028840862214,-0.055830955505371,0.1557505428791046,0.0051857847720384,XArbitraryCorrectedZVertical,0.0071631686727558,-0.0168228796398245,0.1139451977106302,0.9933187466836388,0.9825581312179564,-0.185230478644371,-0.0164010487496852,44.89080810546875,-17.04521179199219,5.07611083984375,-1,2,5428
2025-11-20T22:20:27.531+01:00,7298,630589.79194625,0.2289949001433635,-0.0277005858926746,0.0083933206898269,-0.0859247595071792,0.1990176290273666,-0.0074295066297054,-0.0412859916687011,0.1854947805404663,0.0269281268119812,XArbitraryCorrectedZVertical,0.0057510662373812,-0.0132796347976404,0.1141777415641169,0.993354891945839,0.9825700521469116,-0.1856473088264465,-0.00953309237957,44.54864501953125,-16.88529968261719,5.578933715820312,-1,2,5429
2025-11-20T22:20:27.561+01:00,7299,630589.82686225,0.2268461231206986,-0.0221473248680377,0.0072160635068995,0.0153123801574111,0.1121794059872627,-0.0879339352250099,0.0025349855422973,0.22742560505867,0.0346992015838623,XArbitraryCorrectedZVertical,0.0048379045247206,-0.01059388111711,0.1131326538219662,0.9935116125951392,0.9829995632171632,-0.183556541800499,-0.0043190056458115,44.44744873046875,-16.62828063964844,5.447616577148438,-1,2,5430
2025-11-20T22:20:27.596+01:00,7300,630589.8617782501,0.2253385660925974,-0.0211507036801307,0.0062634932516722,-0.0925462543964386,-0.0718087777495384,0.0159131605178117,0.111176609992981,0.1624531298875809,0.072239339351654,XArbitraryCorrectedZVertical,0.0043006802210067,-0.0101559656370129,0.1123913007318783,0.9936028993807102,0.9832754135131836,-0.1820911914110184,-0.0035290461964905,44.22943115234375,-16.44343566894531,5.560028076171875,-1,2,5431
2025-11-20T22:20:27.631+01:00,7301,630589.89669425,0.227240713329617,-0.024766616991598,0.0004387555885167,-0.2250168323516846,-0.0950560420751571,0.080585666000843,-0.0075704455375671,0.1686775684356689,-0.0371372103691101,XArbitraryCorrectedZVertical,0.0016218809693516,-0.012278276997294,0.1133646477156546,0.9934763179429912,0.982881724834442,-0.1840583980083466,-0.008135643787682,44.08856201171875,-16.56515502929688,5.627029418945312,-1,2,5432
2025-11-20T22:20:27.666+01:00,7302,630589.93161025,0.229405876507251,-0.026246548842134,-0.0084147861369037,-0.2473751902580261,0.0176306162029504,0.0622046887874603,-0.0240353345870971,0.1569946706295013,-0.1007417440414429,XArbitraryCorrectedZVertical,-0.0026774502043206,-0.0135180486435266,0.1144955594231386,0.993328230455664,0.9824246168136596,-0.1863220483064651,-0.0112272407859563,43.80047607421875,-16.570068359375,5.302383422851562,-1,2,5433
2025-11-20T22:20:27.701+01:00,7303,630589.96652625,0.2315531473651298,-0.0246364322568201,-0.0163851839133629,-0.2170660346746445,0.0596117973327636,0.093151681125164,0.0277330875396728,0.09927698969841,-0.0983878374099731,XArbitraryCorrectedZVertical,-0.006714143778189,-0.0131813394187159,0.1156056879641599,0.9931851010015872,0.9820020794868468,-0.1885408908128738,-0.0111550707370042,43.65533447265625,-16.533203125,5.282028198242188,-1,2,5434
2025-11-20T22:20:27.736+01:00,7304,630590.00144325,0.2352953942994116,-0.0217707582183363,-0.0218073605394576,-0.0512980781495571,0.1058600544929504,0.1015919595956802,-0.043123185634613,0.1629235446453094,-0.1017934679985046,XArbitraryCorrectedZVertical,-0.0095498658872102,-0.0120890121453537,0.1174804252150663,0.9929557009008833,0.9812945127487184,-0.1922814249992371,-0.0094279022887349,43.25164794921875,-16.67900085449219,5.459884643554688,-1,2,5435
2025-11-20T22:20:27.772+01:00,7305,630590.0363592501,0.2389786079758199,-0.0175420201225703,-0.0197036305357575,0.156787246465683,0.11324343085289,0.1339499950408936,-0.0339778065681457,0.1513277441263199,-0.0424003601074218,XArbitraryCorrectedZVertical,-0.0087355482489789,-0.0098822584920074,0.1192805901461936,0.9927729710195904,0.9806177616119384,-0.1958681046962738,-0.0049324450083076,43.12811279296875,-16.78768920898438,5.790634155273438,-1,2,5436
2025-11-20T22:20:27.812+01:00,7306,630590.07127525,0.2451891325937579,-0.0150599966877526,-0.0137995358602619,0.1623260229825974,0.0246623642742633,0.2016340345144272,-0.0163055062294006,0.038852721452713,0.0238839387893676,XArbitraryCorrectedZVertical,-0.0059269388306466,-0.0083169607768776,0.1223328923527827,0.9924366100216764,0.9794097542762756,-0.2018776088953018,-0.001407774281688,42.6904296875,-16.88211059570312,6.012420654296875,-1,2,5437
2025-11-20T22:20:27.841+01:00,7307,630590.10619125,0.2499655548132956,-0.0153432727477903,-0.0100439355389482,0.0455695018172264,-0.0292434561997652,0.0725160613656044,-0.0619725584983825,-0.0233266949653625,0.0256174206733703,XArbitraryCorrectedZVertical,-0.0040263211466989,-0.0082376307666323,0.1246906254789957,0.9921533467006408,0.9784458875656128,-0.2065011709928513,-0.0009592089918442,42.535400390625,-16.96836853027344,6.047439575195312,-1,2,5438
2025-11-20T22:20:27.875+01:00,7308,630590.14110725,0.2525574869701729,-0.0160522069583316,-0.0096681120032024,-0.0173725225031375,-0.0270122680813074,0.1246559321880341,-0.0247217416763305,-0.0164024829864502,-0.019359290599823,XArbitraryCorrectedZVertical,-0.0037845791121819,-0.0085708110650954,0.1259763465376312,0.9919891003368698,0.97790789604187,-0.2090308517217636,-0.0015910201473161,42.33905029296875,-17.09893798828125,6.294952392578125,-1,2,5439
2025-11-20T22:20:27.910+01:00,7309,630590.17602425,0.2586939781661463,-0.0172045058150938,-0.0111920937487509,-0.0531992651522159,-0.0401252023875713,0.1858261674642563,-0.0220087766647338,-0.0703065246343612,-0.0717479586601257,XArbitraryCorrectedZVertical,-0.0044395205429272,-0.0092519378200983,0.1290275502513881,0.991587972387403,0.9765986800193788,-0.21504807472229,-0.0030811955220997,42.03302001953125,-17.33070373535156,6.290924072265625,-1,2,5440
2025-11-20T22:20:27.945+01:00,7310,630590.2109402501,0.2647797596111007,-0.0176447956933991,-0.0134583904834026,-0.0557332299649715,0.0333259366452693,0.1790361702442169,-0.0727804899215698,-0.0422277748584747,-0.0983009934425354,XArbitraryCorrectedZVertical,-0.0055054537985212,-0.0096331188489386,0.1320541944628988,0.9911804825228192,0.975261688232422,-0.2210168689489365,-0.0040549794211983,41.83172607421875,-17.44931030273438,6.182083129882812,-1,2,5441
2025-11-20T22:20:27.980+01:00,7311,630590.24585625,0.2713046722849821,-0.0146933866205499,-0.0151125522881395,-0.0401119627058506,0.1142609938979149,0.1937154978513718,-0.0578770041465759,-0.0931149870157241,-0.1181188225746155,XArbitraryCorrectedZVertical,-0.0064930807021305,-0.0083007768700472,0.1352841771286312,0.9907507769248292,0.9738009572029114,-0.2273958325386047,-0.0016169426962733,41.59661865234375,-17.69453430175781,6.220901489257812,-1,2,5442
2025-11-20T22:20:28.015+01:00,7312,630590.28077225,0.2783190581661439,-0.0097595161635721,-0.0169104778933803,-0.0501895919442176,0.1771426945924759,0.2181788682937622,-0.0941534638404846,-0.0752369910478591,-0.1238799095153809,XArbitraryCorrectedZVertical,-0.0076964536778607,-0.0060051982922248,0.1387450669046846,0.9902800237530782,0.9721746444702148,-0.234241709113121,0.0026792604476213,41.1229248046875,-17.90505981445312,6.65869140625,-1,2,5443
2025-11-20T22:20:28.051+01:00,7313,630590.31568825,0.2862873578247985,-0.0026303796342301,-0.0170932235906591,0.036706268787384,0.192263126373291,0.2636959850788116,-0.053151249885559,-0.0744249522686004,-0.1104378700256348,XArbitraryCorrectedZVertical,-0.0082714782286129,-0.0025208944859179,0.1426611291910613,0.9897338458903252,0.970234990119934,-0.2419812828302383,0.009439849294722,40.75653076171875,-18.53836059570312,6.822555541992188,-1,2,5444
2025-11-20T22:20:28.091+01:00,7314,630590.35060525,0.2975064882141913,0.0031951934426222,-0.0158067739715827,0.0328505896031856,0.0916334092617034,0.329249233007431,-0.0527324676513671,-0.1209302842617035,-0.082895278930664,XArbitraryCorrectedZVertical,-0.008052779650566,0.0004085941569598,0.1481879446221936,0.9889264264217296,0.9673900604248048,-0.2528337240219116,0.0152225578203797,40.42425537109375,-18.81248474121094,7.506851196289062,-1,2,5445
2025-11-20T22:20:28.120+01:00,7315,630590.3855212501,0.3091640925550428,0.0025624202858992,-0.0152588122786194,-0.0188793018460273,-0.0747971013188362,0.3272037208080292,-0.1414214968681335,-0.0962041914463043,-0.0714998245239257,XArbitraryCorrectedZVertical,-0.0077356120691362,9.123024103754376e-05,0.1539528782606859,0.9880478974144512,0.964388906955719,-0.2640862762928009,0.0145692508667707,40.04913330078125,-19.26274108886719,7.537460327148438,-1,2,5446
2025-11-20T22:20:28.155+01:00,7316,630590.42043725,0.3169412731170532,0.0032125139099391,-0.0145778897591694,0.0893716886639595,0.092194065451622,0.1174357160925865,0.0407387018203735,-0.2459474205970764,-0.1067365407943726,XArbitraryCorrectedZVertical,-0.0074510137097065,0.0004358437923079,0.1577922395361175,0.98744409403302,0.9622976779937744,-0.2715696096420288,0.0152600556612014,39.58123779296875,-19.71992492675781,7.685531616210938,-1,2,5447
2025-11-20T22:20:28.190+01:00,7317,630590.45535325,0.3196678626222881,0.0067269192581759,-0.0089221221122289,0.1426850557327271,0.0708288103342056,0.0836355313658714,0.1069204807281494,-0.1663866937160492,0.0145186185836792,XArbitraryCorrectedZVertical,-0.004939461953786,0.0026105582189179,0.1591369527694238,0.9872407552443004,0.9614846110343932,-0.2741192281246185,0.0201493110507726,39.20269775390625,-19.715576171875,7.80657958984375,-1,2,5448
2025-11-20T22:20:28.224+01:00,7318,630590.4902691251,0.3192581095653922,0.0073183362750395,-0.008433538345967,-0.0959844291210174,-0.0218755844980478,-0.1688071638345718,-0.051091730594635,-0.0504392087459564,0.0608088970184326,XArbitraryCorrectedZVertical,-0.0047447434548797,0.0029423489649899,0.158934266543081,0.987273454590352,0.9615837931632996,-0.2737185060977936,0.0208560694009065,38.8427734375,-19.63252258300781,7.823394775390625,-1,2,5449
2025-11-20T22:20:28.260+01:00,7319,630590.5251851251,0.3105058959143968,0.0076364436246856,-0.0131852687834209,-0.1594610810279846,0.0745964869856834,-0.2546782791614532,-0.0289766788482666,0.1315043270587921,0.085081934928894,XArbitraryCorrectedZVertical,-0.0071036440501127,0.0027528025177046,0.1546006560772032,0.9879476499844564,0.963943600654602,-0.265354335308075,0.0199901349842548,38.951171875,-19.41331481933594,8.14630126953125,-1,2,5450
2025-11-20T22:20:28.294+01:00,7320,630590.560102125,0.3036348833826075,0.0094931999143665,-0.0190419061583361,-0.1570649743080139,0.0066218497231602,-0.1290069818496704,0.042186439037323,0.1923883855342865,0.1543440818786621,XArbitraryCorrectedZVertical,-0.0101290097037835,0.0032519109830853,0.1511816866707745,0.988448762120711,0.9657175540924072,-0.2587946057319641,0.0203690752387046,38.80352783203125,-19.05929565429688,7.934707641601562,-1,2,5451
2025-11-20T22:20:28.330+01:00,7321,630590.595018125,0.2994148618885947,0.0078416410619272,-0.0226961786467475,-0.0428122878074646,-0.0798062905669212,-0.1502077430486679,0.0049017071723937,0.176341712474823,0.1089168787002563,XArbitraryCorrectedZVertical,-0.011805577369573,0.0021842006283971,0.1490940925580277,0.988750158419478,0.9668389558792114,-0.2547565996646881,0.0179294347763061,38.88616943359375,-18.88336181640625,7.87432861328125,-1,2,5452
2025-11-20T22:20:28.371+01:00,7322,630590.629934125,0.2928157884707445,0.0054529470512935,-0.020740958735688,0.1569140553474426,-0.0446615405380725,-0.2104772329330444,0.0368679165840148,0.1661059707403183,0.0945804119110107,XArbitraryCorrectedZVertical,-0.0106570394687623,0.0011842871137603,0.1458490462134694,0.9892487514176964,0.9685336351394652,-0.2483507841825485,0.016259416937828,38.6728515625,-18.62901306152344,7.882339477539062,-1,2,5453
2025-11-20T22:20:28.399+01:00,7323,630590.6648501251,0.2861902982308808,0.0038519747525186,-0.0140539320454506,0.2030613422393799,-0.0514241307973861,-0.184884324669838,0.0789287686347961,0.0634438544511795,0.1497176885604858,XArbitraryCorrectedZVertical,-0.0072297289311571,0.0009041676392344,0.1425901323462954,0.9897549627321656,0.9701738953590392,-0.2418495565652847,0.0164656769484281,38.73858642578125,-18.31303405761719,8.059585571289062,-1,2,5454
2025-11-20T22:20:28.434+01:00,7324,630590.6997661251,0.2791181043448002,0.0020338821588554,-0.0080606909018064,0.1429421603679657,-0.038753867149353,-0.2173881828784943,0.0785920619964599,0.031974971294403,0.1565959453582764,XArbitraryCorrectedZVertical,-0.0041326094316488,0.0004464000952259,0.1391012149520537,0.9902693852940172,0.9718838334083556,-0.2349015176296234,0.0162097532302141,38.61810302734375,-18.02626037597656,8.013351440429688,-1,2,5455
2025-11-20T22:20:28.469+01:00,7325,630590.734682125,0.2718723195604669,0.0010392590380256,-0.0053216347543676,0.0057099689729511,-0.0161979626864194,-0.1896218061447144,0.082776129245758,0.0435025095939636,0.1414686441421509,XArbitraryCorrectedZVertical,-0.0027066864778141,0.0001542461393503,0.1355160274256767,0.9907714337310396,0.9735744595527648,-0.2278133630752563,0.0159257892519235,38.6322021484375,-17.19677734375,7.846389770507812,-1,2,5456
2025-11-20T22:20:28.504+01:00,7326,630590.769599125,0.2667864791088304,0.0005518542150254,-0.0072689513700376,-0.1154132559895515,-0.0069837761111557,-0.090921327471733,0.0793643593788147,0.0400263518095016,0.1147011518478394,XArbitraryCorrectedZVertical,-0.0036388775040564,-0.0002099028394705,0.1329961175193906,0.9911098717069552,0.974727988243103,-0.2228876501321793,0.0150443091988563,38.45263671875,-17.06147766113281,7.79986572265625,-1,2,5457
2025-11-20T22:20:28.539+01:00,7327,630590.804515125,0.2648837089538273,0.0002933231189813,-0.0127707525905223,-0.1899858117103577,-0.009830642491579,-0.0393402650952339,-0.0145525336265564,0.0271699279546737,0.0663663148880004,XArbitraryCorrectedZVertical,-0.0063487793150964,-0.0006978408588585,0.1320513762939453,0.9912223391413438,0.9751543998718262,-0.2211091369390488,0.0135896848514676,38.262939453125,-17.01869201660156,7.960037231445312,-1,2,5458
2025-11-20T22:20:28.577+01:00,7328,630590.8394311251,0.2633840855287158,0.0006540609625103,-0.0190702818450828,-0.1483010053634644,0.0327915884554386,-0.0569652616977691,-0.0757002234458923,0.0170284509658813,0.0207487363368272,XArbitraryCorrectedZVertical,-0.0094953741102651,-0.0009278725265458,0.1313026471233286,0.9912964728988112,0.9754805564880372,-0.2197262048721313,0.0125764477998018,38.16033935546875,-16.9390869140625,7.837509155273438,-1,2,5459
2025-11-20T22:20:28.612+01:00,7329,630590.8743471251,0.2610480842746721,0.0020511099828338,-0.0230659379720621,-0.0631559491157531,0.0338047742843627,-0.081704594194889,-0.0586915612220764,-0.0260520875453949,0.0307695865631103,XArbitraryCorrectedZVertical,-0.0115680787818373,-0.000484261353241,0.1301332922693443,0.991428917742078,0.975973665714264,-0.2174934148788452,0.0131147252395749,38.25750732421875,-16.80780029296875,7.97955322265625,-1,2,5460
2025-11-20T22:20:28.651+01:00,7330,630590.909263125,0.2584674054468836,0.0023141602665226,-0.0244171537674553,-0.0195199102163314,-0.0051452703773975,-0.0510004311800003,-0.0371205806732177,-0.049140065908432,0.0673497915267944,XArbitraryCorrectedZVertical,-0.0122555666166955,-0.0004259859063012,0.1288505739753177,0.991588202417936,0.9765278697013856,-0.2149895280599594,0.013140351511538,38.0001220703125,-16.78233337402344,7.917068481445312,-1,2,5461
2025-11-20T22:20:28.679+01:00,7331,630590.944180125,0.2568661933284559,0.0015960868779114,-0.0239474359346566,0.0325147621333599,-0.0279265455901622,-0.0326868556439876,-0.0521205067634582,-0.0565070658922195,0.0920054912567138,XArbitraryCorrectedZVertical,-0.0119770182938505,-0.0007421463455917,0.1280615983273599,0.99169365982287,0.9768794178962708,-0.2134208977222443,0.0125781837850809,37.981689453125,-16.90957641601562,7.726150512695312,-1,2,5462
2025-11-20T22:20:28.713+01:00,7332,630590.979096125,0.2553201077890596,-2.291083017307451e-05,-0.0229593161058807,0.0387844033539295,-0.0562454424798488,-0.0555418357253074,-0.0287862420082092,-0.1151877045631409,0.0988500118255615,XArbitraryCorrectedZVertical,-0.0113845336122045,-0.0014728456166105,0.1273053246659654,0.9917971898540058,0.9772267937660216,-0.2118996679782867,0.0112421559169888,38.02606201171875,-16.867919921875,7.9971923828125,-1,2,5463
2025-11-20T22:20:28.749+01:00,7333,630591.0140121251,0.2532274143143388,-0.002768390342456,-0.0206368707923084,0.0702797546982765,-0.0948147550225257,-0.0429900810122489,-0.0417371988296508,-0.1074938327074051,0.1019307374954224,XArbitraryCorrectedZVertical,-0.0100608662047275,-0.0026759846868152,0.126283014777884,0.9919395995958652,0.9776959419250488,-0.2098278850317001,0.0090921027585864,37.83514404296875,-16.84194946289062,7.623306274414062,-1,2,5464
2025-11-20T22:20:28.783+01:00,7334,630591.0489281251,0.2520457081862684,-0.006918658885496,-0.0193836971961946,0.0050751492381095,-0.1192127838730812,0.0047806263901293,-0.0576862096786499,-0.0962891280651092,0.1147382259368896,XArbitraryCorrectedZVertical,-0.0091800007141191,-0.0046498656415271,0.1257161534788057,0.9920128281495684,0.9779741168022156,-0.2086576968431473,0.0053179012611508,37.8848876953125,-16.72775268554688,7.511093139648438,-1,2,5465
2025-11-20T22:20:28.818+01:00,7335,630591.083844125,0.2529371751850171,-0.0089147933134698,-0.0176954156652123,0.0923689231276512,0.0076868599280714,0.0308018885552883,-0.0544142127037048,-0.1205695569515228,0.0855900049209594,XArbitraryCorrectedZVertical,-0.0082146483972299,-0.0055375606991456,0.1261646553725808,0.9919598824928684,0.9777998328208924,-0.209508553147316,0.003704382572323,37.75482177734375,-16.77700805664062,7.619979858398438,-1,2,5466
2025-11-20T22:20:28.853+01:00,7336,630591.118760125,0.2535606321034881,-0.0086980641320965,-0.013362487893076,0.1420224606990814,-0.0309721790254116,0.051813781261444,-0.0187528133392334,-0.1421410739421844,0.1190083026885986,XArbitraryCorrectedZVertical,-0.0060776275783146,-0.005158786290587,0.1264657701797519,0.9919389037482436,0.9776760339736938,-0.2100622355937958,0.0048167780041694,37.4901123046875,-16.48976135253906,7.751800537109375,-1,2,5467
2025-11-20T22:20:28.890+01:00,7337,630591.153677125,0.2593485746783209,-0.0111387883980342,-0.0086546991708502,0.1166257038712502,-0.0486426204442977,0.2142010480165482,-0.0814449787139892,-0.0940406620502471,0.0859712362289428,XArbitraryCorrectedZVertical,-0.0035707629455365,-0.0060821174389194,0.1293318454517975,0.9915763506290796,0.976464569568634,-0.2156517207622528,0.0033842208795249,37.369384765625,-16.49053955078125,7.945098876953125,-1,2,5468
2025-11-20T22:20:28.923+01:00,7338,630591.1885931251,0.260686295654348,-0.0093872378926473,-0.0042357863255288,0.1393464654684067,0.1030051708221436,-0.1814564317464828,0.0469250082969665,-0.206126868724823,-0.0083637237548828,XArbitraryCorrectedZVertical,-0.001489856476812,-0.0049290456384637,0.1299825181515148,0.9915029322780936,0.9761767387390136,-0.2168924957513809,0.0060443920083343,37.23468017578125,-16.60496520996094,7.651947021484375,-1,2,5469
2025-11-20T22:20:28.958+01:00,7339,630591.2235091251,0.250389653636416,-0.0077410402354499,-0.001493832451593,-0.0179068706929683,-0.0040762810967862,-0.2992826998233795,0.1988035440444946,-0.0606829077005386,-0.0261579751968383,XArbitraryCorrectedZVertical,-0.0002577618604323,-0.003933481481267,0.1248699341061607,0.9921653040485532,0.9783509373664856,-0.2067883610725403,0.008244140073657,37.17657470703125,-16.26921081542969,8.120712280273438,-1,2,5470
2025-11-20T22:20:28.993+01:00,7340,630591.258425125,0.2447892117860845,-0.0047732664878135,-0.0034464807302603,-0.0392992049455642,0.196411520242691,-0.0348292700946331,0.0375963449478149,0.2250491678714752,-0.1034393310546875,XArbitraryCorrectedZVertical,-0.0014189616774176,-0.0025791614988072,0.1220927883320204,0.9925144259286012,0.9794631004333496,-0.201336994767189,0.0107574248686432,37.3370361328125,-16.15486145019531,8.17559814453125,-1,2,5471
2025-11-20T22:20:29.028+01:00,7341,630591.293341125,0.2436857553170813,0.001897149577773,-0.0038015572790745,-0.043397843837738,0.1450913101434708,-0.0352661237120628,0.0287860035896301,0.1623587757349014,-0.0542414188385009,XArbitraryCorrectedZVertical,-0.0020019758308467,0.0007105170247913,0.121539553804486,0.9925844022667426,0.979591190814972,-0.2002616226673126,0.017223572358489,37.1141357421875,-16.17196655273438,8.512741088867188,-1,2,5472
2025-11-20T22:20:29.062+01:00,7342,630591.328257125,0.2427824781907414,0.004584582310805,-0.0064845996336275,-0.0733923763036727,0.0178150683641433,0.008898539468646,0.0566070079803466,0.1349946111440659,-0.0600663423538208,XArbitraryCorrectedZVertical,-0.0034960051992751,0.0018827892952231,0.1210849838543882,0.9926342803663354,0.9797241687774658,-0.1994171887636185,0.0193252805620431,37.14056396484375,-16.24441528320312,8.624588012695312,-1,2,5473
2025-11-20T22:20:29.098+01:00,7343,630591.3631741251,0.2427905206447573,0.0045559471385696,-0.0064702694333282,0.0659978836774826,-0.0044390335679054,-0.0351933352649211,-0.0636311173439025,0.1470109820365906,-0.1091741323471069,XArbitraryCorrectedZVertical,-0.0034871672058017,0.0018694309554006,0.1210890577774217,0.9926337260513332,0.9797229170799256,-0.1994248628616333,0.0192997958511114,37.11083984375,-16.24882507324219,8.615463256835938,-1,2,5474
2025-11-20T22:20:29.132+01:00,7344,630591.3980901251,0.2401901995314374,0.004460710121627,-0.0046543700738846,0.0339513830840587,-0.0159007329493761,-0.0758536458015441,-0.0398237705230712,0.1028855741024017,-0.0662137269973754,XArbitraryCorrectedZVertical,-0.0025776253154378,0.0019354712487648,0.1198008428668221,0.992792748506702,0.9802381992340088,-0.1968491524457932,0.0195829030126333,37.0224609375,-16.37825012207031,8.674514770507812,-1,2,5475
2025-11-20T22:20:29.171+01:00,7345,630591.433006125,0.2368404065872719,0.0016156551883949,-0.004337774189207,-0.0134935621172189,-0.141369640827179,-0.1124314367771149,0.0125410556793212,0.06157086789608,-0.0769760608673095,XArbitraryCorrectedZVertical,-0.0022491342584598,0.0005459281189203,0.118141560392065,0.9929941195406838,0.980943500995636,-0.1935594081878662,0.0168716553598642,36.980712890625,-16.31690979003906,8.951141357421875,-1,2,5476
2025-11-20T22:20:29.202+01:00,7346,630591.467922125,0.2312609612457315,-0.0038318379409604,-0.0054224922934201,-0.044002242386341,-0.156080424785614,-0.196982279419899,-0.0629865527153015,0.1271103918552399,-0.0958921909332275,XArbitraryCorrectedZVertical,-0.0024720885681451,-0.0022159204295735,0.1153775084870493,0.9933161430982196,0.982084333896637,-0.1880997121334076,0.0113432426005601,37.11181640625,-16.05442810058594,8.387588500976562,-1,2,5477
2025-11-20T22:20:29.237+01:00,7347,630591.502839375,0.2256125127608122,-0.0090992389267542,-0.0069506311287806,-0.0512509867548942,-0.1485492587089539,-0.1160405278205872,0.0447947978973388,0.0916304439306259,-0.1295841932296753,XArbitraryCorrectedZVertical,-0.0029410513264145,-0.0049118613888273,0.1125810284102011,0.9936260373388468,0.983174443244934,-0.1825727671384811,0.0059116971679031,37.08184814453125,-15.79440307617188,8.36907958984375,-1,2,5478
2025-11-20T22:20:29.272+01:00,7348,630591.537755375,0.2227855134695533,-0.0130587086954953,-0.0082363659642302,5.630054511129856e-05,-0.0461592711508274,-0.0562990196049213,-0.0236011147499084,0.1521172672510147,-0.1618039608001709,XArbitraryCorrectedZVertical,-0.0033667523858918,-0.0069465623560322,0.1111859417333755,0.993769651004912,0.9836993217468262,-0.1798119246959686,0.0018003457225859,37.14794921875,-15.71009826660156,8.429595947265625,-1,2,5479
2025-11-20T22:20:29.307+01:00,7349,630591.572671375,0.2206581637481085,-0.0128714212778316,-0.0058907445414441,0.1128690615296364,0.0298121850937604,-0.0366140231490135,0.0322270393371582,0.1277728080749512,-0.1349821090698242,XArbitraryCorrectedZVertical,-0.0022188008449807,-0.0067208031392469,0.1101214683958081,0.9938929538222504,0.9840845465660096,-0.1776842623949051,0.0024137224536389,37.24871826171875,-15.72950744628906,8.393875122070312,-1,2,5480
2025-11-20T22:20:29.342+01:00,7350,630591.607588375,0.2217948942932385,-0.0119407976102371,-0.0019748207729185,0.101202592253685,0.0282965265214443,0.0829638764262199,0.043654441833496,0.0870827585458755,-0.0918091535568237,XArbitraryCorrectedZVertical,-0.0003205857400198,-0.0060429608969681,0.1106741177802845,0.9938382742284688,0.9838875532150269,-0.1787422448396683,0.004025234375149,37.0743408203125,-15.80889892578125,8.314651489257812,-1,2,5481
2025-11-20T22:20:29.377+01:00,7351,630591.6425043751,0.2239871577679154,-0.01115528975233,0.0017162342094039,0.1167697608470917,0.0210093110799789,0.0466689653694629,0.0493393540382385,0.0321269333362579,-0.0968660116195678,XArbitraryCorrectedZVertical,0.001476079878592,-0.0054467704334155,0.1117530775545405,0.9937199628451998,0.9834973812103271,-0.1808390617370605,0.0054658451117575,37.0853271484375,-15.81842041015625,8.29681396484375,-1,2,5482
2025-11-20T22:20:29.412+01:00,7352,630591.677420375,0.2251424530746547,-0.0106377668192538,0.0056826192071905,0.1173637136816978,0.0145615981891751,0.0121332891285419,0.058775782585144,0.0042351186275482,-0.1019917726516724,XArbitraryCorrectedZVertical,0.003420766328277,-0.0049660020575116,0.1123165666892952,0.9936541367323012,0.983292520046234,-0.1819083988666534,0.0067005730234086,36.9705810546875,-15.64781188964844,8.597396850585938,-1,2,5483
2025-11-20T22:20:29.449+01:00,7353,630591.712336375,0.2264213670138364,-0.0090297802885942,0.0101813032512266,0.1343203186988831,0.0841463506221771,0.087598480284214,0.0651785135269165,0.0158349871635437,-0.1136375665664673,XArbitraryCorrectedZVertical,0.0055680248824855,-0.003910837277279,0.1129435577818542,0.99357809461027,0.9830544590950012,-0.1830865144729614,0.0091147907078266,36.91387939453125,-15.81805419921875,9.013427734375,-1,2,5484
2025-11-20T22:20:29.481+01:00,7354,630591.747252375,0.2311765270348344,-0.0058713882634589,0.0138871948387934,0.0621251538395881,0.0962266027927398,0.1893926411867142,0.0349928736686706,0.0252908021211624,-0.0886211395263671,XArbitraryCorrectedZVertical,0.007235746319727,-0.0021152276067979,0.1153075192593069,0.99330125302084,0.982142686843872,-0.1876900494098663,0.0129680903628468,36.8880615234375,-15.941650390625,9.1776123046875,-1,2,5485
2025-11-20T22:20:29.517+01:00,7355,630591.7821683751,0.2390090512421708,-0.0027584589902859,0.0151999825053841,0.0460148938000202,0.0705510824918746,0.2436722218990326,0.0735264420509338,-0.0526810735464096,-0.1223649978637695,XArbitraryCorrectedZVertical,0.0077101344838579,-0.0004632890718511,0.1192063200746933,0.992839438511634,0.980596363544464,-0.1953504830598831,0.016392633318901,36.6932373046875,-16.13121032714844,9.383270263671877,-1,2,5486
2025-11-20T22:20:29.551+01:00,7356,630591.8170853751,0.2473158247131218,-0.0018247219383776,0.0182232704148454,0.1238537281751633,0.0032945203129202,0.2414619624614716,0.0086407661437988,-0.0127423852682113,-0.1326742172241211,XArbitraryCorrectedZVertical,0.0091544595001887,0.0002184839078665,0.1233295852603308,0.9923235091827424,0.9789232611656188,-0.2034288495779037,0.0180501099675893,36.42877197265625,-16.41598510742188,9.472305297851562,-1,2,5487
2025-11-20T22:20:29.586+01:00,7357,630591.852001375,0.2568748868859305,-0.0026767692182065,0.0222896261158616,0.0892456397414207,-0.0412774793803691,0.3077919781208038,-0.009739875793457,-0.0502626448869705,-0.1210399866104126,XArbitraryCorrectedZVertical,0.01122419321827,0.0001001704636464,0.1280617536472949,0.991702656723915,0.976948618888855,-0.212691992521286,0.018256714567542,36.27435302734375,-17.07345581054688,9.791412353515623,-1,2,5488
2025-11-20T22:20:29.621+01:00,7358,630591.886917375,0.2691344356430281,-0.0051609926241969,0.024297639818907,0.0376971922814846,-0.108940914273262,0.4218959808349609,0.0676985383033752,-0.1535982489585876,-0.1388605833053589,XArbitraryCorrectedZVertical,0.0123848282604531,-0.0009271181296328,0.1341200301503065,0.990887350578552,0.9743090271949768,-0.2246061116456985,0.0165613759309053,36.10986328125,-17.3592529296875,9.589508056640623,-1,2,5489
2025-11-20T22:20:29.656+01:00,7359,630591.921833375,0.2846888136188425,-0.0120849933953615,0.0241642017193965,-0.0671737194061279,-0.1988998502492905,0.3516777157783508,-0.2100591659545898,-0.0774086415767669,-0.118897557258606,XArbitraryCorrectedZVertical,0.0128165411958932,-0.0042669661590178,0.1417789914202774,0.989806145932036,0.9707859754562378,-0.2397299855947495,0.0101938974112272,35.93756103515625,-18.08763122558594,9.691162109375,-1,2,5490
2025-11-20T22:20:29.691+01:00,7360,630591.9567493751,0.2892898858305337,-0.0172904356894301,0.0206744691092007,-0.119263581931591,-0.0735456347465515,-0.005366378929466,-0.1589526534080505,-0.1090804487466812,-0.1096706390380859,XArbitraryCorrectedZVertical,0.0114747686622651,-0.0070644353591306,0.1440395677929412,0.9894801983954508,0.969697892665863,-0.2442672848701477,0.0044154273346066,35.655517578125,-18.21322631835938,9.275955200195312,-1,2,5491
2025-11-20T22:20:29.730+01:00,7361,630591.9916653751,0.2898061319749028,-0.0166055200033125,0.0186943776101331,-0.0153720406815409,0.0553974658250808,0.0294883735477924,-0.0056779384613037,-0.0364866703748703,-0.0299676656723022,XArbitraryCorrectedZVertical,0.0104475981579676,-0.0068656573526351,0.1443084220067678,0.9894538816164796,0.9695605039596558,-0.2448091059923172,0.0046075535938143,35.63177490234375,-18.28890991210938,9.51751708984375,-1,2,5492
2025-11-20T22:20:29.761+01:00,7362,630592.026582375,0.2896903462823527,-0.0181606752264974,0.0145820728302258,-0.2179445624351501,-0.1651662737131119,-0.0222654528915882,-0.0304132103919982,0.005216971039772,0.0928341150283813,XArbitraryCorrectedZVertical,0.0085249205726394,-0.0079325582073955,0.144263919177394,0.9894707981836042,0.9695764780044556,-0.244779959321022,0.0020907886791974,35.48919677734375,-18.31373596191406,9.666519165039062,-1,2,5493
2025-11-20T22:20:29.796+01:00,7363,630592.061498375,0.2896674979740284,-0.0256365588260067,0.006664222186208,-0.2071631997823715,-0.1956339478492737,0.0418111197650432,-0.0267413258552551,0.0808588862419128,0.0450904369354248,XArbitraryCorrectedZVertical,0.0051469210527914,-0.0122027765702618,0.1442729954897459,0.9894493243244024,0.9695208072662354,-0.244906097650528,-0.0070961024612188,35.558837890625,-18.48728942871094,9.104446411132812,-1,2,5494
2025-11-20T22:20:29.831+01:00,7364,630592.096414375,0.2908198721630139,-0.0285285562921068,-0.000297304741637,-0.1907112449407578,0.0397318750619888,0.0169491916894912,-0.1423520445823669,0.1382000744342804,0.0714264512062072,XArbitraryCorrectedZVertical,0.0019197269857632,-0.0141347989468044,0.1448853979628827,0.9893456809168918,0.969164788722992,-0.246140718460083,-0.0115967504680156,35.47430419921875,-18.67121887207031,8.951202392578125,-1,2,5495
2025-11-20T22:20:29.866+01:00,7365,630592.1313303751,0.2898230136126857,-0.0257851215757418,-0.0059511432614123,-0.1480135023593903,0.0570337027311325,-0.0569629184901714,0.0295909643173217,0.0428383350372314,0.1118924021720886,XArbitraryCorrectedZVertical,-0.0010824461127659,-0.0131866701295786,0.1444301786433129,0.9894265698040104,0.9694019556045532,-0.2452613860368729,-0.0103299226611852,35.5665283203125,-18.8267822265625,9.198593139648438,-1,2,5496
2025-11-20T22:20:29.900+01:00,7366,630592.1662463751,0.2882570443439235,-0.0256351199705698,-0.0114132485734174,-0.1319520324468613,-0.0153669696301221,-0.020108425989747,0.0261278748512268,0.1160120815038681,0.1247976422309875,XArbitraryCorrectedZVertical,-0.0038060540268859,-0.0135036768426408,0.1436882831818789,0.9895235920990112,0.9697522521018982,-0.2438196688890457,-0.0115163894370198,35.40289306640625,-18.758544921875,9.103271484375,-1,2,5497
2025-11-20T22:20:29.936+01:00,7367,630592.201162375,0.2879543836954742,-0.0246461476988671,-0.0125642597731408,0.061068944633007,0.0752539634704589,-0.0117472996935248,0.0274081826210022,0.1051747351884842,0.0901817679405212,XArbitraryCorrectedZVertical,-0.0044485784031031,-0.0130963071518839,0.1435431651127399,0.989547407199562,0.9698299169540404,-0.2435413897037506,-0.0108361029997468,35.39739990234375,-18.76652526855469,9.202468872070312,-1,2,5498
2025-11-20T22:20:29.971+01:00,7368,630592.236078375,0.2858881454208667,-0.0223323425991355,-0.0090433056220022,0.1157216131687164,0.0382873751223087,-0.0953890830278396,0.0328317284584045,0.0602304637432098,0.1280587315559387,XArbitraryCorrectedZVertical,-0.0028845830901096,-0.0116960456932201,0.1424974089484952,0.9897218712990442,0.9703725576400756,-0.241489589214325,-0.0077279401011765,35.3345947265625,-18.89776611328125,9.379608154296877,-1,2,5499
2025-11-20T22:20:30.011+01:00,7369,630592.270995375,0.2828592717097769,-0.0212540950929505,-0.0045178295640597,0.1316806823015213,0.0410472750663757,-0.0904740169644355,0.0155181884765625,0.048512116074562,0.1368014812469482,XArbitraryCorrectedZVertical,-0.0007382906435629,-0.0108391113736675,0.1409740578468373,0.9899537400887944,0.97113037109375,-0.2384840101003647,-0.0055912206880748,35.25054931640625,-18.63102722167969,9.32867431640625,-1,2,5500
2025-11-20T22:20:30.040+01:00,7370,630592.3059113751,0.2785049336926967,-0.0195548840225278,-0.0009958780254049,0.0586472116410732,0.0565029308199882,-0.1586224585771561,0.0325770378112793,0.0196758210659027,0.1465956568717957,XArbitraryCorrectedZVertical,0.0008640195107748,-0.0097517527587809,0.1388010188665948,0.9902719528766828,0.9721837043762208,-0.2341990917921066,-0.0031173094175755,35.296875,-18.53611755371094,9.648468017578123,-1,2,5501
2025-11-20T22:20:30.075+01:00,7371,630592.3408273751,0.2725755942807492,-0.0176995893339631,0.0001396624423148,-0.0037853091489523,0.0438017770648002,-0.1577689051628113,0.0323109030723571,0.0419050604104995,0.1261339783668518,XArbitraryCorrectedZVertical,0.0012715541356424,-0.0087581307739435,0.1358603525402758,0.9906884183391036,0.973563551902771,-0.2284131646156311,-0.0010730163194239,35.25238037109375,-18.40797424316406,9.942886352539062,-1,2,5502
2025-11-20T22:20:30.110+01:00,7372,630592.375743375,0.2686768516480105,-0.0158361663264335,-0.0007318619319645,-0.0286859814077615,0.0742329359054565,-0.0767120942473411,-0.0044121742248535,0.0711116194725036,0.0992615222930908,XArbitraryCorrectedZVertical,0.000697872570608,-0.0078956693489282,0.1339333918958082,0.9909586262599728,0.9744438529014589,-0.2246302664279938,0.000530973135028,35.35772705078125,-18.34225463867188,9.790863037109377,-1,2,5503
2025-11-20T22:20:30.145+01:00,7373,630592.410659375,0.2660816207274843,-0.0134792001858598,-0.0010512007855172,0.0058246701955795,0.0431969724595546,-0.0776562541723251,0.0207852125167846,0.0398245751857757,0.0810046195983886,XArbitraryCorrectedZVertical,0.0003730483298699,-0.0067497100493257,0.1326491682696785,0.9911400173670596,0.9750186204910278,-0.2221060395240784,0.0027508721686899,35.43695068359375,-18.38404846191406,9.703399658203123,-1,2,5504
2025-11-20T22:20:30.180+01:00,7374,630592.445575375,0.2638549439082488,-0.0130937481280151,0.0001269450368619,0.0528533197939395,-0.0080675613135099,-0.0273382551968097,-0.0064273476600646,0.0554108768701553,0.0647640228271484,XArbitraryCorrectedZVertical,0.0009241226108622,-0.0064815870131207,0.1315418722577837,0.9912890328626268,0.9755129814147948,-0.2199158370494843,0.0033816585782915,35.4918212890625,-18.45661926269531,9.886550903320312,-1,2,5505
2025-11-20T22:20:30.215+01:00,7375,630592.4804923751,0.2655674776152022,-0.0133865575156126,0.0024237893279122,0.081810787320137,0.0028420616872608,0.1270850896835327,-0.0364067554473877,0.0328122973442077,0.0705934762954711,XArbitraryCorrectedZVertical,0.0020873414498901,-0.0064738610830212,0.1323827883809122,0.9911752862614152,0.9751425981521606,-0.2215482145547867,0.0036099918652325,35.44451904296875,-18.52163696289062,10.16035461425781,-1,2,5506
2025-11-20T22:20:30.250+01:00,7376,630592.515406625,0.2711269165301832,-0.0133043904662002,0.0057054380266407,0.0936689674854278,-0.0106292506679892,0.1660890132188797,-0.0937939882278442,-0.0222819596529007,0.0869050025939941,XArbitraryCorrectedZVertical,0.0037255045504122,-0.0062055560921594,0.1351262764441108,0.990801963716074,0.973905622959137,-0.2269092798233032,0.0044646109454333,35.09979248046875,-18.69841003417969,10.05570983886719,-1,2,5507
2025-11-20T22:20:30.290+01:00,7377,630592.5503226251,0.2763095120032277,-0.0146132396805369,0.0082292840754897,0.0553582906723022,-0.0667029097676277,0.1197228282690048,-0.1357703804969788,-0.1030071526765823,0.0992975234985351,XArbitraryCorrectedZVertical,0.0050815353573709,-0.0066702412451718,0.1376810693279404,0.9904411147220534,0.9727301597595216,-0.2319079488515854,0.0038213229272514,34.980224609375,-19.11286926269531,10.07884216308594,-1,2,5508
2025-11-20T22:20:30.319+01:00,7378,630592.5852386251,0.2795298263859444,-0.0179932636431584,0.0084701099802658,-0.0416751652956008,-0.1211717650294304,0.0746357440948486,-0.1586018800735474,-0.1423766016960144,0.1072959899902344,XArbitraryCorrectedZVertical,0.0054468710379093,-0.0083187420787725,0.1392657033424831,0.990205161864554,0.9719868898391724,-0.2350342571735382,0.0006294220802374,34.90081787109375,-19.44003295898438,10.1884765625,-1,2,5509
2025-11-20T22:20:30.355+01:00,7379,630592.620154625,0.2825432486444764,-0.0222982356240127,0.0058280029219235,-0.0986916124820709,-0.1243859902024269,0.1080174818634987,-0.2054919004440308,-0.1187875121831894,0.087883174419403,XArbitraryCorrectedZVertical,0.0044545690474812,-0.0106275003173126,0.1407606719107879,0.9899765843574804,0.9712541103363036,-0.2380086928606033,-0.0041429623961448,35.13824462890625,-19.65809631347656,9.946487426757812,-1,2,5510
2025-11-20T22:20:30.389+01:00,7380,630592.655070625,0.2865426058275675,-0.0273802322117557,0.00144648869555,-0.1433006078004837,-0.1716221272945404,0.120239794254303,-0.1892877221107483,-0.155862107872963,0.0649752616882324,XArbitraryCorrectedZVertical,0.0026704027211721,-0.0134461665542914,0.1427584379267123,0.9896626482604504,0.9702324867248536,-0.2419650107622147,-0.0100894458591938,35.07666015625,-19.85829162597656,9.658004760742188,-1,2,5511
2025-11-20T22:20:30.424+01:00,7381,630592.689986625,0.2906641714859804,-0.0338589061432924,-0.0048291905782401,-0.1945509910583496,-0.1848335564136505,0.1326135545969009,-0.1691171526908875,-0.2271912395954132,0.0402474999427795,XArbitraryCorrectedZVertical,6.282067596539974e-05,-0.0170997647572075,0.1448402883203069,0.989307305589472,0.969089686870575,-0.2460600584745407,-0.0178781934082508,34.94287109375,-20.23149108886719,9.553512573242188,-1,2,5512
2025-11-20T22:20:30.459+01:00,7382,630592.7249036251,0.2958424175680636,-0.0387331476448106,-0.0105161796347459,-0.0973372086882591,-0.0953454747796058,0.1508456021547318,-0.143521785736084,-0.2216835021972656,0.003449197858572,XArbitraryCorrectedZVertical,-0.0023455968215594,-0.0199284201636167,0.1474533900210273,0.988865507623492,0.9676491022109984,-0.2511558830738068,-0.0240028575062751,35.07666015625,-20.69575500488281,9.098464965820312,-1,2,5513
2025-11-20T22:20:30.494+01:00,7383,630592.7598196251,0.2984915815218881,-0.0426123351764712,-0.0126288690177912,-0.0511148534715175,-0.1555731147527695,0.0239337310194969,-0.0349416136741638,-0.2956459224224091,0.042359173297882,XArbitraryCorrectedZVertical,-0.0030750200526992,-0.0220059928036443,0.1487886702135243,0.9886193279111716,0.9668567776679992,-0.2537467181682587,-0.0282905660569667,35.1510009765625,-20.86990356445312,8.979049682617188,-1,2,5514
2025-11-20T22:20:30.532+01:00,7384,630592.794735625,0.3013569275784314,-0.0475414006591937,-0.014329180942603,-4.862225614488125e-05,-0.080600656569004,0.1475948244333267,-0.0456656217575073,-0.214271605014801,0.0144944190979003,XArbitraryCorrectedZVertical,-0.0035135831626714,-0.0245737040273713,0.1502310378275526,0.9883392750304274,0.9659536480903624,-0.2565383017063141,-0.0334916785359382,35.5421142578125,-21.26600646972656,8.437606811523438,-1,2,5515
2025-11-20T22:20:30.566+01:00,7385,630592.829651625,0.3042646106732928,-0.0437286550662907,-0.0118975842131152,0.1755772680044174,0.3006380498409271,-0.0678665414452552,-0.0176432728767395,-0.1756508946418762,-0.0356180667877197,XArbitraryCorrectedZVertical,-0.0025655125296219,-0.0225109895370786,0.1516358001909978,0.9881767570120914,0.965351402759552,-0.2593161165714264,-0.0291860271245241,35.31585693359375,-21.34788513183594,8.6732177734375,-1,2,5516
2025-11-20T22:20:30.599+01:00,7386,630592.864567625,0.29538365000142,-0.0339334178968431,-0.005822204077559,0.0752612426877021,0.1619054228067398,-0.4009618759155273,0.2802150845527649,-0.1930034756660461,0.0888906121253967,XArbitraryCorrectedZVertical,-0.0003823777461479,-0.0172094443552065,0.1471825240558487,0.988959577364494,0.9679080843925476,-0.2506457567214966,-0.0181814637035131,35.5830078125,-21.2896728515625,9.407699584960938,-1,2,5517
2025-11-20T22:20:30.634+01:00,7387,630592.8994836251,0.2826886817706435,-0.0300900949294749,-0.0075229486036313,-0.1481977999210358,0.129432737827301,-0.2812667489051819,0.0826640725135803,0.2192890495061874,0.0417742729187011,XArbitraryCorrectedZVertical,-0.0016041691335355,-0.0154241766011667,0.1409132582329287,0.9899005088276216,0.9710621237754822,-0.2383625209331512,-0.0148882735520601,35.70867919921875,-20.67941284179688,9.364013671875,-1,2,5518
2025-11-20T22:20:30.669+01:00,7388,630592.9344006251,0.2754369344399042,-0.0251595817318493,-0.011710325097493,-0.0816185176372528,0.1341231912374496,-0.1262042224407196,0.1550968289375305,0.2873420715332031,-0.0431864857673645,XArbitraryCorrectedZVertical,-0.0040723094931041,-0.0132638896305664,0.1373432830084245,0.9904263386066212,0.9728022813796996,-0.2313727736473083,-0.0110585298389196,36.1710205078125,-20.56246948242188,9.460617065429688,-1,2,5519
2025-11-20T22:20:30.704+01:00,7389,630592.969316625,0.2739625156545855,-0.0214438821034404,-0.0139310748687576,-0.0664915218949317,0.0656711012125015,0.0108178928494453,0.1410766839981079,0.1886926740407944,-0.0409899950027465,XArbitraryCorrectedZVertical,-0.0054357844446522,-0.0115721498407221,0.136616104610821,0.9905415036673976,0.9731656908988952,-0.2299676239490509,-0.0079449974000453,36.05865478515625,-20.76631164550781,9.408950805664062,-1,2,5520
2025-11-20T22:20:30.738+01:00,7390,630593.004232625,0.2736247706891368,-0.0209314142636073,-0.0162290356164151,-0.0383291281759738,-0.0184754990041256,-0.0534754283726215,0.0555721521377563,0.1418842822313309,-0.0763341188430786,XArbitraryCorrectedZVertical,-0.0066108625866695,-0.0114740157163903,0.1364581468188104,0.9905573748320292,0.9732363820075988,-0.229668065905571,-0.0079707391560077,36.1776123046875,-20.79151916503906,9.233291625976562,-1,2,5521
2025-11-20T22:20:30.774+01:00,7391,630593.039148625,0.2694032896732014,-0.0211470463752128,-0.0162692746273867,0.0384970195591449,0.0250016506761312,-0.1607524007558823,-0.0274029374122619,0.1275057941675186,-0.0954639911651611,XArbitraryCorrectedZVertical,-0.0066405151862749,-0.0115695647962051,0.13436793577752,0.9908417849807504,0.9741955995559692,-0.2255587726831436,-0.0081432405859231,36.29754638671875,-20.82752990722656,9.218292236328123,-1,2,5522
2025-11-20T22:20:30.811+01:00,7392,630593.0740646251,0.2627125035579287,-0.0192601856653876,-0.0128281203633295,0.1347951292991638,0.0743703320622444,-0.2462074458599091,-0.0347780585289001,0.0814190506935119,-0.0898019075393676,XArbitraryCorrectedZVertical,-0.005097172559567,-0.0103868474061657,0.1310312845217579,0.9913108197323878,0.9757114052772522,-0.2189922779798508,-0.0054739778861403,36.292236328125,-20.66525268554688,8.940475463867188,-1,2,5523
2025-11-20T22:20:30.850+01:00,7393,630593.108980625,0.2505237792472619,-0.0181518298283531,-0.0090067475981038,0.034473780542612,0.002766947960481,-0.4372592866420746,-0.0430708527565002,0.0804151892662048,-0.0348188877105712,XArbitraryCorrectedZVertical,-0.0033340221480029,-0.0095671920250419,0.124968714107177,0.9921089545109592,0.978327751159668,-0.2070325613021851,-0.0034959919285029,36.46258544921875,-20.27778625488281,9.101165771484377,-1,2,5524
2025-11-20T22:20:30.878+01:00,7394,630593.143896625,0.234744491386927,-0.0174836675485458,-0.0087678622586173,-0.0014125832822173,0.0408150292932987,-0.4400278329849243,0.0687259435653686,0.1086373776197433,-0.0806618928909301,XArbitraryCorrectedZVertical,-0.0033299168020795,-0.0091948434662079,0.1171353931380976,0.9930678609705084,0.9814754724502563,-0.1915688514709473,-0.0027121596504002,36.853759765625,-19.59521484375,9.274215698242188,-1,2,5525
2025-11-20T22:20:30.913+01:00,7395,630593.178813625,0.2230915543406375,-0.0153745943950577,-0.008931670227991,-0.0124529125168919,0.0942204967141151,-0.2081753015518188,0.0733782052993774,0.1570365577936172,-0.0967616438865661,XArbitraryCorrectedZVertical,-0.0035822435743583,-0.0081364673115381,0.1113443221838173,0.9937421132216784,0.9836438298225404,-0.1801230609416962,-0.0006046901689842,37.1220703125,-19.34933471679688,9.344879150390623,-1,2,5526
2025-11-20T22:20:30.948+01:00,7396,630593.213729625,0.2187245860075623,-0.0113338509313089,-0.0092524633399526,0.0070692435838282,0.1403469443321228,-0.0542924031615257,0.021459937095642,0.1629374921321869,-0.0889754295349121,XArbitraryCorrectedZVertical,-0.0039800005360386,-0.0061378979338381,0.1091675676363688,0.9939964177053884,0.9844145774841307,-0.1758311241865158,0.0033430976327508,37.1605224609375,-19.13227844238281,9.261398315429688,-1,2,5527
2025-11-20T22:20:30.983+01:00,7397,630593.2486456251,0.219421101887667,-0.0056850355084102,-0.0073030227150368,0.0948646888136863,0.1550731509923935,0.0682050436735153,0.0553981661796569,0.0733997076749801,-0.0873520374298095,XArbitraryCorrectedZVertical,-0.0033183086787865,-0.0032252091044358,0.1094997422673991,0.9939760440691826,0.984259307384491,-0.1764880418777466,0.0092422533780336,37.1287841796875,-19.11473083496094,9.36883544921875,-1,2,5528
2025-11-20T22:20:31.018+01:00,7398,630593.283561625,0.2223387471530812,-0.001797019275798,-0.0036394117759871,0.0974871665239334,0.0755043625831604,0.0886513963341713,0.0122274756431579,-0.0119656473398208,-0.0735052824020385,XArbitraryCorrectedZVertical,-0.0017087901995584,-0.0010948404842394,0.1109419248609563,0.9938248478956592,0.9836983680725098,-0.1793032437562943,0.0137060321867466,37.050048828125,-19.32707214355469,9.824905395507812,-1,2,5529
2025-11-20T22:20:31.053+01:00,7399,630593.318477625,0.2242085835051579,0.0015422145881305,-0.0006470442405267,0.0754380598664283,0.1409778892993927,-0.0038378806784749,-0.1177546381950378,-0.0084189921617507,-0.0833519697189331,XArbitraryCorrectedZVertical,-0.000407754700555,0.0007300745548501,0.1118693409857145,0.9937225897304152,0.9833093881607056,-0.1810951381921768,0.0175254847854375,36.897705078125,-19.35438537597656,10.00515747070312,-1,2,5530
2025-11-20T22:20:31.092+01:00,7400,630593.353393625,0.2216931694283531,0.0078468452000138,0.0018491585771519,0.0520366802811622,0.188347190618515,-0.1218057572841644,0.002089500427246,-0.1087881922721863,-0.1011865139007568,XArbitraryCorrectedZVertical,0.000484891106548,0.0040016081115495,0.110622438158,0.9938543093490716,0.9836281538009644,-0.1785805523395538,0.0241753850132226,36.9466552734375,-19.17021179199219,10.32527160644531,-1,2,5531
2025-11-20T22:20:31.123+01:00,7401,630593.388310625,0.2183134988424792,0.0143785700969153,0.0021392749132155,-0.02234997600317,0.1888114213943481,-0.0455875284969806,-0.0131909251213073,-0.0188876837491989,-0.0872021913528442,XArbitraryCorrectedZVertical,0.0002800494087394,0.007262954020363,0.1089448684184256,0.9940212761670556,0.984046757221222,-0.1752498745918274,0.0306530520319938,36.80682373046875,-19.08580017089844,10.39450073242188,-1,2,5532
2025-11-20T22:20:31.157+01:00,7402,630593.4232266251,0.2197673150821266,0.0209643163773848,0.0004399882954926,-0.0600631088018417,0.17791348695755,0.1165669783949852,-0.0059890747070312,-0.029819056391716,-0.1013293340802193,XArbitraryCorrectedZVertical,-0.0009308250629427,0.0104428719501106,0.1096589290152274,0.9939139480399868,0.9835737347602844,-0.1767085939645767,0.0368303507566452,36.85693359375,-19.17771911621094,10.35502624511719,-1,2,5533
2025-11-20T22:20:31.192+01:00,7403,630593.458142625,0.2237707900101795,0.0263364109016436,-0.0007608305557111,-0.0143369417637586,0.1442473977804184,0.0971916764974594,-0.0522171854972839,-0.1050085723400116,-0.1102238893508911,XArbitraryCorrectedZVertical,-0.0018482193152555,0.0130430201900872,0.111637442177241,0.9936616495038104,0.9826522469520568,-0.180666446685791,0.0418796725571155,36.61669921875,-19.32421875,10.73881530761719,-1,2,5534
2025-11-20T22:20:31.227+01:00,7404,630593.4930594167,0.2265604074227174,0.0304095888152878,-0.0011229256682363,-0.0338988527655601,0.0601227134466171,0.1113614067435265,-0.0657999515533447,-0.1288714855909348,-0.0852420330047607,XArbitraryCorrectedZVertical,-0.0022764539594123,0.0150432976548067,0.1130165156832703,0.9934766271474964,0.9819681644439696,-0.1834148615598679,0.0457980223000049,36.3924560546875,-19.38517761230469,10.82832336425781,-1,2,5535
2025-11-20T22:20:31.262+01:00,7405,630593.5279754167,0.233718503600894,0.0288287657737425,-0.0046800227026088,-0.1873472779989243,-0.0941331386566162,0.234160915017128,-0.0465176701545715,-0.1717271208763123,-0.0622901953756809,XArbitraryCorrectedZVertical,-0.0040043682840039,0.0140427365174063,0.1165475304577061,0.9930777563868688,0.980721652507782,-0.1905012279748917,0.0435219034552574,36.24078369140625,-19.53871154785156,10.79066467285156,-1,2,5536
2025-11-20T22:20:31.297+01:00,7406,630593.5628914167,0.236710758935052,0.0273193179643805,-0.0103283090813176,-0.0809839516878128,0.0145093742758035,-0.0824209824204444,0.1205722689628601,-0.2951576113700867,-0.0787920951843261,XArbitraryCorrectedZVertical,-0.0067403761603038,0.0129537754326377,0.1179966141141149,0.9929066582563238,0.9802425503730774,-0.1935203373432159,0.0409197434782981,36.20013427734375,-19.88249206542969,10.61004638671875,-1,2,5537
2025-11-20T22:20:31.332+01:00,7407,630593.5978084167,0.2321172060245237,0.0295734825368867,-0.0108841322765844,-0.0389663837850093,0.0951360166072845,-0.1436356604099274,-0.0392088294029235,0.0363254994153976,0.0474032126367092,XArbitraryCorrectedZVertical,-0.0071170292622237,0.0140564049821524,0.1157039356350795,0.9931587755728376,0.9810269474983216,-0.1890201568603516,0.0430966727435588,36.23944091796875,-19.84567260742188,10.34896850585938,-1,2,5538
2025-11-20T22:20:31.371+01:00,7408,630593.6327244167,0.2250064354188503,0.0319001427854876,-0.0155189980145688,-0.1566471010446548,0.0312998257577419,-0.2868419587612152,0.0561403632164001,0.0788719058036804,0.0700312852859497,XArbitraryCorrectedZVertical,-0.0094999080650704,0.0149770799006139,0.1121254053409034,0.9935357937866952,0.9822660088539124,-0.1820975840091705,0.0446537435054779,36.39190673828125,-19.53001403808594,10.42877197265625,-1,2,5539
2025-11-20T22:20:31.402+01:00,7409,630593.6676404167,0.2170125141949724,0.0309431141847647,-0.0210998308635261,-0.1835832595825195,-0.0863824337720871,-0.1247220858931541,0.1688621044158936,0.1687970459461212,0.0876617431640625,XArbitraryCorrectedZVertical,-0.0121617289392658,0.014236769320698,0.1081122176168295,0.9939624048322016,0.9837563633918762,-0.1743054538965225,0.0429076328873634,36.53753662109375,-19.32562255859375,10.09188842773438,-1,2,5540
2025-11-20T22:20:31.437+01:00,7410,630593.7025564167,0.2151703580078224,0.0260367024416305,-0.0293927977621188,-0.2649690210819244,-0.1573814004659653,-0.0356089323759079,0.0578042268753051,0.1686984151601791,0.0623939074575901,XArbitraryCorrectedZVertical,-0.0160073542933108,0.0113634433312706,0.1071668520950567,0.9940472988618768,0.9843100905418396,-0.1725894063711166,0.0366966128349304,36.47308349609375,-18.97523498535156,9.709686279296877,-1,2,5541
2025-11-20T22:20:31.472+01:00,7411,630593.7374724167,0.2143475335198378,0.0221382413917224,-0.0378547420569359,-0.2091608047485352,-0.056281704455614,-0.0274914111942052,-0.0217127203941345,0.1548076421022415,0.0067146979272365,XArbitraryCorrectedZVertical,-0.0200003096898464,0.008979022655634,0.1067347102472779,0.994045822957674,0.9846185445785522,-0.1718669086694717,0.031432282179594,36.7135009765625,-19.23139953613281,9.457916259765623,-1,2,5542
2025-11-20T22:20:31.507+01:00,7412,630593.7723884167,0.213784138366214,0.0205319501997836,-0.0424797716070848,-0.0494867153465747,-0.0509028881788253,0.0085494983941316,-0.027947187423706,0.1753376722335815,0.0356464385986328,XArbitraryCorrectedZVertical,-0.0222109541108398,0.0079391356490939,0.1064421578308272,0.994039112148332,0.9847800135612488,-0.1713550835847855,0.029081393033266,36.6705322265625,-19.29325866699219,8.973159790039062,-1,2,5543
2025-11-20T22:20:31.542+01:00,7413,630593.8073044167,0.2158486972982081,0.019431909520229,-0.0427177837333626,0.0346261486411094,0.008579596877098,0.0850074738264083,-0.0851672291755676,0.1095309257507324,0.1297903060913086,XArbitraryCorrectedZVertical,-0.0222783041809141,0.0073566817675482,0.107479013802473,0.9939304714391646,0.984459102153778,-0.1733889132738113,0.0278634969145059,36.705810546875,-19.25709533691406,8.980575561523438,-1,2,5544
2025-11-20T22:20:31.579+01:00,7414,630593.8422214166,0.2168177403647599,0.0208922624185709,-0.0391829654928285,0.139558419585228,0.0503177531063556,-0.0425730384886264,-0.0577238202095031,0.0377290844917297,0.1634253263473511,XArbitraryCorrectedZVertical,-0.020604161599406,0.0082631440162864,0.1079665463541554,0.9939066437800574,0.9842374324798584,-0.1743104755878448,0.0298729911446571,36.53509521484375,-19.31675720214844,9.321670532226562,-1,2,5545
2025-11-20T22:20:31.612+01:00,7415,630593.8771374167,0.2129091483161432,0.0204729932336102,-0.0352928997679898,0.0772258043289184,-0.0660829544067382,-0.1422936767339706,0.033375084400177,0.0252838879823684,0.2007759809494019,XArbitraryCorrectedZVertical,-0.0186322002037224,0.0083019821359071,0.1060519046951159,0.994151391563426,0.9849050045013428,-0.1704254597425461,0.030287841334939,36.63671875,-19.11943054199219,9.257476806640623,-1,2,5546
2025-11-20T22:20:31.651+01:00,7416,630593.9120534167,0.2087477667389506,0.0179892221318084,-0.0339505112516313,-0.0092102475464344,-0.0398584753274917,-0.0827297642827034,0.0129879713058471,0.0496284067630767,0.1624975204467773,XArbitraryCorrectedZVertical,-0.0178183326628064,0.0071758509565999,0.1040134051252953,0.9943904286572706,0.985669195652008,-0.1663123369216919,0.0282220002263784,36.7593994140625,-18.86471557617188,9.066162109375,-1,2,5547
2025-11-20T22:20:31.681+01:00,7417,630593.9469694167,0.2083037298464278,0.0177644454788441,-0.0368686608872305,-0.165876105427742,0.0181369073688983,0.0942247435450553,0.0268768668174743,0.0363881438970565,0.1310521364212036,XArbitraryCorrectedZVertical,-0.0192559350300576,0.006916157341306,0.1037790666123637,0.9943898729969745,0.9857572317123412,-0.1659046858549118,0.0275324322283268,36.68695068359375,-18.88044738769531,9.054824829101562,-1,2,5548
2025-11-20T22:20:31.716+01:00,7418,630593.9818854167,0.218085490548169,0.0197273991246617,-0.0453154936328102,-0.3247640430927277,0.0831025242805481,0.4288105368614197,0.0127992033958435,0.0594307631254196,0.0865848064422607,XArbitraryCorrectedZVertical,-0.0235932953362492,0.0073370019250878,0.1085714161841105,0.9937815543318314,0.9840726852416992,-0.175611138343811,0.0275966543704271,36.4498291015625,-19.40141296386719,8.859207153320312,-1,2,5549
2025-11-20T22:20:31.751+01:00,7419,630594.0168014168,0.2335538846745379,0.0251212379191162,-0.0578426004843832,-0.3815710842609406,0.166686162352562,0.3841463029384613,-0.0539619326591491,-0.0184397101402282,0.0318603515625,XArbitraryCorrectedZVertical,-0.0301808656038303,0.0091005930438184,0.116093065361073,0.9927379736881804,0.9811621904373168,-0.1908803135156631,0.0297545939683914,36.204345703125,-19.75885009765625,8.940139770507812,-1,2,5550
2025-11-20T22:20:31.786+01:00,7420,630594.0517184167,0.2434867502556826,0.0311078915084956,-0.0707717070227914,-0.3684882521629333,0.1189377680420876,0.1750826984643936,-0.0426192879676818,-0.0493992865085601,0.0379766225814819,XArbitraryCorrectedZVertical,-0.0370000207426617,0.0111325920718342,0.1208059729321542,0.9919239139152172,0.9791274070739746,-0.2006464600563049,0.0324121788144111,36.03533935546875,-20.52803039550781,8.664138793945312,-1,2,5551
2025-11-20T22:20:31.821+01:00,7421,630594.0866344167,0.2480914966257933,0.0352113651721753,-0.0824892035112478,-0.2947762906551361,0.1135086715221405,0.0909628197550773,-0.048158586025238,-0.02719646692276,0.0208590030670166,XArbitraryCorrectedZVertical,-0.0430860897341048,0.0123537751293031,0.1228831680438923,0.9914084651312948,0.9781512022018432,-0.2051490843296051,0.0336759202182292,35.846435546875,-20.86228942871094,8.802703857421875,-1,2,5552
2025-11-20T22:20:31.856+01:00,7422,630594.1215504167,0.2496942375831481,0.0394980316797204,-0.0909022432002768,-0.1903934329748154,0.1112530678510666,-0.0348041728138923,-0.0699517726898193,-0.051817238330841,0.024634126573801,XArbitraryCorrectedZVertical,-0.0475295495119142,0.0139171342073186,0.1234799132091779,0.9911105626955988,0.9777429699897766,-0.2066971659660339,0.0359889566898345,35.8785400390625,-21.15618896484375,8.753677368164062,-1,2,5553
2025-11-20T22:20:31.891+01:00,7423,630594.1564664167,0.2468725876470417,0.0427621138985352,-0.09593355570369,-0.1063375100493431,0.0952050164341926,-0.1286172419786453,-0.0909013152122497,-0.0536817014217376,0.0660926103591918,XArbitraryCorrectedZVertical,-0.0502019619294405,0.0152901538409979,0.1219360386609175,0.9911496594979692,0.9782304167747498,-0.2039324045181274,0.0384300760924816,35.7838134765625,-20.9749755859375,8.641693115234375,-1,2,5554
2025-11-20T22:20:31.931+01:00,7424,630594.1913824168,0.2406862575882332,0.0441365325235155,-0.0990803129678194,-0.0643597543239593,-0.0034295944496989,-0.2250673770904541,-0.0167851448059082,-0.1146708279848099,0.0778429508209228,XArbitraryCorrectedZVertical,-0.0517956618216015,0.015936444806923,0.1187915433280352,0.9914393239012376,0.9794164299964904,-0.1978902071714401,0.0397870577871799,35.8223876953125,-20.62583923339844,8.733932495117188,-1,2,5555
2025-11-20T22:20:31.961+01:00,7425,630594.2262984167,0.2328995518155181,0.0414617034477108,-0.1011273368961825,-0.0313467420637607,-0.0945137664675712,-0.2116039544343948,0.0058682560920715,-0.1011596769094467,0.0743889808654785,XArbitraryCorrectedZVertical,-0.0525944337608886,0.0146915962196398,0.1149727234264971,0.991866591910534,0.9810091257095336,-0.1902831494808197,0.0375952944159507,35.96630859375,-20.36611938476562,8.813674926757812,-1,2,5556
2025-11-20T22:20:31.995+01:00,7426,630594.2612154167,0.2268752018266689,0.0362389926759082,-0.1025586109132435,-0.0464327447116375,-0.1479461491107941,-0.0841012969613075,0.0220296382904052,-0.0948591232299804,0.0605536699295043,XArbitraryCorrectedZVertical,-0.052967256131495,0.0121773531122348,0.1121043872015024,0.992209080662089,0.9823037981987,-0.1843919605016708,0.0328452922403812,36.37091064453125,-20.3768310546875,8.560379028320312,-1,2,5557
2025-11-20T22:20:32.030+01:00,7427,630594.2961314167,0.2264619702506731,0.032596054303495,-0.1040503732752931,-0.0323205851018428,-0.0671953111886978,0.0089372303336858,-0.0034964084625244,-0.1484442800283432,0.0091716088354587,XArbitraryCorrectedZVertical,-0.0535007748917586,0.0102961807865176,0.1119792501292771,0.9922159297765296,0.982500433921814,-0.1839836686849594,0.0290364045649766,36.54571533203125,-20.32720947265625,8.326156616210938,-1,2,5558
2025-11-20T22:20:32.065+01:00,7428,630594.3310474167,0.2270362791558675,0.0309506465995321,-0.1050723972401171,-0.0106068048626184,-0.0410257689654827,0.0206836219877004,-0.0342221856117248,-0.1613748520612717,0.0162266492843627,XArbitraryCorrectedZVertical,-0.0539182734675074,0.0094063315247307,0.1122972751915651,0.9921662081320276,0.9824491143226624,-0.1845418661832809,0.027169344946742,36.5943603515625,-20.27040100097656,8.275604248046875,-1,2,5559
2025-11-20T22:20:32.101+01:00,7429,630594.3659634168,0.2279309082432231,0.0297452597688067,-0.1042919387665004,0.0343928560614585,-0.0326698385179042,0.0521930642426013,-0.0526120066642761,-0.1873534321784973,0.0324237346649169,XArbitraryCorrectedZVertical,-0.0534674291364342,0.0088288812145989,0.1127816339177242,0.9921409538116552,0.9823147058486938,-0.1854187548160553,0.026032630354166,36.4111328125,-20.4471435546875,8.420608520507812,-1,2,5560
2025-11-20T22:20:32.135+01:00,7430,630594.4008794167,0.2295679175892908,0.0306162095285467,-0.1038257219440671,0.0010689503978937,0.116934560239315,-0.0246220976114273,-0.122813880443573,-0.1976388543844223,0.022410986945033,XArbitraryCorrectedZVertical,-0.0532928892448129,0.0092439695331207,0.1135753029266841,0.9920559836551276,0.9819904565811156,-0.1870199292898178,0.0267985835671424,36.53228759765625,-20.58631896972656,8.447906494140625,-1,2,5561
2025-11-20T22:20:32.170+01:00,7431,630594.4357954167,0.2236387554812849,0.0372732489352802,-0.1043016004333011,-0.0573226511478424,0.2708818316459656,-0.2893849313259125,0.0043093562126159,-0.1533876955509186,0.0250515937805175,XArbitraryCorrectedZVertical,-0.0538692665247704,0.0126783062020223,0.1104500868526645,0.9923397615142718,0.9828579425811768,-0.1812222599983215,0.033893059939146,36.67999267578125,-20.61222839355469,8.568222045898438,-1,2,5562
2025-11-20T22:20:32.211+01:00,7432,630594.4707114167,0.210891254149033,0.0445074804033086,-0.1093282387604518,-0.1958769112825394,0.1840472519397736,-0.4616477191448212,0.1672375798225403,-0.1152814477682114,0.0243434868752956,XArbitraryCorrectedZVertical,-0.0566585014451392,0.0163461298558567,0.103858073879374,0.99284244369648,0.9847856760025024,-0.1687303334474564,0.0415591597557067,36.95263671875,-20.28657531738281,8.723068237304688,-1,2,5563
2025-11-20T22:20:32.240+01:00,7433,630594.5056282501,0.1979672028924955,0.0494233044517919,-0.1162374222562478,-0.0890564918518066,0.2181964367628098,-0.1929787248373032,0.1632623076438904,0.2632676661014557,-0.059831503778696,XArbitraryCorrectedZVertical,-0.0602217114982614,0.0188082494583715,0.0971968419649647,0.9932634839546186,0.98663991689682,-0.1560440957546234,0.0468156933784484,37.34344482421875,-19.98356628417969,9.016845703125,-1,2,5564
2025-11-20T22:20:32.275+01:00,7434,630594.54054425,0.197147015135988,0.0572189367139562,-0.1141554404485959,0.1698073297739029,0.1952546834945679,0.0952505841851234,0.0831252336502075,0.2709809541702271,-0.0496498420834541,XArbitraryCorrectedZVertical,-0.0595571752531807,0.022808447333952,0.0965895447092321,0.9932789886420366,0.9863479137420654,-0.1552429795265198,0.0549294166266918,37.45928955078125,-19.84306335449219,9.305007934570312,-1,2,5565
2025-11-20T22:20:32.310+01:00,7435,630594.57546025,0.2001194959318377,0.0614264493150888,-0.1073463209229435,0.2021116614341736,0.0186111740767955,0.0702362060546875,0.0111802816390991,0.1311456263065338,0.0179975032806396,XArbitraryCorrectedZVertical,-0.056417016388619,0.0251543333065829,0.0980627833396939,0.9932613593437876,0.9856001138687134,-0.1581688970327377,0.0597917959094047,37.3662109375,-19.96397399902344,9.982513427734377,-1,2,5566
2025-11-20T22:20:32.344+01:00,7436,630594.61037625,0.2014676836896121,0.0606288753241972,-0.0992502251651953,0.249263271689415,-0.0539237633347511,0.0250084735453128,-0.0379775166511535,0.1131387650966644,-0.0143934525549411,XArbitraryCorrectedZVertical,-0.0523749168060745,0.0251328810588353,0.0988977313831936,0.993400426742068,0.9853651523590088,-0.1594949215650558,0.0601392388343811,37.34320068359375,-20.119140625,10.01153564453125,-1,2,5567
2025-11-20T22:20:32.379+01:00,7437,630594.6452922501,0.2004740330931477,0.0582635364958478,-0.0911539640395997,0.2032457888126373,-0.0850497186183929,-0.0341347195208072,-0.0334327816963195,0.136506974697113,-0.0142588540911674,XArbitraryCorrectedZVertical,-0.0482250259381942,0.0243940033835289,0.0986024789161754,0.9936583680722036,0.9855812788009644,-0.1585101336240768,0.0591959133744239,37.58447265625,-20.3116455078125,9.884689331054688,-1,2,5568
2025-11-20T22:20:32.414+01:00,7438,630594.6802082501,0.1999085339853994,0.0534344069842209,-0.0856266044209055,0.1134452521800995,-0.1892527639865875,0.0232080817222595,0.0623378753662109,0.0882703512907028,-0.0472147464752197,XArbitraryCorrectedZVertical,-0.0452346913834545,0.0222869100059122,0.0985232304202232,0.9938562888300144,0.9858951568603516,-0.1579419672489166,0.0553629510104656,37.91827392578125,-20.29058837890625,10.0433349609375,-1,2,5569
2025-11-20T22:20:32.449+01:00,7439,630594.71512525,0.2015035796903785,0.0466780417917636,-0.0822935505430767,0.0734860897064209,-0.1820628643035889,0.0642412677407264,-0.0196069478988647,0.1114519387483597,-0.1096323728561401,XArbitraryCorrectedZVertical,-0.0432606866813751,0.0190625973217708,0.0995138176102654,0.9939125697263588,0.9859765768051147,-0.1595018208026886,0.0490854829549789,37.99652099609375,-20.33033752441406,9.890869140625,-1,2,5570
2025-11-20T22:20:32.488+01:00,7440,630594.75004125,0.2034953532230086,0.0416320461629173,-0.0801551951942656,0.0495829209685325,-0.1146544963121414,0.0359687134623527,0.0027459263801574,0.0461897701025009,-0.1470019817352295,XArbitraryCorrectedZVertical,-0.0419634944145347,0.0166214443241364,0.1006389998938019,0.9938986739729436,0.9858861565589904,-0.1614546179771423,0.04427982121706,38.06988525390625,-20.54898071289062,9.665908813476562,-1,2,5571
2025-11-20T22:20:32.519+01:00,7441,630594.78495725,0.2034567477854925,0.0380518780297688,-0.079593115841708,-0.0141645530238747,-0.0832268074154853,-0.0155094536021351,-0.0247526764869689,0.0180432647466659,-0.1467704772949219,XArbitraryCorrectedZVertical,-0.0415036952662981,0.0148717876067733,0.1007012217821736,0.9939394357151712,0.9860410690307616,-0.1614148169755936,0.0408439300954341,38.20574951171875,-20.39132690429688,9.730514526367188,-1,2,5572
2025-11-20T22:20:32.554+01:00,7442,630594.8198732501,0.2025149291876945,0.0370980117285976,-0.0796946020904274,0.0228183791041374,0.0457735583186149,-0.0578517168760299,-0.0705482959747314,0.0569119602441787,-0.1442145109176636,XArbitraryCorrectedZVertical,-0.0414993113038851,0.0144121022117355,0.1002518005474963,0.9939917662547209,0.9862281084060668,-0.160488560795784,0.0399664230644702,38.1563720703125,-20.58750915527344,9.525161743164062,-1,2,5573
2025-11-20T22:20:32.589+01:00,7443,630594.8547892501,0.1996137884671802,0.0399778603521438,-0.0788675981720978,0.0264993216842412,0.0973837822675705,-0.0902069360017776,0.0138584375381469,-0.0004505515098571,-0.0762029886245727,XArbitraryCorrectedZVertical,-0.0412095907862615,0.0159452371455401,0.0987598609640395,0.9941297661692609,0.986553430557251,-0.157630443572998,0.0431829169392585,38.4312744140625,-20.57357788085938,9.6573486328125,-1,2,5574
2025-11-20T22:20:32.624+01:00,7444,630594.88970525,0.1976158914539992,0.0416398333625017,-0.0781119630793545,0.0269705150276422,0.004637278150767,-0.0224000662565231,0.0432491302490234,-0.0023443698883056,-0.0656315088272094,XArbitraryCorrectedZVertical,-0.0408992931648484,0.0168501200612551,0.0977417372976739,0.994228358875438,0.9867802262306212,-0.1556603908538818,0.0451084710657596,38.43194580078125,-20.62074279785156,9.575592041015623,-1,2,5575
2025-11-20T22:20:32.659+01:00,7445,630594.92462225,0.1970753274366894,0.0412563564978661,-0.0754555676291939,0.1384766399860382,-0.0202624667435884,-0.0188503041863441,0.0088958740234375,8.751451969146729e-05,-0.1043449640274048,XArbitraryCorrectedZVertical,-0.0395556547431209,0.0168021255580793,0.0975131164332563,0.994305898736908,0.9868621230125428,-0.1551167666912079,0.0451866835355758,38.61700439453125,-20.53346252441406,9.713241577148438,-1,2,5576
2025-11-20T22:20:32.694+01:00,7446,630594.95953825,0.1958783462993989,0.0394156201665566,-0.0695060839529261,0.1763461828231812,-0.0888981446623802,-0.026948656886816,0.0167877078056335,-0.026832491159439,-0.0724881887435913,XArbitraryCorrectedZVertical,-0.0364986147599275,0.016203352473917,0.0970232093533869,0.9944806861230538,0.9870879650115968,-0.153907835483551,0.0443814881145954,38.86456298828125,-20.60617065429688,9.823394775390623,-1,2,5577
2025-11-20T22:20:32.732+01:00,7447,630594.9944542501,0.1957137348058454,0.0342487210763066,-0.0639244344085616,0.1472067981958389,-0.1870136857032776,0.0426445938646793,0.0116475820541381,-0.0293927490711212,-0.0589951276779174,XArbitraryCorrectedZVertical,-0.0334713513339902,0.0139111540193112,0.097091946676894,0.9946151948869228,0.9872995615005492,-0.1537126898765564,0.0401504971086978,39.07781982421875,-20.59846496582031,9.623916625976562,-1,2,5578
2025-11-20T22:20:32.769+01:00,7448,630595.0293702501,0.1972414403131168,0.028636813302994,-0.057350202129002,0.2347602695226669,-0.1289018839597702,0.0437511950731277,-0.0548292398452758,0.0019307136535644,-0.0934787988662719,XArbitraryCorrectedZVertical,-0.0299381080572704,0.0114197871660433,0.0980018526237306,0.994670235617156,0.9872479438781738,-0.1551746875047684,0.0355258956551551,39.27862548828125,-20.55989074707031,9.4443359375,-1,2,5579
2025-11-20T22:20:32.799+01:00,7449,630595.06428625,0.1989717680853025,0.0249159849549142,-0.0483810696664024,0.2510970830917358,-0.0960086062550544,0.098029226064682,0.0292243361473083,-0.0930826216936111,-0.0722320079803466,XArbitraryCorrectedZVertical,-0.0253036608211285,0.0099902162729721,0.0989852456584631,0.9947170444711588,0.9870721697807312,-0.1568105667829514,0.0331542119383812,39.32220458984375,-20.80584716796875,9.347091674804688,-1,2,5580
2025-11-20T22:20:32.833+01:00,7450,630595.09920225,0.2056452861082537,0.0227271434092516,-0.0418701943806856,0.0779086872935295,-0.0490685738623142,0.2818551361560822,-0.0412521362304687,-0.0731324851512908,-0.0518864355981349,XArbitraryCorrectedZVertical,-0.0219877531477894,0.0091523181323553,0.1023758129348222,0.9944607189334914,0.9860612154006958,-0.1633329689502716,0.0317142643034458,39.4532470703125,-20.72653198242188,9.289276123046877,-1,2,5581
2025-11-20T22:20:32.868+01:00,7451,630595.13411925,0.2176153745507557,0.0202143018252526,-0.0418490957790559,-0.0546663366258144,-0.1746746003627777,0.4024675786495209,0.0655844211578369,-0.193761870265007,-0.1142920255661011,XArbitraryCorrectedZVertical,-0.021895533045561,0.0077730294545965,0.1083535774959388,0.993840900716472,0.9841286540031432,-0.1751193106174469,0.0287054479122161,39.3453369140625,-21.48219299316406,9.486358642578123,-1,2,5582
2025-11-20T22:20:32.903+01:00,7452,630595.1690352501,0.2301058869978598,0.0117588804438276,-0.0455193677529767,-0.1547630280256271,-0.2985401451587677,0.2022269368171692,-0.0905371308326721,-0.1484708487987518,-0.0999808311462402,XArbitraryCorrectedZVertical,-0.0232816481023056,0.0032264985038118,0.1146346536061428,0.9931295843514382,0.9820927977561952,-0.1874208152294159,0.0191549658775329,39.3631591796875,-21.82232666015625,8.914291381835938,-1,2,5583
2025-11-20T22:20:32.938+01:00,7453,630595.2039512501,0.2296289959460747,0.0040738249765087,-0.049113919763518,0.0057623521424829,-0.0969979465007782,-0.162975937128067,-3.349781036376953e-05,-0.0726339221000671,-0.1261148452758789,XArbitraryCorrectedZVertical,-0.024626058986342,-0.000790125894435,0.1144779455136831,0.9931201932926726,0.982302725315094,-0.1869790554046631,0.010956727899611,39.7635498046875,-21.86749267578125,8.407455444335938,-1,2,5584
2025-11-20T22:20:32.973+01:00,7454,630595.23886725,0.2236333322373242,0.0044523713048875,-0.0453829194322139,0.1307407468557358,0.0839821845293045,-0.1609035730361938,-0.0634113550186157,0.1587565094232559,-0.011230232194066,XArbitraryCorrectedZVertical,-0.0227961048359985,-0.0003200643958203,0.1115046142097558,0.9935023008083212,0.9833940863609314,-0.181064784526825,0.0122982626780867,40.0084228515625,-21.78636169433594,8.504669189453125,-1,2,5585
2025-11-20T22:20:33.012+01:00,7455,630595.27378325,0.2212724070502792,0.0046643133283676,-0.0430389170700414,0.0251016207039356,-0.0952786281704902,0.0652050077915191,0.117200493812561,0.1504815369844437,0.0924203395843505,XArbitraryCorrectedZVertical,-0.0216436152440833,-5.842791690747087e-05,0.1103348933742272,0.9936588079557348,0.9838126301765442,-0.17872554063797,0.0130331721156835,40.46124267578125,-21.603515625,8.5628662109375,-1,2,5586
2025-11-20T22:20:33.043+01:00,7456,630595.30869925,0.2264091573855076,9.300342040761689e-05,-0.0430495430976317,-0.0151338716968894,-0.1394623517990112,0.1467554569244385,-0.029244065284729,0.1238511949777603,0.0845028162002563,XArbitraryCorrectedZVertical,-0.0213905953721554,-0.0023851201556617,0.112935776038241,0.993369183438912,0.9829336404800416,-0.1837724298238754,0.0083163632079958,40.68695068359375,-21.71086120605469,8.478744506835938,-1,2,5587
2025-11-20T22:20:33.078+01:00,7457,630595.3436162501,0.2275826768955287,-0.002607137121285,-0.0433924086721226,0.0018705998081713,-0.0099504115059971,-0.0533631891012191,-0.097024917602539,0.0925508290529251,0.0691876411437988,XArbitraryCorrectedZVertical,-0.0214061990071893,-0.0037581526920514,0.1135471985027507,0.9932949154378712,0.9827365279197692,-0.1849275231361389,0.0055498331785202,40.79876708984375,-21.9859619140625,8.254440307617188,-1,2,5588
2025-11-20T22:20:33.113+01:00,7458,630595.3785322501,0.2249263148362497,-0.0017746262705505,-0.0439058133589992,-0.0629882887005806,0.0445881970226764,-0.0916298851370811,-0.0077998638153076,0.0466267168521881,0.0933753252029418,XArbitraryCorrectedZVertical,-0.0217129069815022,-0.0033449884730235,0.1122185060760704,0.993440656773554,0.9832178354263306,-0.182323083281517,0.0063866320997476,41.0819091796875,-21.85494995117188,8.253128051757812,-1,2,5589
2025-11-20T22:20:33.148+01:00,7459,630595.41344825,0.2220050900448431,0.0006014067951486,-0.0470257979708451,-0.08461394906044,0.1244009733200073,-0.0680229067802429,0.0017006993293762,0.095874935388565,0.0812491178512573,XArbitraryCorrectedZVertical,-0.0233993355067652,-0.0023056244386837,0.110737074357859,0.9935716191835734,0.9837271571159364,-0.179477795958519,0.0082893949002027,41.4324951171875,-21.71868896484375,8.573486328125,-1,2,5590
2025-11-20T22:20:33.183+01:00,7460,630595.44836425,0.2193427094543543,0.0062031529954967,-0.0490818974520037,-0.0483009628951549,0.1821413040161133,-0.0994869172573089,-0.0256129503250122,0.0926787108182907,0.1033657789230347,XArbitraryCorrectedZVertical,-0.024730311543145,0.0003962453390502,0.1093424919585983,0.9936964602415428,0.9841396808624268,-0.1768766939640045,0.0135623272508382,41.6300048828125,-21.64212036132812,8.623031616210938,-1,2,5591
2025-11-20T22:20:33.218+01:00,7461,630595.48328025,0.2155100715307209,0.0121099274325528,-0.0510619539335727,-0.0381890088319778,0.1648498475551605,-0.1033540293574333,0.0146312117576599,0.0649530887603759,0.1387790441513062,XArbitraryCorrectedZVertical,-0.0260306477951786,0.0032724248504848,0.1073559251515189,0.993874537023858,0.9847127199172974,-0.1731226444244385,0.0192256178706884,41.87298583984375,-21.52049255371094,8.6728515625,-1,2,5592
2025-11-20T22:20:33.252+01:00,7462,630595.518195875,0.2122067916467435,0.0176115028480681,-0.0517418401148496,-0.0065944152884185,0.1473617553710938,-0.1030861437320709,-0.0297722220420837,0.0738083720207214,0.1408088207244873,XArbitraryCorrectedZVertical,-0.0266538057798844,0.0060137543216401,0.1056383713550997,0.9940291961088416,0.9851555228233336,-0.169877678155899,0.0247032064944505,42.04559326171875,-21.33383178710938,8.994888305664062,-1,2,5593
2025-11-20T22:20:33.291+01:00,7463,630595.5531118751,0.2083278879290977,0.0220716399310314,-0.0520018072019325,-0.008993306197226,0.1189446821808815,-0.1093488037586212,-0.0162292718887329,0.0544888526201248,0.1503607034683228,XArbitraryCorrectedZVertical,-0.0270025309481489,0.008269078845084,0.1036488550559073,0.9942129956813948,0.9856811165809632,-0.1660610735416412,0.0292657315731048,42.33154296875,-21.13531494140625,9.266616821289062,-1,2,5594
2025-11-20T22:20:33.322+01:00,7464,630595.5880288751,0.2053892069145336,0.0253759202406152,-0.0542371429104779,-0.1184537559747696,0.0734605491161346,-0.0798369869589805,0.0033288598060607,0.0261135101318359,0.1687594652175903,XArbitraryCorrectedZVertical,-0.028270402167231,0.0098366608011603,0.1021260298969579,0.9943210825924672,0.9860662817955016,-0.1631831973791122,0.0323207750916481,42.4500732421875,-21.10879516601562,9.87103271484375,-1,2,5595
2025-11-20T22:20:33.357+01:00,7465,630595.622944875,0.2022889369817884,0.0268906950554773,-0.0593440269420263,-0.1590037941932678,0.0287130624055862,-0.0964734703302383,0.0121855735778808,0.011909931898117,0.1189999580383301,XArbitraryCorrectedZVertical,-0.030870334736441,0.0103750056534745,0.1005216924819059,0.9944017086992584,0.9865326285362244,-0.1601642817258835,0.0331759341061115,42.87103271484375,-21.27323913574219,9.55731201171875,-1,2,5596
2025-11-20T22:20:33.392+01:00,7466,630595.657860875,0.1991664518204183,0.0269452673350796,-0.0647584926333288,-0.1456062793731689,-0.0128082865849137,-0.0696780905127525,0.0134463906288147,0.0364702641963958,0.0992757081985473,XArbitraryCorrectedZVertical,-0.0335489673012187,0.0101802054455544,0.0989236071826972,0.9944771812328828,0.987041711807251,-0.1571214646100998,0.0325754322111606,42.885986328125,-21.20100402832031,9.36920166015625,-1,2,5597
2025-11-20T22:20:33.427+01:00,7467,630595.692776875,0.1979997641523036,0.026359734628148,-0.0689479498973874,-0.091598741710186,-0.0202696397900581,-0.0243334360420703,0.0072337985038757,0.0121357440948486,0.070459246635437,XArbitraryCorrectedZVertical,-0.0355972635473974,0.0097007836412862,0.0983189051506649,0.9944707681169196,0.987257719039917,-0.1559955477714539,0.0314236283302307,43.097412109375,-21.16014099121094,9.172760009765623,-1,2,5598
2025-11-20T22:20:33.462+01:00,7468,630595.7276928751,0.1964794301289941,0.0250845887542865,-0.0710856602357147,-0.0223670899868011,-0.0479521788656711,-0.0479379668831825,0.0200154781341552,-0.0247058421373367,0.0540555752813816,XArbitraryCorrectedZVertical,-0.0365905839569155,0.008988513748529,0.09756857136351,0.9945154241792712,0.9875377416610718,-0.1545086354017258,0.0299440938979387,43.32464599609375,-21.09907531738281,9.169082641601562,-1,2,5599
2025-11-20T22:20:33.497+01:00,7469,630595.762608875,0.1968973625981193,0.0229480920099148,-0.0710072845944857,0.0213015563786029,-0.0814544260501861,0.0623908415436744,0.0827466249465942,-0.0547356307506561,0.0618300437927246,XArbitraryCorrectedZVertical,-0.0364490262743636,0.0079223600487354,0.0978160184641548,0.994505262328588,0.987535297870636,-0.1549200862646103,0.0278152599930763,43.4075927734375,-20.96978759765625,9.1724853515625,-1,2,5600
