loggingTime(txt),loggingSample(N),motionTimestamp_sinceReboot(s),motionYaw(rad),motionRoll(rad),motionPitch(rad),motionRotationRateX(rad/s),motionRotationRateY(rad/s),motionRotationRateZ(rad/s),motionUserAccelerationX(G),motionUserAccelerationY(G),motionUserAccelerationZ(G),motionAttitudeReferenceFrame(txt),motionQuaternionX(R),motionQuaternionY(R),motionQuaternionZ(R),motionQuaternionW(R),motionGravityX(G),motionGravityY(G),motionGravityZ(G),motionMagneticFieldX(µT),motionMagneticFieldY(µT),motionMagneticFieldZ(µT),motionHeading(°),motionMagneticFieldCalibrationAccuracy(Z),SampleIndex
2025-11-20T22:23:03.636+01:00,11769,630745.9027758751,0.2106135314448014,0.0572932722974531,-0.1447329177173561,0.0665905773639679,0.0114163924008607,0.073912113904953,0.0207957625389099,-0.0563064515590667,0.0098932981491088,XArbitraryCorrectedZVertical,-0.0748760977873939,0.0208126514420546,0.1027346239022713,0.9916682979553072,0.9845600128173828,-0.1682723760604858,0.0482274256646633,45.35015869140625,-20.97544860839844,7.994644165039062,-1,2,9900
2025-11-20T22:23:03.672+01:00,11770,630745.937692875,0.2138763026175481,0.0577873533045142,-0.140935223650318,0.1158303320407867,-0.0121107911691069,0.1172536537051201,0.0467268824577331,-0.0680161416530609,0.0255632363259792,XArbitraryCorrectedZVertical,-0.0730537468942386,0.0211413753703027,0.1044026332706739,0.9916230418105656,0.9839736819267272,-0.1714857816696167,0.0488690808415412,45.322509765625,-21.04684448242188,8.171737670898438,-1,2,9901
2025-11-20T22:23:03.706+01:00,11771,630745.972608875,0.2171826751306918,0.0567251865104161,-0.1362991296977525,0.1207360476255417,-0.0700359046459198,0.0847845673561096,0.0539789199829101,-0.0990868508815765,0.0338112115859985,XArbitraryCorrectedZVertical,-0.070734825445636,0.0207490768407864,0.1061632089877934,0.991612566325614,0.9834355711936952,-0.1747473627328873,0.0481437183916568,45.3116455078125,-21.2642822265625,7.958358764648438,-1,2,9902
2025-11-20T22:23:03.741+01:00,11772,630746.007525875,0.2196291824654395,0.0538878385694187,-0.1322037841079966,0.0821532756090164,-0.1077810600399971,0.0679249465465545,0.039815604686737,-0.0776723623275756,0.0437649488449096,XArbitraryCorrectedZVertical,-0.0685781394064831,0.0194834287288783,0.1075461574738833,0.99164071353686,0.9831182956695556,-0.1771646291017532,0.0457277484238147,45.1558837890625,-21.21171569824219,8.05218505859375,-1,2,9903
2025-11-20T22:23:03.776+01:00,11773,630746.0424418751,0.2217834628916885,0.0499960071055682,-0.1297899670299062,0.0353938080370426,-0.1218362227082253,0.0661534592509269,0.0105243921279907,-0.0560068786144256,0.0357234477996826,XArbitraryCorrectedZVertical,-0.0671912700938574,0.0176152873223324,0.1087861682684154,0.9916353575968252,0.982899010181427,-0.179283618927002,0.042035311460495,45.30548095703125,-21.33180236816406,7.842727661132812,-1,2,9904
2025-11-20T22:23:03.815+01:00,11774,630746.0773578751,0.2237250756643274,0.0459325132077828,-0.1289940609814818,-0.0003118736203759,-0.1286773383617401,0.0362075753509998,-0.0267548561096191,-0.0377956628799438,0.0193595811724662,XArbitraryCorrectedZVertical,-0.0665907559494757,0.0155803838662071,0.1098970680301734,0.9915873572006147,0.9827178120613098,-0.1811831444501877,0.0379219390451908,45.2586669921875,-21.21957397460938,7.58123779296875,-1,2,9905
2025-11-20T22:23:03.851+01:00,11775,630746.112274875,0.2243428341064335,0.0417975722469988,-0.1285677639448324,0.0018484825268387,-0.1000459641218185,-0.0016892054118216,-0.0293855667114257,-0.0157820731401443,0.0034091435372829,XArbitraryCorrectedZVertical,-0.0661562898474481,0.01353386458919,0.1103467453701197,0.9915965327922917,0.9827545881271362,-0.1817886829376221,0.0338528044521808,45.05548095703125,-21.26530456542969,7.293975830078125,-1,2,9906
2025-11-20T22:23:03.881+01:00,11776,630746.147190875,0.2241570239666281,0.0390644027506174,-0.1280444158752853,0.0081028928980231,-0.0571879334747791,-5.494104698300362e-05,-0.0301900506019592,0.0130931735038757,0.0001922883093357,XArbitraryCorrectedZVertical,-0.0657448800430403,0.0122144104730666,0.1103518575008861,0.991640557863742,0.9828726053237916,-0.1816112250089645,0.0312865525484085,45.09149169921875,-21.27369689941406,7.367141723632812,-1,2,9907
2025-11-20T22:23:03.916+01:00,11777,630746.182107875,0.2250014661047648,0.0371147443462303,-0.1275688866287633,0.0026449635624885,-0.0622157454490661,0.0570564568042755,-0.0108402967453002,0.0135844200849533,0.0006381310522556,XArbitraryCorrectedZVertical,-0.0654063073341841,0.0112469236857857,0.1108406557892283,0.9916199263338736,0.9827794432640076,-0.1824381649494171,0.0293453857302665,44.95916748046875,-21.14471435546875,7.370559692382812,-1,2,9908
2025-11-20T22:23:03.951+01:00,11778,630746.217023875,0.2274188078359455,0.0350028425797288,-0.1272378553087473,0.0092832762748003,-0.0738596022129058,0.0654140263795852,-0.0091235041618347,0.0066359043121337,-0.0117238759994506,XArbitraryCorrectedZVertical,-0.0651374468157245,0.0101398173543355,0.1121122091147882,0.9915065382924046,0.9824053049087524,-0.1847974807024002,0.0270131714642047,45.00848388671875,-21.40034484863281,6.902740478515625,-1,2,9909
2025-11-20T22:23:03.985+01:00,11779,630746.2519408751,0.2292163780668456,0.0330164698808188,-0.1267095721224484,0.0196145698428154,-0.0456448085606098,0.0368831045925617,-0.0328029990196228,0.0171351283788681,-0.0188676081597805,XArbitraryCorrectedZVertical,-0.0647724530997968,0.009127030318878,0.1130741966429061,0.9914310863415762,0.98212867975235,-0.1865534633398056,0.024925285950303,45.11016845703125,-21.60147094726562,7.075973510742188,-1,2,9910
2025-11-20T22:23:04.021+01:00,11780,630746.286856875,0.2297412513832548,0.0318212604677704,-0.1252483774215689,0.0321695953607559,-0.0273997262120246,0.000750238308683,-0.0191322565078735,0.0166656672954559,-0.0183869563043117,XArbitraryCorrectedZVertical,-0.0639829365950485,0.0086018537610195,0.1133898626659147,0.9914510166322836,0.9820534586906432,-0.1870758086442947,0.0239564348012208,45.0396728515625,-21.38235473632812,6.983444213867188,-1,2,9911
2025-11-20T22:23:04.055+01:00,11781,630746.321772875,0.2293257477515661,0.0312354883751779,-0.1236188674318446,0.0210673436522483,0.0056050233542919,-0.0246467143297195,-0.0293747186660766,0.0196292251348495,-0.0169330835342407,XArbitraryCorrectedZVertical,-0.0631403490557958,0.0084185682591419,0.1132210355892269,0.9915258491899066,0.9821335077285768,-0.186682403087616,0.0237384922802448,45.06890869140625,-21.44432067871094,7.124755859375,-1,2,9912
2025-11-20T22:23:04.091+01:00,11782,630746.356689875,0.2279554593289752,0.0319642665435373,-0.1224265677718397,0.037047192454338,0.0463621616363525,-0.0487095601856708,-0.0276761651039123,0.0409146100282669,-0.0233844481408596,XArbitraryCorrectedZVertical,-0.0625845489980009,0.0088914012810661,0.1125322685661069,0.9916354037750644,0.982357621192932,-0.1853542923927307,0.0248492527753114,45.02349853515625,-21.38223266601562,6.999603271484375,-1,2,9913
2025-11-20T22:23:04.131+01:00,11783,630746.391605875,0.2258915739867233,0.0334569785009476,-0.1203681054949256,0.0681908056139946,0.0456350967288017,-0.0706615224480629,-0.0231285691261291,0.0524484813213348,-0.0209715366363525,XArbitraryCorrectedZVertical,-0.0616380221595663,0.009812984781368,0.1114862803104304,0.9918040808630296,0.9826774597167968,-0.1833536028862,0.026952963322401,44.94696044921875,-21.13780212402344,7.182632446289062,-1,2,9914
2025-11-20T22:23:04.160+01:00,11784,630746.4265228751,0.223116933393737,0.0341816928421549,-0.1171309357586831,0.1044603139162064,0.0290140379220247,-0.072315901517868,-0.0220241546630859,0.063184916973114,-0.0248404759913682,XArbitraryCorrectedZVertical,-0.0600589738470279,0.0104394092171202,0.1101260204330106,0.9920464860356162,0.9831294417381288,-0.1806622892618179,0.0285941567271947,45.03436279296875,-21.03761291503906,7.266860961914062,-1,2,9915
2025-11-20T22:23:04.195+01:00,11785,630746.4614388751,0.2202648454002673,0.0353042246744942,-0.1130249953854992,0.1166463047266006,0.0469928085803985,-0.0922676473855972,-0.0282004475593566,0.0639103204011917,-0.0211756229400634,XArbitraryCorrectedZVertical,-0.0580684238553173,0.0113092375700231,0.1087264221131935,0.9923098029662862,0.9835684299468994,-0.1778934448957443,0.0307733248919248,45.09893798828125,-20.99725341796875,7.304092407226562,-1,2,9916
2025-11-20T22:23:04.230+01:00,11786,630746.496355875,0.2169887154558443,0.0364945307118902,-0.1094287194400556,0.0684667825698852,0.0440007224678993,-0.0852574929594993,0.0273436903953552,0.0319093167781829,-0.0018894672393798,XArbitraryCorrectedZVertical,-0.056329243374564,0.0121912063913608,0.1071096257535535,0.9925754330012588,0.98406982421875,-0.1747010350227356,0.0329563915729522,45.230712890625,-20.76307678222656,7.697433471679688,-1,2,9917
2025-11-20T22:23:04.265+01:00,11787,630746.531271875,0.2137087987156746,0.0369681764052964,-0.1078549029079195,-0.0064110057428479,0.0034910843241959,-0.0869537591934204,0.0640947222709655,-0.0010066777467727,0.0038830004632472,XArbitraryCorrectedZVertical,-0.0555531080170183,0.0126032448119897,0.1054873629255008,0.9927876911321556,0.9845959544181824,-0.171493873000145,0.0340655446052551,45.283203125,-20.73439025878906,7.646987915039062,-1,2,9918
2025-11-20T22:23:04.300+01:00,11788,630746.566188875,0.211381565507114,0.036850148084612,-0.1089310366479291,-0.0630540549755096,0.0068504875525832,-0.053298283368349,0.0185021162033081,0.015799805521965,-0.0090959072113037,XArbitraryCorrectedZVertical,-0.0560663771546953,0.0125520790569075,0.1043224232205534,0.9928826146241354,0.9849920868873596,-0.1692116260528564,0.0340286679565906,45.230712890625,-20.58901977539062,7.700714111328125,-1,2,9919
2025-11-20T22:23:04.335+01:00,11789,630746.6011048751,0.2108562660623895,0.0375000341136747,-0.1128435814038656,-0.1437892615795135,0.0384389348328113,0.0345939323306083,-0.0049629211425781,0.0081034898757934,-0.0119434632360935,XArbitraryCorrectedZVertical,-0.0580387577801716,0.0126819099369108,0.1039955968740397,0.992801864375966,0.9850805997848512,-0.1686869561672211,0.0340687073767185,45.18194580078125,-20.49281311035156,7.347793579101562,-1,2,9920
2025-11-20T22:23:04.370+01:00,11790,630746.636020625,0.2144348609905328,0.040346513498222,-0.1188747952097791,-0.188779428601265,0.0935235768556594,0.1237366199493408,-0.0587106347084045,-0.0078553855419158,-0.0324385128915309,XArbitraryCorrectedZVertical,-0.0612041039867071,0.0136651545695897,0.1056100353390205,0.9924283316789848,0.984430968761444,-0.1721677929162979,0.0354139357805252,45.16192626953125,-20.70510864257812,7.426559448242188,-1,2,9921
2025-11-20T22:23:04.410+01:00,11791,630746.670937625,0.2191394558650554,0.0452940739997385,-0.1259018111837939,-0.1756317317485809,0.1479191482067108,0.104452833533287,-0.0951565504074096,-0.0015242248773574,-0.0412496365606784,XArbitraryCorrectedZVertical,-0.0649874002946789,0.0155873076644724,0.1076899916524208,0.9919357521614068,0.9835079312324524,-0.1767288893461227,0.0384572744369506,45.07098388671875,-21.01742553710938,7.151702880859375,-1,2,9922
2025-11-20T22:23:04.440+01:00,11792,630746.7058536251,0.2210817637724507,0.0510096699969838,-0.1317989280948191,-0.1288842260837555,0.1485955715179443,-0.0125239286571741,-0.0332112908363342,-0.0479168742895126,-0.0382522344589233,XArbitraryCorrectedZVertical,-0.068235745797768,0.0180292681698824,0.1083715394310035,0.9916019672636132,0.982994556427002,-0.178584560751915,0.0427688583731651,44.9508056640625,-21.15679931640625,7.385467529296875,-1,2,9923
2025-11-20T22:23:04.474+01:00,11793,630746.7407706251,0.2197036311480934,0.0564206578009972,-0.1363134574383049,-0.0810369476675987,0.1646219789981842,-0.0903224721550941,-0.0670122504234314,-0.0284063816070556,-0.0376687049865722,XArbitraryCorrectedZVertical,-0.0707516674725445,0.0205081368280816,0.1074235502321193,0.9914806251704862,0.9830278158187866,-0.1772057712078094,0.0474800951778888,44.9058837890625,-21.09335327148438,7.590377807617188,-1,2,9924
2025-11-20T22:23:04.510+01:00,11794,630746.775686625,0.2151101446787236,0.0605032279807497,-0.1394319163171421,-0.0636602863669395,0.1018922328948975,-0.1535372585058212,-0.0091030001640319,-0.0192847996950149,-0.015042059123516,XArbitraryCorrectedZVertical,-0.0724643403115014,0.0225247931653121,0.1049432368309524,0.9915788607030892,0.9836209416389464,-0.1727012693881989,0.0516173765063285,45.03759765625,-21.04051208496094,7.643768310546875,-1,2,9925
2025-11-20T22:23:04.544+01:00,11795,630746.810603625,0.2101855750710062,0.0630725703347893,-0.1418594169868692,-0.0322292782366275,0.0872675031423568,-0.1201366633176804,-0.0231510996818542,-0.0061334669589996,-0.019352912902832,XArbitraryCorrectedZVertical,-0.0737434728686438,0.0238476964506798,0.1023613640290938,0.991723447394398,0.9843021631240844,-0.1678777188062668,0.0544633492827415,45.03375244140625,-20.76390075683594,7.966461181640625,-1,2,9926
2025-11-20T22:23:04.579+01:00,11796,630746.845519625,0.2075047316125256,0.0660698767596981,-0.1427796657278697,0.002454892033711,0.0952444598078727,-0.0438091494143009,-0.0386715531349182,0.0137496590614318,-0.0147867202758789,XArbitraryCorrectedZVertical,-0.0743189001924724,0.0253843670163372,0.1009028994489686,0.9917918158002996,0.9845638275146484,-0.165254145860672,0.0576638989150524,44.96630859375,-20.71173095703125,7.977996826171875,-1,2,9927
2025-11-20T22:23:04.614+01:00,11797,630746.8804356251,0.2058518069963698,0.0681450582142203,-0.1434526659084811,-0.0089901378378272,0.0279918666929006,-0.0555267073214054,0.0109625458717346,-0.0322262942790985,0.0014324150979518,XArbitraryCorrectedZVertical,-0.0747352863656858,0.0264396462222492,0.0999921989801383,0.991825181021465,0.9847038984298706,-0.1636354625225067,0.0598469227552413,44.8558349609375,-20.5677490234375,8.086318969726562,-1,2,9928
2025-11-20T22:23:04.650+01:00,11798,630746.9153526251,0.2037912214103269,0.0682547174471485,-0.1450407488794497,-0.0583575628697872,-0.0050787017680704,-0.0516876466572284,0.029284656047821,-0.0356232225894928,-0.0040271282196044,XArbitraryCorrectedZVertical,-0.07550064249445,0.0264885633605817,0.0989334776656706,0.99187210388107,0.985028088092804,-0.1616118401288986,0.0600116327404975,44.90057373046875,-20.58255004882812,8.184906005859375,-1,2,9929
2025-11-20T22:23:04.690+01:00,11799,630746.950268625,0.2026433683605979,0.0679677861330139,-0.1487092101971496,-0.0793832093477249,0.0004290048964321,-0.0362244546413421,0.0407126545906066,-0.0339180529117584,-0.0263736322522163,XArbitraryCorrectedZVertical,-0.0772897121522468,0.0262001118072253,0.0982995945249616,0.991804919284068,0.9852576851844788,-0.1604636162519455,0.0593173578381538,45.0054931640625,-20.68460083007812,7.745635986328125,-1,2,9930
2025-11-20T22:23:04.719+01:00,11800,630746.985185625,0.2009475032800055,0.0683122908200144,-0.1520661014482862,-0.0765386819839477,0.0185542367398738,-0.0604548752307891,0.036401093006134,-0.022400826215744,-0.031497836112976,XArbitraryCorrectedZVertical,-0.0789481090467376,0.0262644262768032,0.097375752143187,0.9917637789870084,0.9855257272720336,-0.1587819904088974,0.0593909323215484,45.0400390625,-20.39425659179688,7.9078369140625,-1,2,9931
2025-11-20T22:23:04.754+01:00,11801,630747.020101625,0.1997902795388754,0.0685510824537621,-0.1552018752934144,-0.0677627176046371,-0.0033441102132201,-0.0100427456200122,0.0799582600593566,-0.036311998963356,-0.0319594144821167,XArbitraryCorrectedZVertical,-0.0804985956279942,0.0262686065728279,0.0967271624900167,0.9917025605778031,0.9857155680656432,-0.1576271951198578,0.0593184009194374,45.096923828125,-20.43135070800781,7.962478637695312,-1,2,9932
2025-11-20T22:23:04.789+01:00,11802,630747.055017625,0.2006625777235021,0.0685428607334446,-0.1578399642259173,-0.0438464879989624,-0.0041460590437054,0.0456407815217971,0.1189059615135193,-0.0719371736049652,-0.0450943708419799,XArbitraryCorrectedZVertical,-0.0818169199582451,0.0260942649610941,0.0971048623421887,0.9915623226241618,0.9856167435646056,-0.1584552377462387,0.0587509274482727,45.14434814453125,-20.5489501953125,7.715484619140625,-1,2,9933
2025-11-20T22:23:04.823+01:00,11803,630747.0899346251,0.202730687328627,0.0695797613161185,-0.1599791122218814,-0.0387929528951644,0.0397084727883338,0.0521969310939312,0.0701462626457214,-0.0715127289295196,-0.0412499904632568,XArbitraryCorrectedZVertical,-0.082954508961322,0.0264129045637025,0.098042213587117,0.9913671174469486,0.9852736592292786,-0.1604513376951218,0.0590875037014484,45.12860107421875,-20.73838806152344,7.774200439453125,-1,2,9934
2025-11-20T22:23:04.859+01:00,11804,630747.124850625,0.2039618063626482,0.0716509776577488,-0.1618459257524626,-0.0488242991268634,0.0630000159144401,0.0257349256426096,-0.0066702365875244,-0.0402566492557525,-0.0267300605773925,XArbitraryCorrectedZVertical,-0.0839975606390756,0.0272910975366907,0.0985256808374929,0.9912075367180144,0.9849874377250672,-0.1616323441267014,0.060619868338108,45.25994873046875,-20.68733215332031,7.852310180664062,-1,2,9935
2025-11-20T22:23:04.893+01:00,11805,630747.159767625,0.2048912448576458,0.0744406862388604,-0.1640804036426353,-0.0396112389862537,0.0830320864915847,0.0137548111379146,-0.0329204797744751,-0.021644040942192,-0.0231739208102226,XArbitraryCorrectedZVertical,-0.0852548025389512,0.028517393822887,0.098818510787758,0.9910365321787272,0.98470276594162,-0.162514254450798,0.062846802175045,44.9525146484375,-20.81874084472656,7.990234375,-1,2,9936
2025-11-20T22:23:04.932+01:00,11806,630747.194683625,0.2053601788929729,0.0777569594522986,-0.1656896206304226,0.0016189258312806,0.1008948907256126,0.0180899053812027,-0.0446046590805053,0.0118303596973419,-0.0071448162198066,XArbitraryCorrectedZVertical,-0.0862224047611487,0.0300559085593605,0.0988715820572637,0.9909019428278272,0.9844390749931335,-0.1629533767700195,0.0657690614461898,44.84869384765625,-20.98678588867188,7.72955322265625,-1,2,9937
2025-11-20T22:23:04.969+01:00,11807,630747.229600625,0.2062801143253288,0.0811543380634411,-0.1664669726791074,0.0159428622573614,0.0501342713832855,0.0457530729472637,-0.0151042938232421,0.0095582455396652,0.0163036584854126,XArbitraryCorrectedZVertical,-0.0867896412245837,0.0316582107247114,0.0991617697576195,0.9907736020785712,0.9840831756591796,-0.1638398170471191,0.0688250735402107,44.97308349609375,-21.12277221679688,8.186248779296875,-1,2,9938
2025-11-20T22:23:04.998+01:00,11808,630747.2645166251,0.2098390283531189,0.0820825289438505,-0.1670224836072358,-0.037914652377367,-0.0308883730322122,0.1382045596837997,-0.0032637119293212,-0.0101043581962585,0.0351688861846923,XArbitraryCorrectedZVertical,-0.0871676053912373,0.0319335428812609,0.1008706210293243,0.9905590527641692,0.9834882616996764,-0.1672943085432053,0.0690180510282516,44.85614013671875,-21.43702697753906,8.37078857421875,-1,2,9939
2025-11-20T22:23:05.033+01:00,11809,630747.2994326251,0.2132005556715357,0.0812043259497329,-0.1705473507939307,-0.0984624028205871,-0.048574760556221,0.0204071216285228,-0.0085898041725158,-0.0385442376136779,0.0239821672439575,XArbitraryCorrectedZVertical,-0.0889202350657834,0.0311594110094243,0.1024869896311313,0.9902619613948608,0.9830770492553712,-0.1705163866281509,0.0669602453708648,44.82080078125,-21.64596557617188,8.041610717773438,-1,2,9940
2025-11-20T22:23:05.068+01:00,11810,630747.334349625,0.2119301750370476,0.0800111246074617,-0.1766581135288284,-0.1358899176120758,-0.034868486225605,-0.1080249920487404,0.0094679594039916,-0.0200228095054626,0.0104388073086738,XArbitraryCorrectedZVertical,-0.0918628981000235,0.030292832230337,0.1017619307706744,0.9900950430228408,0.9834367632865906,-0.1692014336585999,0.064985379576683,44.9412841796875,-21.63380432128906,7.673294067382812,-1,2,9941
2025-11-20T22:23:05.103+01:00,11811,630747.369265625,0.208575922251833,0.078325189735856,-0.1839288110753877,-0.164528951048851,-0.0298649575561285,-0.096678115427494,0.0094531178474426,0.0235575288534164,0.0113943815231323,XArbitraryCorrectedZVertical,-0.0953243687804527,0.0292227297877568,0.1000036053897363,0.9899791462596048,0.98415344953537,-0.1658457070589066,0.062748022377491,45.037353515625,-21.68821716308594,7.506668090820312,-1,2,9942
2025-11-20T22:23:05.138+01:00,11812,630747.404182625,0.2052889648225717,0.0778753690154473,-0.1912577204375771,-0.1629986166954041,0.0310506206005811,-0.1427112966775894,-0.0846955776214599,0.0668341070413589,0.0128194168210029,XArbitraryCorrectedZVertical,-0.0988791070995514,0.0287698279505242,0.0982214728289894,0.9898221553748352,0.9847658276557922,-0.1625524908304214,0.0617503076791763,45.23101806640625,-21.63412475585938,7.237014770507812,-1,2,9943
2025-11-20T22:23:05.173+01:00,11813,630747.4390986251,0.1990016872625251,0.0788852411987911,-0.1993779447910705,-0.1569087952375412,0.0685274228453636,-0.2229353040456772,-0.0695100426673889,0.0793154388666153,0.0244703292846679,XArbitraryCorrectedZVertical,-0.1028522924741782,0.0291638552597859,0.0948616164408721,0.9897333976829764,0.985708713531494,-0.1563417762517929,0.0627336278557777,45.221435546875,-21.34417724609375,7.098251342773438,-1,2,9944
2025-11-20T22:23:05.211+01:00,11814,630747.4740146251,0.1910202587024842,0.0804164754486787,-0.2076803908621929,-0.1633057743310928,0.091897115111351,-0.2560801804065704,-0.0241655707359314,0.1000005453824997,0.0453476831316947,XArbitraryCorrectedZVertical,-0.1069106471313912,0.0299217188035036,0.0906270150080764,0.9896774989760896,0.986796736717224,-0.1484929323196411,0.0646682307124137,45.401123046875,-21.12754821777344,7.263015747070312,-1,2,9945
2025-11-20T22:23:05.242+01:00,11815,630747.508931625,0.183492740263662,0.0820945774986277,-0.215033206708505,-0.1408919841051102,0.0876177549362182,-0.1702901870012283,0.030793011188507,0.1082825511693954,0.0474398210644722,XArbitraryCorrectedZVertical,-0.1105061349186759,0.0308040412018019,0.0866269381376985,0.9896137895765048,0.9877312183380128,-0.1411041766405106,0.0669095516204834,45.5897216796875,-20.87216186523438,7.206329345703125,-1,2,9946
2025-11-20T22:23:05.278+01:00,11816,630747.543847625,0.179293133475025,0.0839475527355376,-0.2220149530178042,-0.1340768337249756,0.0434566773474216,-0.0993683859705925,0.0053533315658569,0.1114623546600342,0.0573791190981864,XArbitraryCorrectedZVertical,-0.113971156475245,0.0316267362494682,0.084267332418913,0.9893984347420934,0.988192081451416,-0.1369445025920868,0.0687194019556045,45.7294921875,-20.62409973144531,7.366851806640625,-1,2,9947
2025-11-20T22:23:05.312+01:00,11817,630747.578764625,0.1774029889913018,0.0845858791598729,-0.2278953574655251,-0.0996522828936576,0.0219636596739292,-0.0189693365246057,0.0230078697204589,0.0916681587696075,0.0452054664492607,XArbitraryCorrectedZVertical,-0.1168741049225605,0.031777757143004,0.0831436224518141,0.9891499757842136,0.9884360432624816,-0.135033592581749,0.0689912140369415,45.7894287109375,-20.77450561523438,7.189987182617188,-1,2,9948
2025-11-20T22:23:05.347+01:00,11818,630747.613680625,0.1786185821162028,0.0863355703144603,-0.2322289980990564,-0.0309174787253141,0.0428603701293468,0.0634843558073043,-0.0214884281158447,0.0821547210216522,0.035773865878582,XArbitraryCorrectedZVertical,-0.1191075783717515,0.0323695182853856,0.0835278294684184,0.9888319885398146,0.98822420835495,-0.1361402422189713,0.069847472012043,45.87457275390625,-20.87322998046875,7.104095458984375,-1,2,9949
2025-11-20T22:23:05.382+01:00,11819,630747.6485966668,0.1812465616558536,0.0885282002852999,-0.2327495895118245,0.0072655482217669,0.032067347317934,0.067409761250019,-0.0299742817878723,0.0484547019004821,0.0509549379348754,XArbitraryCorrectedZVertical,-0.1195000330691521,0.0332722090647656,0.0846822687641082,0.9886565196658909,0.9877684712409972,-0.1386646330356598,0.0713137239217758,45.8663330078125,-20.92216491699219,7.305618286132812,-1,2,9950
2025-11-20T22:23:05.417+01:00,11820,630747.6835136667,0.1830529217059353,0.0891577217616392,-0.2342696821504233,-0.007478479295969,-0.0360036008059978,0.0429722629487514,-0.0048466920852661,0.0034621953964233,0.0696405172348022,XArbitraryCorrectedZVertical,-0.1203075735409444,0.0334025753516196,0.0854959599518064,0.9884841094655288,0.9875279068946838,-0.1403792798519135,0.0712895840406417,45.90618896484375,-21.1304931640625,7.113250732421875,-1,2,9951
2025-11-20T22:23:05.452+01:00,11821,630747.7184296667,0.1854457597554636,0.0879248761541796,-0.2352178285663492,-0.0161750167608261,-0.0676200687885284,0.0898456573486328,-0.0086999535560607,-0.0042910426855087,0.0578525140881538,XArbitraryCorrectedZVertical,-0.1207620979290042,0.0326033658542265,0.0867269646910217,0.9883481961790056,0.9873377084732056,-0.1426663398742676,0.069360040128231,45.879150390625,-21.43080139160156,7.071060180664062,-1,2,9952
2025-11-20T22:23:05.491+01:00,11822,630747.7533466667,0.1885443643402031,0.0858146179361143,-0.2354517845766079,-0.0148648377507925,-0.0955392569303512,0.0630821585655212,-0.0362030267715454,-0.0214403271675109,0.0364589616656303,XArbitraryCorrectedZVertical,-0.12083477747716,0.0313620093762574,0.0883792880484293,0.9882330146249948,0.9871001243591307,-0.1456433683633804,0.0664920136332511,45.83544921875,-21.65428161621094,6.807846069335938,-1,2,9953
2025-11-20T22:23:05.522+01:00,11823,630747.7882626667,0.1897724500488062,0.0821124649269528,-0.236293497215054,-0.04368532076478,-0.1361136585474014,0.0132232792675495,-0.0415759682655334,-0.0269888192415237,0.0195226743817329,XArbitraryCorrectedZVertical,-0.1211045875340666,0.0294169721136372,0.0891878771524226,0.9881872125104232,0.9871937036514282,-0.1468087881803513,0.0624169707298278,45.8477783203125,-21.72569274902344,6.4610595703125,-1,2,9954
2025-11-20T22:23:05.557+01:00,11824,630747.8231786668,0.1914807306605849,0.0779100611350542,-0.2389544135576641,-0.0561884678900241,-0.1156554594635963,0.0869379118084907,-0.047452688217163,-0.0207440257072448,-0.0298874415457248,XArbitraryCorrectedZVertical,-0.1222536774171964,0.0271049331468496,0.0902199399262569,0.9880180901081776,0.9872567057609558,-0.1483995914459229,0.0574600584805011,45.851806640625,-21.79341125488281,6.310546875,-1,2,9955
2025-11-20T22:23:05.592+01:00,11825,630747.8580956667,0.1953076313815609,0.0771864773040606,-0.2399734666025636,-0.0129958381876349,0.0318684764206409,0.0896127521991729,-0.0774412751197814,-0.0199431329965591,-0.0432487726211547,XArbitraryCorrectedZVertical,-0.1227748485892574,0.0264619389039832,0.0921291845787132,0.987794690611194,0.9868040084838868,-0.1520538926124573,0.0556540749967098,45.86083984375,-21.86589050292969,6.067123413085938,-1,2,9956
2025-11-20T22:23:05.627+01:00,11826,630747.8930116667,0.1966264346065724,0.080538772573456,-0.2395900375656677,0.0079774251207709,0.1162757501006126,-0.0068027889356017,-0.0236468911170959,-0.0519030690193176,-0.0061137676239013,XArbitraryCorrectedZVertical,-0.1227584345510299,0.0280561109582044,0.0925844426086411,0.987710188953136,0.9864307045936584,-0.1533275991678238,0.0586954951286315,45.9991455078125,-22.0467529296875,6.465118408203125,-1,2,9957
2025-11-20T22:23:05.661+01:00,11827,630747.9279286667,0.1950711365215722,0.0842087868090643,-0.2400891165633846,-0.0160729326307773,0.1178443655371666,-0.0616223290562629,0.0025309324264526,-0.0731510519981384,0.0160663127899169,XArbitraryCorrectedZVertical,-0.1231510839791979,0.0299387485102858,0.0915776618704545,0.9876999093334268,0.9864217042922974,-0.1518245041370392,0.0626232400536537,45.91265869140625,-21.88223266601562,6.539321899414062,-1,2,9958
2025-11-20T22:23:05.697+01:00,11828,630747.9628446667,0.1936464295669679,0.0890796361133676,-0.2396766561082956,0.0577911771833896,0.1782978773117065,-0.0337791666388511,-0.0126367211341857,-0.0207689106464386,0.0170123577117919,XArbitraryCorrectedZVertical,-0.1231471981523529,0.0324528708472238,0.0905853631610799,0.987712475956098,0.9862847924232484,-0.150465190410614,0.0678416788578033,46.06201171875,-22.0552978515625,6.636520385742188,-1,2,9959
2025-11-20T22:23:05.731+01:00,11829,630747.9977606667,0.1914146710141515,0.094308643153974,-0.2366968079091679,0.1113066300749779,0.1300791651010513,-0.0574715957045555,-0.0033705234527587,-0.017452597618103,0.0525959655642509,XArbitraryCorrectedZVertical,-0.1218742784258916,0.035322313663004,0.0892472731121905,0.9878936844181212,0.986158549785614,-0.1483798623085022,0.0739909708499908,46.06072998046875,-22.00205993652344,7.026382446289062,-1,2,9960
2025-11-20T22:23:05.771+01:00,11830,630748.0326776667,0.1896133291745247,0.0960294431744065,-0.2327448252299516,0.1111582592129707,-0.0160101074725389,-0.0193997733294963,0.0482398271560668,-0.0461192280054092,0.0795894861221313,XArbitraryCorrectedZVertical,-0.1199681069159195,0.0364787177984002,0.0883682445704509,0.9881639882250588,0.9861992597579956,-0.1467213183641434,0.0767062306404113,46.05645751953125,-21.66215515136719,7.459213256835938,-1,2,9961
2025-11-20T22:23:05.801+01:00,11831,630748.0675936667,0.1889608022817364,0.0936534495089658,-0.2290632318116013,0.1156376153230667,-0.0910633206367492,-0.002777143381536,0.0330146551132202,-0.0448811650276184,0.0622430965304374,XArbitraryCorrectedZVertical,-0.1180340696925545,0.0355260598025225,0.088293483252485,0.9884381843087262,0.9864096641540528,-0.146158829331398,0.0750554502010345,46.1749267578125,-21.74729919433594,7.460235595703125,-1,2,9962
2025-11-20T22:23:05.836+01:00,11832,630748.1025106667,0.1893666723939183,0.0905077219929371,-0.2241690239641634,0.1604651510715485,-0.0949502438306808,0.0644662231206893,-0.0242449641227722,0.0028659254312515,0.0373231172561645,XArbitraryCorrectedZVertical,-0.1154850737679561,0.0341895068421682,0.0888152500801437,0.9887396977022384,0.9865251779556274,-0.1466342061758041,0.072570614516735,46.0936279296875,-21.85604858398438,7.33099365234375,-1,2,9963
2025-11-20T22:23:05.871+01:00,11833,630748.1374266667,0.1922385248248255,0.0869863151110158,-0.217935372720472,0.182557538151741,-0.1537123024463654,0.100273422896862,-0.0161404013633728,-0.0073815733194351,0.0305559635162353,XArbitraryCorrectedZVertical,-0.112295833820858,0.0325948387918621,0.0906052267868357,0.988998491121222,0.9863247275352478,-0.1495092809200287,0.069358542561531,46.06646728515625,-21.88591003417969,7.357574462890625,-1,2,9964
2025-11-20T22:23:05.906+01:00,11834,630748.1723426667,0.1935915909033332,0.0805229198633142,-0.2103166963540472,0.2560083568096161,-0.2268986254930496,-0.0044958549551665,0.1156617403030396,-0.0818028450012207,-0.0173297002911567,XArbitraryCorrectedZVertical,-0.1082571524917326,0.02970480604329,0.091827845232348,0.9894269336717192,0.986480474472046,-0.150939404964447,0.06382317841053,46.10223388671875,-21.90596008300781,6.8709716796875,-1,2,9965
2025-11-20T22:23:05.941+01:00,11835,630748.2072596668,0.1915320829885517,0.073456056140898,-0.200597368088319,0.3127636909484863,-0.1684744656085968,-0.0586619153618812,0.1030868887901306,-0.0708653479814529,-0.0332286395132541,XArbitraryCorrectedZVertical,-0.1030980706941816,0.0267998179919476,0.0914150858398312,0.9900988920581518,0.9870772361755372,-0.1490900367498398,0.0587413311004638,46.3408203125,-21.89605712890625,6.789276123046875,-1,2,9966
2025-11-20T22:23:05.976+01:00,11836,630748.2421756667,0.1904827040704345,0.067913485707865,-0.1918980076542346,0.1763387471437454,-0.1556143015623093,0.0324502363801002,0.0777744650840759,-0.087027832865715,0.0072395801544189,XArbitraryCorrectedZVertical,-0.0985264231980665,0.0245356474025279,0.0913676981295457,0.9906273370681004,0.9874415397644044,-0.1481863707304001,0.0547720827162265,46.5343017578125,-21.83140563964844,6.837432861328125,-1,2,9967
2025-11-20T22:23:06.011+01:00,11837,630748.2770926667,0.1918604995812108,0.0627195021910989,-0.1899738940234029,-0.0548085160553455,-0.150018036365509,0.0334941260516643,-0.0173834562301635,-0.0741156041622161,0.0193730667233467,XArbitraryCorrectedZVertical,-0.0973513843388384,0.0219897466656339,0.0923443885339102,0.9907127641908592,0.9875068068504332,-0.1495477110147476,0.0496577061712741,46.54156494140625,-21.78083801269531,6.453750610351562,-1,2,9968
2025-11-20T22:23:06.051+01:00,11838,630748.3120086667,0.1924583244615564,0.0582572374791858,-0.1942544239928918,-0.1801418513059616,-0.0971787348389625,-0.00341576943174,-0.0890831351280212,-0.0228543579578399,-0.0217722654342651,XArbitraryCorrectedZVertical,-0.0992700899449999,0.0195396898854323,0.0927760381935588,0.9905333303782063,0.9876731634140016,-0.150073453783989,0.0444925799965858,46.25299072265625,-21.89431762695312,6.247329711914062,-1,2,9969
2025-11-20T22:23:06.080+01:00,11839,630748.3469246667,0.1938848121324666,0.05642645170079,-0.2012733746018217,-0.2086680084466934,-0.0264548100531101,0.0806835144758224,-0.044422447681427,-0.0246811211109161,-0.0506167449057102,XArbitraryCorrectedZVertical,-0.1026719908489496,0.0182145889002781,0.093441776748514,0.9901491472731424,0.9876139163970948,-0.1513594686985016,0.0413393713533878,46.400390625,-21.71807861328125,5.657852172851562,-1,2,9970
2025-11-20T22:23:06.116+01:00,11840,630748.3818416666,0.1990677249686446,0.0584002239508152,-0.2079390108484916,-0.1837530434131622,0.0820363163948059,0.1426563113927841,-0.1241541504859924,0.0051472038030624,-0.0468411408364772,XArbitraryCorrectedZVertical,-0.1061101253033782,0.0185861748622313,0.095775837932877,0.9895566505810482,0.9868556261062622,-0.1562702506780624,0.0411801114678382,46.4366455078125,-22.2169189453125,5.620651245117188,-1,2,9971
2025-11-20T22:23:06.150+01:00,11841,630748.4167576667,0.2022032052811494,0.062890779623818,-0.2135387916554302,-0.1447715312242508,0.1143431067466736,0.0057918666861951,-0.1341816186904907,0.0188658386468887,-0.027069091796875,XArbitraryCorrectedZVertical,-0.1091252381157599,0.0203511438055649,0.0969717357226004,0.9890773673981744,0.9862628579139708,-0.15920090675354,0.0440521165728569,46.33758544921875,-22.35781860351562,5.845687866210938,-1,2,9972
2025-11-20T22:23:06.185+01:00,11842,630748.4516746667,0.200863171597306,0.0659075464592876,-0.2183548426167953,-0.1229648441076279,0.0607721358537674,-0.0843001008033752,-0.0278427600860595,0.0108786970376968,-0.0146409273147583,XArbitraryCorrectedZVertical,-0.1116365134139882,0.0216678307929238,0.0960398410010342,0.9888600372929252,0.9863693118095398,-0.1578208208084106,0.0465623326599597,46.4390869140625,-22.17462158203125,5.66217041015625,-1,2,9973
2025-11-20T22:23:06.220+01:00,11843,630748.4865906667,0.1991432946459053,0.0671895221460612,-0.2223488734234589,-0.0841777175664901,0.0565168187022209,-0.0038229553028941,0.0150521397590637,0.036109372973442,-0.0232368633151054,XArbitraryCorrectedZVertical,-0.1136520555688015,0.0221931773217741,0.0950297240879369,0.98871639609788,0.9865958690643312,-0.1560892164707184,0.047589898109436,46.4342041015625,-22.34140014648438,6.014053344726562,-1,2,9974
2025-11-20T22:23:06.255+01:00,11844,630748.5215066667,0.2002607096723754,0.0707641304630044,-0.2233830997587907,0.030729642137885,0.1286413222551346,0.0251382961869239,-0.0113586783409118,0.0611527264118194,-0.0302827358245849,XArbitraryCorrectedZVertical,-0.1143458986681608,0.0238433174380414,0.0953549742793224,0.9885666509518154,0.986273229122162,-0.1571457386016846,0.0506990291178226,46.41607666015625,-22.3365478515625,6.132232666015625,-1,2,9975
2025-11-20T22:23:06.290+01:00,11845,630748.5564236667,0.1994558775869121,0.0746382104842006,-0.2213114698725611,0.0853374227881431,0.0798998922109603,-0.054056067019701,-8.946657180786133e-05,0.0568767189979553,-0.0002331808209419,XArbitraryCorrectedZVertical,-0.1134968606516622,0.0259109384252727,0.0947851578359965,0.9886671694407648,0.986158013343811,-0.1564097553491592,0.0550274364650249,46.4208984375,-22.17149353027344,6.360992431640625,-1,2,9976
2025-11-20T22:23:06.331+01:00,11846,630748.5913396667,0.1971173768750274,0.0756526699533118,-0.2180696713902577,0.1057222858071327,0.019568134099245,-0.0669603422284126,-0.0185235142707824,0.0789123028516769,0.0050741508603096,XArbitraryCorrectedZVertical,-0.111912445131947,0.0267102679403981,0.0936496222765644,0.9889348215480788,0.9863885641098022,-0.1542143970727921,0.0570595487952232,46.54620361328125,-22.03297424316406,6.474472045898438,-1,2,9977
2025-11-20T22:23:06.360+01:00,11847,630748.6262566667,0.1941838670465494,0.0760062440693014,-0.2138998826731099,0.1494935750961304,0.0461656413972377,-0.0569951049983501,-0.0031842589378356,0.0821182131767272,-0.0021634101867675,XArbitraryCorrectedZVertical,-0.1098287797446211,0.0272585255555306,0.0922793697374973,0.9892821825817886,0.9867200255393982,-0.1514541208744049,0.0586971677839756,46.478759765625,-21.81510925292969,6.78155517578125,-1,2,9978
2025-11-20T22:23:06.395+01:00,11848,630748.6611736667,0.1920662973410844,0.0774609837122755,-0.208642718920979,0.1414264291524887,0.0435970798134803,-0.0668001472949981,0.0448975563049316,0.0420228391885757,0.0146053992211818,XArbitraryCorrectedZVertical,-0.1072672876766515,0.0283555652725045,0.0912792977011152,0.9896250858545508,0.986855924129486,-0.1494904309511185,0.0613834150135517,46.47052001953125,-21.65802001953125,6.706527709960938,-1,2,9979
2025-11-20T22:23:06.430+01:00,11849,630748.6960896667,0.1886647913716733,0.0771446064109944,-0.2049874325203059,0.0715216770768165,0.0039716176688671,-0.0924629718065261,0.0549854040145874,0.0327261984348297,0.0154365301132202,XArbitraryCorrectedZVertical,-0.1053969643974145,0.0285597331762098,0.089700564715039,0.9899644887344256,0.9872813820838928,-0.1462515443563461,0.0623375214636325,46.5830078125,-21.65396118164062,6.858383178710938,-1,2,9980
2025-11-20T22:23:06.465+01:00,11850,630748.7310066667,0.1844503800164921,0.0767292273050992,-0.2032055152726582,0.0599703714251518,0.0143241379410028,-0.1227787509560585,0.0700490474700927,0.0380813181400299,-0.0045553520321846,XArbitraryCorrectedZVertical,-0.1044367709790745,0.0286611505161146,0.0876783924107459,0.990244376418843,0.9878274202346802,-0.1421919912099838,0.0630727112293243,46.846923828125,-21.3800048828125,7.09716796875,-1,2,9981
2025-11-20T22:23:06.499+01:00,11851,630748.7659226668,0.181553095672239,0.0764958359283319,-0.2005541341259615,0.106852762401104,0.006953268777579,-0.0308928973972797,0.0806569457054138,0.0353956818580627,-0.0201485157012939,XArbitraryCorrectedZVertical,-0.1030729792434712,0.0288214033411319,0.0863182944386277,0.9905021609919376,0.9881754517555236,-0.1394148021936417,0.0638190805912017,46.83795166015625,-21.31622314453125,7.306549072265625,-1,2,9982
2025-11-20T22:23:06.535+01:00,11852,630748.8008396667,0.1808693434474374,0.076353562818991,-0.1960437087079027,0.1505116820335388,-0.0130627993494272,0.0060317832976579,0.0469200015068054,0.0046629458665847,-0.0184694677591323,XArbitraryCorrectedZVertical,-0.1008244476331257,0.0289971870699644,0.0860924496800173,0.9907479766157112,0.988220751285553,-0.1388029158115387,0.0644440874457359,46.83648681640625,-21.17477416992188,7.315826416015625,-1,2,9983
2025-11-20T22:23:06.570+01:00,11853,630748.8357556667,0.1809442006689957,0.0757596103596475,-0.1907467965483785,0.1393728107213974,-0.0221478510648012,0.0110365804284811,-0.0037429332733154,-0.0194993168115615,-0.0166022777557373,XArbitraryCorrectedZVertical,-0.0981773937476251,0.0289468229138465,0.0862819693523896,0.99099889478143,0.9881941676139832,-0.1389326602220535,0.0645758435130119,46.82501220703125,-21.082275390625,7.470993041992188,-1,2,9984
2025-11-20T22:23:06.610+01:00,11854,630748.8706716667,0.1805552827047191,0.0747985376980642,-0.1864576291283493,0.1131401434540749,-0.0260504707694053,-0.0123955886811018,-0.0323269367218017,-0.0284403860569,-0.0243176221847534,XArbitraryCorrectedZVertical,-0.0960061897091442,0.0286895626617261,0.0862341227050761,0.9912232389776018,0.9882595539093018,-0.1385975480079651,0.0642956420779228,46.97540283203125,-21.01179504394531,7.117340087890625,-1,2,9985
2025-11-20T22:23:06.639+01:00,11855,630748.9055886667,0.17998527634591,0.0735948550766311,-0.182769648701962,0.104589931666851,-0.0360227599740028,-0.0014193817041814,-0.033199667930603,-0.0178826451301574,-0.0280946493148803,XArbitraryCorrectedZVertical,-0.0941193548329024,0.0282914769591775,0.0860919205983495,0.9914279597041832,0.988369345664978,-0.1380774080753326,0.0637239292263984,47.000244140625,-20.92747497558594,7.699234008789062,-1,2,9986
2025-11-20T22:23:06.674+01:00,11856,630748.9405046667,0.1801635977226922,0.0728887909144725,-0.1788933783962977,0.1167997121810913,-0.0005357791669666,0.0235089175403118,-0.0704909563064575,-0.0058489441871643,-0.0388073995709419,XArbitraryCorrectedZVertical,-0.092170915848675,0.0281129590972036,0.0862993253849514,0.9915979377461764,0.9883527159690856,-0.1382855176925659,0.0635265782475471,47.01507568359375,-20.69497680664062,7.210220336914062,-1,2,9987
2025-11-20T22:23:06.709+01:00,11857,630748.9754206667,0.1808870112550872,0.073211942289323,-0.1747593150459313,0.1153180822730064,0.0074771288782358,0.0265912245959043,-0.0831555724143981,0.0016353279352188,-0.0304867029190063,XArbitraryCorrectedZVertical,-0.0901465024048454,0.0284323230584519,0.0867346018396975,0.9917370688871852,0.9882001280784608,-0.1390254497528076,0.064284898340702,46.94171142578125,-20.927001953125,7.549057006835938,-1,2,9988
2025-11-20T22:23:06.744+01:00,11858,630749.0103376667,0.1805282854478089,0.0736449650120327,-0.1710202897080553,0.0970579832792282,0.0147501640021801,-0.0322453901171684,-0.0525099635124206,-0.0119297355413436,-0.0208005979657173,XArbitraryCorrectedZVertical,-0.0883069861336435,0.0288369126114172,0.0866200312061638,0.99190086220036,0.988178849220276,-0.1387049704790115,0.0652951598167419,47.04705810546875,-20.99375915527344,7.67376708984375,-1,2,9989
2025-11-20T22:23:06.779+01:00,11859,630749.0452536667,0.1798960597076913,0.073582691413036,-0.1679257540501957,0.0762402936816215,-0.014582403935492,0.0336255691945552,0.0258533358573913,-0.0168882608413696,-0.019019491970539,XArbitraryCorrectedZVertical,-0.0867611680301407,0.0289771318904179,0.0863774594027823,0.9920543219062736,0.9882304072380066,-0.1381104737520218,0.065772458910942,46.894287109375,-20.8707275390625,7.90283203125,-1,2,9990
2025-11-20T22:23:06.814+01:00,11860,630749.0801706667,0.1819888311697112,0.0728154372291628,-0.1661629328546737,0.015137804672122,-0.0524598136544227,0.0777022540569305,0.0151747465133667,-0.0286567211151123,-0.0211321040987968,XArbitraryCorrectedZVertical,-0.0858840118348381,0.0285882093861773,0.0874872823842608,0.9920447579922426,0.987999141216278,-0.1401665210723877,0.0648942813277244,47.02728271484375,-20.9317626953125,7.732254028320312,-1,2,9991
2025-11-20T22:23:06.850+01:00,11861,630749.1150866667,0.1849916129465756,0.0719159279971491,-0.1658792458683371,-0.0120103908702731,-0.0327070467174053,0.0781657099723815,0.0392490625381469,-0.0439420640468597,-0.0405608341097831,XArbitraryCorrectedZVertical,-0.0857461891154982,0.0280265804073056,0.0890214117331973,0.9919362301412156,0.9876675605773926,-0.1431001722812653,0.0635252818465232,46.95660400390625,-21.11273193359375,7.779464721679688,-1,2,9992
2025-11-20T22:23:06.889+01:00,11862,630749.1500026667,0.186607573129982,0.0706698985215658,-0.1675436505050579,-0.0730560570955276,-0.0684093981981277,0.0124175455421209,0.1156750321388245,-0.0892073810100555,-0.0290290191769599,XArbitraryCorrectedZVertical,-0.0865378028117182,0.0272596857232296,0.0898406543468788,0.9918148536910588,0.9875504970550536,-0.1446640193462372,0.0617743842303752,46.87506103515625,-21.05226135253906,7.447769165039062,-1,2,9993
2025-11-20T22:23:06.919+01:00,11863,630749.1849196667,0.1878196613285791,0.069090562772671,-0.1703343464577295,-0.0664674639701843,-0.0401288345456123,0.0198645554482936,0.0875134468078613,-0.0388391762971878,-0.0343743562698364,XArbitraryCorrectedZVertical,-0.0878658962811024,0.0262897166859906,0.0904511958670546,0.9916688179519118,0.9875139594078064,-0.1458226591348648,0.0595971271395683,46.9915771484375,-21.17147827148438,7.315261840820312,-1,2,9994
2025-11-20T22:23:06.954+01:00,11864,630749.2198356667,0.1893353074229245,0.0677716188406067,-0.1715950505114212,-0.0076281335204839,-0.0393452867865562,0.0933714136481285,0.0513564348220825,0.0300555080175399,-0.0169014967978,XArbitraryCorrectedZVertical,-0.0884503375125388,0.0255080360734701,0.0912343518960447,0.9915655150835184,0.987400770187378,-0.1472887545824051,0.057840771973133,46.95196533203125,-20.97708129882812,7.078948974609375,-1,2,9995
2025-11-20T22:23:06.988+01:00,11865,630749.2547526667,0.1935377758206952,0.0670356876138138,-0.1707438975854385,0.0309901926666498,-0.0406401753425598,0.131287693977356,0.0337563157081604,0.004327043890953,0.0111187696456909,XArbitraryCorrectedZVertical,-0.0880477152332459,0.0249994907283804,0.0933678748887348,0.9914157028327626,0.9868582487106324,-0.1513912230730057,0.0564928986132144,46.83538818359375,-21.24288940429688,7.373184204101562,-1,2,9996
2025-11-20T22:23:07.023+01:00,11866,630749.2896686667,0.1981082695192599,0.0662881435666468,-0.1689493711350077,0.0442215390503406,-0.0528102926909923,0.1247168704867363,-0.0486122369766235,0.0186073929071426,0.0264428816735744,XArbitraryCorrectedZVertical,-0.0871799577823569,0.0245186043454165,0.0957031891712828,0.9912816760604346,0.986234188079834,-0.1558601558208466,0.0552221573889255,46.9639892578125,-21.34104919433594,7.476043701171875,-1,2,9997
2025-11-20T22:23:07.058+01:00,11867,630749.3245856666,0.2021231489168264,0.0640130248224242,-0.1677561194726241,0.0133984386920929,-0.1074665412306786,0.1202472746372223,-0.0626922249794006,0.0339111983776092,0.0408444479107856,XArbitraryCorrectedZVertical,-0.0865267898376192,0.0232776560611573,0.0978160756009797,0.9911626722313396,0.9857575297355652,-0.1597809344530106,0.0524630434811115,46.84405517578125,-21.70542907714844,7.375778198242188,-1,2,9998
2025-11-20T22:23:07.094+01:00,11868,630749.3595016667,0.2069546616588979,0.0615430902069625,-0.1667376869266771,0.0264423992484808,-0.0741781294345855,0.1420943737030029,-0.0820971727371215,0.0370820462703704,0.0263004302978515,XArbitraryCorrectedZVertical,-0.0859546062468385,0.0218984771762675,0.1003369720400161,0.9909918132762288,0.9851427674293518,-0.1644929200410843,0.0493526421487331,46.6729736328125,-21.65336608886719,7.117202758789062,-1,2,9999
2025-11-20T22:23:07.131+01:00,11869,630749.3944176667,0.2110070135146958,0.0600505734986618,-0.166148349260567,-0.0168363656848669,-0.051255777478218,0.0850191041827201,-0.1087839603424072,0.0409987121820449,0.04401421174407,XArbitraryCorrectedZVertical,-0.0856305921387335,0.0210165253760241,0.1024201809037257,0.9908258465460142,0.9845773577690125,-0.1684400737285614,0.0472790375351905,46.52423095703125,-22.05384826660156,6.8067626953125,-1,2,10000
2025-11-20T22:23:07.170+01:00,11870,630749.4293346667,0.2128387098114787,0.0586833257524248,-0.1678848952701985,-0.0887256935238838,-0.0436476543545723,0.0087874606251716,-0.0526958107948303,0.0207390785217285,0.0486878156661987,XArbitraryCorrectedZVertical,-0.086438902885937,0.0201668208526701,0.1033531814963074,0.99067642959377,0.9843669533729552,-0.1701988875865936,0.0453215949237346,46.54437255859375,-21.99775695800781,6.818435668945312,-1,2,10001
2025-11-20T22:23:07.198+01:00,11871,630749.4642506667,0.211373921740219,0.0576433984629355,-0.1717244278844408,-0.1167962476611137,0.0032026737462729,-0.1008069589734077,-0.0309643149375915,0.0313525795936584,0.0351344347000122,XArbitraryCorrectedZVertical,-0.0882716281817978,0.0195085964444225,0.1026005290430058,0.9906062387712437,0.9846843481063844,-0.1687274426221848,0.0439061298966407,46.4969482421875,-21.7763671875,6.647415161132812,-1,2,10002
2025-11-20T22:23:07.233+01:00,11872,630749.4991676667,0.2068996815041259,0.0576552443825415,-0.1763733016201672,-0.1319819390773773,0.0350900515913963,-0.1587037444114685,0.0102089643478393,0.0618294775485992,0.0348764657974243,XArbitraryCorrectedZVertical,-0.0905300610382607,0.0194670721383861,0.1002964046845242,0.9906391985873808,0.9854270219802856,-0.1643227189779282,0.0439504384994506,46.44036865234375,-21.85771179199219,6.5908203125,-1,2,10003
2025-11-20T22:23:07.268+01:00,11873,630749.5340836667,0.201738067597364,0.0583217779595759,-0.1813998489940007,-0.1310769021511078,0.05765151232481,-0.1383181810379028,0.0149658918380737,0.0904900729656219,0.0364890098571777,XArbitraryCorrectedZVertical,-0.0930008685730227,0.0197724036111648,0.0976140512024558,0.9906722476512694,0.9862242937088012,-0.1592461466789246,0.0447487793862819,46.4561767578125,-21.49993896484375,6.719635009765625,-1,2,10004
2025-11-20T22:23:07.303+01:00,11874,630749.5690006667,0.1974061202184724,0.0599868541426684,-0.1857330507091169,-0.1015065461397171,0.0720190405845642,-0.1331088989973068,0.0214498043060302,0.0877242386341095,0.0380328856408596,XArbitraryCorrectedZVertical,-0.0951827071962774,0.0205802990976032,0.0953066912161882,0.9906731597240708,0.9868202805519104,-0.1549849361181259,0.0465312898159027,46.64068603515625,-21.48872375488281,6.85638427734375,-1,2,10005
2025-11-20T22:23:07.337+01:00,11875,630749.6039166667,0.193234285809894,0.0609872611474592,-0.1894603301299967,-0.0995830595493316,0.0266430303454399,-0.1021116003394127,0.016723096370697,0.0917752683162689,0.0519297197461128,XArbitraryCorrectedZVertical,-0.0970316075802161,0.021090228025527,0.0931192743848279,0.9906912173134126,0.9873968362808228,-0.1508878022432327,0.0477559715509414,46.80426025390625,-21.35623168945312,6.728271484375,-1,2,10006
2025-11-20T22:23:07.373+01:00,11876,630749.63883225,0.1905742783983077,0.0608219309648924,-0.1931523132799501,-0.0960125252604484,0.0015341935213655,-0.0604313351213932,0.0065350532531738,0.0891928970813751,0.0397766791284084,XArbitraryCorrectedZVertical,-0.0988237564319887,0.0209572702935295,0.0917372126471206,0.9906457044388538,0.987803876399994,-0.148259624838829,0.047564510256052,46.86083984375,-21.23045349121094,6.802505493164062,-1,2,10007
2025-11-20T22:23:07.411+01:00,11877,630749.67374925,0.1887558088436115,0.06105988731748,-0.1961886442572041,-0.070949412882328,0.03799869120121,-0.056696381419897,0.0073415637016296,0.0733062326908111,0.0241370163857936,XArbitraryCorrectedZVertical,-0.1003185957733203,0.0210181818497156,0.0907648731855264,0.9905837405847582,0.9880654811859132,-0.1464568078517914,0.047716561704874,46.79254150390625,-20.90269470214844,6.691299438476562,-1,2,10008
2025-11-20T22:23:07.442+01:00,11878,630749.70866525,0.1868090841840903,0.0625933638809272,-0.1984826199871675,-0.0431395843625068,0.063887283205986,-0.0522875040769577,0.0019333362579345,0.0790791511535644,0.0290912389755249,XArbitraryCorrectedZVertical,-0.1015024568277496,0.0217654718185711,0.0896776072077304,0.9905460732990836,0.9882705211639404,-0.1445393264293671,0.0492931716144084,46.71282958984375,-20.88911437988281,6.707550048828125,-1,2,10009
2025-11-20T22:23:07.477+01:00,11879,630749.7435822501,0.1868037627946887,0.0642174350543235,-0.1987993138134165,0.026943864300847,0.0257439129054546,0.0640053525567054,0.0421417355537414,0.0701740831136703,0.0351296737790107,XArbitraryCorrectedZVertical,-0.101731933281113,0.0225549033883483,0.0895860160405205,0.9905131891424472,0.988192856311798,-0.1445301622152328,0.0508535988628864,46.68927001953125,-20.90011596679688,6.83978271484375,-1,2,10010
2025-11-20T22:23:07.512+01:00,11880,630749.7784982501,0.1899360263189442,0.0647495882571508,-0.1965165717605645,0.0781646445393562,-0.02789007127285,0.0895414277911186,-0.0068013668060302,0.0273887664079666,0.0419878959655761,XArbitraryCorrectedZVertical,-0.1006616375341578,0.0227703394334175,0.091157374556085,0.9904741983078692,0.9877278208732604,-0.1475974768400192,0.0510753951966762,46.634765625,-20.92427062988281,6.87762451171875,-1,2,10011
2025-11-20T22:23:07.547+01:00,11881,630749.81341525,0.1919211800115491,0.063429616918123,-0.1934982341222298,0.0867281332612037,-0.0656992048025131,0.0388876795768737,-0.0083703994750976,-0.007038727402687,0.0422811470925808,XArbitraryCorrectedZVertical,-0.0991294671165564,0.0221652469245508,0.0922683619105661,0.9905395482454648,0.987496256828308,-0.1495621800422668,0.049820814281702,46.53790283203125,-21.26922607421875,6.971176147460938,-1,2,10012
2025-11-20T22:23:07.582+01:00,11882,630749.84833125,0.1928243989892488,0.0613964225531483,-0.1908077805688708,0.0679776296019554,-0.0600799731910228,0.0253437608480453,-0.0101819634437561,-0.0286956578493118,0.0279971323907375,XArbitraryCorrectedZVertical,-0.0977133636515333,0.0212463082361415,0.0928697490725862,0.9906442098004062,0.9874463081359864,-0.1504729986190796,0.0480373501777648,46.25,-20.97264099121094,6.857772827148438,-1,2,10013
2025-11-20T22:23:07.617+01:00,11883,630749.88324725,0.1943618474630931,0.0604042670622483,-0.1884841874773237,0.0622013285756111,-0.007518202997744,0.0584256462752819,-0.0241843461990356,-0.0078410953283309,0.01856529712677,XArbitraryCorrectedZVertical,-0.0965329326915895,0.020795259052422,0.0937251517646887,0.99068896255704,0.9872580170631408,-0.1519946902990341,0.0471084676682949,46.2696533203125,-21.12107849121094,6.627655029296875,-1,2,10014
2025-11-20T22:23:07.652+01:00,11884,630749.9181642501,0.1954595929352956,0.0611971655811639,-0.1862978864897172,0.0643567442893981,0.0389430485665798,0.0175624042749404,-0.0501101613044738,-0.0008885562419891,0.0252758264541626,XArbitraryCorrectedZVertical,-0.0954993508638539,0.0212442673278015,0.0942737330402486,0.9907275231806418,0.9870455265045166,-0.153087854385376,0.0480121187865734,46.27569580078125,-21.10494995117188,6.793441772460938,-1,2,10015
2025-11-20T22:23:07.689+01:00,11885,630749.9530802501,0.1959282159253241,0.0631666726786234,-0.1831364627686896,0.11327163875103,0.0496705584228038,0.0295459330081939,-0.026265799999237,0.0021230280399322,0.0300480127334594,XArbitraryCorrectedZVertical,-0.0940321454248192,0.0223559315172557,0.0944754894001234,0.9908242079744124,0.9868522882461548,-0.1535817384719849,0.0503504611551761,46.25604248046875,-21.09861755371094,6.985000610351562,-1,2,10016
2025-11-20T22:23:07.722+01:00,11886,630749.98799725,0.1983504301709395,0.064346608144611,-0.1785534207273617,0.1437269747257233,-0.0090239411219954,0.1282561719417572,0.0066103935241699,-0.0077366381883621,0.0428504943847656,XArbitraryCorrectedZVertical,-0.0918464720019625,0.0230589839966084,0.0957134354073064,0.9908942820230188,0.9864010214805604,-0.1559901237487793,0.0517692007124424,46.13458251953125,-21.29574584960938,7.175033569335938,-1,2,10017
2025-11-20T22:23:07.756+01:00,11887,630750.02291325,0.2039305500547933,0.0641338648580198,-0.1726693684320339,0.1649065613746643,-0.0540196225047111,0.1930474936962128,-0.0363286137580871,-0.0101013481616973,0.0459986925125122,XArbitraryCorrectedZVertical,-0.0889868428599417,0.0230036494032104,0.0986072080202364,0.9908727945965612,0.9855321049690248,-0.1614837050437927,0.051474392414093,45.8985595703125,-21.38494873046875,7.147262573242188,-1,2,10018
2025-11-20T22:23:07.792+01:00,11888,630750.05783025,0.2106112058901422,0.0629289558537486,-0.1667093281429814,0.1701598614454269,-0.0842009857296943,0.1985044926404953,-0.0072104930877685,-0.0744745135307312,0.0406566858291626,XArbitraryCorrectedZVertical,-0.0860512194679597,0.022429370904628,0.1020895592507001,0.9907925367164108,0.9845053553581238,-0.1680486500263214,0.0500872880220413,45.7412109375,-21.61894226074219,7.2628173828125,-1,2,10019
2025-11-20T22:23:07.826+01:00,11889,630750.09274625,0.2166077100971099,0.0607243467274081,-0.1613609864031778,0.1378245055675507,-0.0923395678400993,0.1410722434520721,-0.0293866991996765,-0.0963684022426605,0.0388195514678955,XArbitraryCorrectedZVertical,-0.0833545947079807,0.0213740055587694,0.1052587087611366,0.9907148045568028,0.983595073223114,-0.1739410161972046,0.0478045493364334,45.55523681640625,-21.76947021484375,7.062347412109375,-1,2,10020
2025-11-20T22:23:07.861+01:00,11890,630750.1276632501,0.2190383374613294,0.0585895523269549,-0.1580608718315989,0.129897803068161,-0.0755124613642692,0.0178722850978374,-0.0087718367576599,-0.1187318116426468,0.0245575942099094,XArbitraryCorrectedZVertical,-0.0816329979975854,0.0203988592088938,0.1066138633903128,0.9907338600224108,0.9832592606544496,-0.176342636346817,0.0458769984543323,45.49774169921875,-21.97700500488281,6.895492553710938,-1,2,10021
2025-11-20T22:23:07.896+01:00,11891,630750.16257925,0.2180184984369963,0.0562367855353655,-0.1566800256176472,0.0827360153198242,-0.0786211267113685,-0.067213200032711,0.0147551894187927,-0.1222097128629684,0.0365935526788234,XArbitraryCorrectedZVertical,-0.080813948562512,0.0193512908808378,0.1062297493609837,0.9908631723460236,0.9835204482078552,-0.1753671616315842,0.0439728647470474,45.3570556640625,-21.97682189941406,6.8944091796875,-1,2,10022
2025-11-20T22:23:07.931+01:00,11892,630750.19749625,0.2143753050442805,0.0530719832979413,-0.1557433504194992,0.0642810463905334,-0.0928571075201034,-0.1271986812353134,0.0872558951377868,-0.1256365478038788,0.0284855365753173,XArbitraryCorrectedZVertical,-0.0801492523367092,0.01798109624536,0.1045685323909953,0.9911197198656528,0.9842467308044434,-0.1718335151672363,0.0416133776307106,45.5418701171875,-21.73651123046875,7.018356323242188,-1,2,10023
2025-11-20T22:23:07.971+01:00,11893,630750.23241225,0.2108212217582088,0.0484844069186235,-0.1557704368159094,0.007596434559673,-0.1437450349330902,-0.0385742038488388,0.048047125339508,-0.0608287304639816,0.0412687100470066,XArbitraryCorrectedZVertical,-0.0798945629861029,0.0158481639177941,0.1029901699596297,0.9913419519811932,0.9850034713745116,-0.1683735400438309,0.0376649498939514,45.70379638671875,-21.77377319335938,6.885910034179688,-1,2,10024
2025-11-20T22:23:08.001+01:00,11894,630750.26732925,0.2118559561853248,0.0430387620726302,-0.1576354618903298,-0.0394748784601688,-0.1772894561290741,0.0858986154198646,0.0669006705284118,-0.0352893024682998,0.0145217180252075,XArbitraryCorrectedZVertical,-0.0805446992265625,0.0130078382823849,0.1036926174499088,0.9912574136414016,0.9850401878356934,-0.1693615466356277,0.0318192057311534,45.50177001953125,-21.71104431152344,6.471084594726562,-1,2,10025
2025-11-20T22:23:08.036+01:00,11895,630750.3022452501,0.2154818857584525,0.0385236846440648,-0.16056092757555,-0.0378742329776287,-0.1216180920600891,0.0964834913611412,0.0091475248336791,-0.0286971926689147,-0.0105651635676622,XArbitraryCorrectedZVertical,-0.0817789434657356,0.0104653966307061,0.105630763089447,0.9909817449527776,0.984596312046051,-0.1728561073541641,0.0262817237526178,45.3394775390625,-21.70149230957031,6.24456787109375,-1,2,10026
2025-11-20T22:23:08.071+01:00,11896,630750.3371612501,0.2197013387079148,0.0365598946844865,-0.1629211787365528,-0.0415013059973716,-0.0432488098740577,0.1396410018205643,-0.0442370772361755,0.0059830099344253,-0.019700288772583,XArbitraryCorrectedZVertical,-0.0828638171378768,0.0091893542777602,0.1077696674138922,0.9906739943146162,0.983949601650238,-0.1769271939992905,0.0232403110712766,45.242919921875,-21.92091369628906,6.013259887695312,-1,2,10027
2025-11-20T22:23:08.106+01:00,11897,630750.37207825,0.2246135975064532,0.0368487920212348,-0.1661547894868363,-0.0589616708457469,-0.0080828219652175,0.1171035021543503,-0.0510311126708984,-0.0063679963350296,-0.0164911765605211,XArbitraryCorrectedZVertical,-0.084502703076815,0.0089458787515926,0.1101462124685937,0.9902762278297612,0.9831141233444214,-0.1816507428884506,0.0221216455101966,45.155517578125,-22.09579467773438,5.713165283203125,-1,2,10028
2025-11-20T22:23:08.141+01:00,11898,630750.40699425,0.2277461405770509,0.0386674340091072,-0.1694667313498437,-0.0511306077241897,0.0692612379789352,0.0536502450704574,-0.0550068020820617,-0.0056847333908081,-0.0253767967224121,XArbitraryCorrectedZVertical,-0.0862569856601053,0.0095236997118371,0.1115727513844576,0.9899599031397358,0.9825428128242492,-0.184638112783432,0.0227674786001443,44.76837158203125,-21.99690246582031,5.752777099609375,-1,2,10029
2025-11-20T22:23:08.175+01:00,11899,630750.44191125,0.2297736135420297,0.0429658802549175,-0.1725494955422309,-0.043910726904869,0.1362296491861343,0.0673118159174919,-0.0580116510391235,0.0256793200969696,-0.0161155462265014,XArbitraryCorrectedZVertical,-0.0880332988043235,0.0113848119118595,0.112342727893087,0.9896967653068748,0.9820991158485411,-0.1865526884794235,0.0260642021894455,44.71826171875,-22.2286376953125,6.013320922851562,-1,2,10030
2025-11-20T22:23:08.211+01:00,11900,630750.4768272501,0.2319445627389607,0.0484718107775188,-0.1752350625274086,-0.0297838412225246,0.1313818693161011,0.0451332442462444,-0.0617153644561767,0.0394687354564666,-0.0076000690460205,XArbitraryCorrectedZVertical,-0.0896855109542612,0.0138559133882465,0.1131284469666337,0.989427384244537,0.9815762042999268,-0.1886081099510193,0.0305798072367906,44.614990234375,-22.22097778320312,5.943161010742188,-1,2,10031
2025-11-20T22:23:08.246+01:00,11901,630750.5117442501,0.2329749310323516,0.0530580642221027,-0.1768530110287924,0.0051125516183674,0.1019693315029144,0.0087768528610467,-0.0444737672805786,0.0583811551332473,-0.0097317732870578,XArbitraryCorrectedZVertical,-0.0907528738365667,0.0159829176328114,0.1134027069436012,0.9892665181346344,0.9812564849853516,-0.1895761787891388,0.0345883332192897,44.46014404296875,-22.4012451171875,6.252487182617188,-1,2,10032
2025-11-20T22:23:08.280+01:00,11902,630750.54666025,0.2323498147250791,0.0556360949789021,-0.1770833924285839,0.046796016395092,0.0429931133985519,-0.0386151075363159,0.0015397667884826,0.0531190484762191,-0.0134768486022949,XArbitraryCorrectedZVertical,-0.0910074623789631,0.0172729183550814,0.1129720738588271,0.9892707706277372,0.9812787771224976,-0.1889680176973343,0.0371889546513557,44.25335693359375,-22.28927612304688,6.281661987304688,-1,2,10033
2025-11-20T22:23:08.315+01:00,11903,630750.58157725,0.2293841550385899,0.0565385948337551,-0.1773754814921704,0.0458972752094268,0.0186222624033689,-0.128873348236084,0.0021427273750305,0.0486448854207992,-0.0062611103057861,XArbitraryCorrectedZVertical,-0.0911764727121197,0.017837325407118,0.1114583994262489,0.9894168853893764,0.9817744493484496,-0.1860960274934769,0.0385639891028404,44.2821044921875,-22.14622497558594,6.28741455078125,-1,2,10034
2025-11-20T22:23:08.350+01:00,11904,630750.61649325,0.2243893002986255,0.05642782581381,-0.1779990963424739,0.0178031958639621,0.0083537008613348,-0.141235813498497,0.0384504795074462,0.0551704466342926,-0.0061779022216796,XArbitraryCorrectedZVertical,-0.0914340216500473,0.0179746286531004,0.1089803046654683,0.989666634263324,0.9826523661613464,-0.1812537908554077,0.0392589159309864,44.52215576171875,-21.94071960449219,6.216079711914062,-1,2,10035
2025-11-20T22:23:08.385+01:00,11905,630750.6514101251,0.2189908066639786,0.0557075485454841,-0.1800213882546786,-0.0276260618120431,-0.0143023198470473,-0.162016898393631,0.0569014549255371,0.046829879283905,-0.0062292851507663,XArbitraryCorrectedZVertical,-0.0923472863815691,0.0177523309586757,0.1063037118690758,0.9898769124595428,0.9836105108261108,-0.1759954839944839,0.0391882434487342,44.563232421875,-21.70896911621094,6.490081787109375,-1,2,10036
2025-11-20T22:23:08.420+01:00,11906,630750.686326125,0.2134353164672069,0.0545409529732274,-0.1827620357120441,-0.0500862337648868,0.0036790224257856,-0.1543522477149963,0.020111083984375,0.06946761906147,-0.0255887545645237,XArbitraryCorrectedZVertical,-0.0935932641115662,0.017282541969865,0.1035572851445117,0.990059308778192,0.9845885038375854,-0.1705722957849503,0.0386044308543205,44.4710693359375,-21.4754638671875,6.405731201171875,-1,2,10037
2025-11-20T22:23:08.455+01:00,11907,630750.721243125,0.2091080505458656,0.0543869832434342,-0.185812387354865,-0.0241599380970001,0.0184694323688745,-0.0821592435240745,0.021665871143341,0.0874154418706893,-0.0335718393325805,XArbitraryCorrectedZVertical,-0.0950572973027381,0.0172465322159847,0.1013664099898111,0.9901472121202524,0.9853073358535768,-0.1663338541984558,0.0387597829103469,44.50927734375,-21.25965881347656,6.480484008789062,-1,2,10038
2025-11-20T22:23:08.490+01:00,11908,630750.756159125,0.207728736039007,0.0547193061476143,-0.1872722777001654,0.0195011794567108,-0.002528800163418,-0.0083225909620523,0.0167821645736694,0.0589271187782287,-0.0371417999267578,XArbitraryCorrectedZVertical,-0.0957844996668158,0.0173994490670372,0.1006409074716359,0.99014848015936,0.9855218529701232,-0.1649756580591202,0.0391101390123367,44.6490478515625,-21.19038391113281,6.098342895507812,-1,2,10039
2025-11-20T22:23:08.532+01:00,11909,630750.791076125,0.2080492446333723,0.0549089789420727,-0.1868388114316378,0.0624781958758831,0.0098000150173902,0.018098285421729,-0.0366389751434326,0.0567569285631179,-0.0407717265188694,XArbitraryCorrectedZVertical,-0.0955823668522141,0.0175009502005174,0.1007984914341314,0.990150175877506,0.985460877418518,-0.1652926504611969,0.0393069051206111,44.5592041015625,-21.19038391113281,6.664871215820312,-1,2,10040
2025-11-20T22:23:08.560+01:00,11910,630750.8259921251,0.208290688962436,0.0560239820324021,-0.1847804330144732,0.0820115953683853,0.0468995049595832,0.000120819080621,-0.0306786894798278,0.0172872394323349,-0.0340925455093383,XArbitraryCorrectedZVertical,-0.0946222021199133,0.0181505600724288,0.100903184334161,0.9902200707942268,0.985360026359558,-0.1655568778514862,0.0406995639204978,44.56085205078125,-21.1419677734375,6.81103515625,-1,2,10041
2025-11-20T22:23:08.594+01:00,11911,630750.8609081251,0.2074831958617755,0.0580859616904761,-0.182695382163342,0.0795453637838363,0.0698809325695037,-0.035853087902069,-0.019955039024353,-0.0051638633012771,-0.0298155546188354,XArbitraryCorrectedZVertical,-0.0936866106170821,0.0193199219519335,0.1004456632556556,0.9903334006351564,0.9853785634040833,-0.164803758263588,0.0432280451059341,44.4207763671875,-21.15708923339844,6.744552612304688,-1,2,10042
2025-11-20T22:23:08.630+01:00,11912,630750.895825125,0.2056192452676995,0.0606814786466504,-0.1808757470403259,0.0596712827682495,0.0884152501821517,-0.0633889436721801,-0.0295662879943847,0.006709486246109,-0.0215158462524414,XArbitraryCorrectedZVertical,-0.0928970357057975,0.0207879819761926,0.0994368229373517,0.9904798534947502,0.985529363155365,-0.1630204916000366,0.0464334599673748,44.46588134765625,-20.98699951171875,6.933914184570312,-1,2,10043
2025-11-20T22:23:08.664+01:00,11913,630750.930741125,0.2030734623601304,0.0631165748470882,-0.1795376454168086,0.036277774721384,0.0649826228618621,-0.0680790543556213,-0.0030852556228637,0.004240408539772,-0.0140326060354709,XArbitraryCorrectedZVertical,-0.0923275831132616,0.0221817047477008,0.0980898388083407,0.9906371594704444,0.985781729221344,-0.160566657781601,0.0495245084166526,44.2628173828125,-20.89601135253906,7.351806640625,-1,2,10044
2025-11-20T22:23:08.699+01:00,11914,630750.965658125,0.2012287617069162,0.0643203889992244,-0.1790799534014191,0.0138418795540928,0.0210269410163164,-0.0285990834236145,0.0136292576789856,-0.0004294663667678,-0.0149333477020263,XArbitraryCorrectedZVertical,-0.0921389632734985,0.022886712817632,0.0971298492749652,0.9907333183697844,0.985989272594452,-0.1587807089090347,0.0511271767318248,44.32489013671875,-20.62982177734375,7.446487426757812,-1,2,10045
2025-11-20T22:23:08.734+01:00,11915,630751.0005741251,0.2009573299232919,0.0644544665368659,-0.1789903828377158,0.0005748230032622,-0.0071762655861675,0.0089467335492372,-0.0030653476715087,-0.0033622980117797,-0.0206230990588665,XArbitraryCorrectedZVertical,-0.0920980244422583,0.0229702366453381,0.096991054704032,0.9907486774865412,0.9860210418701172,-0.1585181206464767,0.0513237118721008,44.52130126953125,-20.75367736816406,7.537628173828125,-1,2,10046
2025-11-20T22:23:08.769+01:00,11916,630751.0354911251,0.2013033761096044,0.0642193748984952,-0.1799639562652833,-0.0365705080330371,-0.0190246105194091,0.0141622070223093,-0.0247955322265625,-0.0052355527877807,-0.0183876678347587,XArbitraryCorrectedZVertical,-0.0925725476071047,0.0227877593322139,0.0971534217431643,0.9906928902557522,0.9859924912452698,-0.1588421911001205,0.0508736371994018,44.38861083984375,-20.83064270019531,7.36785888671875,-1,2,10047
2025-11-20T22:23:08.810+01:00,11917,630751.070407125,0.20323607623385,0.0635694751347204,-0.1823350460029813,-0.0908898040652275,-0.033904280513525,0.0983272194862365,-0.0088654160499572,-0.0100576281547546,-0.0226671732962131,XArbitraryCorrectedZVertical,-0.0937363017372137,0.0222532932015503,0.0980926215854956,0.9905029739997462,0.9857635498046876,-0.1606881767511368,0.0494920499622821,44.359130859375,-20.95065307617188,7.318878173828125,-1,2,10048
2025-11-20T22:23:08.839+01:00,11918,630751.105324125,0.2082110869305654,0.0638369784895996,-0.1864218888298762,-0.142108753323555,-0.0007490091957151,0.1451822817325592,-0.0527905821800231,-0.0125991404056549,-0.0350795909762382,XArbitraryCorrectedZVertical,-0.0958268812490013,0.0219351942814338,0.1004595228496927,0.9900727698367974,0.985041618347168,-0.1654556393623352,0.0481411442160606,44.3365478515625,-21.07514953613281,7.4205322265625,-1,2,10049
2025-11-20T22:23:08.874+01:00,11919,630751.140240125,0.2136238661744198,0.0652795258732975,-0.1917085694161477,-0.160068690776825,0.015214767307043,0.1449042111635208,-0.0249127149581909,-0.0317190289497375,-0.0361106321215629,XArbitraryCorrectedZVertical,-0.0985745418317921,0.0221011863336889,0.1029575149314169,0.9895425518708744,0.9841870665550232,-0.1706124991178513,0.0476156994700431,44.10552978515625,-21.31838989257812,7.081039428710938,-1,2,10050
2025-11-20T22:23:08.909+01:00,11920,630751.175157125,0.2189626223461649,0.0668971317032411,-0.197106829094217,-0.1524526178836823,0.0122774085029959,0.1354160159826279,0.0093292593955993,-0.0461873710155487,-0.0337873697280883,XArbitraryCorrectedZVertical,-0.1013864170462856,0.0223360219808582,0.1054008925648301,0.9889957763409728,0.9833160042762756,-0.1756754070520401,0.0471998490393161,44.07110595703125,-21.49053955078125,6.968902587890625,-1,2,10051
2025-11-20T22:23:08.944+01:00,11921,630751.2100731251,0.2241522324711575,0.0683022447039242,-0.2013743598830179,-0.1021809577941895,-0.0001404481008648,0.1080121099948883,0.0979835391044616,-0.0777193009853363,-0.0364214181900024,XArbitraryCorrectedZVertical,-0.103627688008095,0.0225229718870702,0.107799730681089,0.9885005227544302,0.9824454784393312,-0.1805966943502426,0.046751607209444,43.810302734375,-21.68246459960938,7.031814575195312,-1,2,10052
2025-11-20T22:23:08.979+01:00,11922,630751.2449901251,0.2268518937459311,0.0684835826727034,-0.2042906993393129,-0.0938064903020858,0.0062783155590295,0.0443391688168048,0.0649020075798034,-0.0473334789276123,-0.0181236267089843,XArbitraryCorrectedZVertical,-0.105107826993189,0.0223035673924341,0.1090584954238154,0.9882111213755242,0.9820187091827391,-0.1831352561712265,0.0458335764706134,43.641357421875,-21.57795715332031,6.9283447265625,-1,2,10053
2025-11-20T22:23:09.013+01:00,11923,630751.279906125,0.228444569096147,0.069708758997931,-0.2080190715643282,-0.1082434803247452,0.0346513912081718,0.0640125498175621,0.1095545291900635,-0.0626833140850067,-0.0216290988028049,XArbitraryCorrectedZVertical,-0.1070331598095835,0.0226073142539308,0.1096949530286251,0.9879270115149102,0.9817386865615844,-0.1845853179693222,0.0460126511752605,43.67864990234375,-21.88272094726562,6.670379638671875,-1,2,10054
2025-11-20T22:23:09.052+01:00,11924,630751.314822125,0.2336201815724119,0.0727611994724437,-0.2115408384685189,-0.1362238973379135,0.0894603207707405,0.1724458485841751,-0.0073453187942504,-0.0158477276563644,-0.0293581411242485,XArbitraryCorrectedZVertical,-0.1089998260200534,0.0236269688062083,0.1120028253911578,0.9874291630956206,0.9807493686676024,-0.1894745379686356,0.04722610861063,43.60784912109375,-22.06192016601562,6.948135375976562,-1,2,10055
2025-11-20T22:23:09.091+01:00,11925,630751.349739125,0.2391312071254121,0.0787600915494745,-0.2154229168682394,-0.0922764241695404,0.2008228003978729,0.102398045361042,-0.0783525705337524,0.0112960189580917,-0.0293653011322021,XArbitraryCorrectedZVertical,-0.1113218918099146,0.0260491067304022,0.1142955366692995,0.9868462469543398,0.9795365929603576,-0.1946608424186707,0.0511396192014217,43.44134521484375,-22.24961853027344,6.93890380859375,-1,2,10056
2025-11-20T22:23:09.118+01:00,11926,630751.3846551251,0.2409742127561099,0.0871067950244717,-0.2164771504284919,-0.0230196844786405,0.2185594737529755,-0.0008307425305247,-0.0152957439422607,-0.0022562742233276,0.018411748111248,XArbitraryCorrectedZVertical,-0.1123451360005669,0.0299989055430156,0.1147097187170736,0.9865699399230448,0.9787660241127014,-0.1963978409767151,0.0586908943951129,43.19921875,-22.1627197265625,7.61639404296875,-1,2,10057
2025-11-20T22:23:09.153+01:00,11927,630751.4195721251,0.2406134093789287,0.0923375735549064,-0.2161687800387788,-0.0047666700556874,0.0927809849381446,-0.004144487902522,0.0201225876808166,0.0052495449781417,0.0454838126897811,XArbitraryCorrectedZVertical,-0.1124869643257667,0.0326185252365684,0.1142465560280453,0.9865243608436162,0.978503942489624,-0.1960606426000595,0.063952125608921,43.293701171875,-22.23611450195312,7.738494873046875,-1,2,10058
2025-11-20T22:23:09.188+01:00,11928,630751.454488125,0.2404916288705821,0.0933769165294737,-0.2148564024387088,0.023608373478055,-0.0114796124398708,-0.0144100598990917,0.0026292204856872,0.0324655324220657,0.0484554767608642,XArbitraryCorrectedZVertical,-0.1118977239755931,0.0332194840322361,0.1141666936571268,0.9865806208714696,0.9784346222877502,-0.1959786713123322,0.0652530044317245,43.2421875,-22.12867736816406,8.09271240234375,-1,2,10059
2025-11-20T22:23:09.223+01:00,11929,630751.489405125,0.2397775769229365,0.0911144726901081,-0.2125227828399575,0.0473208911716938,-0.0998992249369621,0.0008905986323952,0.0110204219818115,0.0296447575092315,0.047704093158245,XArbitraryCorrectedZVertical,-0.110607078607096,0.032287562367066,0.1140082677001031,0.986775414058963,0.9786645770072936,-0.195355162024498,0.0636545419692993,43.1917724609375,-22.13043212890625,7.851119995117188,-1,2,10060
2025-11-20T22:23:09.258+01:00,11930,630751.524321125,0.2412598873626108,0.0866289960083411,-0.2108779351559844,-0.0056231333874166,-0.1481069773435593,0.0838863775134086,-0.042032778263092,0.0281320959329605,0.0418182536959648,XArbitraryCorrectedZVertical,-0.1095627099696708,0.0300946659920104,0.1150330226842442,0.9868422749559226,0.9786476492881776,-0.1968179494142532,0.0592559389770031,43.14349365234375,-21.9200439453125,7.589752197265625,-1,2,10061
2025-11-20T22:23:09.293+01:00,11931,630751.559238125,0.244375336891096,0.082813682192379,-0.2111232048731066,-0.0454225875437259,-0.0849658101797103,0.0628280118107795,-0.1172969937324524,0.0353677123785018,0.0214174948632717,XArbitraryCorrectedZVertical,-0.109507750514429,0.0280263131983537,0.1167724080332465,0.9867050339130004,0.9783046245574952,-0.1997963786125183,0.0547848045825958,43.222900390625,-21.99169921875,7.277969360351562,-1,2,10062
2025-11-20T22:23:09.330+01:00,11932,630751.5941541251,0.243839217443805,0.0812740278159759,-0.212047419200657,-0.0469583347439765,0.0071955053135752,-0.0972930714488029,-0.1173408627510071,0.047509953379631,0.0141694508492946,XArbitraryCorrectedZVertical,-0.1098660057094743,0.027238234388715,0.1165677104409287,0.9867114792920172,0.97850102186203,-0.1992585808038712,0.0532133392989635,43.18701171875,-22.04693603515625,7.284988403320312,-1,2,10063
2025-11-20T22:23:09.363+01:00,11933,630751.6290711251,0.2388852925695508,0.0816375678490368,-0.2142762291786528,-0.0634351447224617,0.060951180756092,-0.1778788715600967,-0.0793254971504211,0.0657166093587875,0.0257357433438301,XArbitraryCorrectedZVertical,-0.1109176289085323,0.0275529595220851,0.1140443312399918,0.9868800176937365,0.979411005973816,-0.1944550126791,0.0542355738580226,43.1868896484375,-21.86381530761719,7.032577514648438,-1,2,10064
2025-11-20T22:23:09.398+01:00,11934,630751.6639876667,0.2319200734826176,0.0828700099532262,-0.2174563291444915,-0.09190034866333,0.0932568982243537,-0.2259727120399475,-0.0080562829971313,0.0614165961742401,0.0434163808822631,XArbitraryCorrectedZVertical,-0.1124571576262974,0.0283576571272533,0.1104535823091197,0.9870913162590452,0.9806057214736938,-0.1876983195543289,0.0564065426588058,43.269775390625,-21.49838256835938,7.47564697265625,-1,2,10065
2025-11-20T22:23:09.433+01:00,11935,630751.6989036667,0.2236893223876314,0.0843054740164812,-0.2218599184427491,-0.1223245412111282,0.0860801935195922,-0.2469321191310883,0.0418155789375305,0.0540711134672164,0.0524665042757988,XArbitraryCorrectedZVertical,-0.114587627155108,0.0292748445349142,0.1061911940499356,0.9872872021581282,0.9819574952125548,-0.1796966940164566,0.0588920228183269,43.408447265625,-21.18572998046875,7.596664428710938,-1,2,10066
2025-11-20T22:23:09.468+01:00,11936,630751.7338206667,0.2154451928589453,0.0850297011867573,-0.2271023811897827,-0.1328337639570236,0.0618555396795272,-0.2305691540241241,0.0583363771438598,0.0741137415170669,0.043257713317871,XArbitraryCorrectedZVertical,-0.1170889002592736,0.0298123958802164,0.1019375761584786,0.9874260608392554,0.98328959941864,-0.1716631501913071,0.0606088154017925,43.53607177734375,-20.67118835449219,7.285293579101562,-1,2,10067
2025-11-20T22:23:09.502+01:00,11937,630751.7687366667,0.2083842341422528,0.0851591901761467,-0.2319521872904753,-0.1117026507854462,0.0358564928174018,-0.1801038980484009,0.0764772891998291,0.0801059305667877,0.0344672165811061,XArbitraryCorrectedZVertical,-0.1193817870559924,0.0300274741588115,0.0983124538695749,0.9875125101781248,0.9844051599502563,-0.1647769063711166,0.0616020523011684,43.67840576171875,-20.33615112304688,7.508041381835938,-1,2,10068
2025-11-20T22:23:09.537+01:00,11938,630751.8036536667,0.2037355272979276,0.0846399228671549,-0.2357028208102528,-0.0810258239507675,-0.0109569383785128,-0.0895057097077369,0.0671522617340087,0.0776829421520233,0.0307244025170803,XArbitraryCorrectedZVertical,-0.1211369886872708,0.0298499873887366,0.0959472167129591,0.9875368385691036,0.9851548075675964,-0.1602329462766647,0.0616065487265586,43.791748046875,-20.00709533691406,7.637176513671875,-1,2,10069
2025-11-20T22:23:09.572+01:00,11939,630751.8385696667,0.2026532610276814,0.0835055816016936,-0.2379266411980218,-0.0417958050966262,-0.0337455607950687,0.0072497678920626,0.0218726396560668,0.0763516873121261,0.0237834453582763,XArbitraryCorrectedZVertical,-0.1221636333839107,0.0292383551874422,0.0954223695760034,0.9874795157784134,0.9854057431221008,-0.1591458320617676,0.060399305075407,43.646728515625,-19.86778259277344,7.569732666015625,-1,2,10070
2025-11-20T22:23:09.611+01:00,11940,630751.8734866667,0.2037017274994627,0.082398244266092,-0.2384268484911075,0.0107431737706065,-0.0424814708530902,0.042747501283884,0.0001577138900756,0.0451501011848449,0.0184060297906398,XArbitraryCorrectedZVertical,-0.1223725230541413,0.0286011507594651,0.0959944675739776,0.987416821888113,0.9853310585021972,-0.1601402908563614,0.058971282094717,43.81353759765625,-19.76426696777344,7.633697509765625,-1,2,10071
2025-11-20T22:23:09.642+01:00,11941,630751.9084026667,0.2057677371185806,0.0815046911699168,-0.2369744005159982,0.0610819607973098,-0.03987268358469,0.0761290043592453,-0.0088890790939331,0.0269917398691177,0.0198182985186576,XArbitraryCorrectedZVertical,-0.1216423143183509,0.0281110980895344,0.0971071581087748,0.9874123255593829,0.9850699901580812,-0.1621540635824203,0.0578184649348259,43.9188232421875,-19.88005065917969,7.5302734375,-1,2,10072
2025-11-20T22:23:09.677+01:00,11942,630751.9433196667,0.2087095247152941,0.0805032256505312,-0.2338166740508437,0.1072058603167534,-0.0542670637369155,0.0985523089766502,-0.0134975314140319,0.0090106278657913,0.0243905782699585,XArbitraryCorrectedZVertical,-0.1200767853677516,0.0276083964463988,0.09870239230977,0.9874600245688544,0.984658420085907,-0.1650469601154327,0.0566336214542388,43.65057373046875,-20.07858276367188,7.542510986328125,-1,2,10073
2025-11-20T22:23:09.712+01:00,11943,630751.9782356668,0.2117430738120557,0.0790623340870835,-0.2293667728643709,0.1295146644115448,-0.0657652616500854,0.0921660587191581,-0.0334688425064086,-0.0053423047065734,0.0303877592086792,XArbitraryCorrectedZVertical,-0.117851420187546,0.0269583902575409,0.1004005443739905,0.9875748617682129,0.9842286705970764,-0.1680585443973541,0.0552292540669441,43.6734619140625,-20.09640502929688,7.800079345703125,-1,2,10074
2025-11-20T22:23:09.747+01:00,11944,630752.0131516667,0.2146012886517131,0.077513522137605,-0.2246588476062928,0.1307931691408157,-0.0589206740260124,0.0764555111527442,-0.0447130799293518,-0.0238085836172103,0.032076247036457,XArbitraryCorrectedZVertical,-0.1154884342569705,0.0262858186442884,0.1020216869910004,0.9877060175070131,0.9838153123855592,-0.1709088087081909,0.0538307689130306,43.5689697265625,-20.21087646484375,7.585174560546875,-1,2,10075
2025-11-20T22:23:09.781+01:00,11945,630752.0480686667,0.2176784933444659,0.0763123874944521,-0.2200170053524957,0.1149054914712906,-0.0521647296845912,0.1284163147211075,-0.0496983528137207,-0.0053220093250274,0.0378817319869995,XArbitraryCorrectedZVertical,-0.1131763291842768,0.0257751375183885,0.1037260352334382,0.9878095790248572,0.9833378791809082,-0.1739687472581863,0.0527402125298976,43.37469482421875,-20.24331665039062,7.451370239257812,-1,2,10076
2025-11-20T22:23:09.819+01:00,11946,630752.0829846667,0.2229736314827959,0.0754475479139678,-0.2161970400805433,0.0833978578448295,-0.0624234974384307,0.1902724802494049,-0.0257705450057983,-0.0105092525482177,0.0327848270535469,XArbitraryCorrectedZVertical,-0.1113135390486744,0.0252672506598447,0.1064841899760256,0.9877409450279864,0.9824814200401306,-0.1791422367095947,0.0513673722743988,43.4305419921875,-20.37797546386719,7.383270263671875,-1,2,10077
2025-11-20T22:23:09.851+01:00,11947,630752.1179016667,0.2298858558487682,0.074419694197342,-0.2126630303038095,0.0842117518186569,-0.081620380282402,0.1948389410972595,-0.0293187499046325,-0.0229687243700027,0.0159499570727348,XArbitraryCorrectedZVertical,-0.1096004734683656,0.0245832932486039,0.1100411394509947,0.987559742727406,0.981329619884491,-0.1858629882335663,0.0494644306600093,43.44573974609375,-20.69566345214844,7.248397827148438,-1,2,10078
2025-11-20T22:23:09.890+01:00,11948,630752.1528176666,0.2350070884437116,0.0722303832310982,-0.2094288867465146,0.0819466635584831,-0.0997131615877151,0.1085602641105652,-0.0039543509483337,-0.0644686371088028,0.0120651721954345,XArbitraryCorrectedZVertical,-0.1079445331169144,0.0234163329872698,0.1127671193263738,0.9874630893231732,0.9805015921592712,-0.1908566653728485,0.046803243458271,43.0355224609375,-20.54061889648438,7.258560180664062,-1,2,10079
2025-11-20T22:23:09.921+01:00,11949,630752.1877346667,0.2375463092913641,0.0696610262941581,-0.2063864395449867,0.0794096291065216,-0.078959934413433,0.0399120077490806,-0.0222086906433105,-0.0663524568080902,0.0107186995446682,XArbitraryCorrectedZVertical,-0.1063268244478052,0.022195492544002,0.1142303560975504,0.9874985536841298,0.980124831199646,-0.1933673471212387,0.044319711625576,43.13507080078125,-20.72132873535156,7.458755493164062,-1,2,10080
2025-11-20T22:23:09.956+01:00,11950,630752.2226506667,0.2378666098271954,0.0670993448246995,-0.203559576016932,0.0836749300360679,-0.0736428946256637,-0.0015338249504566,0.0049667358398437,-0.0762621164321899,0.0117751322686672,XArbitraryCorrectedZVertical,-0.1047890607950401,0.0210851914899149,0.114588583685734,0.9876457006841812,0.9801405668258668,-0.193742111325264,0.0422866493463516,43.1300048828125,-20.89036560058594,7.469573974609375,-1,2,10081
2025-11-20T22:23:09.991+01:00,11951,630752.2575676667,0.23741974325667,0.0640742326352033,-0.2006544181928888,0.0790817290544509,-0.0945929437875747,-0.0095098167657852,0.0035470128059387,-0.0692541152238845,0.0213947296142578,XArbitraryCorrectedZVertical,-0.103177524670661,0.019790398922985,0.114589571375072,0.9878421144392112,0.9803091883659364,-0.193380132317543,0.0399761348962783,43.00128173828125,-20.58355712890625,7.52862548828125,-1,2,10082
2025-11-20T22:23:10.026+01:00,11952,630752.2924836667,0.2372062569590706,0.0603217822927162,-0.1978363085788476,0.0763745009899139,-0.1125610321760178,0.0173790212720632,0.0095472335815429,-0.072004958987236,0.0173143111169338,XArbitraryCorrectedZVertical,-0.1015693523236683,0.0181179622972217,0.1147360684229744,0.9880237920883854,0.98045814037323,-0.1932385116815567,0.0368848368525505,43.02838134765625,-20.645263671875,7.415191650390625,-1,2,10083
2025-11-20T22:23:10.061+01:00,11953,630752.3274006667,0.2382301888201621,0.056559314949106,-0.1950836920859195,0.0745718851685524,-0.1104323640465736,0.0461707450449466,0.0240526795387268,-0.0804653912782669,0.0144827403128147,XArbitraryCorrectedZVertical,-0.1000026569383344,0.0163738245431252,0.1154872539616649,0.9881266274660556,0.980372428894043,-0.1942843496799469,0.0335213840007782,43.0540771484375,-20.36410522460938,7.0687255859375,-1,2,10084
2025-11-20T22:23:10.096+01:00,11954,630752.3623166668,0.2402271884667702,0.0529999219101749,-0.1923176936060061,0.0732563063502311,-0.1181879788637161,0.0797464400529861,0.0335550904273986,-0.0800856351852417,0.0097430981695652,XArbitraryCorrectedZVertical,-0.0984458164045121,0.0146839809496241,0.1167038910169199,0.9881665527273292,0.9800863265991212,-0.1962662935256958,0.0301738809794187,42.998046875,-20.45352172851562,6.87347412109375,-1,2,10085
2025-11-20T22:23:10.131+01:00,11955,630752.3972336667,0.2436955467513809,0.0497762092464615,-0.1898566991976901,0.0579208992421627,-0.0861925259232521,0.109462670981884,-0.0069339871406555,-0.0437510907649993,0.0059845484793186,XArbitraryCorrectedZVertical,-0.0970650601290852,0.0130724985255665,0.1186204575146433,0.988097582693118,0.9794987440109252,-0.1996571272611618,0.02682183124125,43.06329345703125,-20.51521301269531,6.618667602539062,-1,2,10086
2025-11-20T22:23:10.170+01:00,11956,630752.4321496667,0.2463475720918495,0.0483573559270295,-0.1876505242107476,0.0528760403394699,-0.0301039349287748,0.0423894338309764,-0.0066530108451843,-0.0395492762327194,0.0071238279342651,XArbitraryCorrectedZVertical,-0.0959079795278846,0.0123802827541498,0.120038550655643,0.98804814781837,0.9790040254592896,-0.2022567391395569,0.0253621023148298,42.861328125,-20.32981872558594,6.887619018554688,-1,2,10087
2025-11-20T22:23:10.201+01:00,11957,630752.4670656667,0.2471173304361309,0.0475553090175708,-0.1865512809695433,0.0030272391159087,-0.0293843951076269,0.0131451059132814,0.0013911724090576,-0.0248076617717742,0.0242828167974948,XArbitraryCorrectedZVertical,-0.0953216881675218,0.0120157908599294,0.1204765022022967,0.988056162319524,0.9788640737533568,-0.203021302819252,0.0246521029621362,42.821044921875,-20.46347045898438,6.850006103515625,-1,2,10088
2025-11-20T22:23:10.236+01:00,11958,630752.5019826667,0.24802555276179,0.0465373927545597,-0.1873828297439397,-0.0571719892323017,-0.0340068265795707,0.0489311218261718,-0.0110523700714111,0.0073128044605255,0.0295283775776624,XArbitraryCorrectedZVertical,-0.0956761444842707,0.0114175619684704,0.1209593344415599,0.9879698917931132,0.978718876838684,-0.2038764655590057,0.0233127754181623,42.70751953125,-20.38729858398438,6.898422241210938,-1,2,10089
2025-11-20T22:23:10.270+01:00,11959,630752.5368986668,0.2506986852834392,0.0464528633244601,-0.1901674054158913,-0.1033546924591064,0.0032249819487333,0.0823061913251876,0.0105333924293518,0.0055765360593795,0.0135160684585571,XArbitraryCorrectedZVertical,-0.097060610135556,0.0110716577189473,0.1222354133415445,0.9876817289954464,0.9782208204269408,-0.206382155418396,0.0221437122672796,42.69091796875,-20.32810974121094,7.162490844726562,-1,2,10090
2025-11-20T22:23:10.306+01:00,11960,630752.5718156667,0.2533036472916591,0.04785039997031,-0.19378519631806,-0.1035435572266579,0.0307644382119178,0.0559021905064582,0.0245217680931091,-0.004750445485115,-0.0104082841426134,XArbitraryCorrectedZVertical,-0.0989463531522281,0.0114037891731506,0.1233892654383809,0.987347264821006,0.9777059555053712,-0.2087962627410889,0.0222490951418876,42.62445068359375,-20.36085510253906,6.802093505859375,-1,2,10091
2025-11-20T22:23:10.340+01:00,11961,630752.6067316667,0.2560915501014088,0.0494364053911514,-0.1971053733027611,-0.0847722440958023,0.0243147760629653,0.0797970741987228,0.0044857263565063,0.0257320404052734,-0.0165029782801866,XArbitraryCorrectedZVertical,-0.1006986944331015,0.0118337982183021,0.1246257686814718,0.9870096582793524,0.9771425127983092,-0.211385652422905,0.0225453954190015,42.443115234375,-20.23342895507812,6.831924438476562,-1,2,10092
2025-11-20T22:23:10.375+01:00,11962,630752.641648125,0.258035697185831,0.0509700220301836,-0.1991681754765049,-0.0347027890384197,0.0462073050439357,0.0072560682892799,-0.0647621154785156,0.0631540417671203,-0.0213506240397691,XArbitraryCorrectedZVertical,-0.1018235661152954,0.0123580723289425,0.1254688333851324,0.9867810186032836,0.9767341017723083,-0.2131936550140381,0.0232121683657169,42.34716796875,-20.21551513671875,6.861358642578125,-1,2,10093
2025-11-20T22:23:10.411+01:00,11963,630752.676564125,0.2567312495640569,0.0528592787895047,-0.2001000702531075,-0.0184598751366138,0.0572197213768959,-0.0711069777607917,-0.0599564909934997,0.067037895321846,-0.011653184890747,XArbitraryCorrectedZVertical,-0.1023928468181131,0.0132961475899912,0.1247108765713417,0.9868060124921374,0.9769638776779176,-0.2119200527667999,0.0251266993582248,42.45281982421875,-20.20866394042969,6.968292236328125,-1,2,10094
2025-11-20T22:23:10.450+01:00,11964,630752.7114811251,0.2550073865886253,0.053483063853884,-0.2010586915316175,-0.0355975031852722,0.0043951300904154,-0.0178037900477647,-0.0160634517669677,0.0672387480735778,-0.0080664195120334,XArbitraryCorrectedZVertical,-0.1028926753858986,0.0136303149563932,0.1238095874439289,0.9868629328175332,0.9773060083389282,-0.2102440446615219,0.0258886720985174,42.255126953125,-19.91836547851562,7.21185302734375,-1,2,10095
2025-11-20T22:23:10.480+01:00,11965,630752.7463971251,0.254017759995615,0.052898435096594,-0.2028347733207806,-0.0517423450946807,-0.0200590770691633,-0.0492964535951614,-0.0294340252876281,0.0561427474021911,-0.0171087980270385,XArbitraryCorrectedZVertical,-0.1037256531496515,0.0132785117984057,0.1233168095078328,0.9868422931947324,0.9775388240814208,-0.2092494070529938,0.025150204077363,42.24298095703125,-19.86653137207031,7.255905151367188,-1,2,10096
2025-11-20T22:23:10.515+01:00,11966,630752.781314125,0.2514247672717393,0.0526530861145115,-0.2040949406815541,-0.0109968297183513,0.0242090262472629,-0.1170199364423752,-0.0008697509765625,0.0564950108528137,-0.035122275352478,XArbitraryCorrectedZVertical,-0.1043148336035187,0.0132116640089153,0.1220256021723638,0.9869415680589932,0.9780730605125428,-0.2067330330610275,0.0251887049525976,42.17742919921875,-19.66380310058594,7.275146484375,-1,2,10097
2025-11-20T22:23:10.550+01:00,11967,630752.816230125,0.2466045842871883,0.0521780914729539,-0.2045103268424484,0.0014142810832709,0.0050140679813921,-0.1203412786126137,0.0484832525253295,0.0591898411512374,-0.02097749710083,XArbitraryCorrectedZVertical,-0.1044591703585464,0.0132026179947529,0.1196634370030266,0.9872156567011828,0.979028344154358,-0.2021036297082901,0.0256467014551162,42.3238525390625,-19.16352844238281,7.403839111328125,-1,2,10098
2025-11-20T22:23:10.585+01:00,11968,630752.851147125,0.243566323204651,0.0513709542960353,-0.2043737707513947,0.0043193940073251,-0.0219320934265852,-0.0386665090918541,0.0553758144378662,0.062810480594635,-0.0147154293954372,XArbitraryCorrectedZVertical,-0.1043239220305493,0.0129712329308401,0.11820830538766,0.9874083255380984,0.9796279072761536,-0.19919353723526,0.0255186054855585,42.18780517578125,-18.99856567382812,7.354873657226562,-1,2,10099
2025-11-20T22:23:10.620+01:00,11969,630752.886063125,0.2447306492211382,0.0509386194387057,-0.2038957956094332,0.0271728467196226,-0.0011464031413197,0.1053497269749641,0.0226322412490844,0.0623675435781478,-0.0294642448425293,XArbitraryCorrectedZVertical,-0.1040699674173329,0.0127266908707208,0.1188146538196129,0.9873654831723594,0.9794123768806458,-0.2003222405910492,0.0249475371092557,42.0877685546875,-18.99443054199219,7.413726806640625,-1,2,10100
2025-11-20T22:23:10.655+01:00,11970,630752.9209801251,0.249625480534255,0.0525088021762473,-0.2021439501997269,0.0617562606930732,0.0292985569685697,0.1533030420541763,-0.0177459120750427,0.0161711573600769,-0.0358022414147853,XArbitraryCorrectedZVertical,-0.1033318968739817,0.013357644593343,0.1211827623360899,0.9871468793215852,0.9784088134765624,-0.2050597071647644,0.025822939351201,42.01751708984375,-18.92587280273438,7.54864501953125,-1,2,10101
2025-11-20T22:23:10.690+01:00,11971,630752.9558961251,0.2544051870500496,0.0547747131952079,-0.1991868787864075,0.0858306959271431,0.0400804281234741,0.1250950545072556,-0.0267329812049865,-0.02696293592453,-0.032519694417715,XArbitraryCorrectedZVertical,-0.102045271559019,0.0144192883245543,0.1234831026381802,0.9869807102467756,0.9773708581924438,-0.2097161561250687,0.027667436748743,41.85308837890625,-19.072998046875,8.128631591796875,-1,2,10102
2025-11-20T22:23:10.730+01:00,11972,630752.990813125,0.2581546443613202,0.0570051639948859,-0.1961301666248929,0.0750784650444984,0.0511701181530952,0.0947745144367218,-0.0708450675010681,-0.0277624875307083,-0.0208486337214708,XArbitraryCorrectedZVertical,-0.1007047641484757,0.0155283428055734,0.1252816893677062,0.986874821829191,0.9765151739120485,-0.2133873701095581,0.0297291688621044,41.751708984375,-19.2667236328125,7.832962036132812,-1,2,10103
2025-11-20T22:23:10.759+01:00,11973,630753.025729125,0.2599531150485291,0.0594798633271621,-0.1937582190757371,0.0512653104960918,0.0615057647228241,0.0005590370856225,-0.0631394982337951,-0.0441820472478866,-0.0160704851150512,XArbitraryCorrectedZVertical,-0.0997052945855085,0.0168150577512458,0.1260940997593851,0.9868517993700654,0.9760423302650452,-0.2151715457439423,0.0322905331850051,41.49163818359375,-19.20597839355469,8.07672119140625,-1,2,10104
2025-11-20T22:23:10.794+01:00,11974,630753.060646125,0.2581034461702885,0.0609983219593203,-0.1928683068133679,0.0021327119320631,0.048770572990179,-0.0823932066559791,-0.0364458560943603,-0.044466957449913,-0.01052987575531,XArbitraryCorrectedZVertical,-0.0993458893952978,0.0177148593568532,0.1251245643860757,0.9869957024832844,0.9763566851615906,-0.2134218066930771,0.0343335233628749,41.32147216796875,-19.05122375488281,8.059600830078125,-1,2,10105
2025-11-20T22:23:10.829+01:00,11975,630753.0955621251,0.2551802645918694,0.0621425087047992,-0.1938414207598383,-0.0486667789518833,0.0475481860339641,-0.0748026445508003,-0.0271637439727783,-0.0329201072454452,-0.0140872038900852,XArbitraryCorrectedZVertical,-0.0998705695732736,0.0183617578184414,0.1236041177328514,0.987122444074366,0.976916491985321,-0.2105948328971863,0.0358309373259544,41.2276611328125,-18.90289306640625,8.151275634765625,-1,2,10106
2025-11-20T22:23:10.864+01:00,11976,630753.1304791251,0.2530645386591118,0.0633636423149366,-0.1961378965245828,-0.0696509256958961,0.0491929724812507,-0.061944842338562,-0.0316122174263,-0.0180995911359787,-0.0264278650283813,XArbitraryCorrectedZVertical,-0.1010585328735586,0.0189225238119685,0.1224488097232129,0.987134957198422,0.9773213863372804,-0.2085086554288864,0.0369717255234718,41.326416015625,-18.71768188476562,8.386917114257812,-1,2,10107
2025-11-20T22:23:10.899+01:00,11977,630753.165395125,0.2498980766210652,0.0645528827624944,-0.1986137122311852,-0.0545977167785167,0.0561709627509117,-0.1210942715406418,-0.0258399844169616,-0.0105627030134201,-0.0307484939694404,XArbitraryCorrectedZVertical,-0.102321471033863,0.0195122322437642,0.1207710699207132,0.9871999997069162,0.9779272079467772,-0.2054101377725601,0.0382709912955761,40.98883056640625,-18.36576843261719,8.284927368164062,-1,2,10108
2025-11-20T22:23:10.934+01:00,11978,630753.200312125,0.2461518989885164,0.0658439658063545,-0.2004472016865765,-0.0500331297516822,0.0606149993836879,-0.0827537551522254,-0.0171771049499511,0.0117533653974533,-0.0251357555389404,XArbitraryCorrectedZVertical,-0.1032659118254342,0.0202263677614497,0.1188146841106776,0.9873247315068404,0.9786180853843688,-0.2017710208892822,0.0399367474019527,41.01824951171875,-18.21331787109375,8.435226440429688,-1,2,10109
2025-11-20T22:23:10.970+01:00,11979,630753.235228125,0.2438276332376887,0.0670692637959822,-0.2028544499084422,-0.0777659714221954,0.0288450606167316,-0.047082919627428,0.0243040919303894,-0.0061456561088562,-0.0160853900015354,XArbitraryCorrectedZVertical,-0.1045018662685315,0.0208017448824746,0.1175493503964031,0.987334193862396,0.9790374636650084,-0.1994817405939102,0.0411402210593223,40.966064453125,-18.10758972167969,8.568313598632812,-1,2,10110
2025-11-20T22:23:11.011+01:00,11980,630753.270145125,0.2442210265049022,0.0676133515319711,-0.205882089461241,-0.0956692919135093,0.0068998178467154,0.0598989352583885,0.0452332496643066,-0.0037685334682464,-0.0244460143148899,XArbitraryCorrectedZVertical,-0.1060312038713024,0.0208612723076464,0.1176457992372319,0.98715837620197,0.978982388973236,-0.19978366792202,0.040986493229866,40.82525634765625,-17.99594116210938,8.362228393554688,-1,2,10111
2025-11-20T22:23:11.039+01:00,11981,630753.3050611251,0.2484898256749448,0.0694492302829287,-0.2090981236023134,-0.1022963374853134,0.0570239908993244,0.1578937470912933,0.0199612379074096,0.0023281425237655,-0.0282779932022094,XArbitraryCorrectedZVertical,-0.1077707331179227,0.0213370022598026,0.1195793708915408,0.9867274567483016,0.9781466722488404,-0.2037899047136307,0.0412174277007579,40.613525390625,-18.07640075683594,8.65045166015625,-1,2,10112
2025-11-20T22:23:11.074+01:00,11982,630753.3399781251,0.254824003085713,0.0723827337880112,-0.2118779409770605,-0.0838744640350341,0.0163412541151046,0.1834384351968765,0.1094000339508057,-0.0794440656900405,-0.0191931724548339,XArbitraryCorrectedZVertical,-0.1093870756886032,0.0222615141643011,0.1224773690554522,0.9861735379993803,0.9768425822257996,-0.2097709774971008,0.042127076536417,40.343017578125,-18.17628479003906,8.529190063476562,-1,2,10113
2025-11-20T22:23:11.108+01:00,11983,630753.374894125,0.261510297044083,0.074445299862656,-0.2142356299714823,-0.0781488567590713,0.0406364575028419,0.1366098970174789,-0.0072331428527832,-0.0613516420125961,-0.0053685940802097,XArbitraryCorrectedZVertical,-0.1107512863865066,0.0227549286267919,0.1256010753665416,0.9856169111335976,0.9754642248153688,-0.2160835862159729,0.0421575233340263,39.98968505859375,-18.44412231445312,8.415313720703125,-1,2,10114
2025-11-20T22:23:11.144+01:00,11984,630753.409811125,0.2625546903991539,0.075442944589638,-0.216257685705221,-0.0521763563156127,0.0087227150797843,-0.0485107600688934,0.0355896949768066,-0.1053098440170288,0.0001424588263034,XArbitraryCorrectedZVertical,-0.1118213193007157,0.0230531592614686,0.1260086761709986,0.9854372405323386,0.975244164466858,-0.21701680123806,0.0424600727856159,39.721923828125,-18.46932983398438,8.432098388671875,-1,2,10115
2025-11-20T22:23:11.178+01:00,11985,630753.444727125,0.2600205996458689,0.0754610557909785,-0.2184639249750719,-0.072336621582508,0.0269379075616598,-0.0770554319024086,-0.0318185687065124,-0.053762063384056,0.0069233141839504,XArbitraryCorrectedZVertical,-0.112879160577383,0.0230572042700935,0.1247024642123474,0.985482589323786,0.9757881760597228,-0.2145331650972366,0.0425761602818965,39.67120361328125,-18.387451171875,8.382034301757812,-1,2,10116
2025-11-20T22:23:11.213+01:00,11986,630753.4796441251,0.2591837655437462,0.0771880749015224,-0.2208133814306209,-0.0443533845245838,0.0732697620987892,0.0199216157197952,-0.0505491495132446,0.0211269408464431,0.0034271478652954,XArbitraryCorrectedZVertical,-0.1141331365376246,0.0237997343747238,0.1241312931971143,0.9853926655421432,0.9759184122085572,-0.2136623114347458,0.0439512990415096,39.64019775390625,-18.28910827636719,8.392501831054688,-1,2,10117
2025-11-20T22:23:11.250+01:00,11987,630753.5145601251,0.2602259720351305,0.0787637395394172,-0.2220507754187332,-0.0377972945570945,-0.0147766582667827,0.0270477179437875,-0.0075681805610656,0.0074167102575302,0.0281357765197753,XArbitraryCorrectedZVertical,-0.1148525801018845,0.0244341325466932,0.1245219371914223,0.9852442152904812,0.9756620526313782,-0.2146157622337341,0.0449842624366283,39.321533203125,-18.20681762695312,8.543594360351562,-1,2,10118
2025-11-20T22:23:11.289+01:00,11988,630753.549477125,0.2612823296824825,0.0764629754921009,-0.2229427098728355,-0.0158044323325157,-0.1060063391923904,0.0390052311122417,0.0313151478767395,0.0030684173107147,0.0105832777917385,XArbitraryCorrectedZVertical,-0.1151604173423415,0.0231805478914379,0.1251511239621673,0.98515881408474,0.9755664467811584,-0.2155927717685699,0.0423036515712738,39.06787109375,-18.2750244140625,8.417327880859375,-1,2,10119
2025-11-20T22:23:11.318+01:00,11989,630753.584393125,0.2621475398909939,0.0732523164133842,-0.2226322212213729,0.0353677161037921,-0.079540841281414,-0.0085697807371616,-0.0436791777610778,0.0220293551683425,-0.0049349106848239,XArbitraryCorrectedZVertical,-0.1148159225492011,0.0215700573395027,0.1257698792900885,0.985156779967286,0.975517988204956,-0.216426283121109,0.0390382222831249,39.085693359375,-18.39111328125,8.360000610351562,-1,2,10120
2025-11-20T22:23:11.353+01:00,11990,630753.619310125,0.259729529490421,0.0705324141475406,-0.221045330823885,0.0438798293471336,-0.0535313412547111,-0.1179766654968262,-0.051355242729187,0.0256678909063339,0.0153927765786647,XArbitraryCorrectedZVertical,-0.1138391904086662,0.0204739909144055,0.124773656829538,0.9854201702218092,0.976083517074585,-0.2141749113798141,0.0372805558145046,38.87298583984375,-18.19329833984375,8.247802734375,-1,2,10121
2025-11-20T22:23:11.388+01:00,11991,630753.654226375,0.2537748408923986,0.0678589920257377,-0.2207722313334445,-0.0059547070413827,-0.0151817928999662,-0.2069415748119354,-0.0780628323554992,0.0616721361875534,0.0332341231405735,XArbitraryCorrectedZVertical,-0.1134802631273984,0.0195127795067714,0.1219976085720385,0.985828703739274,0.977354884147644,-0.2085074633359909,0.0360865108668804,38.7236328125,-18.03970336914062,8.19366455078125,-1,2,10122
2025-11-20T22:23:11.423+01:00,11992,630753.689143375,0.2456221987048729,0.066221554991193,-0.2219903292557588,-0.0266735274344682,0.0188946891576051,-0.2352208644151688,-0.0358286499977111,0.0883697420358657,0.0311646424233913,XArbitraryCorrectedZVertical,-0.1139033240166557,0.0190913507220117,0.1180427412301887,0.9862694503420733,0.9789895415306092,-0.2006896436214447,0.036096017807722,38.76007080078125,-17.92819213867188,8.22589111328125,-1,2,10123
2025-11-20T22:23:11.457+01:00,11993,630753.724059375,0.2380587344898587,0.0657622509881159,-0.2235338007105019,-0.0300323162227869,0.0468514077365398,-0.1967060118913651,-0.0293049216270446,0.1037414073944092,0.0326721742749214,XArbitraryCorrectedZVertical,-0.1145648234326974,0.019201540337401,0.1143030097400667,0.986631242195957,0.980415940284729,-0.1934173107147217,0.037075687199831,38.52734375,-17.60588073730469,8.084945678710938,-1,2,10124
2025-11-20T22:23:11.493+01:00,11994,630753.758976375,0.2315538728005513,0.0659792278526392,-0.2247161740311933,-0.0148462504148483,0.0492752864956855,-0.1699492633342743,0.0113479495048522,0.0938542038202285,0.0367406532168388,XArbitraryCorrectedZVertical,-0.1150968129321171,0.0196111351638612,0.1110541746549973,0.986932098026713,0.9815717935562134,-0.1871616542339325,0.0385613925755024,38.510009765625,-17.50741577148438,8.10406494140625,-1,2,10125
2025-11-20T22:23:11.531+01:00,11995,630753.7938923751,0.2255015624306266,0.0660800152598349,-0.2251283470098144,0.0108307469636201,0.0237767379730939,-0.1673280596733093,0.0314791202545166,0.0772282779216766,0.0427662096917629,XArbitraryCorrectedZVertical,-0.1152456633494347,0.0199853106897729,0.1080519330402679,0.9872405108101412,0.982604682445526,-0.1813542246818542,0.0399821624159812,38.50030517578125,-17.20330810546875,8.217727661132812,-1,2,10126
2025-11-20T22:23:11.563+01:00,11996,630753.8288093751,0.2198870824316713,0.0650635521180101,-0.2250041225879549,0.0125262076035141,-0.0124483508989214,-0.1402822285890579,0.0389372110366821,0.0762732028961181,0.0434851609170436,XArbitraryCorrectedZVertical,-0.1150742989024841,0.0198138458911591,0.1053413825604114,0.9875568168219996,0.9835693836212158,-0.1759740859270096,0.0403008386492729,38.3062744140625,-16.90420532226562,7.99462890625,-1,2,10127
2025-11-20T22:23:11.597+01:00,11997,630753.863725375,0.2153251276687095,0.0632768137884654,-0.2250526680479832,0.0001166879665106,-0.023428276181221,-0.1159658879041672,0.044482409954071,0.0691321939229965,0.0349688492715358,XArbitraryCorrectedZVertical,-0.1149606214398185,0.0191911267366306,0.1031901867626168,0.987809440244972,0.9843718409538268,-0.1715949177742004,0.0395854823291301,38.33099365234375,-16.66168212890625,7.789505004882812,-1,2,10128
2025-11-20T22:23:11.632+01:00,11998,630753.898642375,0.2118464967152281,0.0618167907894953,-0.2255952484356709,-0.0142454169690609,-0.0190191827714443,-0.0628996044397354,0.0435391664505004,0.0713336914777755,0.0241156853735446,XArbitraryCorrectedZVertical,-0.1151207821903636,0.0186403795769896,0.1015442743676685,0.9879719827616908,0.9849796295166016,-0.1682422310113907,0.0388573259115219,38.35357666015625,-16.70266723632812,7.927398681640625,-1,2,10129
2025-11-20T22:23:11.667+01:00,11999,630753.933558375,0.2117503513655897,0.0611326925140051,-0.2257351219008719,0.0091154295951128,-0.0205038636922836,0.0527711734175682,0.035394012928009,0.0697428882122039,0.016398549079895,XArbitraryCorrectedZVertical,-0.1151542100407414,0.0183003963055609,0.1015332088146362,0.9879755595510074,0.985022246837616,-0.1681467890739441,0.0381821207702159,38.3863525390625,-16.6263427734375,8.122848510742188,-1,2,10130
2025-11-20T22:23:11.702+01:00,12000,630753.9684753751,0.2144237347283727,0.0607232019233157,-0.2246569500490332,0.0472323969006538,-0.0364484377205371,0.0876696407794952,0.0100815296173095,0.0354997366666793,0.013831615447998,XArbitraryCorrectedZVertical,-0.1146253557962525,0.0180033207349155,0.1028999647072863,0.9879010909190424,0.9846083521842957,-0.1707383543252945,0.0373463779687881,38.2410888671875,-16.66806030273438,8.219161987304688,-1,2,10131
2025-11-20T22:23:11.737+01:00,12001,630754.0033923751,0.216723373208789,0.0600636628082911,-0.2221281910537811,0.0871060043573379,-0.0329477153718471,0.0371595844626426,-0.0077239274978637,0.0030514448881149,0.0142971277236938,XArbitraryCorrectedZVertical,-0.113363557153257,0.0176858049240474,0.1041263483264143,0.9879239224866244,0.9842406511306764,-0.1730038225650787,0.0366061516106128,38.1304931640625,-16.92567443847656,8.023239135742188,-1,2,10132
2025-11-20T22:23:11.772+01:00,12002,630754.038308375,0.2172021608086997,0.0591299659709904,-0.2185672034535486,0.1125021427869797,-0.0287292748689651,0.0093614961951971,-0.0020289421081542,-0.0040080398321151,0.0267013311386108,XArbitraryCorrectedZVertical,-0.1115611763667937,0.017394947660751,0.1044889763731892,0.9880959702648126,0.9841609001159668,-0.1735431998968124,0.036195334047079,37.9676513671875,-17.00938415527344,8.087203979492188,-1,2,10133
2025-11-20T22:23:11.807+01:00,12003,630754.073225375,0.2175256249165209,0.0580495420388086,-0.2147102297713689,0.1024602726101875,-0.038239412009716,0.0305565632879734,-0.0142443776130676,0.0013459026813507,0.0389319621026516,XArbitraryCorrectedZVertical,-0.1096030484577101,0.0170571639084474,0.1047869694705052,0.9882893804072604,0.9841081500053406,-0.1739380210638046,0.03572928160429,38.00140380859375,-16.86903381347656,8.124542236328125,-1,2,10134
2025-11-20T22:23:11.842+01:00,12004,630754.108141375,0.219469763626051,0.0571923839593073,-0.211238599662147,0.091195523738861,-0.0328987799584865,0.0834690555930137,-0.0466830134391784,-0.0003411620855331,0.037517424672842,XArbitraryCorrectedZVertical,-0.1078599277109564,0.0167212827461207,0.1058638290117794,0.988372099604398,0.983786165714264,-0.1758825331926346,0.0350685641169548,37.92425537109375,-16.97019958496094,8.080245971679688,-1,2,10135
2025-11-20T22:23:11.877+01:00,12005,630754.143058375,0.2219133766084483,0.0563410064721645,-0.208007144351059,0.086650900542736,-0.0532117299735546,0.0490798242390155,-0.0395765304565429,-0.0227469652891159,0.0360950231552124,XArbitraryCorrectedZVertical,-0.1062388632540251,0.0163513894313814,0.1071809488823644,0.9884119671162408,0.9833784103393556,-0.1783027946949005,0.034278467297554,37.92352294921875,-17.17156982421875,8.018753051757812,-1,2,10136
2025-11-20T22:23:11.912+01:00,12006,630754.1779743751,0.2226712468900851,0.0540565597297744,-0.2050157224831745,0.0814048200845718,-0.0841555818915367,0.0074882376939058,-0.0497499704360961,-0.0217867344617843,0.0325510464608669,XArbitraryCorrectedZVertical,-0.1046446035673801,0.0153515563557449,0.107733853880187,0.9885379214742964,0.9832978248596193,-0.1790951639413834,0.032405637204647,37.72552490234375,-17.12178039550781,7.916488647460938,-1,2,10137
2025-11-20T22:23:11.946+01:00,12007,630754.2128913751,0.2230544766981107,0.0512552419775835,-0.2023183627312814,0.0708009153604507,-0.0634729415178299,0.036822959780693,-0.055042028427124,-0.0111845284700393,0.0194298010319471,XArbitraryCorrectedZVertical,-0.10316374614322,0.0140996823845648,0.1081191590520696,0.9886701671586436,0.9832950830459596,-0.1795197874307632,0.0300543829798698,37.7733154296875,-17.21867370605469,7.807510375976562,-1,2,10138
2025-11-20T22:23:11.982+01:00,12008,630754.247807375,0.2250838878062269,0.0501852908516195,-0.1998575686265742,0.0480624809861183,-0.0237321555614471,0.0782584026455879,-0.0033587217330932,-0.0578851103782653,0.0079119242727756,XArbitraryCorrectedZVertical,-0.1019038925577248,0.013606654609967,0.1092218732524555,0.988686595302954,0.9829577803611756,-0.1815252602100372,0.029029581695795,37.55609130859375,-17.19940185546875,7.578125,-1,2,10139
2025-11-20T22:23:12.016+01:00,12009,630754.282724375,0.2277278582133265,0.0501860319413442,-0.1984622705572785,0.0270262025296688,-0.0089316554367542,0.0626905634999275,-0.0079842209815979,-0.0751607716083526,0.0046849232167005,XArbitraryCorrectedZVertical,-0.101232558819811,0.0135528697264936,0.1105539602006307,0.9886081535561932,0.9824867248535156,-0.1841012686491013,0.0287470519542694,37.5704345703125,-17.41215515136719,7.825576782226562,-1,2,10140
2025-11-20T22:23:12.051+01:00,12010,630754.317640375,0.2286618796019865,0.0502154119729107,-0.1974825215168058,0.0421639569103717,-0.0069973953068256,-0.0170910619199276,0.0204942226409912,-0.0860358327627182,0.0030773878097534,XArbitraryCorrectedZVertical,-0.1007564993758753,0.0135769162211975,0.1110318250432463,0.9886029592813476,0.9823133945465088,-0.1850212812423706,0.0287676770240068,37.43414306640625,-17.60955810546875,7.50518798828125,-1,2,10141
2025-11-20T22:23:12.090+01:00,12011,630754.3525573751,0.2280673725697247,0.0495221438066637,-0.1947251283080554,0.1218069195747375,-0.0281066074967384,0.0094206854701042,0.0518590807914733,-0.0638478249311447,-0.0001959763467311,XArbitraryCorrectedZVertical,-0.0993517011900195,0.0134235661164126,0.1108219731718751,0.98877077708677,0.9824122190475464,-0.1845041960477829,0.0287146642804145,37.38287353515625,-17.51425170898438,7.564300537109375,-1,2,10142
2025-11-20T22:23:12.121+01:00,12012,630754.3874733751,0.228665689464063,0.0477374044563478,-0.1897082132219372,0.1516589671373367,-0.0817328467965126,0.0300030801445245,-0.0088778734207153,-0.0583966821432113,0.0155649166554212,XArbitraryCorrectedZVertical,-0.0967773022572406,0.0128019988725652,0.11129304559098,0.9889813701803092,0.982312262058258,-0.1851793229579926,0.02776999771595,37.43212890625,-17.71803283691406,7.7232666015625,-1,2,10143
2025-11-20T22:23:12.156+01:00,12013,630754.422390375,0.2291863860113819,0.0451720823127684,-0.1840529165645077,0.1665163785219193,-0.0621772222220897,0.0117453699931502,-0.0011310577392578,-0.0843998044729232,0.0119026880711317,XArbitraryCorrectedZVertical,-0.0938420178732799,0.0118360490337092,0.1117678900992888,0.9892227021111036,0.982240617275238,-0.1857875138521194,0.0261985436081886,37.5396728515625,-17.806396484375,7.544204711914062,-1,2,10144
2025-11-20T22:23:12.191+01:00,12014,630754.457306375,0.2295803858224154,0.0430295959769736,-0.1782723494040133,0.150042712688446,-0.078602522611618,0.0362044088542461,0.0248868465423584,-0.0901119709014892,0.0257009267807006,XArbitraryCorrectedZVertical,-0.0908661711170995,0.0110930828869139,0.1121546864036521,0.9894653268747062,0.9821779131889344,-0.1862704455852509,0.0250955708324909,37.45330810546875,-17.96482849121094,7.458251953125,-1,2,10145
2025-11-20T22:23:12.226+01:00,12015,630754.492223375,0.2312029092968035,0.040460947836015,-0.1743566245766213,0.083879217505455,-0.0772549584507942,0.0538944788277149,0.0036019682884216,-0.0923523604869842,0.0237094145268201,XArbitraryCorrectedZVertical,-0.0887935512999254,0.0099770457567337,0.1131330554346589,0.9895539570025876,0.9819173216819764,-0.1879057586193085,0.0230129547417163,37.3819580078125,-18.13327026367188,7.438446044921875,-1,2,10146
2025-11-20T22:23:12.261+01:00,12016,630754.527139375,0.2339950256773547,0.0388571977234525,-0.1716229764336463,0.0661488473415374,-0.0357932560145854,0.1160867884755135,-0.0234915614128112,-0.0571204125881195,0.0108853559941053,XArbitraryCorrectedZVertical,-0.0873636555096064,0.0092209030894874,0.1146256483979208,0.9895168040968554,0.9814229607582092,-0.1906517446041107,0.0214632023125886,37.504150390625,-18.3162841796875,7.480606079101562,-1,2,10147
2025-11-20T22:23:12.296+01:00,12017,630754.5620563751,0.2375407479431874,0.0389980911980054,-0.1703698289370534,0.0056315544061362,-0.0016430234536528,0.0774274989962577,-0.0806664228439331,-0.0411436706781387,0.0269171018153429,XArbitraryCorrectedZVertical,-0.0867684113005429,0.0092106939270432,0.1163920037687481,0.9893631502911202,0.9807519912719728,-0.194101095199585,0.0212243869900703,37.40802001953125,-18.53010559082031,7.778106689453125,-1,2,10148
2025-11-20T22:23:12.331+01:00,12018,630754.5969723751,0.2400106567796409,0.0394701125108098,-0.1705598056208079,-0.0176206529140472,0.0086455773562192,0.0629311501979827,-0.0263588428497314,-0.0294063985347747,0.0223126411437988,XArbitraryCorrectedZVertical,-0.086901401446569,0.0093255110134838,0.1175904271129455,0.9892086733092056,0.9802772998809814,-0.1964846849441528,0.0212206505239009,37.30841064453125,-18.53231811523438,7.362030029296875,-1,2,10149
2025-11-20T22:23:12.366+01:00,12019,630754.631889375,0.2426799894132884,0.0401726775352457,-0.1711894363136183,-0.0197759978473186,0.0115222986787557,0.1147630959749222,-0.0099695324897766,0.0036780983209609,0.0256932955235242,XArbitraryCorrectedZVertical,-0.0872667753438249,0.0095184582449562,0.1188705499704376,0.9890215805453808,0.9797570109367372,-0.1990515887737274,0.0213190596550703,37.20361328125,-18.84919738769531,7.429229736328125,-1,2,10150
2025-11-20T22:23:12.401+01:00,12020,630754.666805,0.2475303596521716,0.0415460900103997,-0.1712191244918436,-0.0148633252829313,0.0238588973879814,0.0971983596682548,-0.0281918048858642,0.0080225020647048,0.0209301728755235,XArbitraryCorrectedZVertical,-0.0873875197423178,0.0099839070032169,0.1212083152120868,0.9887226412672002,0.978783905506134,-0.2037317305803299,0.021809684112668,37.33978271484375,-19.21163940429688,7.398269653320312,-1,2,10151
2025-11-20T22:23:12.435+01:00,12021,630754.701722,0.2473054771142046,0.0422555786403739,-0.172330598545675,-0.0521309413015842,0.020167700946331,-0.0667958334088325,0.0064381957054138,0.0083033442497253,0.0188659448176622,XArbitraryCorrectedZVertical,-0.0879785660472171,0.0102752055294717,0.1210486502595184,0.9886867749513296,0.9788219332695008,-0.2034937739372253,0.0223174821585416,37.24810791015625,-19.18905639648438,7.065567016601562,-1,2,10152
2025-11-20T22:23:12.470+01:00,12022,630754.736638,0.2470482236536866,0.0429987224343732,-0.1743094063013343,-0.0634915083646774,0.0344611927866935,0.0676747635006904,0.0107055306434631,0.0781618803739547,-0.005125755444169,XArbitraryCorrectedZVertical,-0.0889998920910268,0.0105306495525894,0.120857197129062,0.988616141157488,0.9788728952407836,-0.2032076567411423,0.0226885974407196,37.407470703125,-19.42524719238281,7.27545166015625,-1,2,10153
2025-11-20T22:23:12.505+01:00,12023,630754.771555,0.2497775321602984,0.0448577344971199,-0.1758250120673062,-0.0262206550687551,0.0335154123604297,0.0456969626247882,-0.0290101766586303,0.0661137253046035,-0.0249141454696655,XArbitraryCorrectedZVertical,-0.0898763877576792,0.0112324663079021,0.1220983707116707,0.9883765115019336,0.978305160999298,-0.2058079093694687,0.0237086713314056,37.46563720703125,-19.594970703125,7.391708374023438,-1,2,10154
2025-11-20T22:23:12.540+01:00,12024,630754.8064710001,0.2484367858300195,0.0452033287170341,-0.1763116879306736,-0.0047964584082365,-0.0078594274818897,-0.1348468661308289,-0.0104418992996215,0.0427175462245941,-0.0155830401927232,XArbitraryCorrectedZVertical,-0.090130233416857,0.0114330115037099,0.1214121538274312,0.9884355543568282,0.9785661697387696,-0.2045064568519592,0.0241888854652643,37.5748291015625,-19.85276794433594,7.431167602539062,-1,2,10155
2025-11-20T22:23:12.575+01:00,12025,630754.841387,0.242023851639977,0.0432871033259677,-0.176687719352012,0.0014639736618846,-0.0231195539236068,-0.2048220336437225,0.028579294681549,0.0698984563350677,-0.0166363697499036,XArbitraryCorrectedZVertical,-0.090165594538224,0.0107515882831979,0.1183223748799571,0.9888147397481952,0.979858934879303,-0.1983164101839066,0.0233959779143333,37.61181640625,-19.61946105957031,7.144882202148438,-1,2,10156
2025-11-20T22:23:12.611+01:00,12026,630754.876304,0.2346494346435095,0.0412518082695252,-0.1769952387165639,-0.0112913846969604,-0.0188491642475128,-0.1929363012313843,0.0742968916893005,0.0723867267370224,-0.0164160728454589,XArbitraryCorrectedZVertical,-0.0901606399561874,0.0100590631395986,0.1147625514596022,0.9892418789092756,0.981290876865387,-0.191191628575325,0.0226720962673425,37.84912109375,-19.52983093261719,7.242782592773438,-1,2,10157
2025-11-20T22:23:12.649+01:00,12027,630754.911221,0.2290028337876435,0.0393977838420893,-0.1778673956182638,-0.0307055041193962,-0.036567211151123,-0.1313324719667435,0.0780006647109985,0.0794720351696014,-0.020594360306859,XArbitraryCorrectedZVertical,-0.090459396835652,0.0093458596128307,0.1120397661623276,0.9895336507122818,0.9823630452156068,-0.1857189387083054,0.0217082221060991,38.11639404296875,-19.37879943847656,6.856353759765625,-1,2,10158
2025-11-20T22:23:12.680+01:00,12028,630754.946137,0.2254937520890894,0.0370156263684065,-0.179092023123582,-0.0242585912346839,-0.0473340898752212,-0.0597514361143112,0.0464825630187988,0.0878220796585083,-0.0382113456726074,XArbitraryCorrectedZVertical,-0.0909171975612396,0.0082561014077656,0.1103937035049898,0.9896864425906188,0.9830432534217834,-0.1823044866323471,0.0197786930948495,38.26708984375,-19.2550048828125,6.85821533203125,-1,2,10159
2025-11-20T22:23:12.715+01:00,12029,630754.9810530001,0.2241128714240504,0.0362048745267044,-0.1794562089114395,0.0089245429262518,0.0138253942131996,-0.0294801201671361,0.0062750577926635,0.0654229819774627,-0.0514084100723266,XArbitraryCorrectedZVertical,-0.0910471567382571,0.0078970756101771,0.109742118254924,0.9897498813625368,0.9833032488822936,-0.1809625029563904,0.0191665850579738,38.26885986328125,-19.29766845703125,6.7901611328125,-1,2,10160
2025-11-20T22:23:12.750+01:00,12030,630755.0159700001,0.2236123411826887,0.0373620383086023,-0.1785817730564767,0.0366518646478653,0.0439353883266449,-0.0113726519048214,-0.0171293020248413,0.0556145161390304,-0.0330654382705688,XArbitraryCorrectedZVertical,-0.090675925366819,0.0085418303035908,0.1094541667663045,0.9898104558847476,0.9833616018295288,-0.1804924160242081,0.0205532312393188,38.30889892578125,-19.41514587402344,6.995330810546875,-1,2,10161
2025-11-20T22:23:12.784+01:00,12031,630755.050886,0.2228948642821872,0.0385075643910251,-0.1772770026845437,0.0384299010038375,0.0316717848181724,-0.0147136328741908,-0.0301904082298278,0.0515077114105224,-0.0184737462550401,XArbitraryCorrectedZVertical,-0.09008980081554,0.0092146711383754,0.1090660056635213,0.9899007568590692,0.9834526181221008,-0.1798188090324402,0.0220442898571491,38.434326171875,-19.55543518066406,6.814407348632812,-1,2,10162
2025-11-20T22:23:12.821+01:00,12032,630755.085803,0.223233642394924,0.0397256803662382,-0.1755266075207412,0.0574494861066341,0.0358848460018634,0.036552544683218,-0.0473799705505371,0.0487046241760253,-0.0205819606781005,XArbitraryCorrectedZVertical,-0.0892918386138829,0.0099009129785003,0.1092045778633801,0.989951212890134,0.9833540916442872,-0.1801743358373642,0.0234963279217481,38.55255126953125,-19.62704467773438,7.00286865234375,-1,2,10163
2025-11-20T22:23:12.854+01:00,12033,630755.120719,0.2239833097803961,0.0409294114672391,-0.1736073777361629,0.0441680662333965,0.0274815745651722,-0.0029315087012946,-0.0670126676559448,0.0252294242382049,-0.0135401487350463,XArbitraryCorrectedZVertical,-0.088411899395679,0.0105717479301151,0.1095506656950778,0.989984958731719,0.983180820941925,-0.1809300780296326,0.0248926393687725,38.5384521484375,-19.70903015136719,6.85186767578125,-1,2,10164
2025-11-20T22:23:12.890+01:00,12034,630755.155636,0.2229456368614636,0.041679584878441,-0.1726112381396735,0.0148184634745121,0.0174710005521774,-0.0410440750420093,-0.0327420830726623,0.004631757736206,-0.0162733811885118,XArbitraryCorrectedZVertical,-0.0879543756853571,0.0110450471482594,0.109018907118876,0.990079245442356,0.9833340644836426,-0.1799399256706238,0.0259932037442922,38.88653564453125,-19.83009338378906,6.844635009765625,-1,2,10165
2025-11-20T22:23:12.930+01:00,12035,630755.1905520001,0.2226186187421039,0.041585570264886,-0.1727959990198288,-0.0175730809569358,-0.0216726996004581,0.0442952364683151,0.0073587894439697,0.0033355355262756,-0.0239264965057373,XArbitraryCorrectedZVertical,-0.0880388766611349,0.0110025010653517,0.1088583628714275,0.9900899087812286,0.9833943247795104,-0.1796202808618546,0.0259253121912479,38.84710693359375,-19.77812194824219,6.991104125976562,-1,2,10166
2025-11-20T22:23:12.959+01:00,12036,630755.225469,0.2262842916757269,0.0416139101909824,-0.1735176774673081,-0.0247007757425308,-0.000177729409188,0.1356264352798462,-0.0525850057601928,0.0054711699485778,-0.0459413565695285,XArbitraryCorrectedZVertical,-0.0884175077212246,0.0108139251604474,0.1106606578348702,0.9898583502535262,0.9827606678009032,-0.1831597238779068,0.0251741148531436,39.0064697265625,-20.0098876953125,6.8603515625,-1,2,10167
2025-11-20T22:23:12.994+01:00,12037,630755.260385,0.2298057673540374,0.0429418228317204,-0.1741186719381178,-0.0199253521859645,0.032187920063734,0.0397027917206287,-0.0798544287681579,-0.0193133503198623,-0.0474557839334011,XArbitraryCorrectedZVertical,-0.088808267960212,0.0112804490329824,0.1123352367561993,0.9896296303180582,0.9821066856384276,-0.1865582317113876,0.0257425289601087,38.9908447265625,-20.04740905761719,6.74407958984375,-1,2,10168
2025-11-20T22:23:13.029+01:00,12038,630755.295302,0.2293679884718389,0.0444774834950389,-0.1748134520236713,-0.0062573198229074,0.0644196420907974,-0.0564287528395652,-0.0367000102996826,-0.0396304875612258,-0.0457082986831665,XArbitraryCorrectedZVertical,-0.0892354991860896,0.0120195098693143,0.1120392942544117,0.989615972561919,0.9821497797966005,-0.1861232668161392,0.0271993894129991,39.266357421875,-20.27809143066406,6.5196533203125,-1,2,10169
2025-11-20T22:23:13.064+01:00,12039,630755.330218,0.2266839592267942,0.0471835269912255,-0.1745092607482025,0.0292329024523496,0.1124427914619446,-0.0937416180968284,-0.0261383056640625,-0.0257433503866195,-0.041609764099121,XArbitraryCorrectedZVertical,-0.0892185328149986,0.0134958596455724,0.1105953467605726,0.9897609031755226,0.9825439453125,-0.1835309118032455,0.0303944386541843,39.3260498046875,-20.08381652832031,6.474609375,-1,2,10170
2025-11-20T22:23:13.099+01:00,12040,630755.3651350001,0.2227444005763779,0.0506525266654385,-0.1741687168674969,-0.0059463232755661,0.1117451190948486,-0.1259728074073792,0.0072313547134399,-0.0237545520067215,0.0022018030285835,XArbitraryCorrectedZVertical,-0.0892116028979489,0.0154078870872273,0.1084965663298972,0.9899659400673546,0.983110010623932,-0.179721400141716,0.0345718413591384,39.49285888671875,-19.98377990722656,6.924057006835938,-1,2,10171
2025-11-20T22:23:13.134+01:00,12041,630755.4000510001,0.2190958401547297,0.0529257119581632,-0.1761573928984038,-0.093119665980339,0.0562211088836193,-0.0624434724450111,0.0709030628204345,-0.0255647748708725,0.0199406147003173,XArbitraryCorrectedZVertical,-0.0902885534017109,0.0165854657720465,0.1065534293383428,0.9900602346738622,0.9836623072624208,-0.1761563718318939,0.037112046033144,39.568359375,-19.98486328125,6.745468139648438,-1,2,10172
2025-11-20T22:23:13.171+01:00,12042,630755.434968,0.2192648501926763,0.0542901264539501,-0.1796002703352495,-0.0914380401372909,0.0293870605528354,0.0578575171530246,0.124737024307251,-0.0490133166313171,-0.0140595436096191,XArbitraryCorrectedZVertical,-0.09206593828227,0.0170615929680623,0.1065124881354141,0.9898928771144918,0.9836155772209167,-0.1762674301862717,0.0378173999488353,39.807861328125,-20.04226684570312,6.808670043945312,-1,2,10173
2025-11-20T22:23:13.210+01:00,12043,630755.469884,0.2213984538873446,0.0554577047162756,-0.1822676135499317,-0.076794147491455,-0.0018310262821614,0.0158488824963569,0.0585839748382568,-0.064706265926361,-0.0048314332962036,XArbitraryCorrectedZVertical,-0.0934660760729819,0.0173911901094884,0.1074647612447941,0.9896530188810204,0.9832403659820556,-0.1782899051904678,0.0380955785512924,39.93597412109375,-20.10269165039062,6.523117065429688,-1,2,10174
2025-11-20T22:23:13.239+01:00,12044,630755.504801,0.2207423601706473,0.0540489251281822,-0.1851214641920549,-0.0789870172739028,-0.0665866285562515,-0.0351369604468345,0.059919536113739,-0.0859267860651016,-0.0020711496472358,XArbitraryCorrectedZVertical,-0.0947962462884509,0.0165647523635312,0.1071533500746834,0.9895743159242412,0.9834304451942444,-0.1776077002286911,0.036327064037323,40.00604248046875,-20.0938720703125,6.653106689453125,-1,2,10175
2025-11-20T22:23:13.273+01:00,12045,630755.5397170001,0.2208010733172318,0.0519320191874318,-0.1876106846721507,-0.0610773190855979,-0.0415470190346241,0.02834228053689,0.0030843019485473,-0.0290735810995101,-0.0135289430618286,XArbitraryCorrectedZVertical,-0.0959141412326869,0.0153750721042449,0.107237934789309,0.9894767334448532,0.9835184812545776,-0.1776219606399536,0.0337926186621189,40.17822265625,-20.23530578613281,6.464462280273438,-1,2,10176
2025-11-20T22:23:13.308+01:00,12046,630755.5746340001,0.2216077745926062,0.0516603592876583,-0.1894088857029597,-0.0493574328720569,0.0112978061661124,-0.0003831526264548,-0.0820106267929077,0.031839907169342,-0.0050500594079494,XArbitraryCorrectedZVertical,-0.0967947919700205,0.0151008713885655,0.107617725882488,0.9893539944106045,0.9834083914756776,-0.1783700436353683,0.0330499112606048,40.33380126953125,-20.21885681152344,5.853271484375,-1,2,10177
2025-11-20T22:23:13.343+01:00,12047,630755.60955,0.2220784193079881,0.0510530342555336,-0.1915205918856233,-0.0809841305017471,-0.0730577856302261,0.0723188892006874,-0.0073699355125427,0.028075635433197,0.0186141692101955,XArbitraryCorrectedZVertical,-0.0978095701013028,0.0146586906394063,0.1078421556739222,0.9892362942006988,0.9833677411079408,-0.1787866503000259,0.0319839939475059,40.43389892578125,-20.21881103515625,5.936447143554688,-1,2,10178
2025-11-20T22:23:13.378+01:00,12048,630755.644465625,0.2287847921949739,0.0483280504018193,-0.1946268957805209,-0.1025478690862656,-0.1367091983556747,0.2751326858997345,-0.0279120206832885,0.0478381961584091,-0.0021941680461168,XArbitraryCorrectedZVertical,-0.0992415846642457,0.0128032980104364,0.1112376735912323,0.9887433140703648,0.982318639755249,-0.1851977705955505,0.0274169221520423,40.70233154296875,-20.60317993164062,5.702804565429688,-1,2,10179
2025-11-20T22:23:13.413+01:00,12049,630755.679382625,0.2389106055968123,0.0463919187591969,-0.1973770637755273,-0.06632050126791,-0.0755449086427688,0.2387960106134415,-0.0889396667480468,0.0307794958353042,-0.0241450052708387,XArbitraryCorrectedZVertical,-0.1005505469787838,0.0111779303730368,0.1162906699958854,0.9880492061270072,0.9805566072463988,-0.194887787103653,0.0229700356721878,40.74798583984375,-20.89859008789062,5.3492431640625,-1,2,10180
2025-11-20T22:23:13.450+01:00,12050,630755.714298625,0.2442972942814453,0.0451699783791857,-0.1988111285025452,-0.0444945245981216,-0.0696665048599243,0.0522908568382263,-0.0352718234062194,-0.0224121510982513,-0.0093555450439453,XArbitraryCorrectedZVertical,-0.1012154212662724,0.0102150899304557,0.1189882019878309,0.9876704820027508,0.9795772433280944,-0.2000304311513901,0.0204028449952602,40.85003662109375,-21.15562438964844,5.075775146484375,-1,2,10181
2025-11-20T22:23:13.483+01:00,12051,630755.749215625,0.2432974932400438,0.0429100688383233,-0.2009605763337623,-0.0761207342147827,-0.0241426862776279,-0.0880955010652542,-0.0586273670196533,0.0066515058279037,0.0019798278808593,XArbitraryCorrectedZVertical,-0.1021372822118027,0.0090175701026352,0.1185729597749572,0.9876371455108004,0.9798309206962584,-0.1990190148353577,0.0179633777588605,40.95660400390625,-21.30876159667969,4.811798095703125,-1,2,10182
2025-11-20T22:23:13.518+01:00,12052,630755.7841316251,0.240161213704873,0.0434982842902867,-0.2037018739166554,-0.0683508142828941,0.0959938243031501,-0.0863423720002174,-0.049163818359375,0.0690044164657592,0.0033144932240247,XArbitraryCorrectedZVertical,-0.103510572718191,0.0093019459710589,0.1169480041931825,0.9876852518795246,0.9804381132125854,-0.1959422081708908,0.0186429265886545,41.473876953125,-21.07530212402344,4.591690063476562,-1,2,10183
2025-11-20T22:23:13.553+01:00,12053,630755.8190486251,0.2369612336150464,0.0475428551837771,-0.206261120675484,-0.0685701668262481,0.1575094312429428,-0.1026894748210907,-0.0250241160392761,0.0646806061267852,0.0270254611968994,XArbitraryCorrectedZVertical,-0.1049919049746034,0.011311777460192,0.1151125143194358,0.9877236063502342,0.9809719324111938,-0.1928086131811142,0.0227791424840688,41.603271484375,-20.96340942382812,4.790664672851562,-1,2,10184
2025-11-20T22:23:13.588+01:00,12054,630755.853964625,0.2331296055241262,0.0525218330715352,-0.2083166389802026,-0.0302886199206113,0.1632111966609955,-0.1240714490413666,0.0302808284759521,0.0507137179374694,0.0406429804861545,XArbitraryCorrectedZVertical,-0.1062662026947103,0.0138507150415827,0.1129193107276865,0.9878081987325846,0.9815600514411926,-0.1890804022550583,0.028082562610507,41.8104248046875,-20.71519470214844,4.981658935546875,-1,2,10185
2025-11-20T22:23:13.622+01:00,12055,630755.888881625,0.2278989693042504,0.0561494963325813,-0.2086453899612484,0.0120035298168659,0.1023185849189758,-0.163053885102272,0.0615260601043701,0.050517052412033,0.0579081811010837,XArbitraryCorrectedZVertical,-0.1065918748526557,0.0159017517979083,0.110136127908418,0.9880564232896932,0.9823735356330872,-0.1840467005968094,0.0326985083520412,42.020263671875,-20.5294189453125,5.107452392578125,-1,2,10186
2025-11-20T22:23:13.658+01:00,12056,630755.923797625,0.2217555973207024,0.0572668868168269,-0.2086602914390167,-0.0007473789155483,0.0354873575270175,-0.1597204208374023,0.0749856829643249,0.0478423237800598,0.0709573030471801,XArbitraryCorrectedZVertical,-0.1066097089685686,0.0167804572971324,0.1070407788858327,0.988380069939234,0.9833793044090272,-0.1781370937824249,0.0351064689457416,42.46197509765625,-20.16404724121094,5.338302612304688,-1,2,10187
2025-11-20T22:23:13.692+01:00,12057,630755.958714625,0.2175852572884467,0.0568425907779752,-0.209621760188714,-0.0415577553212642,-0.0026454334147274,-0.0898536294698715,0.0462285280227661,0.054381787776947,0.0587644577026367,XArbitraryCorrectedZVertical,-0.1070271470904925,0.0167396812745797,0.1049832609688792,0.988556329504256,0.9840906858444214,-0.1741022169589996,0.035412773489952,42.77178955078125,-20.09356689453125,5.183975219726562,-1,2,10188
2025-11-20T22:23:13.731+01:00,12058,630755.9936306251,0.2146467622078309,0.0556457213316078,-0.2119475395012905,-0.0758110061287879,-0.0241498760879039,-0.0778732225298881,0.0246026515960693,0.0442108511924743,0.0353575907647609,XArbitraryCorrectedZVertical,-0.1080894451704628,0.0161780205872545,0.1035496533563034,0.9886012166024746,0.9846287965774536,-0.1712249666452408,0.0344665832817554,43.07635498046875,-20.11187744140625,5.417572021484375,-1,2,10189
2025-11-20T22:23:13.762+01:00,12059,630756.028547625,0.2127969791302799,0.0543605920289608,-0.214621642544848,-0.0722528770565986,-0.0235333666205406,-0.0358871892094612,0.0127500891685485,0.0408188551664352,0.0159540139138698,XArbitraryCorrectedZVertical,-0.1093295019162682,0.0154977008536901,0.1026536489324375,0.9885692060843616,0.984991490840912,-0.1693893820047379,0.0331487841904163,43.33551025390625,-20.15377807617188,5.0428466796875,-1,2,10190
2025-11-20T22:23:13.797+01:00,12060,630756.063463625,0.2126053063079477,0.0532393439348594,-0.2169671768767424,-0.0565992929041385,-0.032248243689537,0.0195887554436922,-0.0112789273262023,0.0383277684450149,0.0121332369744777,XArbitraryCorrectedZVertical,-0.1104290983940894,0.0148269463990764,0.1025759282648077,0.9884653519047992,0.9850795269012452,-0.1691565811634064,0.0316900163888931,43.4002685546875,-19.84355163574219,5.094085693359375,-1,2,10191
2025-11-20T22:23:13.832+01:00,12061,630756.098379625,0.2134629349595626,0.0523138200713698,-0.2183706701535804,-0.0250484887510538,-0.0321206972002983,0.0115384943783283,-0.0497278571128845,0.0340422242879867,0.0135029535740613,XArbitraryCorrectedZVertical,-0.1110809460463266,0.0142459153035943,0.1030246234454598,0.9883541831846422,0.9849847555160522,-0.1699522137641907,0.0303507726639509,43.52264404296875,-20.00373840332031,4.679962158203125,-1,2,10192
2025-11-20T22:23:13.867+01:00,12062,630756.133296625,0.2136561673174562,0.0515382993285312,-0.2185896320438988,0.0182033609598875,-0.0199005622416734,0.0132693899795413,-0.0211578011512756,0.0209482759237289,0.005573034286499,XArbitraryCorrectedZVertical,-0.1111504624048651,0.013840035852952,0.1031591154147957,0.9883381452492171,0.9849791526794434,-0.1701334118843079,0.0295068807899951,43.7227783203125,-20.01205444335938,4.8741455078125,-1,2,10193
2025-11-20T22:23:13.902+01:00,12063,630756.1682126251,0.2150939948060252,0.051406245034668,-0.2174555234281045,0.0433627851307392,-0.0013164677657186,0.0589288361370563,-0.0247513055801391,0.0198070257902145,0.0100243128836154,XArbitraryCorrectedZVertical,-0.1105934396830991,0.0137569357906299,0.1038979734114593,0.9883244758461096,0.9847428798675536,-0.1715404242277145,0.0292518511414527,43.79400634765625,-19.9813232421875,4.557769775390625,-1,2,10194
2025-11-20T22:23:13.937+01:00,12064,630756.2031296251,0.2169277163335589,0.0522952215069245,-0.2154334161297817,0.0729178041219711,0.0195408388972282,0.0576724819839,-0.0178641080856323,0.0011977404356002,0.0169559754431247,XArbitraryCorrectedZVertical,-0.1096540000540803,0.0142063944281903,0.1047928554537218,0.9883282996760177,0.9844016432762146,-0.1733473986387253,0.0300715751945972,44.0048828125,-20.03080749511719,4.62371826171875,-1,2,10195
2025-11-20T22:23:13.972+01:00,12065,630756.238045625,0.2191402654888063,0.0534684462661733,-0.2122082681801181,0.1040012091398239,0.0131764654070138,0.0673601701855659,-0.0185957551002502,-0.0010450631380081,0.0280965529382228,XArbitraryCorrectedZVertical,-0.1081390781596793,0.0148446112236796,0.105883225160505,0.988369508184468,0.9839734435081482,-0.1755448579788208,0.0313058272004127,44.13897705078125,-20.13922119140625,4.779067993164062,-1,2,10196
2025-11-20T22:23:14.011+01:00,12066,630756.272962625,0.2204805877084219,0.0533885367660388,-0.2080822121437423,0.119729608297348,-0.0243277866393327,0.0191478319466114,-0.0165522694587707,-0.0222967714071273,0.0367087088525295,XArbitraryCorrectedZVertical,-0.1061069129834573,0.0149640262459163,0.1066281150436324,0.988507853833694,0.9837152361869812,-0.176921933889389,0.0316658727824688,44.12939453125,-20.11203002929688,4.965423583984375,-1,2,10197
2025-11-20T22:23:14.041+01:00,12067,630756.307878625,0.2198716818735766,0.0523925737628544,-0.2041786884328974,0.0996710658073425,-0.0227410644292831,-0.0192802175879478,-0.0110179781913757,-0.0348273068666458,0.0350863896310329,XArbitraryCorrectedZVertical,-0.1041209463974312,0.0147222084983349,0.1064525495954202,0.988741543416466,0.983811378479004,-0.1764153242111206,0.0315028838813304,44.30987548828125,-19.94467163085938,4.905914306640625,-1,2,10198
2025-11-20T22:23:14.077+01:00,12068,630756.3427956251,0.2201582240919403,0.0519495757980056,-0.2010633043311767,0.0811440423130989,-0.0087445955723524,0.037246037274599,0.0092318058013916,-0.0331466495990753,0.0285774506628513,XArbitraryCorrectedZVertical,-0.1025600702853575,0.0146625449683032,0.1066745591788019,0.9888817734030676,0.983749270439148,-0.1767532527446747,0.0315574370324611,44.3187255859375,-19.75201416015625,4.852737426757812,-1,2,10199
2025-11-20T22:23:14.111+01:00,12069,630756.3777116251,0.2213461939376477,0.0517026211921265,-0.1997340710028753,0.0427115634083747,-0.0323686674237251,0.0268635526299476,-0.0068309307098388,-0.0357134789228439,0.0357558727264404,XArbitraryCorrectedZVertical,-0.1018986937655258,0.0145542466392985,0.1072989191657119,0.9888841459649712,0.983546018600464,-0.177924782037735,0.0313065201044082,44.58349609375,-19.72128295898438,5.074874877929688,-1,2,10200
2025-11-20T22:23:14.146+01:00,12070,630756.412627625,0.2223403440430958,0.0506345338290484,-0.1988833921140424,0.0393911898136138,-0.0419615879654884,0.047178316861391,0.038538634777069,-0.0657897889614105,0.0173108521848917,XArbitraryCorrectedZVertical,-0.1014279818191185,0.0140235152722608,0.1078602112052507,0.9888790654293224,0.9834033250808716,-0.1789000928401947,0.0302050169557333,44.520751953125,-19.70988464355469,4.844619750976562,-1,2,10201
2025-11-20T22:23:14.181+01:00,12071,630756.447544625,0.2241916750950639,0.0495252189110538,-0.1988283972918347,0.0253822337836027,-0.049255471676588,0.0391775891184806,0.0427278280258178,-0.0771568864583969,0.0225366316735744,XArbitraryCorrectedZVertical,-0.1013533965504357,0.013384312128329,0.1088327627384782,0.9887890105478088,0.9831204414367676,-0.1806860864162445,0.028748208656907,44.80609130859375,-19.63069152832031,5.014541625976562,-1,2,10202
2025-11-20T22:23:14.216+01:00,12072,630756.482460625,0.224708709626977,0.0476897112515709,-0.1981020389014159,0.0455024540424346,-0.0672328695654869,0.0181554071605205,0.0327010154724121,-0.0879812687635421,0.0123513918370008,XArbitraryCorrectedZVertical,-0.1008977727000952,0.0124920256223709,0.1091939421013632,0.988807520471361,0.983076512813568,-0.1811989843845367,0.0269704423844814,45.0450439453125,-19.62075805664062,5.115081787109375,-1,2,10203
2025-11-20T22:23:14.251+01:00,12073,630756.517377625,0.225033595241432,0.0455915479104435,-0.1979342151092733,-0.0083871893584728,-0.0708707720041275,-0.0285788998007774,-0.059321641921997,-0.0537139624357223,0.0232687033712863,XArbitraryCorrectedZVertical,-0.1007020869638938,0.0114478690187063,0.1094631735197223,0.9888103998103804,0.983073592185974,-0.1815155148506165,0.0248727891594171,45.2076416015625,-19.50442504882812,5.02972412109375,-1,2,10204
2025-11-20T22:23:14.289+01:00,12074,630756.5522936251,0.2224117198652414,0.0431000297677995,-0.1992099623726188,-0.055375300347805,-0.0340768620371818,-0.1208890378475189,-0.0791135430335998,-0.0280687361955642,0.0148144960403442,XArbitraryCorrectedZVertical,-0.1011826832255304,0.0102760888622791,0.1082715550660279,0.9889053604028384,0.9835934638977052,-0.1789624989032745,0.0227221306413412,45.47412109375,-19.38748168945312,5.086013793945312,-1,2,10205
2025-11-20T22:23:14.321+01:00,12075,630756.5872106251,0.2176317746021274,0.0415032547337975,-0.2014606294927866,-0.0717951208353042,-0.0017603388987481,-0.1092535182833672,-0.029632568359375,0.0061724334955215,0.0120582599192857,XArbitraryCorrectedZVertical,-0.1021858228802984,0.0096042508575054,0.1059532049590596,0.9890600727760962,0.9844513535499572,-0.1743090152740479,0.0217246878892183,45.624267578125,-19.02838134765625,4.89178466796875,-1,2,10206
2025-11-20T22:23:14.356+01:00,12076,630756.622126625,0.2169881757384014,0.0415648870323058,-0.2039693561506884,-0.058889552950859,-0.012032494880259,0.0656051114201545,0.0427535772323608,0.0229441672563552,0.0088835936039686,XArbitraryCorrectedZVertical,-0.103426021414188,0.0095298932654526,0.1055922551983923,0.9889704342805188,0.984574854373932,-0.1736399233341217,0.0214813183993101,45.7947998046875,-18.93821716308594,4.783309936523438,-1,2,10207
2025-11-20T22:23:14.391+01:00,12077,630756.657043625,0.2222429753150228,0.0413521523037709,-0.2056737750657143,-0.0353267602622509,-0.0490248277783393,0.213410422205925,0.0406141877174377,0.0283852815628051,-0.0018773078918457,XArbitraryCorrectedZVertical,-0.1042813300788872,0.0090571760073037,0.1081742330935043,0.9886059494458856,0.9837082624435424,-0.1786690652370453,0.0198825821280479,45.7947998046875,-19.15617370605469,4.72381591796875,-1,2,10208
2025-11-20T22:23:14.426+01:00,12078,630756.691959625,0.2310046742259628,0.0416989320129891,-0.2051790367493379,0.0053697926923632,-0.0210829637944698,0.2607541382312775,-0.040834903717041,0.0152813047170639,-0.0140823125839233,XArbitraryCorrectedZVertical,-0.1040951954805984,0.0088004579139456,0.1124940378817115,0.988145714504016,0.9821648597717284,-0.187110498547554,0.0184920690953731,45.7744140625,-19.16999816894531,4.812057495117188,-1,2,10209
2025-11-20T22:23:14.460+01:00,12079,630756.7268756251,0.2395600438529512,0.0435591555673499,-0.2026234412961583,0.055323738604784,0.0420345030725002,0.2187788039445877,-0.0608019828796386,-0.0117931365966796,-0.0248053073883056,XArbitraryCorrectedZVertical,-0.1029789922666025,0.009428389909694,0.1166660905760667,0.9877730089349316,0.980540692806244,-0.1953906565904617,0.0190374776721,45.6497802734375,-19.61094665527344,4.874542236328125,-1,2,10210
2025-11-20T22:23:14.496+01:00,12080,630756.7617926251,0.2471368172486443,0.0480250015000813,-0.1993172448121552,0.0897249728441238,0.1157883629202843,0.2051706165075302,-0.0336602926254272,0.0074770599603652,-0.0074605885893106,XArbitraryCorrectedZVertical,-0.1016513089396902,0.0114494102462832,0.1202366018940731,0.987461044322587,0.9789729714393616,-0.2027437835931778,0.0225210469216108,45.695068359375,-19.75929260253906,4.918594360351562,-1,2,10211
2025-11-20T22:23:14.531+01:00,12081,630756.796708625,0.2544155296232282,0.0531660823609784,-0.1941393783218201,0.1072128787636757,0.1064092218875885,0.2204296588897705,0.0095674991607666,0.01971435546875,0.0184124670922756,XArbitraryCorrectedZVertical,-0.0994564523404295,0.0139499600684658,0.123667895315281,0.9872284411827164,0.9773555397987366,-0.2098540514707565,0.0271502453833818,45.30413818359375,-19.6832275390625,5.4266357421875,-1,2,10212
2025-11-20T22:23:14.571+01:00,12082,630756.831625625,0.2618274892152294,0.0568645708684984,-0.1890804409107047,0.1062174290418625,0.0321190133690834,0.2017321586608887,0.0115488171577453,0.0129088461399078,0.0307196378707885,XArbitraryCorrectedZVertical,-0.0972483318268684,0.0157413941956561,0.1272439890811498,0.9869670580015932,0.975679576396942,-0.2170866578817368,0.0303764920681715,45.26837158203125,-19.91423034667969,5.384140014648438,-1,2,10213
2025-11-20T22:23:14.600+01:00,12083,630756.866541625,0.2674012495277537,0.0574170251722957,-0.183271299598594,0.0958786383271217,-0.0234613660722971,0.1064542979001999,-0.028175950050354,0.0040829479694366,0.0207948721945285,XArbitraryCorrectedZVertical,-0.0944637524112852,0.0161358743128701,0.1300854123392722,0.9868607598031612,0.9744192957878112,-0.222573533654213,0.0311154704540967,45.0889892578125,-19.99285888671875,5.687713623046875,-1,2,10214
2025-11-20T22:23:14.635+01:00,12084,630756.901458625,0.2679561199925079,0.0558954229686839,-0.178916583325661,0.0454214960336685,-0.0393623560667038,-0.0646553188562393,-0.0652809739112854,0.008490115404129,0.0020952224731445,XArbitraryCorrectedZVertical,-0.0922215945522115,0.0156538779317746,0.1305173780046601,0.9870235002518352,0.9742927551269532,-0.2232117652893066,0.0304976012557745,45.23406982421875,-19.92164611816406,5.749114990234375,-1,2,10215
2025-11-20T22:23:14.670+01:00,12085,630756.9363746251,0.2630047052659238,0.0530753974721912,-0.177347606041748,-0.0322798900306224,-0.054725881665945,-0.1969899833202362,-0.0149418711662292,0.0054081231355667,-0.0057083368301391,XArbitraryCorrectedZVertical,-0.0912277621307964,0.0145942180075433,0.1282329495030655,0.9874314610982918,0.9754063487052916,-0.2184970825910568,0.0290084313601255,45.33197021484375,-19.71861267089844,5.468353271484375,-1,2,10216
2025-11-20T22:23:14.705+01:00,12086,630756.971290625,0.2555997573900562,0.0495255263351061,-0.1779551218655465,-0.0677312090992927,-0.0445848442614078,-0.2175645381212234,0.0192062854766845,0.0524777024984359,-0.0305849369615316,XArbitraryCorrectedZVertical,-0.0912517679865028,0.0131391924464337,0.1247269161622709,0.9878985687190512,0.977039873600006,-0.2113673985004425,0.026770194992423,45.5533447265625,-19.27444458007812,5.549453735351562,-1,2,10217
2025-11-20T22:23:14.740+01:00,12087,630757.006207625,0.247886634948351,0.0466978338821382,-0.1778125494647136,-0.0369057580828666,-0.0081940647214651,-0.2166811227798462,0.0305496454238891,0.0809146016836166,-0.0462735891342163,XArbitraryCorrectedZVertical,-0.0909589396972752,0.0121025155581242,0.1210473473848818,0.988396483157113,0.9786513447761536,-0.2039461731910706,0.0254452880471944,45.86920166015625,-18.80177307128906,5.508316040039062,-1,2,10218
2025-11-20T22:23:14.775+01:00,12088,630757.041123625,0.2414266249571355,0.0449619444638634,-0.1761853473047894,0.0350138247013092,-0.0114503018558025,-0.131996288895607,0.0755993127822876,0.0785938650369644,-0.0464234352111816,XArbitraryCorrectedZVertical,-0.0900129303048404,0.0116372072594539,0.1179598102882987,0.9888618383619052,0.9799273610115052,-0.1977497190237045,0.0252441745251417,46.02972412109375,-18.43028259277344,5.315643310546875,-1,2,10219
2025-11-20T22:23:14.810+01:00,12089,630757.076040625,0.2388496128394788,0.0432842101843447,-0.1709851999543534,0.0878318399190902,-0.0046400818973779,-0.0081090219318866,0.034190833568573,0.0697603672742843,-0.042657371610403,XArbitraryCorrectedZVertical,-0.0873292847093102,0.0112369060618625,0.1168435053647676,0.989239660178525,0.9804118871688844,-0.1953554749488831,0.0250792782753706,46.146484375,-18.25071716308594,5.72540283203125,-1,2,10220
2025-11-20T22:23:14.850+01:00,12090,630757.1109566251,0.2384241977979584,0.0431587688651499,-0.1650062652624498,0.1108638867735863,0.0116787236183881,-0.0099007282406091,0.0026029348373413,0.0145633816719055,-0.0304527282714843,XArbitraryCorrectedZVertical,-0.0843631313327229,0.0115530080339338,0.1167322122221768,0.9895064638480472,0.9804445505142212,-0.1950443238019943,0.0261954423040151,46.0809326171875,-18.23216247558594,5.605133056640625,-1,2,10221
2025-11-20T22:23:14.879+01:00,12091,630757.1458736251,0.2382837715353261,0.043086451759568,-0.1579579631872901,0.0957013666629791,0.0280654374510049,-0.0076785283163189,-0.0257017612457275,0.0154975652694702,-0.0239658374339342,XArbitraryCorrectedZVertical,-0.0808718753979006,0.0119466507228796,0.1167746989716096,0.9897881907938348,0.980413556098938,-0.1950171738862991,0.0275211166590452,46.11431884765625,-17.90713500976562,5.8367919921875,-1,2,10222
2025-11-20T22:23:14.915+01:00,12092,630757.180789625,0.2361544056182481,0.0439209790325904,-0.1529566368893798,0.0585672333836555,0.0644441843032836,-0.095502495765686,-0.0424829721450805,0.0006108582019805,-0.0167561806738376,XArbitraryCorrectedZVertical,-0.0784327387964518,0.0127436593844694,0.1157643101165394,0.9900931444217048,0.980745792388916,-0.1930241286754608,0.0296498499810695,46.221435546875,-17.78273010253906,5.699783325195312,-1,2,10223
2025-11-20T22:23:14.949+01:00,12093,630757.215705625,0.2318254460371714,0.0451732514452834,-0.1483146003337684,0.0225544646382331,0.0669257715344429,-0.1328275799751282,-0.0173373222351074,-0.0043398886919021,-0.013837456703186,XArbitraryCorrectedZVertical,-0.0761782263234002,0.0138050040598047,0.1136439924671991,0.9905006024102688,0.98146390914917,-0.188882127404213,0.0324379540979862,46.426513671875,-17.65499877929688,6.037506103515625,-1,2,10224
2025-11-20T22:23:14.984+01:00,12094,630757.250622625,0.227363956880325,0.0457578936608395,-0.1453589018261291,-0.015538390725851,0.0448205173015594,-0.0982060804963111,0.0014217495918273,-0.0021111965179443,-0.0159004963934421,XArbitraryCorrectedZVertical,-0.0747161307672342,0.0144341321828115,0.111457698007507,0.9908512702989796,0.9822206497192384,-0.1845800280570984,0.0342414900660514,46.6563720703125,-17.4014892578125,6.423416137695312,-1,2,10225
2025-11-20T22:23:15.019+01:00,12095,630757.2855386251,0.2250728074242593,0.0461955848637876,-0.1416855472521472,-0.053983349353075,0.0412422120571136,-0.0490640997886657,-0.0202526450157165,0.0019687265157699,-0.0164140500128269,XArbitraryCorrectedZVertical,-0.0729041505955195,0.0149452801232006,0.110363003945419,0.9911012083505026,0.9825786352157592,-0.1823886036872864,0.0356859043240547,46.70660400390625,-17.02284240722656,6.408172607421875,-1,2,10226
2025-11-20T22:23:15.054+01:00,12096,630757.3204556251,0.223823427060681,0.0460623250927519,-0.1411930191436085,-0.0981735587120056,-0.0014546387828886,-0.0213338881731033,-0.0093021392822265,-0.0165157169103622,-0.0243227519094944,XArbitraryCorrectedZVertical,-0.0726434844266677,0.0149526027022016,0.1097562710206376,0.9911876244935824,0.9827975630760192,-0.181177094578743,0.0358278602361679,46.5968017578125,-16.91108703613281,6.348159790039062,-1,2,10227
2025-11-20T22:23:15.089+01:00,12097,630757.355371625,0.2235003102606475,0.0453673587908105,-0.1400944403555165,-0.1027903035283089,0.0234317891299724,-0.0183013919740915,-0.0197195410728454,-0.0192920118570327,-0.0449578836560249,XArbitraryCorrectedZVertical,-0.0720587069630216,0.0146818688966033,0.1096380270459042,0.9912474055645808,0.9828693866729736,-0.1808727383613586,0.0353905744850635,46.81646728515625,-16.93478393554688,6.428878784179688,-1,2,10228
2025-11-20T22:23:15.128+01:00,12098,630757.390287625,0.2227219108342754,0.0459845132352567,-0.1394101333551357,-0.0949390456080436,0.0586761534214019,-0.02673264965415,0.007913589477539,-0.0312743484973907,-0.0475707128643989,XArbitraryCorrectedZVertical,-0.0717476447203819,0.0150542686596488,0.1092404412545157,0.9913082545837888,0.982976734638214,-0.1801208555698395,0.0362334586679935,46.87744140625,-16.84439086914062,6.700897216796875,-1,2,10229
2025-11-20T22:23:15.159+01:00,12099,630757.425204625,0.2219365074320402,0.0469686741613124,-0.1375871142104534,-0.1223848313093185,0.0594378150999546,-0.0264429077506065,-0.003858745098114,-0.0298415571451187,-0.0316599644720554,XArbitraryCorrectedZVertical,-0.0708919608911537,0.0156724090406764,0.1088440291350609,0.9914038712657646,0.983060896396637,-0.1793716549873352,0.0376413911581039,46.86212158203125,-16.58404541015625,6.7891845703125,-1,2,10230
2025-11-20T22:23:15.194+01:00,12100,630757.4601206251,0.22161731802344,0.0482360690384579,-0.1379114676556605,-0.145612820982933,0.0699867829680442,0.0003117187879979,-0.0101850628852844,-0.0327340960502624,-0.0298724211752414,XArbitraryCorrectedZVertical,-0.0711190408207859,0.0162938271305373,0.1086357475710246,0.9914004479348848,0.9830701351165771,-0.179057851433754,0.0388750731945037,46.89935302734375,-16.57591247558594,6.91619873046875,-1,2,10231
2025-11-20T22:23:15.229+01:00,12101,630757.4950376251,0.2223655654482661,0.0501201847963264,-0.1374146273327846,-0.1441724449396133,0.0840136334300041,0.0361133553087711,0.0012992620468139,-0.0333435237407684,-0.0339796543121337,XArbitraryCorrectedZVertical,-0.0709816112078161,0.0172290442794089,0.1089476571585846,0.9913602930776048,0.982862114906311,-0.1797912120819092,0.040708739310503,46.91693115234375,-16.60328674316406,6.868789672851562,-1,2,10232
2025-11-20T22:23:15.264+01:00,12102,630757.529953625,0.2253158649201057,0.0523796851326155,-0.1372962595562865,-0.1415298283100128,0.0757559686899185,0.123893529176712,0.0311881899833679,-0.0515256375074386,-0.0340270958840847,XArbitraryCorrectedZVertical,-0.0710729996628709,0.0182508536156348,0.110331642339415,0.9911824096346388,0.9822548627853394,-0.1826662570238113,0.0425262562930584,46.9354248046875,-16.62557983398438,7.129425048828125,-1,2,10233
2025-11-20T22:23:15.298+01:00,12103,630757.564870625,0.2302672265149104,0.0543349404397341,-0.1347420445589499,-0.1389826685190201,0.0738092064857482,0.112183652818203,0.0266825556755065,-0.0714163184165954,-0.0318354368209838,XArbitraryCorrectedZVertical,-0.0699632128366033,0.0191922343966389,0.1127599225687513,0.990970270298926,0.981267273426056,-0.1875100433826447,0.0442103073000907,46.9942626953125,-16.60287475585938,7.428726196289062,-1,2,10234
2025-11-20T22:23:15.334+01:00,12104,630757.599786625,0.2313375865509142,0.0571683517584563,-0.133711601192377,-0.1416884660720825,0.1613369733095169,-0.0885876566171646,-0.0508046150207519,-0.0415565520524978,-0.0124861039221286,XArbitraryCorrectedZVertical,-0.0696236011351078,0.0206188816785816,0.1132095919146817,0.990914227865879,0.9809345006942748,-0.1885612010955811,0.0470319166779518,46.89990234375,-16.78591918945312,7.439254760742188,-1,2,10235
2025-11-20T22:23:15.370+01:00,12105,630757.634702625,0.2265258167704651,0.0602378695975731,-0.1321345104893157,-0.1935832798480988,0.1025873795151711,-0.1127622127532959,0.0919403433799743,-0.0403692722320556,0.0288493633270263,XArbitraryCorrectedZVertical,-0.0689625688818854,0.0223979829972575,0.1107477872955686,0.9912000182885622,0.9816222190856934,-0.1838891059160233,0.0510150976479053,47.05999755859375,-16.66287231445312,7.775115966796875,-1,2,10236
2025-11-20T22:23:15.410+01:00,12106,630757.66962025,0.2272586595715113,0.0606793254527575,-0.1341703987933632,-0.232275664806366,-0.0132135571911931,0.1032527908682823,0.1045809984207153,0.0046847909688949,0.0309233739972114,XArbitraryCorrectedZVertical,-0.0700037323636196,0.0224743358468964,0.1110574572545362,0.9910907057858556,0.981493890285492,-0.1845858842134476,0.0509705431759357,47.1361083984375,-16.55447387695312,7.703887939453125,-1,2,10237
2025-11-20T22:23:15.438+01:00,12107,630757.7045362501,0.2320574022779797,0.0589871658494638,-0.133950819629837,-0.1890810877084732,-0.028596730902791,0.1225680559873581,0.0334551930427551,0.0119981616735458,0.0024938657879829,XArbitraryCorrectedZVertical,-0.0698527226032169,0.0214808763315191,0.1134984252855552,0.990846806047648,0.980720281600952,-0.1892595142126083,0.048668835312128,47.14434814453125,-16.84214782714844,7.696578979492188,-1,2,10238
2025-11-20T22:23:15.473+01:00,12108,630757.7394532501,0.2370440326527297,0.0573118581349577,-0.1334754672725029,-0.1363181620836258,-0.0526914484798908,0.155954122543335,0.0165184736251831,-0.0132678747177124,-0.0100795067846775,XArbitraryCorrectedZVertical,-0.0695735712899926,0.0205053722494255,0.1160357095165187,0.9905931372791626,0.979880392551422,-0.1941142827272415,0.0464106202125549,47.14776611328125,-16.94157409667969,7.734634399414062,-1,2,10239
2025-11-20T22:23:15.508+01:00,12109,630757.77436925,0.2439281622150952,0.0544050131733154,-0.1291420892276808,-0.0960789397358894,-0.0478689819574356,0.2015237957239151,-0.0715230703353881,0.0009109824895858,-0.0224188528954982,XArbitraryCorrectedZVertical,-0.0673253621088666,0.0190933680516347,0.119621445464568,0.9903502319271128,0.9786581993103028,-0.2008468955755234,0.0434606783092021,46.99713134765625,-17.17594909667969,7.436859130859375,-1,2,10240
2025-11-20T22:23:15.543+01:00,12110,630757.80928525,0.2486506902388212,0.0529848630082754,-0.1246265455271409,-0.0084953624755144,-0.0001110294833779,0.0574420355260372,-0.0609360933303833,-0.027783915400505,-0.0290156602859497,XArbitraryCorrectedZVertical,-0.0650490600344783,0.0185143937360069,0.1220843675074248,0.9902127722735472,0.9777451157569884,-0.2054771482944489,0.0423518419265747,46.940673828125,-17.39352416992188,7.534637451171875,-1,2,10241
2025-11-20T22:23:15.578+01:00,12111,630757.84420225,0.2486140719671615,0.0513098035383981,-0.1154705465756966,0.0671809986233711,-0.0180213917046785,-0.0405960902571678,-0.0022158026695251,-0.0333259552717208,-0.0101575851440429,XArbitraryCorrectedZVertical,-0.0604143413778467,0.0182596381754576,0.1222710352845181,0.9904880297046084,0.9777254462242126,-0.205519825220108,0.0425977148115634,46.77685546875,-17.22953796386719,7.595321655273438,-1,2,10242
2025-11-20T22:23:15.613+01:00,12112,630757.87911825,0.2467073558253741,0.0478914439384758,-0.1043053317887222,0.0969934612512588,-0.0554465092718601,-0.0547605752944946,-0.023621380329132,0.0058750361204147,0.0138577222824096,XArbitraryCorrectedZVertical,-0.0546601160920225,0.0173170205365357,0.1215999014854472,0.9909217630166332,0.9781348705291748,-0.2037357240915298,0.0417604781687259,46.982421875,-17.25703430175781,7.652603149414062,-1,2,10243
2025-11-20T22:23:15.650+01:00,12113,630757.9140352501,0.2432758065288413,0.0439769491584795,-0.0945670742429176,0.0975818037986755,-0.0725556686520576,-0.1335327178239822,-0.0308060646057128,0.0080015957355499,0.0294563770294189,XArbitraryCorrectedZVertical,-0.0495701840207224,0.0160660818958464,0.1201417090845274,0.9913882823568552,0.9788804054260254,-0.200430154800415,0.040261011570692,46.9625244140625,-17.02226257324219,7.605697631835938,-1,2,10244
2025-11-20T22:23:15.683+01:00,12114,630757.9489512501,0.2383691864833374,0.0393018146186594,-0.0831067560548993,0.0703580901026725,-0.0656256228685379,-0.1072391644120216,-0.0429233312606811,0.0428091585636138,0.0293019972741603,XArbitraryCorrectedZVertical,-0.0435731359706336,0.0145549745500402,0.1179665647333439,0.9919543524693126,0.979919731616974,-0.1956564038991928,0.0384164601564407,47.18621826171875,-16.71455383300781,7.621063232421875,-1,2,10245
2025-11-20T22:23:15.717+01:00,12115,630757.98386725,0.2372731212493577,0.0366499284540363,-0.0756211709107138,0.0149759855121374,-0.0029313308186829,0.0335268042981624,-0.0791430473327636,0.0641782730817794,0.0285934209823608,XArbitraryCorrectedZVertical,-0.0396968069433167,0.0137087483506171,0.1175662016670532,0.9921766317645392,0.9801745414733888,-0.1945798546075821,0.0373703055083751,47.2586669921875,-16.64132690429688,7.54595947265625,-1,2,10246
2025-11-20T22:23:15.753+01:00,12116,630758.01878425,0.2374756911528838,0.0370344694876095,-0.0671958927235136,-0.0151656791567802,0.1174291446805,-0.0623031333088874,-0.1383858323097229,0.0339315831661224,0.0333070680499076,XArbitraryCorrectedZVertical,-0.0355415588712266,0.014396877766955,0.1177542799083737,0.99230205698663,0.9800604581832886,-0.1947591602802277,0.0393704921007156,47.2786865234375,-16.56982421875,7.798110961914062,-1,2,10247
2025-11-20T22:23:15.787+01:00,12117,630758.05370025,0.2322017021236532,0.0407490573200308,-0.0624528646166682,-0.0541186556220054,0.1657618284225464,-0.2324174493551254,-0.100052535533905,0.0333269536495208,0.054502960294485,XArbitraryCorrectedZVertical,-0.0333636107716215,0.0166101617199626,0.1151279008463391,0.9926512597435664,0.980866014957428,-0.1895769089460373,0.0442976541817188,47.24945068359375,-16.31605529785156,7.876007080078125,-1,2,10248
2025-11-20T22:23:15.822+01:00,12118,630758.0886172501,0.2231112634119107,0.0443321220255584,-0.0566602450334428,-0.0813160315155983,0.1605401933193207,-0.2711309790611267,0.0131933689117431,0.0429956763982772,0.0649826601147651,XArbitraryCorrectedZVertical,-0.0306097735738952,0.0188649989413207,0.1106284527035891,0.993211272661208,0.982305347919464,-0.1806299537420273,0.0494887195527553,47.2884521484375,-15.84237670898438,8.2767333984375,-1,2,10249
2025-11-20T22:23:15.857+01:00,12119,630758.1235332501,0.2148567626813774,0.0480236358478393,-0.0535103108390576,-0.086065225303173,0.1405882686376572,-0.2131527811288834,0.0413228869438171,0.0621764808893203,0.0636113807559013,XArbitraryCorrectedZVertical,-0.0291634986143299,0.0209949871979792,0.1065139973252116,0.9936616109343642,0.9835182428359984,-0.1724974662065506,0.0541864037513732,47.2384033203125,-15.51869201660156,8.655502319335938,-1,2,10250
2025-11-20T22:23:15.892+01:00,12120,630758.15844925,0.2072394106553658,0.0499070830515391,-0.0482809403354655,-0.1143651530146599,0.0603275150060653,-0.2456175237894058,0.0595893263816833,0.052548348903656,0.0719528198242187,XArbitraryCorrectedZVertical,-0.0265812146989078,0.0223139561988024,0.1027730068790288,0.9940992224551638,0.9846305847167968,-0.1649598181247711,0.0573654323816299,47.57611083984375,-14.91827392578125,8.795608520507812,-1,2,10251
2025-11-20T22:23:15.931+01:00,12121,630758.19336625,0.1997409398254576,0.0487234897779362,-0.0459501487138,-0.1266825944185257,-0.0333693511784076,-0.1732786893844604,0.0821577310562133,0.0655681490898132,0.0545899868011474,XArbitraryCorrectedZVertical,-0.0252798919337295,0.021941719694334,0.0990918190637311,0.9945151349392336,0.9858658909797668,-0.1575480848550797,0.0569822117686271,47.8240966796875,-14.88851928710938,9.146148681640623,-1,2,10252
2025-11-20T22:23:15.962+01:00,12122,630758.22828225,0.1967250335970817,0.045687962004524,-0.0414666785009774,-0.0886134505271911,-0.0456271469593048,-0.0243964772671461,0.0461125969886779,0.0759171247482299,0.0129095204174518,XArbitraryCorrectedZVertical,-0.0228689535000772,0.020691278887655,0.0976859944165895,0.994739271126278,0.9864647388458252,-0.1545303463935852,0.0548394694924354,47.91522216796875,-14.53964233398438,8.843124389648438,-1,2,10253
2025-11-20T22:23:15.997+01:00,12123,630758.26319925,0.1974562749564402,0.042942583801582,-0.0367581987870482,-0.0240579545497894,-0.0547681152820587,0.0406660996377468,0.0195888876914978,0.0514754652976989,0.0034781768918037,XArbitraryCorrectedZVertical,-0.0204002110776665,0.0195504143895825,0.0981358089077568,0.9947718903473765,0.9864689707756042,-0.155204713344574,0.0528267584741115,47.9383544921875,-14.64503479003906,8.876632690429688,-1,2,10254
2025-11-20T22:23:16.032+01:00,12124,630758.2981152501,0.198555539289125,0.0393689088449082,-0.0274260232987724,0.0466750636696815,-0.0631730780005455,0.0146743655204772,-0.0492759346961975,0.0511597990989685,0.0048002004623413,XArbitraryCorrectedZVertical,-0.0155931283313663,0.0182255656918582,0.0988176706388928,0.9948164478512844,0.98642498254776,-0.1561860144138336,0.0507113113999366,47.805908203125,-14.66680908203125,8.828277587890625,-1,2,10255
2025-11-20T22:23:16.067+01:00,12125,630758.33303125,0.1989170035804154,0.0363883006279857,-0.0181933662595923,0.0995522737503051,-0.0555223822593689,0.0243255458772182,-0.011502981185913,0.0257659256458282,0.0089329481124877,XArbitraryCorrectedZVertical,-0.0108565109548023,0.0171993979886588,0.0991093850363017,0.9948687114295658,0.9864632487297058,-0.1564269065856934,0.0492030307650566,47.95599365234375,-14.65959167480469,8.904037475585938,-1,2,10256
2025-11-20T22:23:16.102+01:00,12126,630758.36794825,0.2010812675171887,0.0333692301174148,-0.0060995922537024,0.1021763458848,-0.0397268012166023,0.0933824479579925,-0.0304855108261108,0.0192774981260299,0.026220329105854,XArbitraryCorrectedZVertical,-0.0047085388927953,0.0162934412336914,0.1003062670005001,0.9948121039218142,0.9862045645713806,-0.1583918482065201,0.0480899587273597,47.9847412109375,-14.72703552246094,8.7823486328125,-1,2,10257
2025-11-20T22:23:16.136+01:00,12127,630758.40286425,0.2038334812100312,0.0316466671654295,0.0036744077027866,0.0999272614717483,-0.0065126866102218,0.0504332929849624,-0.0487247109413147,0.0036650747060775,0.0346164628863334,XArbitraryCorrectedZVertical,0.0002176383216656,0.0159274373451427,0.1017564098989408,0.9946817844815892,0.9857973456382751,-0.1609526425600052,0.0479335933923721,47.7122802734375,-14.66877746582031,8.998550415039062,-1,2,10258
2025-11-20T22:23:16.172+01:00,12128,630758.43778125,0.2050555735455098,0.0298501553288135,0.0150436383428208,0.0877642482519149,-0.0334186591207981,0.0389325097203254,-0.0210298299789428,-0.0028827637434005,0.0516828298568725,XArbitraryCorrectedZVertical,0.0059539596615672,0.0156154812117549,0.1024456269114305,0.9945982232259872,0.985629379749298,-0.1619579046964645,0.0480028055608272,47.835693359375,-14.97445678710938,8.9539794921875,-1,2,10259
2025-11-20T22:23:16.210+01:00,12129,630758.4726972501,0.2077393691412106,0.0270431377996223,0.0219281117573844,0.0940928384661674,-0.0822836607694625,0.1239622235298157,0.0145880579948425,-0.0129867494106292,0.0428065061569213,XArbitraryCorrectedZVertical,0.0095019182805596,0.0145841337268702,0.1038147424968676,0.9944443711440656,0.9852898716926576,-0.1644729226827621,0.0463963039219379,47.9312744140625,-14.98626708984375,9.009109497070312,-1,2,10260
2025-11-20T22:23:16.241+01:00,12130,630758.50761325,0.2133355237014919,0.0227793806517876,0.0313851278040074,0.099866971373558,-0.0950993746519088,0.1650905460119247,-0.0186354517936706,-0.0372082442045211,0.0306080542504787,XArbitraryCorrectedZVertical,0.0143892865981138,0.0129938581688523,0.1066232945931009,0.9941104237069428,0.9845014214515686,-0.169792428612709,0.0439005196094512,47.84857177734375,-15.36114501953125,8.890457153320312,-1,2,10261
2025-11-20T22:23:16.276+01:00,12131,630758.54253025,0.2175480947127353,0.0190040612340121,0.036487971784409,0.087215207517147,-0.0988086238503456,0.0820955634117126,-0.0251132845878601,-0.0636761635541915,0.0260432921350002,XArbitraryCorrectedZVertical,0.0171029883428105,0.0114245213973832,0.1087090315691032,0.993860774979062,0.9839144349098206,-0.1738268285989761,0.0411868840456008,47.72100830078125,-15.54542541503906,8.833251953125,-1,2,10262
2025-11-20T22:23:16.311+01:00,12132,630758.57744625,0.2198083699966726,0.015320445970389,0.0412176188117898,0.0765543282032012,-0.0883066654205322,0.0461294688284397,-0.0134184956550598,-0.0628737956285476,0.0185370482504367,XArbitraryCorrectedZVertical,0.0196424069111664,0.0098725252296793,0.1098134554173337,0.9937090970274506,0.9836486577987672,-0.1759414970874786,0.0384697541594505,47.92486572265625,-15.50141906738281,8.745864868164062,-1,2,10263
2025-11-20T22:23:16.346+01:00,12133,630758.61236325,0.2213437206098433,0.0121562247812669,0.0456667429633424,0.069346398115158,-0.0606814362108707,0.0453558005392551,0.0018384456634521,-0.0671619325876236,0.0106699429452419,XArbitraryCorrectedZVertical,0.0220201646792123,0.0085609063431691,0.1105531714856948,0.993589328981066,0.9834824204444884,-0.1773448586463928,0.0362051054835319,47.973876953125,-15.57859802246094,8.491867065429688,-1,2,10264
2025-11-20T22:23:16.381+01:00,12134,630758.647279375,0.2215036719971662,0.0097546772985542,0.0537329171885777,0.0504301153123378,-0.0271328091621398,-0.0633371546864509,-0.0181310772895813,-0.0748508423566818,0.012539867311716,XArbitraryCorrectedZVertical,0.0261594497603219,0.0078147247955387,0.1106145699384698,0.9934883959001776,0.9835242629051208,-0.1773006319999695,0.0352811478078365,47.89312744140625,-15.54615783691406,8.537796020507812,-1,2,10265
2025-11-20T22:23:16.416+01:00,12135,630758.6821953751,0.2181838243919306,0.0086964538070301,0.0585611577529554,0.046382836997509,-0.0262217242270708,-0.1181739866733551,0.0736124515533447,-0.0883702337741851,0.0127432346343994,XArbitraryCorrectedZVertical,0.028628870209959,0.0075079680490546,0.108954497804572,0.9936060627353556,0.9841420650482178,-0.1739130467176437,0.0349098592996597,47.70263671875,-15.37310791015625,8.523162841796875,-1,2,10266
2025-11-20T22:23:16.451+01:00,12136,630758.7171123751,0.2158949139372044,0.0058231276512836,0.0654248369552965,0.0229602139443159,-0.0736475959420204,0.0001187203451991,0.0548591613769531,-0.0350331962108612,0.0183227062225341,XArbitraryCorrectedZVertical,0.0322025539087724,0.0064167883487473,0.1077745065726776,0.9936329980019032,0.984630525112152,-0.1714792251586914,0.0331299565732479,47.89117431640625,-15.21966552734375,8.731536865234375,-1,2,10267
2025-11-20T22:23:16.490+01:00,12137,630758.752028375,0.2167415827237049,0.0023232959360462,0.068020727303453,0.0112012280151248,-0.0941384509205818,0.0373040437698364,0.0128592252731323,-0.0366534441709518,0.0062528848648071,XArbitraryCorrectedZVertical,0.0336787355928763,0.004831973414343,0.1081354408921486,0.993553793484993,0.9845924973487854,-0.1722393482923508,0.0301850549876689,48.01666259765625,-15.31365966796875,8.469512939453125,-1,2,10268
2025-11-20T22:23:16.521+01:00,12138,630758.786945375,0.2176978600705395,-0.0008482475480351,0.0697660867524716,-0.0162730794399976,-0.0703673213720321,0.004574385471642,-0.0331467986106872,-0.0451167821884155,-0.0013818759471178,XArbitraryCorrectedZVertical,0.0347156104842671,0.0033673627857481,0.1085533162934069,0.9934785428631452,0.9845169186592102,-0.1731296330690384,0.027428513392806,47.94000244140625,-15.45976257324219,8.613082885742188,-1,2,10269
2025-11-20T22:23:16.555+01:00,12139,630758.821861375,0.2181443095466362,-0.0035292488628461,0.072489817566196,-0.0149654243141412,-0.0410325713455677,0.024786539375782,-0.0248245000839233,-0.0244618356227874,-0.0078821219503879,XArbitraryCorrectedZVertical,0.0362135457834869,0.0021916217402356,0.1087207938748447,0.993410017065888,0.9845105409622192,-0.1734903752803802,0.0252924319356679,47.871337890625,-15.35060119628906,8.488998413085938,-1,2,10270
2025-11-20T22:23:16.591+01:00,12140,630758.856777375,0.219691675535666,-0.0054300762268409,0.0782234062998399,0.0071122096851468,-0.026946360245347,0.0396428294479847,-0.0217055082321167,-0.0338839888572692,0.0059664249420166,XArbitraryCorrectedZVertical,0.0391633299625383,0.0015899064628683,0.1094353010184545,0.9932208706714482,0.9842909574508668,-0.1748409569263458,0.0245359037071466,47.89190673828125,-15.47824096679688,8.583541870117188,-1,2,10271
2025-11-20T22:23:16.625+01:00,12141,630758.8916943751,0.2213508307156153,-0.007335724170967,0.0798865208116534,-0.0125238085165619,-0.0410976000130176,0.0518134757876396,-0.0226950645446777,-0.0345190465450286,0.0048097372055053,XArbitraryCorrectedZVertical,0.0400928433922562,0.0007680094060342,0.1102151965809576,0.9930984915670328,0.9840445518493652,-0.1764184236526489,0.023083271458745,47.8531494140625,-15.47369384765625,8.373031616210938,-1,2,10272
2025-11-20T22:23:16.660+01:00,12142,630758.926610375,0.2224677363903627,-0.0082159331206145,0.0808187645724818,-0.0216251574456691,0.0177795886993408,0.0045728106051683,-0.0474807024002075,-0.0112964659929275,-0.0172533970326185,XArbitraryCorrectedZVertical,0.0406040086596085,0.0004051349833806,0.1107481404066547,0.9930186671771422,0.9838668704032898,-0.1774852573871613,0.0224719308316707,47.97857666015625,-15.63172912597656,8.217361450195312,-1,2,10273
2025-11-20T22:23:16.695+01:00,12143,630758.961526375,0.2222948256663622,-0.0060288184476177,0.080616439014906,0.0278840716928243,0.0950062051415443,-0.0150941014289856,-0.0363668799400329,0.0145869404077529,-0.0273967981338501,XArbitraryCorrectedZVertical,0.0403825491677047,0.0014763335195132,0.1107073812236872,0.993031220489382,0.9838460683822632,-0.1773219108581543,0.0245738960802555,47.87213134765625,-15.69168090820312,8.507217407226562,-1,2,10274
2025-11-20T22:23:16.730+01:00,12144,630758.996443375,0.2218965957627584,-0.0021192256842002,0.0828837581405961,0.106536790728569,0.1201149448752403,-0.0121749863028526,-0.0170024037361145,0.0517551302909851,-0.0144615173339843,XArbitraryCorrectedZVertical,0.0412924848164665,0.0035349694264649,0.1105820621194747,0.9930025364146452,0.9838144779205322,-0.1768618822097778,0.0287894550710916,47.9793701171875,-15.61158752441406,8.721420288085938,-1,2,10275
2025-11-20T22:23:16.769+01:00,12145,630759.031359375,0.2209665153450677,0.0021924688244248,0.0875165644188734,0.1497561037540436,0.1125481724739075,-0.0383794717490673,-0.0301101803779602,0.0640348345041275,0.0037507973611354,XArbitraryCorrectedZVertical,0.0433568271393888,0.0059116929927254,0.1102006764758776,0.992945640542478,0.9838454723358154,-0.1758054196834564,0.0337704978883266,48.0159912109375,-15.62617492675781,8.842391967773438,-1,2,10276
2025-11-20T22:23:16.800+01:00,12146,630759.0662763751,0.219148498539344,0.0053953942416071,0.0924744409976189,0.1249577775597572,0.0495894365012645,-0.0687046349048614,-0.0050768852233886,0.0593479126691818,0.0174548625946044,XArbitraryCorrectedZVertical,0.0456486899701447,0.0077331053807755,0.109361781123558,0.9929231868853527,0.9840502738952636,-0.1738650947809219,0.0376293137669563,48.1290283203125,-15.4395751953125,9.476165771484377,-1,2,10277
2025-11-20T22:23:16.835+01:00,12147,630759.1011923751,0.2165044944561342,0.0060875555439923,0.096112597106004,0.0766712129116058,-0.0056109149008989,-0.0670692846179008,0.0227335095405578,0.0553412437438964,0.0092930793762207,XArbitraryCorrectedZVertical,0.0474279171182744,0.008212488002171,0.108061071237055,0.9929783469606872,0.98448383808136,-0.1711554229259491,0.0386957600712776,48.155029296875,-15.30201721191406,9.863418579101562,-1,2,10278
2025-11-20T22:23:16.870+01:00,12148,630759.136108375,0.214554539874121,0.0059132209075782,0.0981393801482722,0.042638886719942,-0.0149807929992675,-0.0358509048819541,0.0527563095092773,0.0457492470741272,-0.0176582299172878,XArbitraryCorrectedZVertical,0.0484516227098521,0.0081879098993182,0.1070864554739472,0.993034768764806,0.9848262071609496,-0.1691775768995285,0.038684893399477,48.00201416015625,-15.07177734375,9.729461669921877,-1,2,10279
2025-11-20T22:23:16.904+01:00,12149,630759.171025375,0.2143423969174334,0.0057861173901409,0.0993776070184755,0.0313548855483532,0.0131326075643301,0.0135238571092486,0.0314453244209289,0.0517413467168808,-0.0327671766281127,XArbitraryCorrectedZVertical,0.0490741096575176,0.0081857167792521,0.1069765573236706,0.9930160202702302,0.9848663210868835,-0.1689288169145584,0.0387485586106777,48.0582275390625,-14.91629028320312,9.730377197265623,-1,2,10280
2025-11-20T22:23:16.940+01:00,12150,630759.205941375,0.214984534751915,0.0068346235380891,0.1008698913098197,0.0619836039841175,0.048248004168272,0.0141042293980717,0.0033853650093078,0.0434557944536209,-0.0364036560058593,XArbitraryCorrectedZVertical,0.049756137079821,0.008801867227456,0.1073196140102553,0.9929398065650382,0.984712779521942,-0.169508621096611,0.0400961898267269,48.2763671875,-15.26663208007812,9.878021240234377,-1,2,10281
2025-11-20T22:23:16.974+01:00,12151,630759.2408573751,0.2144131003455942,0.0084545086744755,0.1036841096383952,0.0898901522159576,0.0352701880037784,-0.0423112697899341,0.010482907295227,0.0269017666578292,-0.0221215598285198,XArbitraryCorrectedZVertical,0.0510691685594084,0.0097419612696712,0.1070743996976484,0.9928907092014432,0.9847408533096312,-0.1688542068004608,0.0421104691922664,48.075439453125,-15.20130920410156,10.04508972167969,-1,2,10282
2025-11-20T22:23:17.010+01:00,12152,630759.2757743751,0.2128186485297304,0.0097122383988736,0.1070896431456788,0.1063239425420761,0.029812516644597,-0.0466582588851451,-0.00322026014328,0.0515605360269546,-0.0200313366949558,XArbitraryCorrectedZVertical,0.0527008792822457,0.0105058509008358,0.1063135845715449,0.9928794846177992,0.984955370426178,-0.1671763211488724,0.0437586903572082,48.08251953125,-15.16569519042969,10.44876098632812,-1,2,10283
2025-11-20T22:23:17.050+01:00,12153,630759.310690375,0.2111487792879147,0.0105639807252463,0.110409418706085,0.0732029676437377,0.0034400788135826,-0.0458077564835548,-0.0147677063941955,0.0498562902212142,-0.0074069537222385,XArbitraryCorrectedZVertical,0.0543129385463597,0.0110589024514234,0.1055061961104484,0.9928727230523956,0.9851961135864258,-0.1654262989759445,0.0449740290641784,48.19000244140625,-15.03475952148438,10.35060119628906,-1,2,10284
2025-11-20T22:23:17.079+01:00,12154,630759.345607375,0.2098960449384856,0.0101343534885605,0.1119316859706727,0.0110744079574942,-0.0384222380816936,-0.0080652087926864,3.415346145629883e-05,0.0365523844957351,-0.0096021853387355,XArbitraryCorrectedZVertical,0.0550981692405125,0.0108909772324999,0.1048719928497412,0.992898588232481,0.985424280166626,-0.164146363735199,0.0446668975055217,48.32977294921875,-14.91255187988281,10.40345764160156,-1,2,10285
2025-11-20T22:23:17.114+01:00,12155,630759.380523375,0.2111717029049253,0.0083839568695532,0.1114721311780873,-0.031338270753622,-0.0436781570315361,0.0796109065413475,0.0015451312065124,0.038947120308876,-0.032308105379343,XArbitraryCorrectedZVertical,0.0549553878683711,0.0100330669857423,0.1054574192292133,0.992853445733475,0.9852864146232604,-0.1654119342565536,0.043004423379898,48.2486572265625,-14.78706359863281,10.38246154785156,-1,2,10286
2025-11-20T22:23:17.149+01:00,12156,630759.4154393751,0.2146943038962108,0.0070431644351618,0.1102673846744286,-0.0311225485056638,-0.0135492580011487,0.110579825937748,-0.0249654054641723,0.0207406729459762,-0.0558692291378974,XArbitraryCorrectedZVertical,0.0544114978139357,0.0094000411436985,0.1071705901286729,0.9927060820268794,0.9847429990768432,-0.1689034551382065,0.0418616272509098,48.16021728515625,-15.17718505859375,10.63168334960938,-1,2,10287
2025-11-20T22:23:17.184+01:00,12157,630759.4503563751,0.2184375667387696,0.0063389891044075,0.109660644547047,-0.0005252361297607,-0.0063241529278457,0.0988276600837707,-0.023442804813385,0.0036584287881851,-0.0569375790655612,XArbitraryCorrectedZVertical,0.0541310782566957,0.0091194471178833,0.1090100779480801,0.9925237985171792,0.9841208457946776,-0.1725884228944778,0.0414651185274124,48.20306396484375,-15.18777465820312,10.60261535644531,-1,2,10288
2025-11-20T22:23:17.219+01:00,12158,630759.485272375,0.2214923981882232,0.0058899060281084,0.1100707527400197,0.0189087986946106,0.0055993418209254,0.0727699249982833,-0.0202329754829406,-0.0262354612350463,-0.0491421185433864,XArbitraryCorrectedZVertical,0.0543453917096383,0.0090018855212726,0.1105131394261351,0.9923469960120216,0.9835967421531676,-0.1755620092153549,0.0414211228489875,48.19366455078125,-15.30996704101562,10.34507751464844,-1,2,10289
2025-11-20T22:23:17.257+01:00,12159,630759.520189375,0.2233605212535088,0.0062606801814464,0.1109168953499878,0.027821222320199,0.0221735369414091,0.0469764582812786,0.0028858184814453,-0.0529275089502334,-0.0483918152749538,XArbitraryCorrectedZVertical,0.0547361007458858,0.0092835986368346,0.1114487886633364,0.9922182541636668,0.983244001865387,-0.1773581057786942,0.0421356000006198,48.17095947265625,-15.38932800292969,10.52291870117188,-1,2,10290
2025-11-20T22:23:17.290+01:00,12160,630759.555105375,0.2250019087020073,0.0070262707483941,0.1116246075980818,0.0134216602891683,0.0274591036140918,0.0359959453344345,-0.0235004425048828,-0.045657530426979,-0.031747568398714,XArbitraryCorrectedZVertical,0.0550365637213678,0.0097478914199048,0.1122830188854484,0.9921031687604877,0.9829122424125672,-0.1789365857839584,0.0431916527450084,48.15155029296875,-15.57188415527344,10.82789611816406,-1,2,10291
2025-11-20T22:23:17.330+01:00,12161,630759.590021375,0.2257553582374567,0.0075187166804436,0.1116900195535945,-0.0164258573204278,-0.0043530939146876,0.0158487986773252,-0.0180920958518981,-0.0412463843822479,-0.0195837020874023,XArbitraryCorrectedZVertical,0.0550375977464626,0.0100165646999751,0.1126702298684576,0.9920564821395303,0.9827527403831482,-0.1796703338623047,0.0437688045203685,48.1153564453125,-15.54106140136719,10.73019409179688,-1,2,10292
2025-11-20T22:23:17.359+01:00,12162,630759.6249383751,0.2270617607468547,0.0064656120813383,0.1099161411606072,-0.0837346389889717,-0.037616029381752,0.0563979148864746,0.0307914018630981,-0.0382578074932098,-0.0110143460333347,XArbitraryCorrectedZVertical,0.0542108164750349,0.0094300162435653,0.1132919527626983,0.9920368805586128,0.9825599193572998,-0.1810109466314316,0.042554248124361,48.00726318359375,-15.63963317871094,10.85969543457031,-1,2,10293
2025-11-20T22:23:17.393+01:00,12163,630759.6598535418,0.2293795515150505,0.0045690829282873,0.1069251839854212,-0.0868022888898849,-0.0446353182196617,0.0972801148891449,0.0630766153335571,-0.0521670132875442,-0.0345461405813694,XArbitraryCorrectedZVertical,0.0528248599076471,0.008381537657376,0.114395980753172,0.9919943594615296,0.9822113513946532,-0.1833828687667847,0.0403902493417263,47.9368896484375,-15.86106872558594,10.83766174316406,-1,2,10294
2025-11-20T22:23:17.429+01:00,12164,630759.6947695417,0.2339350344388238,0.0035254396847099,0.1042850312565941,-0.0594143830239772,0.0024815888609737,0.1404102444648743,-0.028971791267395,-0.0177777260541915,-0.0383061133325099,XArbitraryCorrectedZVertical,0.0515572528396893,0.0078306104754131,0.1166334321832441,0.991805065430706,0.9813949465751648,-0.1879260092973709,0.0393436402082443,48.0377197265625,-15.90168762207031,11.0584716796875,-1,2,10295
2025-11-20T22:23:17.463+01:00,12165,630759.7296865417,0.2385584244873363,0.003745271875511,0.103005115691008,-0.0114884003996849,0.0378811508417129,0.109048955142498,-0.0359591841697692,-0.0212461352348327,-0.0362722910940647,XArbitraryCorrectedZVertical,0.0508913793584888,0.00798277159857,0.1189342950899469,0.9915649235576758,0.980493426322937,-0.19248366355896,0.0397817865014076,48.01531982421875,-16.2359619140625,11.01280212402344,-1,2,10296
2025-11-20T22:23:17.498+01:00,12166,630759.7646025417,0.2402394259726187,0.00525466865135,0.1028523147099406,-5.822908133268356e-05,0.0513862967491149,-0.006550645455718,-0.0408626198768615,-0.0375302284955978,-0.0157649554312229,XArbitraryCorrectedZVertical,0.0507185003523755,0.0087646654768361,0.1198063091051167,0.9914621545117268,0.980102002620697,-0.1941286474466324,0.0413996912539005,47.86907958984375,-16.30783081054688,11.00697326660156,-1,2,10297
2025-11-20T22:23:17.533+01:00,12167,630759.7995185417,0.2386209586582689,0.0071151623691915,0.1032879670861394,0.0270028319209814,0.0478725098073482,-0.0809378251433372,-0.0289862751960754,-0.019806832075119,-0.0091804265975952,XArbitraryCorrectedZVertical,0.0508308419218151,0.0096718616738337,0.1190505058888846,0.9915390755035898,0.9803411960601808,-0.1925344467163086,0.0431464463472366,47.96026611328125,-16.21908569335938,11.20846557617188,-1,2,10298
2025-11-20T22:23:17.570+01:00,12168,630759.8344355416,0.2346411632008887,0.0086818155664311,0.1043130907865793,0.0353855416178703,-2.372544258832932e-06,-0.1387501209974289,0.0429738759994506,0.0037235766649246,0.021545048803091,XArbitraryCorrectedZVertical,0.051266626592755,0.0104073758443181,0.1171161076235689,0.9917394815254894,0.9810433387756348,-0.1886142641305923,0.0444796457886695,47.9080810546875,-16.08941650390625,11.35757446289062,-1,2,10299
2025-11-20T22:23:17.603+01:00,12169,630759.8693515417,0.2310769776573511,0.0069654044560169,0.1052135939901004,0.0139341736212372,-0.1109703779220581,-0.035003013908863,0.1151894330978394,0.0059487223625183,0.0346677228808403,XArbitraryCorrectedZVertical,0.0518307108730018,0.0095164531375117,0.1153033372890187,0.9919314700431232,0.9817952513694764,-0.1851020902395248,0.0426027067005634,47.98162841796875,-15.83793640136719,11.55224609375,-1,2,10300
2025-11-20T22:23:17.638+01:00,12170,630759.9042685417,0.2321441847729343,0.0024915811783059,0.1053882122463552,0.0067290067672729,-0.1219402998685837,0.0743106454610824,0.0183472633361816,0.0368918180465698,0.019432783126831,XArbitraryCorrectedZVertical,0.0521712004719885,0.0073354514099059,0.1157159655759956,0.9918841860192265,0.9817748069763184,-0.1861379891633987,0.0383521541953086,48.055419921875,-15.84039306640625,11.26594543457031,-1,2,10301
2025-11-20T22:23:17.673+01:00,12171,630759.9391845417,0.2350159071406292,-0.0015917739745319,0.1058556172229861,0.0004562938120216,-0.0935999229550361,0.0599213242530822,-0.0290000438690185,0.0457511097192764,0.0302739106118679,XArbitraryCorrectedZVertical,0.0526314350522924,0.0054129449953172,0.1170316874706763,0.9917178113092304,0.9813773036003112,-0.1889242678880692,0.0347285494208335,47.88311767578125,-15.8878173828125,11.02490234375,-1,2,10302
2025-11-20T22:23:17.708+01:00,12172,630759.9741005417,0.2361261096449792,-0.0049811555142771,0.1046590419082186,-0.0720742866396904,-0.0936856716871261,0.0349981524050235,-0.0126627683639526,0.0696896910667419,0.0605365000665187,XArbitraryCorrectedZVertical,0.0522343249015459,0.0036911571514654,0.1174980047470726,0.9916915309155944,0.9812753200531006,-0.190050944685936,0.0312907956540584,47.9830322265625,-15.92800903320312,10.83230590820312,-1,2,10303
2025-11-20T22:23:17.743+01:00,12173,630760.0090175417,0.2391757416455413,-0.0079427928903811,0.1014704147265599,-0.1056981533765793,-0.0543090254068374,0.133792445063591,-0.0356700420379638,0.1026107519865036,0.0471550188958644,XArbitraryCorrectedZVertical,0.0508240361346215,0.0021122720812372,0.1189486171684268,0.9915965058154635,0.9807687997817992,-0.1931410729885101,0.0280860252678394,48.01983642578125,-16.05696105957031,10.84275817871094,-1,2,10304
2025-11-20T22:23:17.778+01:00,12174,630760.0439335417,0.2444858512655756,-0.0094436845087028,0.0970080842905478,-0.1361853331327438,0.0029721683822572,0.1564377695322037,-0.0007493495941162,0.0471114367246627,0.0356541909277439,XArbitraryCorrectedZVertical,0.0486977677075149,0.0012310570460098,0.1215666915086677,0.9913872765048528,0.979753315448761,-0.1984786242246628,0.0262659713625907,47.76348876953125,-16.32568359375,10.87211608886719,-1,2,10305
2025-11-20T22:23:17.812+01:00,12175,630760.0788495417,0.2485226869523027,-0.0089110490222695,0.0919261723621297,-0.1686936616897583,0.0391410738229751,0.0709715485572814,-0.0090654492378234,0.0039379894733428,0.0377092361450195,XArbitraryCorrectedZVertical,0.0461438164108044,0.0012781990071258,0.12360653695126,0.9912570905395186,0.9789140224456788,-0.202592134475708,0.026148747652769,47.64862060546875,-16.57003784179688,10.64433288574219,-1,2,10306
2025-11-20T22:23:17.850+01:00,12176,630760.1137665417,0.2487481055977453,-0.0078992847593129,0.085285810143194,-0.2083016782999039,0.0156018873676657,-0.0466641262173652,-0.0013980865478515,-0.0121556669473648,0.0394494570791721,XArbitraryCorrectedZVertical,0.0427898762404819,0.0013728023551302,0.1237728264831313,0.9913866760718448,0.9788303971290588,-0.2030390202999115,0.0258123502135276,47.7098388671875,-16.58529663085938,10.63516235351562,-1,2,10307
2025-11-20T22:23:17.882+01:00,12177,630760.1486825417,0.2466675180555349,-0.0073168500054435,0.0779969414327424,-0.207205131649971,0.0173654668033123,-0.0617004819214344,0.0305834412574768,-0.0146640539169311,0.0261328257620334,XArbitraryCorrectedZVertical,0.0391418879313602,0.0011685270362254,0.1227853938647648,0.9916604791711928,0.9792280197143556,-0.2012478113174438,0.0247400030493736,47.6383056640625,-16.73876953125,10.68991088867188,-1,2,10308
2025-11-20T22:23:17.917+01:00,12178,630760.1835985417,0.2441160320755379,-0.0062352238735839,0.0708060589128208,-0.2020302712917328,0.0258809551596641,-0.08743716776371,-0.0083767771720886,0.0001118928194046,0.0151050090789794,XArbitraryCorrectedZVertical,0.035511471371809,0.0012171067024362,0.1215687491212477,0.9919468611542058,0.9797055125236512,-0.1989796757698059,0.0241711065173149,47.53875732421875,-16.67753601074219,10.62503051757812,-1,2,10309
2025-11-20T22:23:17.952+01:00,12179,630760.2185155418,0.2407282583797618,-0.0055902093317899,0.0643298813883495,-0.1649711728096008,0.0016664203722029,-0.107623428106308,-0.0103998780250549,0.0141877681016922,0.0076634865254163,XArbitraryCorrectedZVertical,0.0322620409909642,0.0010880397159943,0.119921895967336,0.9922583828923052,0.9803552627563475,-0.1958588808774948,0.0232965275645256,47.85552978515625,-16.61676025390625,10.5341796875,-1,2,10310
2025-11-20T22:23:17.987+01:00,12180,630760.2534315417,0.2360646536659753,-0.0044725868768033,0.0599757545747937,-0.0767601877450943,0.0537347458302974,-0.1599221080541611,-0.0436568856239318,0.0346788316965103,-0.0055761337280273,XArbitraryCorrectedZVertical,0.0300379151320072,0.001311054136759,0.1176386266758678,0.9926012372519412,0.9812331199645996,-0.1914170980453491,0.0232610031962394,47.8138427734375,-16.47125244140625,10.58953857421875,-1,2,10311
2025-11-20T22:23:18.022+01:00,12181,630760.2883485417,0.2301254796494183,-0.0019482736228603,0.0588687948816107,0.0046654972247779,0.0468701124191284,-0.1623777747154236,-0.0138985514640808,0.036228522658348,0.0160942077636718,XArbitraryCorrectedZVertical,0.0293473186431877,0.002411567961633,0.114730742442383,0.9929601667841692,0.9822975993156432,-0.185627281665802,0.0251807905733585,47.7796630859375,-16.18084716796875,10.48179626464844,-1,2,10312
2025-11-20T22:23:18.057+01:00,12182,630760.3232645417,0.2254539667479483,-0.0013246066762256,0.059426638375174,0.027667723596096,-0.0171722043305635,-0.0985975712537765,0.0126142501831054,0.0246271044015884,0.0342981815338134,XArbitraryCorrectedZVertical,0.0295948479194738,0.0026841018171481,0.1124191624747693,0.993216420208202,0.98314368724823,-0.1810296475887299,0.0256230402737855,47.51959228515625,-15.82063293457031,10.55905151367188,-1,2,10313
2025-11-20T22:23:18.092+01:00,12183,630760.3581805417,0.2226782823716314,-0.0015859279297126,0.0607554498831723,0.0466961152851581,-0.0028987666592001,-0.0764002501964569,-0.0152232646942138,0.0198219716548919,0.0245474614202976,XArbitraryCorrectedZVertical,0.0302730416268736,0.002587034719731,0.1110340060327114,0.9933521524210676,0.9836529493331908,-0.178269237279892,0.0254403427243232,47.7386474609375,-15.64942932128906,10.39215087890625,-1,2,10314
2025-11-20T22:23:18.130+01:00,12184,630760.3930975418,0.219852929757538,-0.0009107958293193,0.0622318363791453,0.0433563590049743,0.0275379791855812,-0.0811971053481102,-0.0127034187316894,-0.0015013515949249,0.0255636014044284,XArbitraryCorrectedZVertical,0.0309730471393362,0.0029605963823497,0.1096380043911131,0.993484553366049,0.9841390252113342,-0.1754547953605652,0.026194205507636,47.6221923828125,-15.6068115234375,10.49142456054688,-1,2,10315
2025-11-20T22:23:18.162+01:00,12185,630760.4280135417,0.21806388404766,0.000299695011873,0.0636872974376517,0.0340194329619407,0.0265448726713657,-0.0209023859351873,0.0123438835144043,-0.0070977210998535,0.0339182615280151,XArbitraryCorrectedZVertical,0.0316329094717967,0.0036133959620855,0.1087656133760862,0.9935574593933864,0.9844212532043456,-0.1736578494310379,0.0275287758558988,47.80364990234375,-15.53109741210938,10.63247680664062,-1,2,10316
2025-11-20T22:23:18.197+01:00,12186,630760.4629295417,0.2174215369781454,0.0012262609877075,0.0649733990983708,0.0440165214240551,0.0299798287451267,-0.0281647928059101,-0.0240428447723388,-0.0200930684804916,0.0287191905081272,XArbitraryCorrectedZVertical,0.0322227474649009,0.0041332698280323,0.1084592904920617,0.9935700102640748,0.984507381916046,-0.1729916334152222,0.0286233834922313,47.748046875,-15.52552795410156,10.73440551757812,-1,2,10317
2025-11-20T22:23:18.231+01:00,12187,630760.4978465417,0.2149839598343474,0.0026859860450069,0.0666542187235353,0.0570897534489631,0.0347013771533966,-0.117143303155899,-0.0562059879302978,-0.0085726678371429,0.034367561340332,XArbitraryCorrectedZVertical,0.0329845870580829,0.0049093362207667,0.1072699102924253,0.9936705649752152,0.984886348247528,-0.1705502271652222,0.030192382633686,47.7650146484375,-15.24192810058594,10.57577514648438,-1,2,10318
2025-11-20T22:23:18.267+01:00,12188,630760.5327625417,0.2109425790492173,0.0038557171622476,0.068913278363825,0.0765374675393104,0.0162120144814252,-0.0890776440501213,-0.0008415579795837,0.0049702525138854,0.0385798215866088,XArbitraryCorrectedZVertical,0.0340554850677683,0.0055427337071109,0.105279210053822,0.993843966817796,0.9855369329452516,-0.1665150076150894,0.0314580090343952,47.8011474609375,-15.05941772460938,11.03273010253906,-1,2,10319
2025-11-20T22:23:18.301+01:00,12189,630760.5676785418,0.2094197079414007,0.0038313977395095,0.0712584776432458,0.0555648654699325,-0.0120469769462943,0.0059010577388107,-0.0073215961456298,0.0002641975879669,0.0463757552206516,XArbitraryCorrectedZVertical,0.0352264316064224,0.0056271191032817,0.1045199493391294,0.9938828835484862,0.9857915043830872,-0.164952278137207,0.0317186973989009,47.82904052734375,-15.10523986816406,10.75282287597656,-1,2,10320
2025-11-20T22:23:18.336+01:00,12190,630760.6025955417,0.2106564489148784,0.0034614321757389,0.0727499048504537,0.0243288315832614,-6.384914740920067e-05,0.0450829751789569,-0.0100398063659668,-0.0301931649446487,0.0369157791137695,XArbitraryCorrectedZVertical,0.0359834990789536,0.0055433649766237,0.1051264671049322,0.9937921942058068,0.985595166683197,-0.1661263853311539,0.0316877365112304,47.89202880859375,-15.06596374511719,10.96075439453125,-1,2,10321
2025-11-20T22:23:18.371+01:00,12191,630760.6375115417,0.2126709715317739,0.0030454426480994,0.0737579051895844,0.037799946963787,-0.016916811466217,0.0899251922965049,0.022758662700653,-0.0430427938699722,0.0256147384643554,XArbitraryCorrectedZVertical,0.0365007897629494,0.0054263535482394,0.1061187393586007,0.99366851525527,0.9852674007415771,-0.1680777668952942,0.0315904654562473,47.66973876953125,-15.18246459960938,10.90811157226562,-1,2,10322
2025-11-20T22:23:18.409+01:00,12192,630760.672428,0.2161653394181844,0.0020873709260457,0.0754580580802966,0.063818983733654,-0.0230671428143978,0.0777544528245925,0.0221694111824035,-0.0696886032819747,0.0209028758108615,XArbitraryCorrectedZVertical,0.0373874444940463,0.0051058072264754,0.1078346609007469,0.993452545569977,0.9846971035003662,-0.171461284160614,0.0311905574053525,47.61871337890625,-15.2833251953125,10.81755065917969,-1,2,10323
2025-11-20T22:23:18.441+01:00,12193,630760.707345,0.217895037406653,0.0010802375017545,0.078277326606095,0.0936369225382804,-0.0337440110743045,0.0300000123679637,0.0565435886383056,-0.0908701568841934,0.0172351561486721,XArbitraryCorrectedZVertical,0.038837993711104,0.0047910485309649,0.1086698477705363,0.9933073269358405,0.9844260811805724,-0.173076331615448,0.0308147110044956,47.63250732421875,-15.32553100585938,10.85166931152344,-1,2,10324
2025-11-20T22:23:18.476+01:00,12194,630760.7422610001,0.2182714090178305,-0.0005209411064007,0.0804260907384395,0.0276039913296699,-0.0591662898659706,-0.0172767229378223,0.0149962306022644,-0.0928387343883514,0.0300825834274292,XArbitraryCorrectedZVertical,0.0399913740640389,0.004120079687242,0.1088207173187302,0.99324812515673,0.984408676624298,-0.1733813136816025,0.029640207067132,47.55780029296875,-15.41566467285156,10.985595703125,-1,2,10325
2025-11-20T22:23:18.511+01:00,12195,630760.7771780001,0.2170870244425009,-0.001888043174832,0.080172121447335,-0.0311486460268497,-0.0241382271051406,-0.0523701310157775,-0.0149740576744079,-0.0617820769548416,0.0207324065268039,XArbitraryCorrectedZVertical,0.0399416431342917,0.0034036652443308,0.1082058075587179,0.9933200641911272,0.98465496301651,-0.172226682305336,0.0281566809862852,47.74835205078125,-15.20304870605469,10.73373413085938,-1,2,10326
2025-11-20T22:23:18.546+01:00,12196,630760.812094,0.2150869234644996,-0.0027452558938417,0.0780913011461415,-0.0834912583231926,-0.0318997986614704,-0.0327561274170875,0.0034103989601135,-0.0236750543117523,0.0149638634175062,XArbitraryCorrectedZVertical,0.0389573962471086,0.0028262889194686,0.1072010993457366,0.9934697923698832,0.985023319721222,-0.1703251302242279,0.0267993751913309,47.7403564453125,-15.12492370605469,10.73162841796875,-1,2,10327
2025-11-20T22:23:18.581+01:00,12197,630760.84701,0.2160194898835657,-0.0038082051021606,0.0751317489266485,-0.0829220935702323,-0.0247978921979665,0.0874436944723129,0.0098316669464111,-0.0206737369298934,-0.0014683026820421,XArbitraryCorrectedZVertical,0.0375432297921744,0.0021569663195983,0.1076525135207533,0.9934771182404786,0.9848886728286744,-0.1713275611400604,0.025317694991827,47.65374755859375,-15.21026611328125,10.56484985351562,-1,2,10328
2025-11-20T22:23:18.616+01:00,12198,630760.881927,0.2192029817846187,-0.0042533891095621,0.0721075758444775,-0.0956158712506294,0.0236843638122081,0.0510772429406642,-0.070768654346466,-0.0233809798955917,-0.0087963361293077,XArbitraryCorrectedZVertical,0.0360620842543503,0.0018302208164922,0.1092346642947899,0.9933599125319104,0.9843427538871764,-0.174540713429451,0.0245891045778989,47.609130859375,-15.46183776855469,10.47991943359375,-1,2,10329
2025-11-20T22:23:18.650+01:00,12199,630760.916843,0.2182713219097893,-0.0024456221457644,0.0683524648549366,-0.129945695400238,0.0680100321769714,-0.0756894275546073,-0.0075148344039916,-0.0485421121120452,-0.0091400146484375,XArbitraryCorrectedZVertical,0.0340993753953636,0.0025068924626018,0.1088139237805736,0.9934739629015232,0.9844587445259094,-0.1737326383590698,0.0256499592214822,47.58245849609375,-15.43826293945312,10.51129150390625,-1,2,10330
2025-11-20T22:23:18.689+01:00,12200,630760.9517590001,0.2150720158849196,-0.0006639598379988,0.0691456388288011,-0.1773317754268646,0.0838728696107864,-0.1001559495925903,0.0184203386306762,-0.0084179788827896,-0.0109052658081054,XArbitraryCorrectedZVertical,0.0344018714831918,0.0033800568594215,0.1072533138216263,0.9936306591453796,0.984967052936554,-0.170567587018013,0.0273236967623233,47.41448974609375,-15.42738342285156,10.81504821777344,-1,2,10331
2025-11-20T22:23:18.720+01:00,12201,630760.9866760001,0.2119840381467524,0.0015822674256306,0.0690710942171731,-0.1431895196437836,0.0890697687864303,-0.0735720098018646,-0.0408960580825805,0.0670097172260284,-0.0273154936730861,XArbitraryCorrectedZVertical,0.0342512496530846,0.0044391385060583,0.1057577080435888,0.9937920639931332,0.9854304194450378,-0.1675346046686172,0.029314374551177,47.5452880859375,-15.32537841796875,10.52336120605469,-1,2,10332
2025-11-20T22:23:18.755+01:00,12202,630761.021592,0.2104770874863951,0.0038083322558105,0.0736962110487264,-0.0660465955734252,0.115601010620594,-0.041252814233303,-0.1008480787277222,0.1168205142021179,-0.0347678698599338,XArbitraryCorrectedZVertical,0.0364360008649636,0.0057621491827094,0.1050426627265158,0.993783284210042,0.9856135845184326,-0.1659232378005981,0.0321738496422767,47.4644775390625,-15.4033203125,10.66128540039062,-1,2,10333
2025-11-20T22:23:18.790+01:00,12203,630761.056508,0.2095678815507725,0.0067476349080006,0.0807390078558566,0.004938893020153,0.12040825933218,-0.0185553058981895,-0.0477474331855773,0.0866853445768356,-0.0322916507720947,XArbitraryCorrectedZVertical,0.039784363240004,0.0075737402291093,0.1046418973630543,0.9936850666605715,0.9856594204902648,-0.1648255735635757,0.0361674204468727,47.21746826171875,-15.298095703125,10.89851379394531,-1,2,10334
2025-11-20T22:23:18.825+01:00,12204,630761.091425,0.2092779867051501,0.0095553800358432,0.0893521105806768,0.0439211390912532,0.1140606105327606,-0.0288697406649589,-0.0211113691329956,0.0589339286088943,-0.0196830034255981,XArbitraryCorrectedZVertical,0.0439178841871954,0.0094115236868912,0.1045549405252315,0.993504379342598,0.9855889081954956,-0.164280578494072,0.0403281450271606,47.19122314453125,-15.35279846191406,11.06739807128906,-1,2,10335
2025-11-20T22:23:18.860+01:00,12205,630761.1263410001,0.2078978656576655,0.0118882927572668,0.1014699792821139,0.0880909711122512,0.1051198989152908,-0.065568208694458,0.0278051495552063,0.0369755774736404,-0.0196087397634983,XArbitraryCorrectedZVertical,0.0498226155096775,0.0111664228971775,0.1039263034332297,0.9932735630761796,0.9856988191604614,-0.1625401228666306,0.0444804616272449,47.03045654296875,-15.12799072265625,11.09761047363281,-1,2,10336
2025-11-20T22:23:18.895+01:00,12206,630761.161257,0.2053721813650025,0.0142483971245774,0.1120170606347793,0.1158012673258781,0.0758655592799186,-0.0847212672233581,0.0474019646644592,0.0355949997901916,-0.0015239752829074,XArbitraryCorrectedZVertical,0.0549538442589041,0.0128135474370056,0.1027390957651595,0.9931065132461212,0.985984206199646,-0.1597099453210831,0.0482463762164115,46.9954833984375,-15.04206848144531,11.31639099121094,-1,2,10337
2025-11-20T22:23:18.930+01:00,12207,630761.196174,0.2025751542452202,0.0151179716725236,0.125197267439033,0.1200029402971268,0.0368977077305316,-0.088825300335884,0.049400508403778,0.0341009199619293,0.0087331533432006,XArbitraryCorrectedZVertical,0.0614725401191059,0.0138307575548815,0.1013839906477914,0.9928500125849898,0.9863660335540771,-0.1565069109201431,0.0508677251636982,46.8748779296875,-14.84223937988281,11.40245056152344,-1,2,10338
2025-11-20T22:23:18.970+01:00,12208,630761.23109,0.1997049159052026,0.01543131156349,0.1349284758795427,0.0891719087958335,0.019604992121458,-0.0837549492716789,0.020842432975769,0.0324311256408691,0.0119003131985664,XArbitraryCorrectedZVertical,0.0663078894588084,0.0143796614583838,0.0999744111498731,0.992674039377164,0.9867870211601256,-0.1533417701721191,0.0523238815367221,46.90545654296875,-14.67283630371094,11.30592346191406,-1,2,10339
2025-11-20T22:23:18.999+01:00,12209,630761.266006,0.1970076573392752,0.0149856415502852,0.1455250910160829,0.0561548359692096,-0.0009644655510783,-0.0782917439937591,0.0081042051315307,0.0324606746435165,0.0129134580492973,XArbitraryCorrectedZVertical,0.0716089948730584,0.0145859905390841,0.0986237055786208,0.99243776432962,0.9872112274169922,-0.1503042429685593,0.0531265251338481,46.85296630859375,-14.57328796386719,11.55372619628906,-1,2,10340
2025-11-20T22:23:19.035+01:00,12210,630761.3009230001,0.1945128153371695,0.0137673970661164,0.1520240676469167,0.0115854600444436,-0.0371123775839805,-0.0687345564365387,-0.0051048994064331,0.0371722131967544,0.0084422789514064,XArbitraryCorrectedZVertical,0.0749117086858478,0.0142050589088082,0.0973407398405886,0.9923262014993766,0.9876487851142884,-0.1476152837276459,0.0525318197906017,47.021728515625,-14.54852294921875,11.37931823730469,-1,2,10341
2025-11-20T22:23:19.069+01:00,12211,630761.3358390001,0.193368469287211,0.0115634471651603,0.1588066366262097,0.0045283054932951,-0.0380610264837741,-0.0023231320083141,-0.0179702639579772,0.0532592684030532,-0.0105595514178276,XArbitraryCorrectedZVertical,0.0783917670234923,0.0133934698221486,0.0966843641015986,0.9921328492068304,0.9879257678985596,-0.1462310552597046,0.0511784106492996,46.9019775390625,-14.4869384765625,11.20246887207031,-1,2,10342
2025-11-20T22:23:19.105+01:00,12212,630761.370755,0.1937638231578607,0.0095116556496213,0.1629257086219512,-0.0163054149597883,-0.0435111932456493,-0.0006546848453581,-0.0177783966064453,0.017148733139038,-0.0229759216308593,XArbitraryCorrectedZVertical,0.0805317705663777,0.0125889443782983,0.0967937264665193,0.9919612918249942,0.9879627227783204,-0.1464516669511795,0.0498160384595394,46.95025634765625,-14.50550842285156,10.92582702636719,-1,2,10343
2025-11-20T22:23:19.139+01:00,12213,630761.405672,0.1935472966889753,0.007283838651532,0.168110682215843,-0.0071350722573697,-0.0315330177545547,-0.0324248857796192,-0.0325933098793029,0.019060805439949,-0.0312178134918212,XArbitraryCorrectedZVertical,0.0832123672396274,0.0117241100466629,0.0965852269153809,0.9917709302941776,0.9880986213684082,-0.146029144525528,0.0483380891382694,46.92926025390625,-14.65141296386719,11.257568359375,-1,2,10344
2025-11-20T22:23:19.174+01:00,12214,630761.440588,0.1915202835548509,0.0061405408019728,0.1730894416875399,-0.0157056581228971,-0.0161964036524295,-0.0900482311844825,-0.0367945432662963,0.015735849738121,-0.0218501128256321,XArbitraryCorrectedZVertical,0.0857478475171265,0.0113092701753401,0.0955197235748062,0.9916629495585568,0.9884546399116516,-0.1438485980033875,0.0475916191935539,46.86737060546875,-14.61198425292969,11.08665466308594,-1,2,10345
2025-11-20T22:23:19.210+01:00,12215,630761.4755040001,0.1885671962067628,0.0053247340796011,0.1753620658346123,-0.0692299082875251,-0.0332030914723873,-0.0642187818884849,-0.0010448694229125,0.0036559849977493,-0.0145612992346286,XArbitraryCorrectedZVertical,0.0869298096304482,0.0108843963978062,0.0940140906001948,0.9917086525597394,0.988929271697998,-0.1408782154321671,0.0466047748923301,46.869873046875,-14.69805908203125,11.21128845214844,-1,2,10346
2025-11-20T22:23:19.245+01:00,12216,630761.5104210001,0.1877516614837705,0.0030381996432312,0.1762041302540774,-0.1272295564413071,-0.0641945600509643,0.0024281584192067,0.0067126750946044,-0.0003164708614349,-0.0231114625930786,XArbitraryCorrectedZVertical,0.0874587650180242,0.0097543666968007,0.0935074108757704,0.9917218641117982,0.9891521334648132,-0.1400490999221802,0.0443211011588573,46.60919189453125,-14.38262939453125,10.61427307128906,-1,2,10347
2025-11-20T22:23:19.279+01:00,12217,630761.545337,0.1884120384324297,0.0008810044128749,0.1746678972763333,-0.1120838224887848,-0.0242000240832567,0.0184589978307485,0.0015273690223693,-0.0138157755136489,-0.0523240603506565,XArbitraryCorrectedZVertical,0.0867949278218851,0.0086416569494402,0.0937464737930453,0.9917679075233684,0.9891493916511536,-0.1407557278871536,0.0420853979885578,46.65802001953125,-14.53413391113281,10.57664489746094,-1,2,10348
2025-11-20T22:23:19.314+01:00,12218,630761.580253,0.1892718399161595,0.0001219191979571,0.1753451735817067,-0.0677039548754692,0.0105451866984367,0.0166696663945913,0.0128061771392822,-0.0267697423696517,-0.0584697723388671,XArbitraryCorrectedZVertical,0.0871627716137524,0.0083344404124511,0.09413710019784,0.9917013049041556,0.9890553951263428,-0.1415651887655258,0.0415782630443573,46.4932861328125,-14.71107482910156,10.49739074707031,-1,2,10349
2025-11-20T22:23:19.349+01:00,12219,630761.61517,0.1897197233700795,-0.0002247382795684,0.1761788460096088,-0.0516859926283359,-0.0067472644150257,0.0050110993906855,0.0276585817337036,-0.0490885823965072,-0.0446506738662719,XArbitraryCorrectedZVertical,0.0875906187279209,0.0082214066917778,0.0943405621081331,0.991645198790862,0.9890040159225464,-0.1419666856527328,0.0414310209453105,46.59027099609375,-14.80903625488281,10.62794494628906,-1,2,10350
2025-11-20T22:23:19.384+01:00,12220,630761.650086125,0.1901928322945119,-0.0009775742268851,0.1777513083960504,-0.0620871670544147,0.0008365763351321,0.0141863478347659,-0.0107398033142089,-0.0391417294740676,-0.0326000452041626,XArbitraryCorrectedZVertical,0.0884038804356669,0.0079432585702029,0.0945351847149928,0.991556738804404,0.9889654517173768,-0.1423615366220474,0.0409923940896987,46.508056640625,-14.88546752929688,10.53497314453125,-1,2,10351
2025-11-20T22:23:19.418+01:00,12221,630761.685003125,0.1911719403963495,-0.0010154383104026,0.1774771914805547,-0.0730776414275169,0.0256000645458698,0.0361055098474025,0.027657151222229,-0.0477445125579834,-0.0362501144409179,XArbitraryCorrectedZVertical,0.0882658832261557,0.0079547285952454,0.0950201470169774,0.9915226117256156,0.9888222813606262,-0.1433260142803192,0.0410870537161827,46.404052734375,-15.06297302246094,10.38082885742188,-1,2,10352
2025-11-20T22:23:19.453+01:00,12222,630761.7199191251,0.1932226259708315,-0.0007600707328922,0.1778157609492696,-0.0594625025987625,0.0329165160655975,0.0800267308950424,0.0583237409591674,-0.0639365762472152,-0.043089747428894,XArbitraryCorrectedZVertical,0.0884132482827914,0.0081880867497299,0.0960465037213283,0.991408682810358,0.9885054230690002,-0.1453071534633636,0.0417469143867492,46.2535400390625,-15.05534362792969,10.34152221679688,-1,2,10353
2025-11-20T22:23:19.490+01:00,12223,630761.7548351251,0.1963050124788658,0.0001540441209952,0.1783116300806523,-0.0083901854231953,0.0628302171826362,0.0539661236107349,-0.0034247040748596,-0.0455179363489151,-0.0459331274032592,XArbitraryCorrectedZVertical,0.0886016816600175,0.0088015988787939,0.0976125938810577,0.9912336304681322,0.987998068332672,-0.1482838988304138,0.0432627685368061,46.19647216796875,-15.35824584960938,10.57221984863281,-1,2,10354
2025-11-20T22:23:19.530+01:00,12224,630761.789752125,0.1962013026703077,0.0020764483561894,0.1809722542789386,0.0630564093589782,0.0570775084197521,-0.0559827908873558,-0.0366800427436828,-0.0158115178346633,-0.0265561304986476,XArbitraryCorrectedZVertical,0.0898269084233652,0.0098794266389867,0.0976359912504756,0.9911109198698356,0.98792827129364,-0.1480678766965866,0.0455380454659462,46.21490478515625,-15.48135375976562,10.4403076171875,-1,2,10355
2025-11-20T22:23:19.558+01:00,12225,630761.824668125,0.1937342803460864,0.0034935805441643,0.1852520784996728,0.1060904413461685,-0.0032646120525896,-0.050898652523756,-0.0097983479499816,-0.0029074549674987,-0.0054822042584419,XArbitraryCorrectedZVertical,0.0918916888047142,0.010676725772251,0.0964617981664366,0.9910282138271782,0.9882375001907348,-0.1454841941595078,0.0471233464777469,46.0560302734375,-15.45393371582031,10.51869201660156,-1,2,10356
2025-11-20T22:23:19.593+01:00,12226,630761.859584125,0.1946322163811063,0.0018999034087897,0.1895219542664207,0.0997522696852684,-0.0665865764021873,0.0992597341537475,0.0217594504356384,-0.0131337493658065,0.0030717812478542,XArbitraryCorrectedZVertical,0.0940796073432263,0.0101346592947029,0.0968160786116624,0.9907940721818156,0.9881739020347596,-0.1461679637432098,0.0463361404836177,46.16815185546875,-15.68913269042969,10.33955383300781,-1,2,10357
2025-11-20T22:23:19.628+01:00,12227,630761.8945011251,0.1992043790466697,-0.0021524312374541,0.1924907060559907,0.0376343764364719,-0.1117815300822258,0.1232666596770287,-0.042949378490448,-0.0136547088623046,0.0115754567086696,XArbitraryCorrectedZVertical,0.0957270228125014,0.0084897059955305,0.0988744217476234,0.9904484409194604,0.9876514673233032,-0.1504687964916229,0.0436307825148105,46.02655029296875,-15.76228332519531,10.28334045410156,-1,2,10358
2025-11-20T22:23:19.663+01:00,12228,630761.9294171251,0.2015268327058237,-0.0076020180787498,0.1919856550068134,-0.0751190409064292,-0.1613315343856812,0.0152479782700538,-0.067620038986206,-0.0463232398033142,0.0099259577691555,XArbitraryCorrectedZVertical,0.0957392181159589,0.0058770036779173,0.0997667000446592,0.990376713995555,0.9875112771987916,-0.1527428776025772,0.0386121533811092,45.92181396484375,-16.10127258300781,10.02403259277344,-1,2,10359
2025-11-20T22:23:19.698+01:00,12229,630761.964333125,0.2021055776787574,-0.0124663327805301,0.1874969760845356,-0.1530615389347076,-0.1198943182826042,0.0274530500173568,-0.0321286916732788,-0.0290007442235946,-0.0047113858163356,XArbitraryCorrectedZVertical,0.0937578934336856,0.0032693016074682,0.09985543103727,0.9905694550088284,0.9875884056091307,-0.1535096317529678,0.0332299694418907,46.0980224609375,-16.35749816894531,9.660491943359377,-1,2,10360
2025-11-20T22:23:19.733+01:00,12230,630761.999250125,0.2032305843256102,-0.0169514070723891,0.1803520412118406,-0.2141505628824234,-0.1376602500677109,0.0362258143723011,0.0170148015022277,-0.010954812169075,-0.0035057067871093,XArbitraryCorrectedZVertical,0.090442378201185,0.000737158240771,0.1002653897089007,0.9908413317894104,0.9875323176383972,-0.1549234688282013,0.0279045067727565,46.04388427734375,-16.57270812988281,9.412322998046877,-1,2,10361
2025-11-20T22:23:19.770+01:00,12231,630762.034166125,0.2041456001201576,-0.0218071933294895,0.1717063718131284,-0.2257634699344635,-0.1193432882428169,0.0388887338340282,-0.0075637102127075,0.0221754312515258,-0.019987704232335,XArbitraryCorrectedZVertical,0.0864032947006815,-0.0020698760239581,0.1005842446203821,0.9911674690074016,0.987483024597168,-0.1561933159828186,0.0219255592674017,45.888671875,-16.60179138183594,9.167022705078123,-1,2,10362
2025-11-20T22:23:19.803+01:00,12232,630762.0690821251,0.2063348649016907,-0.0243089567594123,0.1636833256578052,-0.1782481223344803,-0.0042023407295346,0.0800550058484077,-0.0531670451164245,0.0466684699058532,-0.0324317216873168,XArbitraryCorrectedZVertical,0.0825571562875915,-0.0036306926526568,0.1016439065768171,0.991382698851024,0.9871574640274048,-0.1586679518222809,0.0185614358633756,46.23529052734375,-17.04035949707031,8.736282348632812,-1,2,10363
2025-11-20T22:23:19.837+01:00,12233,630762.1039991251,0.2075797578349904,-0.0221596955376666,0.1574298838809085,-0.111541785299778,0.1425634175539017,-0.0183290038257837,-0.0834205150604248,0.0401027649641037,-0.0243885535746812,XArbitraryCorrectedZVertical,0.0793500602602806,-0.0028396401792417,0.10240995308007,0.9915683036949042,0.9868932962417604,-0.1601435989141464,0.0198872201144695,46.15728759765625,-17.25315856933594,8.4788818359375,-1,2,10364
2025-11-20T22:23:19.873+01:00,12234,630762.138915125,0.203739710794947,-0.0148327337445131,0.1541723721468523,-0.0396201238036155,0.2090875506401062,-0.1841255724430084,-0.0367379784584045,0.0544693768024444,0.0205343961715698,XArbitraryCorrectedZVertical,0.0773604658618233,0.0004752647133988,0.1008207964794498,0.991892343241052,0.9873300194740297,-0.1565353870391846,0.0260048918426036,46.28045654296875,-17.15447998046875,9.281875610351562,-1,2,10365
2025-11-20T22:23:19.907+01:00,12235,630762.173831125,0.1957375047972534,-0.0071183503024014,0.1531034808832275,-0.0100705241784453,0.1549188792705536,-0.2503095865249634,0.0417287945747375,0.0566824972629547,0.0473352670669555,XArbitraryCorrectedZVertical,0.0764573016669448,0.0039409556612462,0.0971549151489482,0.992320355863716,0.9883462190628052,-0.1487692445516586,0.0322392396628856,46.2540283203125,-16.88047790527344,9.4639892578125,-1,2,10366
2025-11-20T22:23:19.942+01:00,12236,630762.208748125,0.1864958043955822,-0.0006218939384148,0.1508339807532711,-0.0488482788205146,0.1243801638484001,-0.2607179284095764,0.0512235760688781,0.0751875191926956,0.0738923549652099,XArbitraryCorrectedZVertical,0.0750470543884531,0.0067069184286731,0.0928248234608322,0.99282750424791,0.9894866943359376,-0.139823704957962,0.0369474962353706,46.3558349609375,-16.63664245605469,9.414825439453123,-1,2,10367
2025-11-20T22:23:19.977+01:00,12237,630762.243664125,0.178471120853568,0.005123541059415,0.146877163647362,-0.0943724289536476,0.1189017742872238,-0.1911093145608902,0.0830355882644653,0.0686203092336654,0.066698670387268,XArbitraryCorrectedZVertical,0.0728527272901232,0.0090834337949762,0.0890638948744908,0.993316461553767,0.99038964509964,-0.1321120858192444,0.0409214682877063,46.349365234375,-16.29293823242188,9.4658203125,-1,2,10368
2025-11-20T22:23:20.012+01:00,12238,630762.2785801251,0.1733374314731496,0.0096960461506445,0.1411268443913214,-0.0927964821457862,0.0858742967247963,-0.0882527455687522,0.0758963227272033,0.0889341533184051,0.0506848134100437,XArbitraryCorrectedZVertical,0.0698208140255396,0.0109206345027637,0.0866843453360862,0.993726233264867,0.9908915162086488,-0.1272794753313065,0.0439806766808033,46.486572265625,-15.96934509277344,9.715911865234377,-1,2,10369
2025-11-20T22:23:20.051+01:00,12239,630762.313497125,0.1722341386541425,0.0124431051687632,0.1379454602760288,0.006007214076817,0.0505126193165779,0.0211007762700319,0.049915075302124,0.0928270816802978,0.0284056663513183,XArbitraryCorrectedZVertical,0.068127486176544,0.0121112914528902,0.0862316828262846,0.99386926609722,0.990917444229126,-0.1263048350811005,0.046148732304573,46.27069091796875,-16.10804748535156,9.588577270507812,-1,2,10370
2025-11-20T22:23:20.082+01:00,12240,630762.348413125,0.173334248879281,0.0134806445999181,0.137947243537975,0.0845948457717895,0.0123886344954371,0.0327567793428897,-0.0006723999977111,0.0513809770345687,0.0388107374310493,XArbitraryCorrectedZVertical,0.0680766712263695,0.0126644023016193,0.0868136782045051,0.9938152134434588,0.990723729133606,-0.1273849904537201,0.0473251231014728,46.4151611328125,-16.03024291992188,9.941482543945312,-1,2,10371
2025-11-20T22:23:20.117+01:00,12241,630762.383329125,0.1742154369803145,0.0136896470651754,0.1394426161055912,0.0858821794390678,-0.0132413636893034,0.0220324844121933,0.0064001679420471,0.0125679671764373,0.0518890619277954,XArbitraryCorrectedZVertical,0.0688050428238906,0.0128627825035021,0.0872592331339583,0.99372345297201,0.9905937910079956,-0.1281990259885788,0.0478423684835434,46.18670654296875,-16.09684753417969,9.575057983398438,-1,2,10372
2025-11-20T22:23:20.152+01:00,12242,630762.418246125,0.1752557653027766,0.0128977874737626,0.1395228948258694,0.0372250899672508,-0.0295026060193777,0.0407529696822166,-0.0257701873779296,-0.0016877949237823,0.048539038747549,XArbitraryCorrectedZVertical,0.0688729800581579,0.0125086294734678,0.0877488876654768,0.9936801401957102,0.9904918074607848,-0.1292173117399216,0.0472098179161548,46.37261962890625,-16.45025634765625,9.802749633789062,-1,2,10373
2025-11-20T22:23:20.187+01:00,12243,630762.4531621251,0.1756221254585693,0.0121391186216543,0.138451227473369,-0.0151237566024065,-0.0175183974206447,-0.0117009636014699,-0.051713228225708,-0.010385662317276,0.0360126607120037,XArbitraryCorrectedZVertical,0.0683715412486648,0.0120976590234679,0.0879048006027408,0.9937061639696346,0.9904799461364746,-0.1296137273311615,0.046369545161724,46.53009033203125,-16.25543212890625,9.76837158203125,-1,2,10374
2025-11-20T22:23:20.222+01:00,12244,630762.488078125,0.175377212151037,0.0124562677340943,0.135855311201176,-0.0115829296410083,0.0117167346179485,0.0127333188429474,-0.0375908017158508,0.0055606514215469,0.0177571773529052,XArbitraryCorrectedZVertical,0.0670691510741322,0.0121340172316209,0.0877937172771248,0.9938042124442028,0.9905021786689758,-0.1294619739055634,0.0463144965469837,46.44622802734375,-16.382568359375,9.66693115234375,-1,2,10375
2025-11-20T22:23:20.259+01:00,12245,630762.522995125,0.1771213047518014,0.0123502891721307,0.13411636299515,0.0318884924054145,-0.0174922980368137,0.0959381461143493,-0.0178769826889038,0.0067676156759262,0.0160126686096191,XArbitraryCorrectedZVertical,0.0661991313290489,0.0120634796061496,0.0886566232615219,0.9937868074471192,0.9902737736701964,-0.1312335282564163,0.0462125614285469,46.4510498046875,-16.5213623046875,9.667449951171877,-1,2,10376
2025-11-20T22:23:20.292+01:00,12246,630762.557911125,0.1806204940090858,0.0111624894690016,0.1340412911838062,0.0870947539806366,-0.0359967425465583,0.0931964218616485,-0.071297287940979,-0.0102416276931762,0.0145133696496486,XArbitraryCorrectedZVertical,0.0661943024449136,0.0115858017539849,0.0903559161676752,0.9936396875215348,0.9898457527160645,-0.1346710473299026,0.0454841516911983,46.48046875,-16.71098327636719,9.523345947265623,-1,2,10377
2025-11-20T22:23:20.330+01:00,12247,630762.592827125,0.183439874042425,0.0099408356371157,0.1362584164844773,0.1421310007572174,-0.022797618061304,0.0802229791879653,-0.0669391751289367,-0.0331569910049438,0.0050694979727268,XArbitraryCorrectedZVertical,0.0673353360686424,0.0111731667481746,0.091714717938208,0.9934433450257651,0.989500880241394,-0.1373599469661713,0.0449488274753093,46.486328125,-16.96121215820312,9.722747802734377,-1,2,10378
2025-11-20T22:23:20.361+01:00,12248,630762.6277441251,0.1864112354138719,0.0094390004025504,0.1394324475293564,0.1571394354104996,0.0002667573280632,0.1096878871321678,-0.0662408471107482,-0.0498118847608566,0.017939805984497,XArbitraryCorrectedZVertical,0.0689184528541208,0.0111707951116745,0.0931709345448323,0.9931992097545542,0.9890923500061036,-0.140160009264946,0.0452926158905029,46.298583984375,-17.0999755859375,9.828567504882812,-1,2,10379
2025-11-20T22:23:20.396+01:00,12249,630762.6626607501,0.1909492648616282,0.0100583482510957,0.1430490337913569,0.1676190048456192,0.0437896847724914,0.1317464262247086,-0.0531177520751953,-0.064375028014183,0.0230841636657714,XArbitraryCorrectedZVertical,0.0706589806598354,0.011805956267773,0.0954424678843556,0.9928538654748832,0.9883899688720704,-0.1444719731807709,0.0470451675355434,46.4627685546875,-17.232421875,9.71807861328125,-1,2,10380
2025-11-20T22:23:20.431+01:00,12250,630762.6975767501,0.194425784611295,0.010875174719988,0.1460139432837349,0.1392858624458313,0.0063696061260998,0.0719802901148796,-0.0071830153465271,-0.1088760197162628,0.0413283072412014,XArbitraryCorrectedZVertical,0.0720703047136043,0.0124771187407772,0.0971946211941528,0.9925741332748976,0.9878195524215698,-0.1477614939212799,0.0487748570740222,46.3115234375,-17.52079772949219,9.95428466796875,-1,2,10381
2025-11-20T22:23:20.466+01:00,12251,630762.73249375,0.1956612018497971,0.0106955782060795,0.1480308684661678,0.0847451761364936,-0.0242745094001293,0.0053437333554029,0.02097088098526,-0.1299165636301041,0.0349261723458766,XArbitraryCorrectedZVertical,0.0730723209940377,0.012530348417128,0.0977993715278128,0.9924407855638488,0.9876349568367004,-0.1488919854164124,0.0490734092891216,46.3638916015625,-17.54800415039062,9.990646362304688,-1,2,10382
2025-11-20T22:23:20.501+01:00,12252,630762.76740975,0.195423457877291,0.0101197130876822,0.1480382159284014,0.0867017954587936,-0.0426208116114139,-0.0031604380346834,0.1067826151847839,-0.1507943570613861,0.0138909891247749,XArbitraryCorrectedZVertical,0.0731055741955072,0.012236256487752,0.0976603385844635,0.9924557634411127,0.9876998662948608,-0.148659348487854,0.048471599817276,46.5216064453125,-17.55996704101562,9.77490234375,-1,2,10383
2025-11-20T22:23:20.536+01:00,12253,630762.80232575,0.1948970139940139,0.008243597072245,0.1480555596351446,0.0402311943471431,-0.084643043577671,-0.0540133453905582,0.0372613668441772,-0.1059451550245285,0.0311375819146633,XArbitraryCorrectedZVertical,0.0732087390286623,0.0112868435310187,0.0973304564269079,0.992491739724706,0.9878697991371156,-0.1481441557407379,0.0465448275208473,46.400146484375,-17.59330749511719,9.750076293945312,-1,2,10384
2025-11-20T22:23:20.571+01:00,12254,630762.83724275,0.1902707079491196,0.0060738058630558,0.1453291077958512,0.0045222286134958,-0.0922847911715507,-0.1803382337093353,-0.0119839310646057,-0.0599359571933746,0.0102648735046386,XArbitraryCorrectedZVertical,0.0719842720879603,0.0099116270744523,0.0949602798577882,0.9928255859200246,0.9886685013771056,-0.1437230855226517,0.0433392040431499,46.52606201171875,-17.56944274902344,9.39495849609375,-1,2,10385
2025-11-20T22:23:20.610+01:00,12255,630762.8721587501,0.1829300302587832,0.0042373134726944,0.1429935787482357,-0.0076379114761948,-0.1066141575574875,-0.2120744735002518,0.0072764158248901,-0.0362459868192672,0.0051920413970947,XArbitraryCorrectedZVertical,0.0709441105728328,0.0086291726206956,0.0912546980289514,0.9932598231165048,0.9898090958595276,-0.1366208046674728,0.040157064795494,46.79168701171875,-17.32919311523438,9.44818115234375,-1,2,10386
2025-11-20T22:23:20.641+01:00,12256,630762.90707475,0.177931024045929,0.0014328299700165,0.1390862491590621,0.0008443549741059,-0.1147456765174866,-0.0453014895319938,0.0389321446418762,0.0225740671157836,-0.0039503574371337,XArbitraryCorrectedZVertical,0.0691487569630848,0.006885657108983,0.0886830009401002,0.9936329326745358,0.9906088709831238,-0.1318574845790863,0.0361615754663944,47.01654052734375,-17.16426086425781,9.310836791992188,-1,2,10387
2025-11-20T22:23:20.676+01:00,12257,630762.94199175,0.179038867012411,-0.002387808925641,0.1368918060918385,0.0104425866156816,-0.1093034744262695,0.1061137393116951,0.0154688358306884,0.0285894721746444,-0.0055800713598728,XArbitraryCorrectedZVertical,0.0682250549031522,0.0049279384004721,0.0891091991904541,0.9936702368563732,0.9905887246131896,-0.1330205649137497,0.032237134873867,47.06591796875,-17.16029357910156,8.832199096679688,-1,2,10388
2025-11-20T22:23:20.711+01:00,12258,630762.97690775,0.1840114174314839,-0.005179948194669,0.1338780381762719,0.0352068170905113,-0.0248011499643325,0.1660011559724808,-0.0575665235519409,-0.0005459338426589,-0.0305548943579196,XArbitraryCorrectedZVertical,0.0668433327221045,0.0035722338266829,0.0914973832364403,0.9935528912224316,0.9899852275848388,-0.1380038410425186,0.0297308564186096,46.8751220703125,-17.29232788085938,8.706146240234375,-1,2,10389
2025-11-20T22:23:20.745+01:00,12259,630763.01182375,0.1884493056374795,-0.003595786729162,0.1327214785245507,0.0839699208736419,0.1106787621974945,0.0607922598719596,-0.0990271568298339,-0.0005017817020416,-0.0318602360785007,XArbitraryCorrectedZVertical,0.06618657179,0.0044530009172206,0.0937593599143683,0.9933824115423564,0.9893010258674622,-0.1423967331647873,0.0317228958010673,46.91583251953125,-17.64735412597656,8.5831298828125,-1,2,10390
2025-11-20T22:23:20.781+01:00,12260,630763.0467397501,0.188127639176823,0.0012214864757197,0.1319577994487026,0.0780951380729675,0.101800300180912,-0.037319429218769,-0.031618595123291,0.0251801311969757,0.0126733779907226,XArbitraryCorrectedZVertical,0.0655823245053339,0.0067993031406646,0.0937608754889889,0.9934090932159556,0.9891838431358336,-0.1421082019805908,0.0363377518951892,46.9708251953125,-17.73771667480469,9.046585083007812,-1,2,10391
2025-11-20T22:23:20.815+01:00,12261,630763.0816567501,0.1877908465862916,0.0038131506848232,0.1310208653330061,0.059715062379837,0.0161697901785373,0.0293090529739856,0.0084378123283386,0.0672868341207504,0.0213489532470703,XArbitraryCorrectedZVertical,0.0649967285861251,0.0080317951827672,0.0936804884430322,0.993446007777442,0.989136040210724,-0.141810730099678,0.038724847137928,46.8355712890625,-17.72129821777344,8.83612060546875,-1,2,10392
2025-11-20T22:23:20.850+01:00,12262,630763.11657275,0.18951366113788,0.0034931694131498,0.1301111936481909,0.0744207650423049,-0.0348098203539848,0.0583296194672584,0.0141246914863586,0.0508045703172683,-0.0088516511023044,XArbitraryCorrectedZVertical,0.0645530780695586,0.0078859616972942,0.0945278391894562,0.9933957852938182,0.9888964295387268,-0.1435322016477585,0.0384994447231292,46.97509765625,-17.7781982421875,8.794937133789062,-1,2,10393
2025-11-20T22:23:20.890+01:00,12263,630763.15148875,0.1904381726512654,0.0025667614396718,0.1295896142692676,0.0689158961176872,-0.0404019355773925,-0.0101320296525955,-0.0079910159111022,0.0357993096113205,-0.0189037360250949,XArbitraryCorrectedZVertical,0.064334355125716,0.0074309550048307,0.0949584000180423,0.9933724012391386,0.9887953400611876,-0.1444570869207382,0.0376262068748474,46.8011474609375,-17.76652526855469,9.04180908203125,-1,2,10394
2025-11-20T22:23:20.920+01:00,12264,630763.18640575,0.1888542948826038,0.0017089562943308,0.1293628987240573,0.0515741929411888,-0.0352939665317535,-0.0710520222783088,0.045714259147644,0.0068490356206893,-0.032713882625103,XArbitraryCorrectedZVertical,0.0642679803764153,0.0069432493598409,0.0941446605259595,0.9934577883876528,0.9890606999397278,-0.1429116576910019,0.0365437902510166,46.9542236328125,-17.84527587890625,8.78662109375,-1,2,10395
2025-11-20T22:23:20.955+01:00,12265,630763.2213217501,0.1854133992374613,0.0023740661182908,0.1276792914268844,0.0537501089274883,0.0325633622705936,-0.1171812117099762,-0.0072503685951232,0.0442566573619842,-0.0357502736151218,XArbitraryCorrectedZVertical,0.0634126306490513,0.0070853995706878,0.0924607235969326,0.9936697609046644,0.9895347952842712,-0.1395935267210007,0.036528430879116,47.10906982421875,-17.80186462402344,8.683822631835938,-1,2,10396
2025-11-20T22:23:20.990+01:00,12266,630763.25623775,0.1800680725968911,0.0048295285078964,0.1303435737706346,0.0904641076922416,0.0489032045006752,-0.1690675318241119,0.0410112738609314,0.0481039136648178,-0.0245314836502075,XArbitraryCorrectedZVertical,0.0646450350049668,0.0082554658797233,0.0898779323093135,0.9938183280705528,0.9901929497718812,-0.1342550069093704,0.0386457927525043,47.23101806640625,-17.66035461425781,9.00067138671875,-1,2,10397
2025-11-20T22:23:21.025+01:00,12267,630763.29115475,0.1746153886120637,0.0068917192146593,0.13260295216898,0.1087340041995049,0.021175492554903,-0.126192033290863,0.0302843451499939,0.0647060126066207,-0.0140517987310886,XArbitraryCorrectedZVertical,0.0657003626470097,0.0092021947548809,0.0872321471352025,0.993976509813446,0.9908490180969238,-0.1288233995437622,0.0402816720306873,47.24530029296875,-17.18258666992188,8.8233642578125,-1,2,10398
2025-11-20T22:23:21.060+01:00,12268,630763.32607075,0.1713145418727801,0.0077266717724557,0.1366365663516212,0.1292521506547928,0.0015809761825948,-0.0612179711461067,0.0157585740089416,0.0790285021066665,-0.0172449350357055,XArbitraryCorrectedZVertical,0.0676846120513317,0.0096803972449455,0.0856151112661269,0.993979467175444,0.9912452101707458,-0.1254457235336304,0.041186012327671,47.41424560546875,-17.24996948242188,8.919052124023438,-1,2,10399
2025-11-20T22:23:21.094+01:00,12269,630763.36098675,0.1703211338260425,0.0080567920783771,0.1413805954017701,0.1425987631082535,0.0020387917757034,0.0026912903413176,0.0021443963050842,0.0682339966297149,-0.0148401223123073,XArbitraryCorrectedZVertical,0.0700331075621044,0.0100114574121373,0.0851280423083642,0.9938553505548916,0.9913554191589355,-0.1243100315332413,0.0419702492654323,47.37078857421875,-17.25192260742188,8.947052001953125,-1,2,10400
2025-11-20T22:23:21.130+01:00,12270,630763.3959037501,0.1710668661116138,0.0077441312723804,0.1460579071398016,0.1238279193639755,-0.015769051387906,0.0307583417743444,-0.0167039036750793,0.0394626855850219,-0.0075428523123264,XArbitraryCorrectedZVertical,0.0723668698669782,0.0100808307079997,0.0854823228751159,0.9936569637173176,0.9912674427032472,-0.1248813346028328,0.0423480831086635,47.56427001953125,-17.3790283203125,9.014984130859377,-1,2,10401
2025-11-20T22:23:21.170+01:00,12271,630763.4308197501,0.1721111633913503,0.0068334435984423,0.1496688574601115,0.0780832841992378,-0.0235899593681097,0.0317881740629673,-0.0291458368301391,0.0287333279848098,-0.0037957467138767,XArbitraryCorrectedZVertical,0.0741946581930904,0.0098204802720689,0.0859628572222223,0.9934832953168422,0.9911665916442872,-0.1257791817188263,0.0420494824647903,47.46807861328125,-17.23204040527344,8.899139404296875,-1,2,10402
2025-11-20T22:23:21.200+01:00,12272,630763.46573675,0.1731714501960689,0.0056802407417273,0.1516757952924394,0.0365408398211002,-0.0316544771194458,0.0453910268843174,-0.0237890481948852,0.0233078747987747,-0.0084342956542968,XArbitraryCorrectedZVertical,0.0752361840356811,0.009373309778331,0.086443037243266,0.9933676658800306,0.9910742044448853,-0.1267471760511398,0.0413169302046299,47.51495361328125,-17.26631164550781,9.197998046875,-1,2,10403
2025-11-20T22:23:21.234+01:00,12273,630763.50065275,0.1754801391886177,0.0033806165843395,0.1521250749743608,-0.0141727998852729,-0.0811350271105766,0.0813780352473259,-0.0058907866477966,0.0033521354198455,-0.0116236247122287,XArbitraryCorrectedZVertical,0.0755491106554263,0.0083376751619388,0.0875020009189432,0.9932603992082312,0.9908608198165894,-0.1289929449558258,0.0394403375685215,47.6041259765625,-17.46708679199219,8.923873901367188,-1,2,10404
2025-11-20T22:23:21.269+01:00,12274,630763.53556875,0.1786317593676178,7.621713442425691e-05,0.1509818607608485,-0.0480588153004646,-0.0696674212813377,0.1002088114619255,-0.0487435460090637,0.0005598962306976,-0.0322614908218383,XArbitraryCorrectedZVertical,0.0751152351975297,0.0067650321296852,0.0889459959468782,0.993177019112082,0.9905617237091064,-0.1321211457252502,0.0364881046116352,47.5621337890625,-17.7139892578125,8.859344482421875,-1,2,10405
2025-11-20T22:23:21.304+01:00,12275,630763.57048575,0.1828948355344084,-0.0025156434501336,0.1490060566931236,-0.0675538182258606,-0.0524445585906505,0.1529698371887207,-0.0220319032669067,-0.0227051973342895,-0.0406964980065822,XArbitraryCorrectedZVertical,0.0742375887647571,0.0055482272675721,0.0909733733988017,0.9930669690065352,0.9900648593902588,-0.1363676637411118,0.0342877842485904,47.49359130859375,-17.63851928710938,8.66412353515625,-1,2,10406
2025-11-20T22:23:21.339+01:00,12276,630763.6054017501,0.18887260298931,-0.0050957335729041,0.1460148464992384,-0.1053855642676353,-0.0469823628664016,0.1633619219064713,-0.0174329876899719,-0.0653731822967529,-0.0469605922698974,XArbitraryCorrectedZVertical,0.0728569436381731,0.0043484166751962,0.0938594788967377,0.9929065389262378,0.989295780658722,-0.1423294246196747,0.0321900434792041,47.5101318359375,-18.32986450195312,8.389129638671875,-1,2,10407
2025-11-20T22:23:21.374+01:00,12277,630763.64031775,0.1935020475806345,-0.0071735070089174,0.1419451433711035,-0.1155401617288589,-0.0234282985329628,0.1015670150518417,-0.0250351428985595,-0.0715556591749191,-0.0613506995141506,XArbitraryCorrectedZVertical,0.070926512204778,0.0032891774901059,0.0961031766262038,0.9928357981783896,0.9886735081672668,-0.1470112055540085,0.0302074905484914,47.70269775390625,-18.65473937988281,8.194656372070312,-1,2,10408
2025-11-20T22:23:21.410+01:00,12278,630763.6752335418,0.1960698968440349,-0.0078546462386192,0.1383699639328424,-0.0958505347371101,0.0030275271274149,0.0541962459683418,0.0059912800788879,-0.0742351710796356,-0.0650514364242553,XArbitraryCorrectedZVertical,0.0691808198381194,0.0028671291206496,0.0973728942182159,0.992836462382121,0.9883018136024476,-0.1496570110321045,0.0293611176311969,47.79620361328125,-18.84449768066406,8.290435791015625,-1,2,10409
2025-11-20T22:23:21.449+01:00,12279,630763.7101495417,0.1974331386033047,-0.0078689530318886,0.1355959332380443,-0.0638820603489875,0.0077104680240154,0.0274228136986494,0.0738601684570312,-0.1008745580911636,-0.0653552934527397,XArbitraryCorrectedZVertical,0.0678025621811264,0.0027704303113964,0.098063874092039,0.9928639532395572,0.9880906939506532,-0.1510938405990601,0.0291156880557537,47.679931640625,-19.03178405761719,8.237167358398438,-1,2,10410
2025-11-20T22:23:21.479+01:00,12280,630763.7450655417,0.1981201619746814,-0.0069585134260426,0.1337517820694967,-0.0426073595881462,0.0637953132390976,0.011922163888812,0.0340168476104736,-0.0628264099359512,-0.0431332625448703,XArbitraryCorrectedZVertical,0.0668413643120194,0.0031544798756296,0.098445117721102,0.9928901119184168,0.9879556894302368,-0.1518341898918152,0.0298275332897901,47.67156982421875,-19.0755615234375,8.481765747070312,-1,2,10411
2025-11-20T22:23:21.513+01:00,12281,630763.7799825417,0.1979853736892503,-0.004101904975267,0.1327578741977993,-0.0167768727988004,0.0894649624824523,-0.009568041190505,0.0454078316688537,-0.0555977672338485,-0.0257520675659179,XArbitraryCorrectedZVertical,0.0662075736434937,0.0045190558801112,0.0984778468470928,0.992924133179484,0.9878868460655212,-0.1517386138439178,0.0324811264872551,47.727783203125,-19.09951782226562,8.28338623046875,-1,2,10412
2025-11-20T22:23:21.549+01:00,12282,630763.8148985417,0.1969621589100557,-0.0008032285737718,0.1322217825473318,-0.0168876312673091,0.0856462121009826,-0.0634676441550254,0.0197731852531433,-0.0306401848793029,0.0055365525186061,XArbitraryCorrectedZVertical,0.0657820428153865,0.0060966232633537,0.0980807710311788,0.9929832454859256,0.9879323840141296,-0.1507562547922134,0.0355248525738716,48.0546875,-19.11471557617188,8.710037231445312,-1,2,10413
2025-11-20T22:23:21.583+01:00,12283,630763.8498155418,0.1947111498010552,0.0024555160238634,0.1320215985084115,0.0143312411382794,0.0792272090911865,-0.0451250523328781,0.0473197698593139,0.0093070566654205,0.0102078877389431,XArbitraryCorrectedZVertical,0.0655313877875647,0.0076309919324133,0.0970706918427464,0.9930884226860076,0.9881567358970642,-0.1485587060451508,0.038421880453825,48.2542724609375,-19.03514099121094,8.721786499023438,-1,2,10414
2025-11-20T22:23:21.619+01:00,12284,630763.8847315417,0.194725934768321,0.0041127207654062,0.1325146170721009,0.009805847890675,0.0063796481117606,0.0585414581000804,0.0554592609405517,0.0419117659330368,0.0380818843841552,XArbitraryCorrectedZVertical,0.065695675021821,0.0084782247536364,0.0971312146524951,0.993064825197723,0.9880892634391784,-0.1485554277896881,0.0401346571743488,48.29302978515625,-19.03024291992188,8.736160278320312,-1,2,10415
2025-11-20T22:23:21.653+01:00,12285,630763.9196475417,0.1979268231489784,0.0023025459514965,0.1326091425071442,-0.0070908004418015,-0.0847963094711303,0.0972242355346679,0.0218843221664428,0.0328055322170257,0.0423539839684963,XArbitraryCorrectedZVertical,0.0658182769011191,0.0076893407942132,0.0986606948051106,0.9929122993094028,0.9876675605773926,-0.1516867280006409,0.0387769490480423,48.46435546875,-19.40550231933594,8.526901245117188,-1,2,10416
2025-11-20T22:23:21.690+01:00,12286,630763.9545645417,0.2005298428613359,-0.0020245380927739,0.1317520395546874,-0.0421113483607769,-0.1293955296278,0.0458249896764755,-0.0364305973052978,0.0373840034008026,0.0375236272811889,XArbitraryCorrectedZVertical,0.0655988431388237,0.0055842204101716,0.0998135422611293,0.992825715759586,0.987419366836548,-0.1542662978172302,0.034711480140686,48.4027099609375,-19.52897644042969,8.344741821289062,-1,2,10417
2025-11-20T22:23:21.723+01:00,12287,630763.9894805417,0.2019106047672091,-0.0064509649460304,0.1297547123179908,-0.0693774446845054,-0.1044992506504059,0.0428813621401786,-0.0362939238548278,0.0418604612350463,0.0250115394592285,XArbitraryCorrectedZVertical,0.0648258086236874,0.0033316704915862,0.1003633000296711,0.9928311628228534,0.9873436689376832,-0.155690997838974,0.0302099715918302,48.44219970703125,-19.70256042480469,7.982345581054688,-1,2,10418
2025-11-20T22:23:21.758+01:00,12288,630764.0243965418,0.2038873911127708,-0.0095636990008641,0.1270011465595808,-0.0863574370741844,-0.0556128844618797,0.0695086196064949,-0.0842827558517456,0.0597192794084549,0.0192916374653577,XArbitraryCorrectedZVertical,0.0636133802003741,0.0017104431470626,0.1012590730240431,0.9928227300602966,0.9871147274971008,-0.1577264368534088,0.0269577670842409,48.7159423828125,-19.73707580566406,8.061553955078125,-1,2,10419
2025-11-20T22:23:21.793+01:00,12289,630764.0593135417,0.205611183751276,-0.0108744585845619,0.1240690547141382,-0.0706525668501853,-0.0146039836108684,0.0079105971381068,-0.1089988350868225,0.0641985982656478,0.0225127972662448,XArbitraryCorrectedZVertical,0.0622234251527205,0.0009639990594787,0.1020903736500108,0.9928267963459276,0.9868675470352172,-0.159520223736763,0.025414990261197,48.727294921875,-19.79771423339844,7.615097045898438,-1,2,10420
2025-11-20T22:23:21.828+01:00,12290,630764.0942295417,0.204169907161268,-0.0109744180643291,0.1225782041757627,-0.0137360151857137,-0.0017803297378122,-0.0826696380972862,-0.0634540319442749,0.0505271255970001,0.0229039154946804,XArbitraryCorrectedZVertical,0.0614890792649957,0.0007934651100527,0.1013805222096874,0.9929453131970716,0.9870989322662354,-0.1581625789403915,0.0249018389731645,48.68890380859375,-19.8885498046875,7.646804809570312,-1,2,10421
2025-11-20T22:23:21.863+01:00,12291,630764.1291465417,0.2000188792164076,-0.0105475659142224,0.1225150154378559,0.004484046716243,-0.0026362417265772,-0.1354560554027557,-0.0376403927803039,0.0503688603639602,0.0388846397399902,XArbitraryCorrectedZVertical,0.061438016508588,0.0008746477485636,0.0993329096946841,0.9931553736451464,0.9877440929412842,-0.1540980637073517,0.0248055700212717,48.96142578125,-19.74166870117188,7.592422485351562,-1,2,10422
2025-11-20T22:23:21.898+01:00,12292,630764.1640625417,0.1960367124727899,-0.0099385138682484,0.1228338045196345,0.0011619030265137,0.0095447804778814,-0.0992546752095222,-0.0029760599136352,0.0611633956432342,0.0464733839035034,XArbitraryCorrectedZVertical,0.0615683092255299,0.001070436211356,0.097372219366412,0.9933412862173844,0.9883428812026978,-0.1501831263303757,0.0249682627618312,49.19085693359375,-19.61274719238281,7.674728393554688,-1,2,10423
2025-11-20T22:23:21.932+01:00,12293,630764.1989785417,0.1920822018273147,-0.0091355612191726,0.122479055291389,-0.0187303517013788,0.0105599733069539,-0.1161729544401169,0.029409646987915,0.0351408272981643,0.0469180345535278,XArbitraryCorrectedZVertical,0.0613557802013273,0.0013305515271631,0.0954345035886291,0.99354211585733,0.9889160990715028,-0.1463163197040558,0.0252255387604236,49.45391845703125,-19.40771484375,7.651092529296875,-1,2,10424
2025-11-20T22:23:21.970+01:00,12294,630764.2338955418,0.1890775154384661,-0.0079719934753829,0.1222345129291903,0.0063240500167012,0.0281447954475879,-0.0537520237267017,0.0343847274780273,0.0500833988189697,0.0402330197393894,XArbitraryCorrectedZVertical,0.0611815461677478,0.001804930508296,0.093978617320117,0.993690975307343,0.9893275499343872,-0.1433756202459335,0.0259747859090566,49.58795166015625,-19.25912475585938,7.605010986328125,-1,2,10425
2025-11-20T22:23:22.002+01:00,12295,630764.2688115417,0.1891279400730322,-0.0078366765241856,0.1227358495438677,0.0244073495268821,-0.0224187187850475,0.0587536878883838,0.0231645703315734,0.055166557431221,0.0456669367849826,XArbitraryCorrectedZVertical,0.0614242146691412,0.0018973889476719,0.0940053872687088,0.9936732771508824,0.9893171787261964,-0.1434081196784973,0.0261866506189107,49.5262451171875,-19.18544006347656,7.637359619140625,-1,2,10426
2025-11-20T22:23:22.037+01:00,12296,630764.3037285417,0.1916777508943162,-0.0097494448601378,0.1240531496190119,0.0505614578723907,-0.0623653307557106,0.0593379847705364,-0.0480450987815856,0.0307684391736984,0.0389831028878688,XArbitraryCorrectedZVertical,0.0621671954201347,0.0010885844882935,0.0952062990416993,0.9935138127420678,0.9889934062957764,-0.14586541056633,0.0247985515743494,49.75439453125,-19.16574096679688,7.510604858398438,-1,2,10427
2025-11-20T22:23:22.072+01:00,12297,630764.3386445417,0.1927947554487585,-0.0120408002274217,0.1262600301915062,0.0682392716407775,-0.0519055724143981,0.0063565615564584,-0.0682167410850524,0.0112797170877456,0.0350794792175293,XArbitraryCorrectedZVertical,0.0633723489099818,9.152513109840954e-05,0.0956766267171113,0.9933931883033652,0.9888863563537598,-0.1468845456838608,0.0229954365640878,49.76727294921875,-19.22344970703125,7.436752319335938,-1,2,10428
2025-11-20T22:23:22.107+01:00,12298,630764.3735605417,0.1928789882555006,-0.0134445915503115,0.1285854887360121,0.0588086135685443,-0.0239649601280689,0.0027348585426807,-0.0396757125854492,-0.0116226822137832,0.0398386716842651,XArbitraryCorrectedZVertical,0.0645944202556355,-0.0004908359500047,0.0956590715845022,0.9933160112422506,0.9889096617698668,-0.1468855738639832,0.0219594500958919,49.75775146484375,-19.33552551269531,7.430831909179688,-1,2,10429
2025-11-20T22:23:22.142+01:00,12299,630764.4084775418,0.1928645577545118,-0.0137636131751024,0.1302960191651962,0.0346168838441371,-0.0039925687015056,-0.0099105825647711,-0.0350648760795593,-0.016519159078598,0.0422087907791137,XArbitraryCorrectedZVertical,0.0654591217178007,-0.0005671955904806,0.0956304219925586,0.993262185273533,0.988922357559204,-0.146810919046402,0.021893385797739,49.974853515625,-19.31767272949219,7.471939086914062,-1,2,10430
2025-11-20T22:23:22.177+01:00,12300,630764.4433935417,0.1919082343330853,-0.0139220630994358,0.131069006823843,0.0134517652913928,-0.0130553916096687,-0.0416858457028865,-0.0224549770355224,-0.0115635097026825,0.0469553470611572,XArbitraryCorrectedZVertical,0.0658502551405123,-0.0006400657202846,0.0951452017183167,0.9932828116010564,0.9890686869621276,-0.1458461135625839,0.0217244662344455,50.01568603515625,-19.06588745117188,7.526077270507812,-1,2,10431
2025-11-20T22:23:22.212+01:00,12301,630764.4783105417,0.1907146623136046,-0.0145493067105725,0.1314283120712453,0.0052531221881508,-0.0353926196694374,-0.0210536774247884,0.0040280222892761,-0.0106405615806579,0.0449185371398925,XArbitraryCorrectedZVertical,0.0660579465656328,-0.0009737443721343,0.0945293256189737,0.9933276112049322,0.9892581701278688,-0.1446633785963058,0.0209993626922369,50.12750244140625,-18.9957275390625,7.242889404296875,-1,2,10432
2025-11-20T22:23:22.249+01:00,12302,630764.5132265417,0.1908020929138147,-0.0164575135456624,0.1314916145651148,-0.0061045782640576,-0.0715663507580757,0.0366271622478961,0.0157211422920227,-0.020597368478775,0.0375082492828369,XArbitraryCorrectedZVertical,0.0661796268435224,-0.0019155639816675,0.0945092219823452,0.9933200685441445,0.9892838597297668,-0.1447468400001526,0.0191323459148407,50.05908203125,-19.04100036621094,7.376998901367188,-1,2,10433
2025-11-20T22:23:22.282+01:00,12303,630764.5481425417,0.1933035571740856,-0.0197519192143076,0.1311247701827995,-0.0110602350905537,-0.0921147912740707,0.0970355495810508,-0.00565105676651,-0.0279134213924408,0.0235984325408935,XArbitraryCorrectedZVertical,0.0661574528757378,-0.0034865691738818,0.0956453430885212,0.9932084907570036,0.9889732003211976,-0.1472116708755493,0.0161506626754999,50.0240478515625,-19.01799011230469,7.11016845703125,-1,2,10434
2025-11-20T22:23:22.317+01:00,12304,630764.5830595416,0.1964380794743511,-0.0229327381765224,0.1309120470312574,0.0077902693301439,-0.0655611976981163,0.0633364766836166,-0.0250350832939147,-0.0555201470851898,0.0042809247970581,XArbitraryCorrectedZVertical,0.0662117343860803,-0.0049727281941469,0.0970983848197207,0.9930575647197144,0.9885513186454772,-0.1502903550863266,0.0133887641131877,50.0516357421875,-19.18441772460938,7.1304931640625,-1,2,10435
2025-11-20T22:23:22.352+01:00,12305,630764.6179755417,0.1979705718322198,-0.0246688555503031,0.1315564254503965,0.0301122181117534,-0.025747150182724,0.0344557575881481,0.0005021691322326,-0.0669668018817901,0.0065200328826904,XArbitraryCorrectedZVertical,0.0666203237647764,-0.0057519288725768,0.0977957386973247,0.9929575386039072,0.9883435964584352,-0.151767909526825,0.0119735673069953,49.928466796875,-19.19108581542969,7.08929443359375,-1,2,10436
2025-11-20T22:23:22.387+01:00,12306,630764.65289325,0.1989233733035018,-0.0253096217190794,0.1327840847843942,0.042793683707714,-0.0082145407795906,0.0160379856824874,0.0107364654541015,-0.0670858174562454,0.0194426774978637,XArbitraryCorrectedZVertical,0.0672639042674857,-0.0059769768593701,0.0982356925634106,0.9928693212682526,0.9882104992866516,-0.1526559442281723,0.0116546712815761,50.0411376953125,-19.24752807617188,7.280563354492188,-1,2,10437
2025-11-20T22:23:22.421+01:00,12307,630764.6878092501,0.1989989792409849,-0.0255020656684768,0.1344881159873442,0.0525201335549354,-0.0065694549120962,-0.0133998915553093,0.0084961652755737,-0.0605285316705703,0.0253590364009141,XArbitraryCorrectedZVertical,0.0681193477787624,-0.0059848089490912,0.0982503071856443,0.9928096047072562,0.988207995891571,-0.1526672393083572,0.0117349959909915,50.17578125,-19.12083435058594,7.316970825195312,-1,2,10438
2025-11-20T22:23:22.456+01:00,12308,630764.7227262501,0.1989695232158634,-0.0260952895528053,0.1362449705638827,0.0490690022706985,-0.0335990078747272,0.0230092965066433,0.0451904535293579,-0.0557243973016738,0.0305640697479248,XArbitraryCorrectedZVertical,0.0690203222492219,-0.0061924817417771,0.0981981926503635,0.9927513081494788,0.9882264137268066,-0.1525733023881912,0.0114128589630127,50.00006103515625,-19.057861328125,7.348785400390625,-1,2,10439
2025-11-20T22:23:22.491+01:00,12309,630764.75764225,0.200791049169519,-0.0283174152164789,0.1378725880799131,0.0595294907689094,-0.092422604560852,0.0745146796107292,0.1047199964523315,-0.08555868268013,0.0192259550094604,XArbitraryCorrectedZVertical,0.0699436605584622,-0.0071503711008067,0.0990085517473684,0.9925995995021072,0.9879769682884216,-0.1542941778898239,0.0097199659794569,50.20770263671875,-19.1556396484375,7.2357177734375,-1,2,10440
2025-11-20T22:23:22.531+01:00,12310,630764.79255825,0.2048902033956239,-0.0322549898457864,0.139607875989185,0.0449239686131477,-0.1010656952857971,0.1255733817815781,0.0200673937797546,-0.0596910119056701,0.0052055106498301,XArbitraryCorrectedZVertical,0.0710177722296531,-0.0088713301658782,0.1008847876791491,0.992320489318304,0.987378716468811,-0.1582349538803101,0.0066810846328735,50.075439453125,-19.14962768554688,7.115081787109375,-1,2,10441
2025-11-20T22:23:22.561+01:00,12311,630764.82747525,0.2095454561570578,-0.0368054908464589,0.1405317125746288,0.0272301938384771,-0.108267679810524,0.1688199192285538,-0.0261075496673584,-0.0352831780910491,-0.005202293395996,XArbitraryCorrectedZVertical,0.071730949687718,-0.0109144439093096,0.103020544641561,0.9920294497849168,0.986663579940796,-0.1627453565597534,0.0030050494242459,50.1807861328125,-19.26144409179688,6.869186401367188,-1,2,10442
2025-11-20T22:23:22.596+01:00,12312,630764.8623912501,0.2152521660115431,-0.0409737328981264,0.1413810759746051,0.0140544148162007,-0.089221753180027,0.1209149360656738,-0.0618349313735961,-0.0408577173948288,-0.0160513520240783,XArbitraryCorrectedZVertical,0.0724032743246192,-0.0127304843034548,0.105689106317742,0.9916781596474016,0.9857393503189088,-0.1682792156934738,-0.0001382277841912,50.11212158203125,-19.46614074707031,7.141998291015625,-1,2,10443
2025-11-20T22:23:22.631+01:00,12313,630764.8973082501,0.217676512779843,-0.0435817497291957,0.1412820499801354,-0.0060941390693187,-0.0357851237058639,0.0262303538620472,-0.0207450985908508,-0.0492019206285476,-0.0265288352966308,XArbitraryCorrectedZVertical,0.0725088953393839,-0.0139411265423006,0.1067980310217655,0.9915354183197004,0.985329568386078,-0.1706466823816299,-0.0023713978007435,49.90216064453125,-19.60018920898438,7.041030883789062,-1,2,10444
2025-11-20T22:23:22.666+01:00,12314,630764.93222425,0.217605807471566,-0.043691323106087,0.1412730002502211,0.0049250205047428,0.0215564183890819,-0.0271254181861877,-0.0347184538841247,0.0119020193815231,-0.0314595699310302,XArbitraryCorrectedZVertical,0.0725097692909491,-0.0139985099093677,0.1067591413778452,0.9915386964470996,0.9853410720825196,-0.1705781370401382,-0.0024913109373301,50.03948974609375,-19.54931640625,6.731704711914062,-1,2,10445
2025-11-20T22:23:22.701+01:00,12315,630764.96714025,0.2152979102835993,-0.0415992872913351,0.1416302090196354,0.0141597194597125,0.0695574954152107,-0.1196833401918411,-0.0804750919342041,0.0574739724397659,-0.0294909477233886,XArbitraryCorrectedZVertical,0.0725601146905858,-0.0130254719293625,0.1056856205764539,0.991663245958688,0.9857332110404968,-0.1683138012886047,-0.0007062751101329,50.20086669921875,-19.4036865234375,6.891311645507812,-1,2,10446
2025-11-20T22:23:22.736+01:00,12316,630765.00205725,0.2092227990924269,-0.0388136228388474,0.142651213499957,0.0307614896446466,0.0322476848959922,-0.1961082965135574,0.0098491311073303,0.0567865073680877,-0.0287106037139892,XArbitraryCorrectedZVertical,0.0728833955537886,-0.0118102813904114,0.1027601979332244,0.9919622142632852,0.9867329597473145,-0.1623467952013016,0.001321057206951,50.3062744140625,-19.12626647949219,7.2440185546875,-1,2,10447
2025-11-20T22:23:22.770+01:00,12317,630765.03697325,0.203215777792097,-0.0371626257666901,0.1440152382463873,0.0329246968030929,0.030320081859827,-0.1461820304393768,0.000396192073822,0.0801040083169937,-0.0313835144042968,XArbitraryCorrectedZVertical,0.0734417497721235,-0.0111401234340032,0.0998229504239358,0.992228621094388,0.9876866340637208,-0.1564284414052963,0.0022849985398352,50.3248291015625,-18.93783569335938,7.329849243164062,-1,2,10448
2025-11-20T22:23:22.811+01:00,12318,630765.0718902501,0.1987652873665569,-0.0343593468643893,0.1453875221197773,0.0287990383803844,0.0990269631147384,-0.1073401421308517,-0.0023884177207946,0.093250498175621,-0.0354001522064209,XArbitraryCorrectedZVertical,0.0739606696945755,-0.0098437182843028,0.0977009411748626,0.9924149954694476,0.9883655905723572,-0.1520273089408875,0.0046078981831669,50.6259765625,-18.7132568359375,7.694717407226562,-1,2,10449
2025-11-20T22:23:22.840+01:00,12319,630765.10680625,0.1947910749191743,-0.0300838551114658,0.1460879053390305,-0.0004886533133685,0.1135087162256241,-0.1060178354382515,0.0584742426872253,0.0610950142145156,-0.0302925109863281,XArbitraryCorrectedZVertical,0.0740836794162086,-0.0078343629920243,0.0958788542950627,0.9926014299276644,0.9889348149299622,-0.1481158435344696,0.0083503611385822,50.54302978515625,-18.40000915527344,7.947219848632812,-1,2,10450
2025-11-20T22:23:22.875+01:00,12320,630765.14172225,0.1923760160659714,-0.0253416836069489,0.1463077107979862,0.0145609807223081,0.1365277171134949,-0.0278248079121112,0.0390341877937316,0.0895936191082,-0.0366715192794799,XArbitraryCorrectedZVertical,0.073958554860742,-0.0055593515863364,0.0948534163782256,0.9927245104290622,0.9892401695251464,-0.1457458883523941,0.0127151450142264,50.61163330078125,-18.06098937988281,7.979400634765625,-1,2,10451
2025-11-20T22:23:22.910+01:00,12321,630765.17663925,0.192771450327016,-0.0208004215102905,0.147758658151137,0.0702239125967025,0.1204481422901154,0.0367372781038284,0.0215013623237609,0.1001181155443192,-0.0376803874969482,XArbitraryCorrectedZVertical,0.0744636959877007,-0.0032204722175847,0.0952047571526213,0.9926635494219508,0.989118754863739,-0.146077573299408,0.0174777340143919,50.61712646484375,-18.00920104980469,8.3193359375,-1,2,10452
2025-11-20T22:23:22.945+01:00,12322,630765.21155525,0.1948384544233767,-0.0175528927856552,0.1507519380564253,0.1012743636965752,0.0831243917346,0.0875461176037788,0.012707233428955,0.0742218941450119,-0.0272833108901977,XArbitraryCorrectedZVertical,0.0757958747025063,-0.0013856830585767,0.0963275250981295,0.992458654173905,0.9887575507164,-0.1479828506708145,0.0214391201734542,50.60089111328125,-18.04820251464844,8.461273193359375,-1,2,10453
2025-11-20T22:23:22.980+01:00,12323,630765.2464722501,0.1993465374495013,-0.0156249485379951,0.1546757449724054,0.1190399527549744,0.0724699422717094,0.159175232052803,-0.0169385075569152,0.0517049133777618,-0.0296732150018215,XArbitraryCorrectedZVertical,0.0776500582646735,-6.252744477265219e-05,0.0986072442368685,0.992092332162802,0.9880384206771852,-0.1522298008203506,0.0246225334703922,50.53857421875,-18.07801818847656,8.782257080078125,-1,2,10454
2025-11-20T22:23:23.015+01:00,12324,630765.2813882501,0.2055219809314867,-0.013850135343796,0.1586933825420299,0.1160969212651253,0.0918217822909355,0.1685534864664078,-0.0773001909255981,0.0208947509527206,-0.0232795495539903,XArbitraryCorrectedZVertical,0.0795515666721724,0.0012638611300876,0.1017090262470088,0.991627550594836,0.9870291352272034,-0.1580864787101746,0.0279639642685651,50.4658203125,-18.43745422363281,9.024826049804688,-1,2,10455
2025-11-20T22:23:23.050+01:00,12325,630765.31630525,0.210079942016242,-0.0110480867132299,0.1625541810630971,0.1028605177998543,0.104511983692646,0.0806315615773201,-0.0766642093658447,-0.0135430246591568,-0.0159010887145996,XArbitraryCorrectedZVertical,0.0813161872917076,0.0030367089101199,0.1040531941896994,0.9912373431843884,0.9862101078033448,-0.1623602509498596,0.0320753678679466,50.542236328125,-18.55966186523438,9.487960815429688,-1,2,10456
2025-11-20T22:23:23.090+01:00,12326,630765.35122125,0.2118054568330036,-0.0079731344929987,0.1656034527750893,0.0667266100645065,0.0873975083231926,0.033605121076107,-0.0539230108261108,-0.0232277810573577,-0.0038112439215183,XArbitraryCorrectedZVertical,0.0826630824176126,0.0047918394856838,0.1050140225241579,0.991017588931212,0.9858229160308838,-0.1639059633016586,0.0358851663768291,50.4390869140625,-18.88531494140625,9.682052612304688,-1,2,10457
2025-11-20T22:23:23.120+01:00,12327,630765.38613725,0.2132006764250451,-0.006008008028833,0.1669745432424173,0.0057997833937406,0.0374256297945976,0.0408716388046741,-0.0347416400909423,-0.0293784886598587,-0.0003131665289402,XArbitraryCorrectedZVertical,0.0832350937188793,0.0058960260450943,0.1057784078664591,0.990882471334797,0.9855167269706726,-0.1652015447616577,0.0382769964635372,50.5006103515625,-18.64149475097656,10.2005615234375,-1,2,10458
2025-11-20T22:23:23.155+01:00,12328,630765.4210542501,0.2143695373748785,-0.0053276596965497,0.1660232476371166,-0.0533006489276886,0.0177609119564294,0.0305185411125421,-0.0290990471839904,-0.0358149707317352,-0.0185045003890991,XArbitraryCorrectedZVertical,0.0827241755715802,0.006230906650373,0.106391277980257,0.990857664648278,0.985291063785553,-0.1663791984319687,0.0389818102121353,50.57159423828125,-18.85018920898438,10.15968322753906,-1,2,10459
2025-11-20T22:23:23.190+01:00,12329,630765.4559702501,0.2150669578221218,-0.0045326687096652,0.1636158443685946,-0.0749548971652984,0.0306809414178133,-0.0021870443597435,-0.0174567103385925,-0.0377777814865112,-0.0358605347573757,XArbitraryCorrectedZVertical,0.0814869039622797,0.0065246258492415,0.106783004474159,0.990916155882079,0.9851387143135072,-0.1671629846096039,0.0394768640398979,50.52862548828125,-18.68133544921875,9.965621948242188,-1,2,10460
2025-11-20T22:23:23.225+01:00,12330,630765.49088725,0.214514234599344,-0.0036686660549174,0.1610223523187267,-0.0689545795321464,0.0167251508682966,-0.0161740574985742,0.0229051709175109,-0.0452665984630584,-0.0450557470321655,XArbitraryCorrectedZVertical,0.0801576579528308,0.0067916419699461,0.1065579551605054,0.9910469840146948,0.9851972460746764,-0.1667390018701553,0.0398066714406013,50.4659423828125,-18.58506774902344,10.01376342773438,-1,2,10461
2025-11-20T22:23:23.259+01:00,12331,630765.52580325,0.2130540132458207,-0.0032269569031389,0.1585087550396345,-0.0740661546587944,-0.0039153583347797,-0.0684482678771019,0.0113992691040039,-0.0545588135719299,-0.0450420416891574,XArbitraryCorrectedZVertical,0.0788935550063788,0.0068186477225934,0.1058647357604223,0.991222436424548,0.9854267835617064,-0.1654270887374878,0.0395945683121681,50.55255126953125,-18.69973754882812,10.05885314941406,-1,2,10462
2025-11-20T22:23:23.295+01:00,12332,630765.56071925,0.2108010217964701,-0.0027406742992513,0.1563390796603007,-0.0512348413467407,0.0156958736479282,-0.0599501878023147,0.0208512544631958,-0.0343818366527557,-0.0581060610711574,XArbitraryCorrectedZVertical,0.0778002450205587,0.0068569103778568,0.1047776814124015,0.991424154549836,0.9857863783836364,-0.1633262932300568,0.0393681488931179,50.57855224609375,-18.43475341796875,10.28317260742188,-1,2,10463
2025-11-20T22:23:23.330+01:00,12333,630765.59563625,0.2087086531642862,-0.0017194637179068,0.1546422053919577,-0.04715421423316,0.0303724966943264,-0.0467080771923065,0.0344140529632568,-0.035250186920166,-0.0501096211373806,XArbitraryCorrectedZVertical,0.0769131252478238,0.0071936264334034,0.1037877095303055,0.9915951517097578,0.9860938787460328,-0.1613592952489853,0.0397793985903263,50.5322265625,-18.37489318847656,10.52023315429688,-1,2,10464
2025-11-20T22:23:23.370+01:00,12334,630765.6305522501,0.207312102429977,0.0003858827295331,0.1534274039375768,-0.029252229258418,0.071118950843811,-0.0436520688235759,0.0609874129295349,-0.0475472509860992,-0.0483764372766017,XArbitraryCorrectedZVertical,0.0762072124710228,0.0081211631920365,0.1031809119185255,0.9917057916444753,0.986238658428192,-0.1600485444068909,0.0414489060640335,50.80145263671875,-18.37818908691406,10.52685546875,-1,2,10465
2025-11-20T22:23:23.399+01:00,12335,630765.6654688751,0.2059460133867453,0.0024549014445758,0.1524483475734263,-0.0336815267801284,0.0421045906841754,-0.0085197053849697,0.0771318078041076,-0.0451920926570892,-0.0307382345199585,XArbitraryCorrectedZVertical,0.0756211507683001,0.0090449812385696,0.1025855544300622,0.991804323749468,0.9863752126693726,-0.1587568521499634,0.0431283861398696,50.6746826171875,-18.24923706054688,10.66136169433594,-1,2,10466
2025-11-20T22:23:23.434+01:00,12336,630765.7003848751,0.2063343720626335,0.003750827194969,0.151535882457361,-0.0195558853447437,0.0371909663081169,0.0154327098280191,0.0071221590042114,-0.0031655877828598,-0.0097734965384006,XArbitraryCorrectedZVertical,0.0751002773453543,0.0096555180097115,0.1028298352527406,0.9918128559939644,0.986255407333374,-0.1591726243495941,0.044319350272417,50.67059326171875,-18.04248046875,10.61958312988281,-1,2,10467
2025-11-20T22:23:23.469+01:00,12337,630765.735300875,0.2061846285601846,0.0051382994675023,0.1509828473343195,-0.0225696507841348,0.0327555239200592,-0.0269909854978323,-0.0069700479507446,0.0039587467908859,0.0028232336044311,XArbitraryCorrectedZVertical,0.0747554266993123,0.010309632155939,0.1028090941228392,0.9918345049961448,0.9862180352211,-0.1590490341186523,0.0455776415765285,50.697021484375,-18.08113098144531,10.86236572265625,-1,2,10468
2025-11-20T22:23:23.504+01:00,12338,630765.770217875,0.2058090637832289,0.0061021215449802,0.1496151760623247,-0.0465694926679134,0.0244982503354549,0.0237034894526004,0.0243682265281677,0.0286720246076583,0.0086451806128025,XArbitraryCorrectedZVertical,0.0740295828438947,0.0107036857524666,0.1026620571732578,0.991900049947104,0.9862366914749146,-0.1587379425764084,0.046255849301815,50.7220458984375,-17.909912109375,11.11909484863281,-1,2,10469
2025-11-20T22:23:23.539+01:00,12339,630765.805133875,0.2078875706789148,0.0066617362077032,0.1483349681861253,-0.0231099147349596,0.0217655133455991,0.0742404758930206,0.0022748112678527,0.0547989010810852,0.0154271051287651,XArbitraryCorrectedZVertical,0.0733545123211648,0.010992055664864,0.1037163813379789,0.9918372688228476,0.9858689904212952,-0.1608169078826904,0.0469050295650959,50.86151123046875,-17.92184448242188,10.93299865722656,-1,2,10470
2025-11-20T22:23:23.574+01:00,12340,630765.8400508751,0.2096539121849258,0.0066062897802093,0.1483689433172722,0.0245370715856552,-0.024292828515172,0.0198082700371742,0.0355259776115417,0.0372023731470108,0.0292587354779243,XArbitraryCorrectedZVertical,0.0733645178328687,0.0110311078652014,0.1045901845737177,0.9917444141864058,0.9855769872665404,-0.1625380367040634,0.0471115075051784,50.703857421875,-18.15077209472656,11.00752258300781,-1,2,10471
2025-11-20T22:23:23.610+01:00,12341,630765.8749668751,0.2104955551389507,0.0041508483708136,0.1494608098458092,0.0348606668412685,-0.1058513298630714,0.0394049063324928,0.0549185872077941,0.0423271507024765,0.0454624891281127,XArbitraryCorrectedZVertical,0.0740301532550148,0.0099015520500839,0.1049142406287242,0.9916725892228038,0.985547661781311,-0.1633140593767166,0.0449916459619998,50.71588134765625,-17.98858642578125,11.22892761230469,-1,2,10472
2025-11-20T22:23:23.649+01:00,12342,630765.909883875,0.2130154981889984,-0.0002473889191766,0.1508023714403074,0.0383557006716728,-0.1047678887844086,0.0980734899640083,-0.0093433856964111,0.0729713886976242,0.0326036214828491,XArbitraryCorrectedZVertical,0.0749160059193143,0.0078853978664951,0.1059951747217893,0.991509196773408,0.9853107333183287,-0.165714293718338,0.041248831897974,50.6239013671875,-18.12838745117188,11.23463439941406,-1,2,10473
2025-11-20T22:23:23.678+01:00,12343,630765.944799875,0.2163038412624929,-0.0037546498817736,0.1516560029357021,0.0030409123282879,-0.0689175426959991,0.0854344367980957,-0.0524989366531372,0.0682185143232345,0.0402179956436157,XArbitraryCorrectedZVertical,0.0755146602065961,0.0063161168314932,0.1074894477947063,0.9913141527558532,0.9848871827125548,-0.1688807159662247,0.0384257808327674,50.531005859375,-18.17738342285156,11.13523864746094,-1,2,10474
2025-11-20T22:23:23.714+01:00,12344,630765.979715875,0.2193417438237209,-0.0058741495839065,0.1510470327870054,-0.0367103405296802,-0.0381090231239795,0.0904518812894821,-0.0182967185974121,0.0569643527269363,0.0460598468780517,XArbitraryCorrectedZVertical,0.0753186623594402,0.0053471402295104,0.1089184077869201,0.9911787957444383,0.9844374656677246,-0.171863004565239,0.0366885438561439,50.57135009765625,-18.25494384765625,11.05718994140625,-1,2,10475
2025-11-20T22:23:23.748+01:00,12345,630766.014632875,0.2223287730882341,-0.0075333420078925,0.1491686359031658,-0.0527652911841869,-0.025337066501379,0.0657088831067085,-0.0242042541503906,0.0508865416049957,0.0453019104897975,XArbitraryCorrectedZVertical,0.074471420987611,0.0045333213276814,0.110347437132556,0.9910887251295686,0.9839667081832886,-0.1748488992452621,0.0351728573441505,50.38134765625,-18.43630981445312,10.77030944824219,-1,2,10476
2025-11-20T22:23:23.783+01:00,12346,630766.0495488751,0.2234049760108506,-0.0082932293445641,0.1478028046924757,-0.0284629389643669,-0.018527029082179,-0.0016153450123965,-0.0107004642486572,0.0387316197156906,0.046405553817749,XArbitraryCorrectedZVertical,0.0738343272568648,0.0041207333793041,0.1108608696432938,0.991080975446512,0.983799159526825,-0.1759538948535919,0.0343439392745494,50.47686767578125,-18.25003051757812,10.31146240234375,-1,2,10477
2025-11-20T22:23:23.818+01:00,12347,630766.084465875,0.2227837552619132,-0.0093704087728708,0.1470798113625724,-0.0171968322247266,-0.0472993478178978,-0.0213426407426595,-0.0008979439735412,0.0406298488378524,0.0533441305160522,XArbitraryCorrectedZVertical,0.0735368716081359,0.0035237951006045,0.1105178774276422,0.9911437177445268,0.9839454293251038,-0.1753801703453064,0.0330664254724979,50.37017822265625,-18.22871398925781,10.72673034667969,-1,2,10478
2025-11-20T22:23:23.853+01:00,12348,630766.119381875,0.2221719434398279,-0.0110568945653601,0.1465670151920197,-0.0163833796977996,-0.0489392876625061,-0.0116757843643426,-0.0183939933776855,0.0391253530979156,0.0499488115310668,XArbitraryCorrectedZVertical,0.0733767439229659,0.0026370457475777,0.1101561189544289,0.9911985816817313,0.984107494354248,-0.1748064756393433,0.0312278773635625,50.42657470703125,-18.00726318359375,10.80340576171875,-1,2,10479
2025-11-20T22:23:23.890+01:00,12349,630766.154297875,0.2219262312902841,-0.0126975578564508,0.1456499590879408,-0.0449186824262142,-0.0496037043631076,-0.002076013945043,-0.0114511251449585,0.0240474045276641,0.0531173981726169,XArbitraryCorrectedZVertical,0.0730128433576445,0.0017640565124859,0.1099806982789124,0.9912469266402456,0.984199047088623,-0.1746058613061905,0.0294174086302518,50.22454833984375,-18.14031982421875,10.70832824707031,-1,2,10480
2025-11-20T22:23:23.923+01:00,12350,630766.189214875,0.2219937280246934,-0.0147205517454731,0.1431435903939232,-0.0952245146036148,-0.0633360743522644,0.0151291647925972,-0.0150913000106811,0.0108814686536788,0.0517982244491577,XArbitraryCorrectedZVertical,0.0718819099076014,0.000624771759457,0.109959406015334,0.9913332480858046,0.9842380285263062,-0.174776092171669,0.0269981306046247,50.3543701171875,-18.20170593261719,10.71629333496094,-1,2,10481
2025-11-20T22:23:23.958+01:00,12351,630766.2241308751,0.2222880504263822,-0.0168355869982402,0.1391330104272932,-0.1260655224323273,-0.061137106269598,-0.0092483470216393,-0.0392217636108398,0.0008809119462966,0.0378471575677394,XArbitraryCorrectedZVertical,0.0700104659013842,-0.0006360231702064,0.1100616358863977,0.9914557564849896,0.9842289686203004,-0.1752277910709381,0.024256095290184,50.30035400390625,-18.10711669921875,10.52970886230469,-1,2,10482
2025-11-20T22:23:23.993+01:00,12352,630766.2590478751,0.222222209821086,-0.0190267063909619,0.1346876897069131,-0.1261162757873535,-0.0620197169482708,0.012942049652338,-0.0483330488204956,0.0204056352376937,0.025044796988368,XArbitraryCorrectedZVertical,0.067927424110121,-0.0019718341268927,0.1099900493012506,0.9916068641927488,0.9842765927314758,-0.1753433346748352,0.0213114079087972,50.1385498046875,-18.15289306640625,10.162109375,-1,2,10483
2025-11-20T22:23:24.027+01:00,12353,630766.293963875,0.2221012305432396,-0.0206821671715368,0.1304746541976405,-0.1046439930796623,-0.0347496755421161,-0.0082767102867364,-0.0383785367012023,-0.0020519644021987,0.0164275150746107,XArbitraryCorrectedZVertical,0.0659296040284279,-0.0030310889684085,0.1099108719484657,0.9917477755560614,0.9843165278434752,-0.1753924489021301,0.0189270414412021,50.20001220703125,-18.22914123535156,10.11239624023438,-1,2,10484
2025-11-20T22:23:24.063+01:00,12354,630766.328879875,0.221789498665326,-0.0211113213454876,0.1278074078954257,-0.0452125072479248,-0.0054716714657843,-0.0108365062624216,-0.0406135916709899,0.0044313520193099,0.0118188876658678,XArbitraryCorrectedZVertical,0.0646301787753829,-0.0034023520363512,0.109765614713074,0.991848289233468,0.9843698143959044,-0.1751924306154251,0.0179967135190963,50.2589111328125,-18.09033203125,10.22640991210938,-1,2,10485
2025-11-20T22:23:24.097+01:00,12355,630766.363796875,0.2213147101949619,-0.021603023515356,0.1269861603887187,0.010551493614912,-0.0200722031295299,-0.0039562871679663,-0.0218123197555542,0.0057392716407775,0.0197709817439317,XArbitraryCorrectedZVertical,0.0642490646175867,-0.0037070800398545,0.1095215437272815,0.9918989552577686,0.9844589233398438,-0.1747608631849289,0.0173078998923301,50.27630615234375,-18.0125732421875,10.18255615234375,-1,2,10486
2025-11-20T22:23:24.132+01:00,12356,630766.3987128751,0.2222465693489545,-0.0223878384626699,0.1283126120928127,0.0532780289649963,-0.0268017593771219,0.0577568300068378,-0.037078320980072,0.0088707208633422,0.0415226221084594,XArbitraryCorrectedZVertical,0.0649516391250779,-0.0039924875384183,0.1099464143550608,0.991805060093498,0.9843134880065918,-0.1756187528371811,0.0168879572302103,50.1103515625,-18.09156799316406,10.08047485351562,-1,2,10487
2025-11-20T22:23:24.170+01:00,12357,630766.4336288751,0.225389758761167,-0.0245935337513973,0.1299621755987582,0.0387162566184997,-0.0726301968097686,0.1139637604355812,-0.0079063177108764,-0.0292053967714309,0.0524197816848754,XArbitraryCorrectedZVertical,0.0658984767642989,-0.0048908177435648,0.1114172512774283,0.9915743629283796,0.9837974309921264,-0.1786192804574966,0.0154207153245806,49.966796875,-18.2156982421875,9.993011474609377,-1,2,10488
2025-11-20T22:23:24.202+01:00,12358,630766.468545875,0.2293080176175219,-0.0279643624255997,0.1303468862046979,-0.0132305230945348,-0.0876035243272781,0.0979382842779159,-0.0356133580207824,-0.0657773166894912,0.0467242002487182,XArbitraryCorrectedZVertical,0.0662895504329281,-0.0064104080449152,0.1132443262470398,0.9913325537514472,0.9831382036209106,-0.182422086596489,0.0126934573054313,49.92010498046875,-18.43222045898438,9.67303466796875,-1,2,10489
2025-11-20T22:23:24.237+01:00,12359,630766.503461875,0.2318418832711803,-0.0313402760589094,0.1294257517151211,-0.0334231182932853,-0.0775754377245903,0.0508379973471164,-0.025049090385437,-0.076212003827095,0.0234776716679334,XArbitraryCorrectedZVertical,0.0660343955148679,-0.0080531080140296,0.1143987287238362,0.9912050241204352,0.9827057719230652,-0.1849268674850464,0.0095423040911555,49.9559326171875,-18.42655944824219,9.71478271484375,-1,2,10490
2025-11-20T22:23:24.272+01:00,12360,630766.538378875,0.2327763239046836,-0.0337373738459794,0.1280251799298074,-0.0472059175372123,-0.0533707328140735,0.008055230602622,-0.0195472836494445,-0.0860337167978286,0.0109543800354003,XArbitraryCorrectedZVertical,0.0654818419632944,-0.009292088615802,0.1147995198663735,0.9911846209140236,0.982544720172882,-0.1858931183815002,0.0070510022342205,49.7884521484375,-18.7203369140625,9.850204467773438,-1,2,10491
2025-11-20T22:23:24.307+01:00,12361,630766.5732948751,0.2320881953272671,-0.0353686907409333,0.1263697833246636,-0.0468406081199646,-0.045263011008501,-0.052411064505577,-0.0103657841682434,-0.0958386957645416,0.0089110136032104,XArbitraryCorrectedZVertical,0.0647517490041454,-0.0102196640858439,0.1144256409321206,0.9912666222623968,0.9826709628105164,-0.1852891743183136,0.0050507416017353,49.67047119140625,-18.62165832519531,9.747833251953123,-1,2,10492
2025-11-20T22:23:24.342+01:00,12362,630766.6082108751,0.2289268730308758,-0.0364685294762778,0.1251264498375368,-0.0233925990760326,-0.0452298000454902,-0.1057232767343521,0.0157020092010498,-0.0784843564033508,0.0027114157564938,XArbitraryCorrectedZVertical,0.0641813683553236,-0.0109387743367939,0.112838717046974,0.9914780052821636,0.9832451939582824,-0.182257816195488,0.0033310160506516,49.87091064453125,-18.48945617675781,9.396408081054688,-1,2,10493
2025-11-20T22:23:24.377+01:00,12363,630766.643127875,0.2260076196915498,-0.0380276546387582,0.1250670896973559,0.00849443487823,-0.0708932876586914,-0.0545240528881549,0.0517192482948303,-0.0658713281154632,0.0057014226913452,XArbitraryCorrectedZVertical,0.0642227251429325,-0.0118088614694323,0.1113421213058246,0.9916345533046133,0.9837728142738342,-0.1794136762619019,0.0014091852353885,49.9129638671875,-18.26469421386719,9.525894165039062,-1,2,10494
2025-11-20T22:23:24.412+01:00,12364,630766.6780444167,0.2250064079544958,-0.0405658360630628,0.1257610252634555,0.0338853225111961,-0.0659797266125679,-0.0181321315467357,0.0647504329681396,-0.0781052708625793,-0.000141620519571,XArbitraryCorrectedZVertical,0.0647014102441484,-0.0130602384913673,0.1107546946507076,0.9916534250822646,0.9839555025100708,-0.1784101873636246,-0.001094382838346,49.84375,-18.2396240234375,9.347869873046877,-1,2,10495
2025-11-20T22:23:24.449+01:00,12365,630766.7129614167,0.223537030789332,-0.0421733086541604,0.1272467469868807,0.030997984111309,-0.0495968237519264,-0.0667227879166603,0.0373845100402832,-0.074850857257843,0.0146599411964416,XArbitraryCorrectedZVertical,0.0655166770852054,-0.0138212036491912,0.1099532967578226,0.9916788637026592,0.9842220544815063,-0.1769191324710846,-0.002605497604236,49.65216064453125,-18.07400512695312,9.709304809570312,-1,2,10496
2025-11-20T22:23:24.482+01:00,12366,630766.7478774167,0.222202227418168,-0.0442538484044834,0.1276948891336405,-0.0121369361877441,-0.0719349086284637,0.0091902799904346,0.0353862047195434,-0.0324540585279464,0.0218415260314941,XArbitraryCorrectedZVertical,0.0658432466209664,-0.0148715077635173,0.1092167257558094,0.9917233855587656,0.9844502210617064,-0.1755995005369186,-0.0047517386265099,49.9241943359375,-17.99873352050781,9.185150146484377,-1,2,10497
2025-11-20T22:23:24.516+01:00,12367,630766.7827934168,0.2237702481123312,-0.0471272469850542,0.1265099303971183,-0.0640994608402252,-0.0754957944154739,0.0786370784044265,0.017238438129425,-0.0333654731512069,0.018979012966156,XArbitraryCorrectedZVertical,0.0654255250346105,-0.0163114309875036,0.1099175349058022,0.9916509237990832,0.9841500520706176,-0.1771752685308456,-0.0075807264074683,49.74346923828125,-18.12846374511719,9.291793823242188,-1,2,10498
2025-11-20T22:23:24.552+01:00,12368,630766.8177104167,0.2260951602664882,-0.0494564655526299,0.1229034669081253,-0.1420795619487762,-0.0430544838309288,0.040482297539711,-0.0432449579238891,-0.0376414358615875,0.0070673841983079,XArbitraryCorrectedZVertical,0.0637863748318435,-0.0175958110949835,0.1110508103252172,0.9916094476264724,0.9836897253990172,-0.1795826405286789,-0.0102107506245374,49.62109375,-18.26046752929688,9.22100830078125,-1,2,10499
2025-11-20T22:23:24.586+01:00,12369,630766.8526264167,0.2266799828700518,-0.0503784490708311,0.1168508578467527,-0.1982772052288055,0.0048984074965119,0.0318883098661899,-0.0270397663116455,-0.0139835625886917,-0.0111992359161377,XArbitraryCorrectedZVertical,0.0608428142174377,-0.0183803460218239,0.1114074289543951,0.9917402660641058,0.9835216403007508,-0.1803828775882721,-0.0121314637362957,49.6126708984375,-18.11747741699219,8.922515869140625,-1,2,10500
2025-11-20T22:23:24.621+01:00,12370,630766.8875434167,0.227715625822792,-0.0488398398066694,0.1095234479132692,-0.2038539350032806,0.0828211903572082,0.0322180688381195,-0.0277995467185974,0.0147327780723571,-0.0358953475952148,XArbitraryCorrectedZVertical,0.0571337092351802,-0.018006404103993,0.1120800127867582,0.9918919501179682,0.9832896590232848,-0.1816638857126236,-0.0118189193308353,49.499755859375,-18.36067199707031,8.99822998046875,-1,2,10501
2025-11-20T22:23:24.656+01:00,12371,630766.9224594167,0.2289597406158034,-0.0451432477385501,0.1039052305980013,-0.1129049211740494,0.1297732442617416,0.061368204653263,-0.0262233018875122,0.0606589913368225,-0.0540432929992675,XArbitraryCorrectedZVertical,0.0541508500011271,-0.016461354908996,0.1128824345064728,0.9919951565301224,0.9830562472343444,-0.1830802410840988,-0.0090670604258775,49.35760498046875,-18.51969909667969,9.23785400390625,-1,2,10502
2025-11-20T22:23:24.691+01:00,12372,630766.9573754166,0.2314994909308394,-0.0409517663649032,0.1012106131638651,-0.0257802493870258,0.1171014308929443,0.0963673293590545,-0.0467337965965271,0.0779905766248703,-0.0472150444984436,XArbitraryCorrectedZVertical,0.0525962915673533,-0.0144706501777298,0.1142906760100352,0.9919485386594572,0.9826010465621948,-0.1856565624475479,-0.0051683862693607,48.9884033203125,-18.51531982421875,9.334518432617188,-1,2,10503
2025-11-20T22:23:24.731+01:00,12373,630766.9922924167,0.2355748667108157,-0.036976119673382,0.1026215944044444,0.11622354388237,0.1373975276947021,0.0878221988677978,-0.0834112167358398,0.0720630437135696,-0.0591306090354919,XArbitraryCorrectedZVertical,0.0530938480809883,-0.012308623084786,0.1163989317257142,0.9917061289408282,0.981864094734192,-0.1895862519741058,-0.0005617645801976,48.86468505859375,-18.77247619628906,9.675277709960938,-1,2,10504
2025-11-20T22:23:24.761+01:00,12374,630767.0272084167,0.2352151479524252,-0.0319611668572401,0.1082795472485584,0.2018726021051407,0.1465588957071304,-0.1313588619232178,-0.0807876586914062,0.01852847635746,-0.0365059375762939,XArbitraryCorrectedZVertical,0.0556049439319512,-0.0094975994352566,0.1162910110333054,0.9916119664117704,0.981956422328949,-0.1890301257371902,0.0053932247683405,48.9464111328125,-18.63606262207031,9.900527954101562,-1,2,10505
2025-11-20T22:23:24.796+01:00,12375,630767.0621244167,0.2284696054733471,-0.0268982102669819,0.1156318527355093,0.1821026057004929,0.0741989389061927,-0.2313371300697327,0.0182292461395263,-0.0152734220027923,-0.0006248941645026,XArbitraryCorrectedZVertical,0.0589323161766817,-0.0067527518349002,0.1130137022203087,0.9918212893397658,0.9832051396369934,-0.1821752935647964,0.0109550822526216,48.92620849609375,-18.26475524902344,10.36862182617188,-1,2,10506
2025-11-20T22:23:24.831+01:00,12376,630767.0970414167,0.2206209367938887,-0.0252356770684575,0.1204768364372888,0.0864945128560066,-0.0088426396250724,-0.22239089012146,0.0187949538230896,0.0219257920980453,0.0105323810130357,XArbitraryCorrectedZVertical,0.0612178187140046,-0.0058911457832095,0.109123476182898,0.9921239286127,0.9846078157424928,-0.1743305623531342,0.0125084063038229,48.918701171875,-17.75028991699219,10.43333435058594,-1,2,10507
2025-11-20T22:23:24.865+01:00,12377,630767.1319574167,0.2124337717855237,-0.0241655095751801,0.1223498231415162,0.0213002003729343,0.0167614389210939,-0.2458882331848145,0.021738052368164,0.0292805731296539,-0.011970279738307,XArbitraryCorrectedZVertical,0.0620663253191613,-0.0055108140556043,0.1050767093106362,0.9925101504222216,0.9859982132911682,-0.1662587076425552,0.0128704654052853,48.89215087890625,-17.14820861816406,10.45437622070312,-1,2,10508
2025-11-20T22:23:24.901+01:00,12378,630767.1668744168,0.205300285010772,-0.0225492432365227,0.1226183568834592,-0.009958985261619,0.0190283618867397,-0.1357187330722809,0.0626022219657897,0.0503814220428466,-0.0310016889125108,XArbitraryCorrectedZVertical,0.0620974958802033,-0.0049159490077412,0.1015837896726806,0.9928748413738674,0.9871413111686708,-0.1592680811882019,0.0136218247935175,48.93927001953125,-16.8275146484375,10.57405090332031,-1,2,10509
2025-11-20T22:23:24.935+01:00,12379,630767.2017904167,0.2034206465231353,-0.0215299688928588,0.1227126101634087,0.0272579975426197,0.0406800881028175,0.0034507513046264,0.0197455883026123,0.0677785575389862,-0.0464073419570922,XArbitraryCorrectedZVertical,0.0620883273898682,-0.0044634464492461,0.1006814464856095,0.992969564644187,0.9874261021614076,-0.1574239283800125,0.0144096929579973,49.025390625,-16.69493103027344,10.78584289550781,-1,2,10510
2025-11-20T22:23:24.970+01:00,12380,630767.2367064167,0.2033006578392444,-0.0186534438090424,0.1249750065247424,0.0960446819663047,0.117492638528347,-0.0329283513128757,-0.0623877644538879,0.0491778999567031,-0.0432865619659423,XArbitraryCorrectedZVertical,0.0630663664145204,-0.0029237939530566,0.1006934972064058,0.9929123562610755,0.9874060750007628,-0.1572253555059433,0.0175907202064991,49.1480712890625,-16.72776794433594,10.64080810546875,-1,2,10511
2025-11-20T22:23:25.010+01:00,12381,630767.2716234167,0.2019683100657973,-0.0140749732760793,0.1286989286832933,0.1093464344739914,0.1324022710323334,-0.026610305532813,-0.0351262092590332,0.0255217552185058,-0.0249662399291992,XArbitraryCorrectedZVertical,0.0646838615593929,-0.0005044849105426,0.1001512193161758,0.9928673627768978,0.9875340461730956,-0.155786007642746,0.0225248374044895,48.91937255859375,-16.501220703125,11.21710205078125,-1,2,10512
2025-11-20T22:23:25.040+01:00,12382,630767.3065394167,0.2013493073891388,-0.0095620632862376,0.1322223783645876,0.0884944275021553,0.125145748257637,-0.0285621583461761,-0.0460577607154846,0.0132663398981094,-0.0108163319528102,XArbitraryCorrectedZVertical,0.0662072457777272,0.0018931540854635,0.0999697184927914,0.9927835591870676,0.9875251650810242,-0.1550509929656982,0.0274483989924192,48.78302001953125,-16.43743896484375,11.39189147949219,-1,2,10513
2025-11-20T22:23:25.075+01:00,12383,630767.3414554168,0.1988735069045302,-0.0048971514768868,0.1350664298736974,0.0684943497180938,0.1151524856686592,-0.1106387302279472,-0.0289445519447326,-0.002506211400032,-0.0121755562722683,XArbitraryCorrectedZVertical,0.0673908663941552,0.0042681827189674,0.098881954472512,0.9928054855340188,0.9877763986587524,-0.1525230705738068,0.0321645252406597,48.6829833984375,-16.23158264160156,11.94540405273438,-1,2,10514
2025-11-20T22:23:25.110+01:00,12384,630767.3763724167,0.1950195082818271,-0.0012579881726137,0.1364795151757362,0.0144415106624364,0.0533884987235069,-0.0899268984794616,0.0348398089408874,-0.0054303109645843,-0.0041446723043918,XArbitraryCorrectedZVertical,0.0679239791288651,0.0060137968576134,0.0970860116298293,0.9929373054228532,0.9882466793060304,-0.1486986577510834,0.0354556106030941,48.59051513671875,-15.99404907226562,12.16815185546875,-1,2,10515
2025-11-20T22:23:25.145+01:00,12385,630767.4112884167,0.1935227458874512,-6.800577026901851e-05,0.1364466254099395,-0.014394175261259,0.0099901305511593,-0.0070526166819036,0.0208466649055481,0.0077690333127975,-0.0167874097824096,XArbitraryCorrectedZVertical,0.067854794865778,0.0065522077512242,0.096383396440629,0.9930070889881422,0.988430678844452,-0.1472343355417252,0.036425482481718,48.56475830078125,-15.91828918457031,12.35493469238281,-1,2,10516
2025-11-20T22:23:25.180+01:00,12386,630767.4462054167,0.1929594995691049,-0.0003889625198005,0.1355922278267165,-0.0373669527471065,-0.0309245754033327,-0.0216199457645416,0.0099318027496337,-0.0055383443832397,-0.0300477743148803,XArbitraryCorrectedZVertical,0.0674478300522436,0.0063326746580097,0.096095726385435,0.9930641257548132,0.9885270595550536,-0.1467138230800629,0.0359071493148803,48.5050048828125,-15.88285827636719,12.19526672363281,-1,2,10517
2025-11-20T22:23:25.215+01:00,12387,630767.4811214167,0.1925712933721182,-0.0017714141268336,0.1336906051605418,-0.0765942856669426,-0.053810965269804,0.0114232953637838,0.0240161418914794,-0.0187283307313919,-0.044219970703125,XArbitraryCorrectedZVertical,0.0665710748084026,0.0055418794800791,0.0958633076389215,0.9931504748546216,0.988633394241333,-0.1464022397994995,0.0342102125287056,48.4437255859375,-15.88665771484375,12.23831176757812,-1,2,10518
2025-11-20T22:23:25.250+01:00,12388,630767.5160374168,0.194326850366934,-0.0037045849133197,0.1304492260442406,-0.0960751846432685,-0.0276943705976009,0.081293836236,0.0099656581878662,-0.0194860249757766,-0.0730055570602417,XArbitraryCorrectedZVertical,0.0650501475351917,0.0044833479582686,0.0966840039079115,0.9931770625005965,0.9884321689605712,-0.1482385545969009,0.0320509597659111,48.22607421875,-15.83901977539062,12.22129821777344,-1,2,10519
2025-11-20T22:23:25.289+01:00,12389,630767.5509544167,0.1967674452769443,-0.0036720789852662,0.1273496594264746,-0.0727986246347427,0.0499956049025058,0.0580089427530765,-0.0224966406822204,-0.0181741267442703,-0.079355239868164,XArbitraryCorrectedZVertical,0.0635039759163874,0.0044267729698417,0.0979095977478349,0.9931572373366118,0.9880573749542236,-0.1507406085729599,0.0319309420883655,48.19012451171875,-15.92599487304688,12.07394409179688,-1,2,10520
2025-11-20T22:23:25.320+01:00,12390,630767.5858704167,0.1994117948813271,-0.0006366641713589,0.1253557714694777,-0.0548875369131565,0.1290755122900009,0.0975936353206634,0.0298497080802917,-0.0224091112613678,-0.0598127841949462,XArbitraryCorrectedZVertical,0.0623573882019252,0.0059187914357626,0.0993254711383994,0.9930815833137884,0.9875453114509584,-0.1534026116132736,0.0349562652409076,48.1182861328125,-16.01153564453125,12.36796569824219,-1,2,10521
2025-11-20T22:23:25.354+01:00,12391,630767.6207864167,0.203757496310487,0.0028761359371154,0.1229741622710778,-0.0750107243657112,0.0983471721410751,0.1595023423433304,0.1154164671897888,-0.0655830949544906,-0.0322057008743286,XArbitraryCorrectedZVertical,0.0609836818463162,0.0076773568254019,0.1015982111265576,0.992924929685002,0.9867258667945862,-0.157744511961937,0.0385838933289051,47.87274169921875,-16.26123046875,12.51303100585938,-1,2,10522
2025-11-20T22:23:25.390+01:00,12392,630767.655703375,0.2106896540582808,0.0055140092412504,0.1204149823983984,-0.069441519677639,0.1063569188117981,0.2023603916168213,0.0154822468757629,-0.029407799243927,-0.0158257484436035,XArbitraryCorrectedZVertical,0.0595479536477367,0.0090637239725393,0.1051241372744808,0.9926332939266956,0.9854789972305298,-0.1646229326725006,0.0415977835655212,47.568115234375,-16.54588317871094,12.85945129394531,-1,2,10523
2025-11-20T22:23:25.424+01:00,12393,630767.6906193751,0.2162176325054061,0.0080772145105285,0.1184329868850774,-0.0482899472117424,0.0751075819134712,0.0985021889209747,0.0070003867149353,-0.0405146032571792,-0.0004725493490695,XArbitraryCorrectedZVertical,0.0584009085491643,0.0103935572595121,0.1079459654791035,0.9923855170020944,0.9844241142272948,-0.1701024323701859,0.044433157891035,47.25048828125,-16.77210998535156,12.87258911132812,-1,2,10524
2025-11-20T22:23:25.459+01:00,12394,630767.7255353751,0.2171651364215686,0.009501171068331,0.1163053711895358,-0.0812678188085556,0.0131063386797905,-0.0376418083906173,0.015069842338562,-0.0419215708971023,0.0295851193368434,XArbitraryCorrectedZVertical,0.057263031109322,0.0110129517127897,0.1084593936136584,0.9923891633202137,0.9841976761817932,-0.1711063385009766,0.0455796010792255,47.2108154296875,-16.86837768554688,13.12916564941406,-1,2,10525
2025-11-20T22:23:25.494+01:00,12395,630767.760452375,0.2155073521901048,0.0096171703300191,0.113590918047964,-0.0688827410340309,-0.0198840722441673,-0.0338304676115512,0.0677600502967834,-0.0091898441314697,0.0266997814178466,XArbitraryCorrectedZVertical,0.0559187430693739,0.0108776975258219,0.1076419963633359,0.992556341858962,0.9844860434532166,-0.1695820838212967,0.0450470224022865,47.2098388671875,-16.83517456054688,13.04826354980469,-1,2,10526
2025-11-20T22:23:25.531+01:00,12396,630767.795368375,0.2160059903232987,0.0079660661787617,0.1107411593452346,-0.09592866897583,-0.0808656811714172,0.0590349659323692,0.0286767482757568,0.0430651903152465,0.044639702886343,XArbitraryCorrectedZVertical,0.0545907112771506,0.0099192195182836,0.1078462447143168,0.9926180368637664,0.9844761490821838,-0.170170858502388,0.0429914556443691,47.0595703125,-16.62693786621094,12.96572875976562,-1,2,10527
2025-11-20T22:23:25.569+01:00,12397,630767.830285375,0.2194142609560937,0.003685390179244,0.1067218608264594,-0.1357125788927078,-0.1368944048881531,0.1112036556005478,-0.0339991450309753,0.0453664511442184,0.04166055098176,XArbitraryCorrectedZVertical,0.0528134111297142,0.0076685646840783,0.1094288564167075,0.9925610146390076,0.9840571880340576,-0.1736470609903336,0.0384480133652687,46.72906494140625,-16.72315979003906,12.41180419921875,-1,2,10528
2025-11-20T22:23:25.599+01:00,12398,630767.865201375,0.2226960097969245,-0.0012298514814457,0.1010585940070935,-0.1772639453411102,-0.1071069166064262,0.0630143880844116,-0.1017218828201294,0.032080203294754,0.0259609222412109,XArbitraryCorrectedZVertical,0.0502632441321644,0.0050019890105475,0.1109453425390276,0.9925420942599488,0.9836493730545044,-0.1770539283752441,0.0329531840980052,46.76519775390625,-16.96327209472656,12.48822021484375,-1,2,10529
2025-11-20T22:23:25.634+01:00,12399,630767.9001173751,0.2229581820201637,-0.0032826311227724,0.0948148942004006,-0.1844307780265808,-0.0102360341697931,-0.062909185886383,-0.0999362468719482,0.0088956356048583,0.0187926292419433,XArbitraryCorrectedZVertical,0.0472778495195104,0.0036427224658634,0.111045889236958,0.9926834460093832,0.9836642742156982,-0.1775204837322235,0.029852332547307,46.55792236328125,-17.2515869140625,12.37553405761719,-1,2,10530
2025-11-20T22:23:25.669+01:00,12400,630767.935034375,0.2177575524595201,-0.0021914868042488,0.087790176197327,-0.2075016349554062,0.0293322578072547,-0.2234977185726166,-0.0994938611984252,0.0111058950424194,0.0441677533090114,XArbitraryCorrectedZVertical,0.0437400825102258,0.0036800666938043,0.1085112559806523,0.9931256318768998,0.9845492839813232,-0.1726506501436234,0.0292269606143236,46.66754150390625,-17.09957885742188,12.27943420410156,-1,2,10531
2025-11-20T22:23:25.703+01:00,12401,630767.969950375,0.2088469780258452,-0.0022465795608319,0.0882239971151605,-0.1832616180181503,-0.0064526968635618,-0.2780367732048035,-0.0242295861244201,0.0293400883674621,0.0469839572906494,XArbitraryCorrectedZVertical,0.0439744288040264,0.003480383901225,0.1040830884567421,0.993589884164279,0.9860672950744628,-0.1638920456171036,0.028470741584897,46.569580078125,-16.65840148925781,11.96916198730469,-1,2,10532
2025-11-20T22:23:25.739+01:00,12402,630768.004866375,0.1993474881735495,-0.0028860182938553,0.0895895804277036,-0.1439625173807144,-0.008520433679223,-0.2611245810985565,0.010843276977539,0.0666994303464889,0.0420693159103393,XArbitraryCorrectedZVertical,0.0447009568527405,0.0030215739070674,0.0993445670335387,0.99404392544286,0.9876154661178588,-0.1545137315988541,0.0272208526730537,46.68145751953125,-16.43666076660156,12.00999450683594,-1,2,10533
2025-11-20T22:23:25.773+01:00,12403,630768.039783375,0.1915913070725792,-0.0038693427353574,0.093916140555141,-0.1605891585350037,-0.005709733814001,-0.1884322464466095,0.0187418460845947,0.0690693706274032,0.0466660261154174,XArbitraryCorrectedZVertical,0.046910352876265,0.0025661658266293,0.0954531877186212,0.9943246829966788,0.9888264536857604,-0.1467518359422684,0.02619469165802,46.48944091796875,-15.78555297851562,12.12319946289062,-1,2,10534
2025-11-20T22:23:25.810+01:00,12404,630768.0746993751,0.1867631808931897,-0.0044839906432028,0.095454439879123,-0.1486108005046844,0.0082023292779922,-0.0998334884643554,0.054137110710144,0.0562890321016311,0.0324305333197116,XArbitraryCorrectedZVertical,0.0477099346065331,0.0022189843064118,0.0930330127040628,0.9945168944109576,0.989548921585083,-0.1419518440961838,0.0253544133156538,46.52020263671875,-15.72842407226562,12.02690124511719,-1,2,10535
2025-11-20T22:23:25.848+01:00,12405,630768.109615375,0.1841250816639889,-0.0045747356579647,0.1002217287417483,-0.0927988439798355,0.0396711193025112,-0.0734543427824974,0.0169976353645324,0.0602006316184997,0.0237452965229749,XArbitraryCorrectedZVertical,0.0500876658584359,0.0023300596897298,0.0917028209480207,0.994523176634558,0.989929735660553,-0.1392106115818024,0.025677865371108,46.462890625,-15.48709106445312,12.11698913574219,-1,2,10536
2025-11-20T22:23:25.878+01:00,12406,630768.144532375,0.1823269789612085,-0.0039936561037597,0.1054345049242229,-0.0205905046314001,0.0238908194005489,-0.0440203137695789,0.0189244151115417,0.0575692504644393,0.0287823677062988,XArbitraryCorrectedZVertical,0.0526554566669195,0.002811229648854,0.0908058302890509,0.9944716595573044,0.9901697635650636,-0.1372811496257782,0.0267901308834552,46.48162841796875,-15.49337768554688,12.29446411132812,-1,2,10537
2025-11-20T22:23:25.913+01:00,12407,630768.179448375,0.181039505268928,-0.0053917880348444,0.114515450789574,0.0196804758161306,-0.0340636111795902,-0.0402758046984672,0.0123247504234314,0.0349761247634887,0.0337525606155395,XArbitraryCorrectedZVertical,0.0572352429686747,0.0024925795861269,0.0900940720381304,0.9942841778120496,0.9903913140296936,-0.1357298642396927,0.0265044029802084,46.32525634765625,-15.31466674804688,12.37298583984375,-1,2,10538
2025-11-20T22:23:25.948+01:00,12408,630768.214364375,0.1799419735906335,-0.007505499150119,0.1222750377457325,0.0429135970771312,-0.0420743525028228,-0.0400088056921958,-0.0202207565307617,0.0182805508375167,0.024765133857727,XArbitraryCorrectedZVertical,0.0611884347161073,0.0017591450688278,0.0894527881647464,0.9941082196376584,0.9906033873558044,-0.1343999058008194,0.0253294706344604,46.29705810546875,-15.37405395507812,12.216552734375,-1,2,10539
2025-11-20T22:23:25.983+01:00,12409,630768.2492813751,0.1787709018724957,-0.0097559402341399,0.1315985508892962,0.046676255762577,-0.0259380303323268,-0.041170060634613,-0.0421746373176574,0.0259593725204467,0.0204644240438938,XArbitraryCorrectedZVertical,0.065923020952202,0.0010213976031923,0.0887527786847767,0.9938693101195928,0.9908289313316344,-0.1329387128353119,0.0241980087012052,46.24920654296875,-15.25907897949219,11.9268798828125,-1,2,10540
2025-11-20T22:23:26.018+01:00,12410,630768.2841973751,0.1771049760160989,-0.0106786140653136,0.1389658187047449,0.0431935675442218,0.0042174947448074,-0.0636481493711471,-0.0422470569610595,0.0167323499917984,0.0236371792852878,XArbitraryCorrectedZVertical,0.0696250409177147,0.0008342860095008,0.0878529028127272,0.993696999119282,0.9910844564437866,-0.1310511827468872,0.0240312479436397,46.2442626953125,-15.11732482910156,11.98252868652344,-1,2,10541
2025-11-20T22:23:26.053+01:00,12411,630768.319114375,0.1751593477504058,-0.0105240060931913,0.1488497285114318,0.0955982208251953,0.0500731132924556,-0.0668610483407974,-0.0346250534057617,0.031689167022705,0.0156432390213012,XArbitraryCorrectedZVertical,0.0745291465771061,0.0012763767427953,0.08683465393102,0.9934302082973082,0.9913511276245116,-0.1287960708141327,0.0251892171800136,46.1370849609375,-14.97976684570312,12.0975341796875,-1,2,10542
2025-11-20T22:23:26.090+01:00,12412,630768.354030375,0.172967462169008,-0.0091811676224935,0.1590616076558412,0.1620627790689468,0.0327572934329509,-0.0575920082628727,0.0004822611808776,0.0354601740837097,0.0363098420202732,XArbitraryCorrectedZVertical,0.0795444866549056,0.0023032818672287,0.0857386791802065,0.9931346346769406,0.9916138052940368,-0.1262804865837097,0.0274870805442333,46.06689453125,-14.72227478027344,12.06806945800781,-1,2,10543
2025-11-20T22:23:26.122+01:00,12413,630768.388946375,0.1730330644634079,-0.0098945652941846,0.1728466123394395,0.2158561795949936,-0.0165365412831306,0.0592284351587295,0.0231897234916687,0.0282482653856277,0.0479795932769775,XArbitraryCorrectedZVertical,0.0864177619887183,0.0025479729388139,0.0856596665746774,0.9925663232042408,0.9916417002677916,-0.1258281767368317,0.0285279434174299,46.05694580078125,-14.71041870117188,12.45201110839844,-1,2,10544
2025-11-20T22:23:26.158+01:00,12414,630768.4238633751,0.1774670824843533,-0.0125043559836475,0.185500125843173,0.213931679725647,-0.0464712530374527,0.1631471514701843,0.0242418050765991,-0.0176717489957809,0.0596966743469238,XArbitraryCorrectedZVertical,0.0928026236486552,0.0020065334839998,0.087657749132433,0.9918163876659032,0.9911542534828186,-0.129651814699173,0.0283465310931205,45.90924072265625,-14.73329162597656,12.39469909667969,-1,2,10545
2025-11-20T22:23:26.192+01:00,12415,630768.4587793751,0.1841535219718104,-0.0168600700843178,0.1989546678188621,0.1783540546894073,-0.073246382176876,0.1839108765125275,0.0123053193092346,-0.0602790564298629,0.052908182144165,XArbitraryCorrectedZVertical,0.09966041266574,0.0007784857880112,0.0906552382919447,0.990882810893282,0.9903953671455384,-0.1355827152729034,0.0270935241132974,45.71307373046875,-14.844970703125,12.27363586425781,-1,2,10546
2025-11-20T22:23:26.227+01:00,12416,630768.493695375,0.1907735322730642,-0.0216437693231878,0.2107623296298039,0.1697064638137817,-0.0758003816008567,0.1620384901762009,-0.042277455329895,-0.063281774520874,0.0358287170529365,XArbitraryCorrectedZVertical,0.1057268840357322,-0.000695142300301,0.0935751599908916,0.9899824399410292,0.9896195530891418,-0.1414606422185898,0.0253437850624322,45.56573486328125,-15.01927185058594,12.063232421875,-1,2,10547
2025-11-20T22:23:26.262+01:00,12417,630768.528612375,0.1962300711626392,-0.0266010408483584,0.2211534277487815,0.168421745300293,-0.120365209877491,0.1187756359577179,-0.0030494332313537,-0.0950121879577636,0.0300374012440443,XArbitraryCorrectedZVertical,0.1111059626868405,-0.0023465009350473,0.0958901858393936,0.98916886353103,0.9889807105064392,-0.1462292373180389,0.0231088977307081,45.6693115234375,-15.15419006347656,12.19319152832031,-1,2,10548
2025-11-20T22:23:26.297+01:00,12418,630768.563528375,0.200166404165636,-0.0333783106850999,0.2325667516377627,0.1465026438236237,-0.1536163538694382,0.0648115575313568,-0.0176108479499816,-0.1043907701969147,0.0201216917484998,XArbitraryCorrectedZVertical,0.1170810079670448,-0.0049019191421106,0.097301097821274,0.9883321721835332,0.9885885119438172,-0.1494391262531281,0.0189865808933973,45.30596923828125,-15.32411193847656,12.16816711425781,-1,2,10549
2025-11-20T22:23:26.332+01:00,12419,630768.5984443751,0.2013760753794717,-0.0394780013289395,0.2411022015755189,0.1197956725955009,-0.1369984894990921,-0.0156563855707645,-0.0120704174041748,-0.0998347848653793,0.0096943359822034,XArbitraryCorrectedZVertical,0.121596531819351,-0.0074093598115326,0.0974074237750082,0.9877606777852288,0.9885565042495728,-0.1501498967409134,0.0145213026553392,45.29681396484375,-15.39071655273438,11.88067626953125,-1,2,10550
2025-11-20T22:23:26.369+01:00,12420,630768.6333613751,0.2011544534960455,-0.0444603966542959,0.2504713726428924,0.1068008542060852,-0.1132049933075905,-0.004223411437124,0.052502155303955,-0.0911249220371246,-0.0019252300262451,XArbitraryCorrectedZVertical,0.1264610440702109,-0.0094041376452313,0.0968342742993066,0.9871891303969578,0.9887117743492126,-0.1494298577308655,0.0109431557357311,45.41387939453125,-15.18075561523438,11.86163330078125,-1,2,10551
2025-11-20T22:23:26.402+01:00,12421,630768.6682772917,0.2031374992327869,-0.0498831589281133,0.258283340391682,0.1123615354299545,-0.1310236752033234,0.097140222787857,0.0711836218833923,-0.0745442062616348,-0.0055516958236694,XArbitraryCorrectedZVertical,0.1305870683162138,-0.0115500747770463,0.0973234365054271,0.986580832729248,0.9885239601135254,-0.150889128446579,0.0072606769390404,45.00445556640625,-15.27000427246094,11.85612487792969,-1,2,10552
2025-11-20T22:23:26.437+01:00,12422,630768.7031932917,0.2075098777737191,-0.0562707445102398,0.2665468418868929,0.0830748230218887,-0.1210621073842049,0.0930704027414321,-0.0108630061149597,-0.0558863580226898,-0.0015175337903201,XArbitraryCorrectedZVertical,0.1350000659149066,-0.0139755457983999,0.0988918156831233,0.9857992739340716,0.9879749417304992,-0.1545781046152115,0.0033637899905443,45.12030029296875,-15.45248413085938,11.299560546875,-1,2,10553
2025-11-20T22:23:26.472+01:00,12423,630768.7381102917,0.2106821644588297,-0.0609944750387092,0.2717450348187159,0.0390673093497753,-0.0607446990907192,0.066929668188095,-0.026921272277832,-0.0421496331691741,-0.0059986114501953,XArbitraryCorrectedZVertical,0.1378179672044736,-0.015808046033289,0.1000213811854668,0.985267502465433,0.9875534772872924,-0.1572826951742172,0.0003680682275444,45.08251953125,-15.69493103027344,11.50454711914062,-1,2,10554
2025-11-20T22:23:26.507+01:00,12424,630768.7730262917,0.2120203485881466,-0.0626604249106903,0.2718605685461647,-0.0273447409272193,-0.0206151474267244,0.0155787765979766,-0.0087134838104248,-0.0280535370111465,-0.003167450428009,XArbitraryCorrectedZVertical,0.1379691907728114,-0.0165301742176849,0.1005631413732462,0.9851793243352815,0.98735111951828,-0.1585461497306824,-0.0008914611535146,44.92999267578125,-15.51663208007812,11.25094604492188,-1,2,10555
2025-11-20T22:23:26.541+01:00,12425,630768.8079422917,0.2127388799000785,-0.0631283792399791,0.2707371752350274,-0.0318160764873027,0.0058526652865111,0.0336386896669864,-0.0030684471130371,0.0066020488739013,-0.0158469676971435,XArbitraryCorrectedZVertical,0.1374458577713555,-0.0167725481805738,0.100910308703376,0.9852129507851978,0.9872298836708068,-0.1592967510223389,-0.001334490138106,44.90362548828125,-15.64134216308594,11.15000915527344,-1,2,10556
2025-11-20T22:23:26.576+01:00,12426,630768.8428592917,0.2140278704620689,-0.0631599474206993,0.2702192751207403,0.0119505878537893,0.0145103856921196,0.0424861423671245,-0.0256162881851196,0.0596458315849304,-0.0246458649635314,XArbitraryCorrectedZVertical,0.1372033673256137,-0.0167279995781837,0.1015548645210466,0.9851812895908528,0.9870268106460572,-0.1605521738529205,-0.0010957797057926,44.71539306640625,-15.65167236328125,11.01751708984375,-1,2,10557
2025-11-20T22:23:26.611+01:00,12427,630768.8777752917,0.2162523162269827,-0.0624889175323098,0.2711937182181192,0.043329082429409,0.0542018041014671,0.0739309340715408,-0.0701265335083007,0.0778713077306747,-0.0245479345321655,XArbitraryCorrectedZVertical,0.1376669373740015,-0.0161907676458734,0.1026744972361377,0.9850094738814976,0.9866914749145508,-0.1626033186912537,0.0003322348347865,44.66943359375,-15.84457397460938,11.29046630859375,-1,2,10558
2025-11-20T22:23:26.649+01:00,12428,630768.9126912917,0.2185036044244994,-0.060813294755995,0.2723313695504736,0.0465620979666709,0.0548170879483223,0.0394587442278862,-0.0310229659080505,0.0378060042858123,-0.0266234874725341,XArbitraryCorrectedZVertical,0.138157781191827,-0.0151468832244338,0.1038730881605566,0.9848316925046108,0.9863451719284058,-0.1646675616502762,0.002789142075926,44.5469970703125,-16.09892272949219,11.5604248046875,-1,2,10559
2025-11-20T22:23:26.681+01:00,12429,630768.9476082918,0.2200971170225119,-0.0597822707888145,0.2738266038365353,0.0442974120378494,0.0320736467838287,0.0182121694087982,-0.0295432209968566,0.0598213225603103,-0.0221312046051025,XArbitraryCorrectedZVertical,0.1388513443825001,-0.0144448187901287,0.104695762805981,0.984657613866139,0.9861015677452089,-0.166083499789238,0.0044920085929334,44.24761962890625,-15.8961181640625,11.64436340332031,-1,2,10560
2025-11-20T22:23:26.716+01:00,12430,630768.9825242917,0.2187401513868006,-0.0586511103344932,0.2754815353960289,0.0526761710643768,0.0259811021387577,-0.0779861137270927,-0.0020765662193298,0.0549367368221283,-0.03147554397583,XArbitraryCorrectedZVertical,0.1395967191946259,-0.0138893460784595,0.1040699257833918,0.984626555951144,0.9863295555114746,-0.1646931916475296,0.0055050584487617,44.2166748046875,-15.93905639648438,11.71202087402344,-1,2,10561
2025-11-20T22:23:26.751+01:00,12431,630769.0174402917,0.2153092994477396,-0.0562944110113569,0.278058038988827,0.0709626898169517,0.0380513407289981,-0.1126130819320679,0.0464436411857605,0.0407063215970993,-0.0354154109954834,XArbitraryCorrectedZVertical,0.1407194765449084,-0.0128263257055562,0.1024903368828024,0.9846467317025384,0.98688143491745,-0.1612812280654907,0.0072934017516672,44.16387939453125,-15.61491394042969,11.64659118652344,-1,2,10562
2025-11-20T22:23:26.786+01:00,12432,630769.0523572917,0.2126597450562647,-0.0547783213381263,0.2802728492590161,0.0554472059011459,0.0204900335520505,-0.0283990502357482,0.0590390563011169,0.0524017363786697,-0.0353628396987915,XArbitraryCorrectedZVertical,0.1417151891654992,-0.0121456881905638,0.1012462233096142,0.9846413546040504,0.9873018860816956,-0.1586333960294724,0.0084005249664187,44.027099609375,-15.54116821289062,11.92765808105469,-1,2,10563
2025-11-20T22:23:26.821+01:00,12433,630769.0872732917,0.212947459867504,-0.0538734272202763,0.2824643014315538,0.0754530131816864,0.0258248150348663,0.0418368279933929,0.0447602272033691,0.0521552860736846,-0.0390498638153076,XArbitraryCorrectedZVertical,0.1427489703356997,-0.0115604408717795,0.1014066004517715,0.9844825734723396,0.987268090248108,-0.158768430352211,0.0097224805504083,44.14886474609375,-15.50299072265625,11.98847961425781,-1,2,10564
2025-11-20T22:23:26.856+01:00,12434,630769.1221892918,0.2159320173353194,-0.0535862584111161,0.2856872492903508,0.1159291043877602,0.0451811775565147,0.1011075377464294,-0.0180453658103942,0.0421688705682754,-0.041141390800476,XArbitraryCorrectedZVertical,0.1443360175840623,-0.0110281605884089,0.1028290458100437,0.9841096728729656,0.9868260025978088,-0.1613857746124268,0.0113714030012488,43.8092041015625,-15.66197204589844,11.86903381347656,-1,2,10565
2025-11-20T22:23:26.891+01:00,12435,630769.1571062917,0.2196808513543143,-0.0526905346541576,0.2900186321862021,0.1380279660224915,0.0621545687317848,0.0883049145340919,-0.0514693856239318,0.0228732824325561,-0.0314666032791137,XArbitraryCorrectedZVertical,0.1464382998827501,-0.0100739352295907,0.1046479869148625,0.9836173786104714,0.986253261566162,-0.1646426618099213,0.0140410736203193,43.69195556640625,-15.70130920410156,12.17153930664062,-1,2,10566
2025-11-20T22:23:26.930+01:00,12436,630769.1920222917,0.2222082584783332,-0.0511948817087192,0.294622531805614,0.1233288198709488,0.0653216391801834,0.0284659434109926,-0.0786466598510742,-0.0021674335002899,-0.0109437685459852,XArbitraryCorrectedZVertical,0.1486333453113958,-0.0088924418077246,0.1059052984290004,0.9831649144310554,0.9858580231666564,-0.1667168438434601,0.0170167312026023,43.52716064453125,-15.78677368164062,12.41220092773438,-1,2,10567
2025-11-20T22:23:26.960+01:00,12437,630769.2269382917,0.2217147346515425,-0.0489443696837534,0.2983290801163136,0.080141007900238,0.0563754886388778,-0.0640274435281753,-0.0613985657691955,-0.0110460370779037,-0.007299780845642,XArbitraryCorrectedZVertical,0.1503325732283267,-0.0076133945067913,0.1057550242747416,0.9829333963424728,0.9859285354614258,-0.1660016626119614,0.0197051726281642,43.4503173828125,-15.85577392578125,12.56134033203125,-1,2,10568
2025-11-20T22:23:26.996+01:00,12438,630769.2618552917,0.2183730352693438,-0.0462646238669677,0.3001837112312671,0.011144028045237,0.0429667793214321,-0.112748496234417,-0.0453312397003173,-0.0048075020313262,-0.000736117362976,XArbitraryCorrectedZVertical,0.151090911749368,-0.0064442476332357,0.1042777167681993,0.9829833149324932,0.9864322543144226,-0.1627339720726013,0.0216558538377285,43.22216796875,-15.62080383300781,12.59417724609375,-1,2,10569
2025-11-20T22:23:27.030+01:00,12439,630769.2967712918,0.2141665200128368,-0.0434230950785444,0.2997141064640843,-0.0429092794656753,0.03846175968647,-0.1191926077008247,-0.0386590361595153,0.003793865442276,-0.0063289422541856,XArbitraryCorrectedZVertical,0.150700958629483,-0.0053906779880563,0.1024333252623953,0.9832433811290264,0.9870384931564332,-0.1588078588247299,0.0231288261711597,43.2576904296875,-15.52119445800781,12.29766845703125,-1,2,10570
2025-11-20T22:23:27.066+01:00,12440,630769.3316872917,0.2099290834930932,-0.0412356209987781,0.2975277562833549,-0.0895105674862861,0.0194566715508699,-0.0981159880757331,-0.0121272206306457,0.0153566896915435,-0.0156927108764648,XArbitraryCorrectedZVertical,0.1495048606844782,-0.0047508819673556,0.1005538278657531,0.9836232705600112,0.9876368641853333,-0.1549593061208725,0.0236882474273443,43.22332763671875,-15.58163452148438,12.55189514160156,-1,2,10571
2025-11-20T22:23:27.100+01:00,12441,630769.3666042917,0.2071924602568836,-0.0399712247782192,0.2942453569816152,-0.1037574484944344,0.0011599268764257,-0.0253406800329685,0.0269003510475158,0.0001368373632431,-0.026542667299509,XArbitraryCorrectedZVertical,0.1478217398973715,-0.0045061513003915,0.0993596111434731,0.983999993618142,0.9880073070526124,-0.1525873392820358,0.0236281417310237,43.1453857421875,-15.36933898925781,12.51075744628906,-1,2,10572
2025-11-20T22:23:27.135+01:00,12442,630769.4015202917,0.207753499790343,-0.0400821182519565,0.2903954258998537,-0.1106233298778534,0.0076272506266832,0.0475415773689746,0.0011740326881408,-0.0107489973306655,-0.0433416366577148,XArbitraryCorrectedZVertical,0.1459353031612562,-0.0047222632650633,0.0996944604663398,0.984246710492952,0.9879005551338196,-0.1533592492341995,0.0230932272970676,43.03057861328125,-15.48751831054688,12.570556640625,-1,2,10573
2025-11-20T22:23:27.170+01:00,12443,630769.4364362917,0.2094053738076297,-0.0399038643028903,0.2866268400855583,-0.0974984988570213,0.0316722467541694,0.0507605820894241,0.0036689043045043,-0.0352729558944702,-0.0507197417318821,XArbitraryCorrectedZVertical,0.1440766254560931,-0.0047142323241535,0.1005856651553284,0.9844298548950065,0.9876181483268738,-0.155156672000885,0.0231623742729425,42.85919189453125,-15.53108215332031,12.53257751464844,-1,2,10574
2025-11-20T22:23:27.206+01:00,12444,630769.4713532917,0.2109054575706888,-0.038532587889206,0.2834972174949377,-0.0834211036562919,0.0701016709208488,0.0380656160414218,0.0064422488212585,-0.0561192035675048,-0.0462895669043064,XArbitraryCorrectedZVertical,0.1424710082121574,-0.0040985223946297,0.1014758275034637,0.984574956837462,0.987332046031952,-0.1567713767290115,0.0244541708379983,42.7054443359375,-15.79061889648438,12.45892333984375,-1,2,10575
2025-11-20T22:23:27.240+01:00,12445,630769.5062692917,0.2116232598414763,-0.0359630631414764,0.280894371917452,-0.0647691115736961,0.0873257219791412,0.0158877745270729,0.0456687211990356,-0.0667672604322433,-0.0398144759237766,XArbitraryCorrectedZVertical,0.141060798566072,-0.0029218212411851,0.1020545103198381,0.9847223743667152,0.9871375560760498,-0.1576131880283356,0.026783388108015,42.4759521484375,-15.99472045898438,12.53376770019531,-1,2,10576
2025-11-20T22:23:27.275+01:00,12446,630769.5411852917,0.211855113769764,-0.0325810374999739,0.2787387001854482,-0.0543849840760231,0.1015566661953926,-0.0053421882912516,0.0899109840393066,-0.0929640233516693,-0.0208892840892076,XArbitraryCorrectedZVertical,0.139827243288493,-0.0013555724533094,0.1024402334008277,0.9848616544783227,0.9869931936264038,-0.1579667180776596,0.0298461504280567,42.3719482421875,-16.09056091308594,12.61885070800781,-1,2,10577
2025-11-20T22:23:27.310+01:00,12447,630769.5761022917,0.2117551259486759,-0.029112316108746,0.276607427923385,-0.0558366030454635,0.0950483530759811,0.0044356491416692,0.0709559917449951,-0.0735942125320434,0.001487847417593,XArbitraryCorrectedZVertical,0.1386002542179713,0.000231898432349,0.1026642163496212,0.9850126206872968,0.986889898777008,-0.1580036580562592,0.032905425876379,42.274169921875,-16.04241943359375,12.76228332519531,-1,2,10578
2025-11-20T22:23:27.345+01:00,12448,630769.6110182917,0.2119252836483722,-0.0267167154719871,0.2751807249397976,-0.0323902815580368,0.0419526845216751,0.0127195287495851,0.0194354057312011,-0.0214957147836685,0.0223739147186279,XArbitraryCorrectedZVertical,0.1377746422649926,0.0013474989775635,0.1029337135985523,0.9850994934421656,0.9867748618125916,-0.1582527905702591,0.0350905694067478,42.02398681640625,-16.34500122070312,12.65989685058594,-1,2,10579
2025-11-20T22:23:27.379+01:00,12449,630769.6459342916,0.2124856006626978,-0.0268085140869194,0.2737558195137177,-0.0659404769539833,-0.046456828713417,0.0404381714761257,0.0063912272453308,-0.0188778340816497,0.0385142564773559,XArbitraryCorrectedZVertical,0.1370774219382169,0.0012647506829794,0.1032231100659047,0.9851665928003736,0.9866812229156494,-0.1588717699050903,0.0349262878298759,41.86572265625,-16.23725891113281,12.64002990722656,-1,2,10580
2025-11-20T22:23:27.414+01:00,12450,630769.680851,0.2164488521548631,-0.0307283917051844,0.2699857549334262,-0.1374138742685318,-0.1010628417134285,0.1870512217283249,-0.0043943524360656,-0.0110550820827484,0.0210150480270385,XArbitraryCorrectedZVertical,0.1354244467819757,-0.0005996872183917,0.104962392475044,0.9852120619002666,0.9861447811126708,-0.1628645658493042,0.031520914286375,41.63104248046875,-16.5723876953125,12.79887390136719,-1,2,10581
2025-11-20T22:23:27.450+01:00,12451,630769.715767,0.2236880088983059,-0.0360496568251115,0.2641190952175466,-0.1735313534736633,-0.0897720158100128,0.1930729001760483,-0.0579112768173217,-0.0098762065172195,-0.0005799550563097,XArbitraryCorrectedZVertical,0.1328262064144473,-0.0030611795233442,0.1082626994108412,0.9852040580778296,0.9850504994392396,-0.1701011806726456,0.0272217448800802,41.60870361328125,-16.77168273925781,12.35006713867188,-1,2,10582
2025-11-20T22:23:27.490+01:00,12452,630769.7506830001,0.228517067907655,-0.0402407826725211,0.2577917166239386,-0.177363783121109,-0.0936866626143455,0.0905231460928916,-0.0334728956222534,-0.0289406329393386,-0.0018073339015245,XArbitraryCorrectedZVertical,0.1299500072502068,-0.0051702350788775,0.110472200633783,0.9853335285913626,0.9842785000801086,-0.1750845909118652,0.0232611317187547,41.2633056640625,-17.19340515136719,12.21730041503906,-1,2,10583
2025-11-20T22:23:27.519+01:00,12453,630769.7856000001,0.2316312307867892,-0.0449476847385322,0.251344470968861,-0.1818029284477234,-0.1263204663991928,0.1026345044374466,-0.0093835592269897,-0.0062739700078964,0.0004831533879041,XArbitraryCorrectedZVertical,0.1270468838450941,-0.0076649356857453,0.1118188000235669,0.9855439587447992,0.9837791919708252,-0.178448885679245,0.0182851590216159,41.16314697265625,-17.46369934082031,12.07110595703125,-1,2,10584
2025-11-20T22:23:27.554+01:00,12454,630769.820516,0.2349557975391743,-0.0502027648877636,0.2450223470396849,-0.1662682592868805,-0.1186942309141159,0.0957396402955055,-0.0272203087806701,0.0102381706237793,-0.0137709379196167,XArbitraryCorrectedZVertical,0.1242441174067734,-0.010420062260864,0.1132466788054362,0.985712983542552,0.9832139015197754,-0.1820063441991806,0.0128095392137765,41.24859619140625,-17.90034484863281,11.80648803710938,-1,2,10585
2025-11-20T22:23:27.589+01:00,12455,630769.855432,0.2380967271716532,-0.0546118221810759,0.2394726737205448,-0.148938000202179,-0.089211493730545,0.0927764475345611,-0.0386242270469665,0.0129632651805877,-0.0080142021179199,XArbitraryCorrectedZVertical,0.1217801887149703,-0.0127336523332985,0.1146348274101181,0.9858328516726133,0.982639729976654,-0.1853417605161667,0.0082277981564402,41.1036376953125,-18.01370239257812,11.53839111328125,-1,2,10586
2025-11-20T22:23:27.624+01:00,12456,630769.890349,0.2408171911813184,-0.0571777266419593,0.234122701788497,-0.1421489268541336,-0.0041460925713181,0.0597858652472496,-0.0968497991561889,0.0335099846124649,0.0032727713696658,XArbitraryCorrectedZVertical,0.1193112337700283,-0.0141604549758543,0.1159326522730502,0.9859634407287908,0.9821035861968994,-0.1882645636796951,0.0053637037053704,40.939208984375,-18.38896179199219,11.29579162597656,-1,2,10587
2025-11-20T22:23:27.659+01:00,12457,630769.9252650001,0.2406355325219452,-0.0550032798891834,0.2299123700048435,-0.1022176817059517,0.1252446323633194,-0.0662216618657112,-0.1071254014968872,0.0336852669715881,0.0137819061055779,XArbitraryCorrectedZVertical,0.1171096115808547,-0.0133568476406636,0.1160590578248007,0.9862237755967008,0.9820797443389891,-0.1883483529090881,0.0066648605279624,40.839599609375,-18.38882446289062,11.41038513183594,-1,2,10588
2025-11-20T22:23:27.694+01:00,12458,630769.9601810001,0.2350657713321695,-0.0482243682454182,0.2271813708155263,-0.0734064206480979,0.1696816235780716,-0.2363616675138474,-0.0496448874473571,0.0349213331937789,0.0498743057250976,XArbitraryCorrectedZVertical,0.1153408173146928,-0.0105017749992149,0.1137589867040349,0.9867346396271972,0.9830098748207092,-0.1831909716129303,0.0115269646048545,40.7509765625,-18.47779846191406,11.43940734863281,-1,2,10589
2025-11-20T22:23:27.730+01:00,12459,630769.995098,0.2241202750626953,-0.0405417302458225,0.2255458227050819,-0.056353460997343,0.1234849914908409,-0.3657386302947998,-0.0089450478553771,0.0569167137145996,0.0686366558074951,XArbitraryCorrectedZVertical,0.114057469661443,-0.0074327799307007,0.1088258920986675,0.9874677744019864,0.98482084274292,-0.1728071868419647,0.0162937846034765,40.8944091796875,-18.1636962890625,11.38116455078125,-1,2,10590
2025-11-20T22:23:27.770+01:00,12460,630770.030014,0.2094983005853546,-0.034665820248714,0.2236749915302478,-0.0916785970330238,0.0220080092549324,-0.39974445104599,0.0717576146125793,0.0688312202692031,0.0807658433914184,XArbitraryCorrectedZVertical,0.1127769865034159,-0.0054619999332069,0.1019651562781491,0.988359551353726,0.9871259927749634,-0.1588732898235321,0.0184772312641143,41.04150390625,-17.74636840820312,11.40621948242188,-1,2,10591
2025-11-20T22:23:27.798+01:00,12461,630770.06493,0.1993392667050012,-0.032924499739014,0.2198371437489242,-0.1451018452644348,-0.0282282847911119,-0.1321415901184082,0.1024691462516785,0.0868524760007858,0.0583207607269287,XArbitraryCorrectedZVertical,0.1107662639874155,-0.0053670346722298,0.0970939605544581,0.989077786888222,0.988641083240509,-0.1492914110422134,0.0173475872725248,41.16802978515625,-17.4278564453125,11.44084167480469,-1,2,10592
2025-11-20T22:23:27.833+01:00,12462,630770.0998470001,0.1971551722683278,-0.0328443217015264,0.2147716966098422,-0.1443894505500793,0.0181804671883583,-0.0232284925878047,-0.024782121181488,0.0715373009443283,0.0151569843292236,XArbitraryCorrectedZVertical,0.1082517041609973,-0.0057005885669364,0.0960863939604279,0.9894526620976966,0.9889391660690308,-0.1474344879388809,0.0161997508257627,41.0911865234375,-17.28274536132812,11.29165649414062,-1,2,10593
2025-11-20T22:23:27.868+01:00,12463,630770.1347630001,0.1949675117329602,-0.030494369241342,0.2104018474966083,-0.0964913889765739,0.0754115879535675,-0.086998239159584,-0.0151096582412719,0.0288479924201965,0.0052721481770277,XArbitraryCorrectedZVertical,0.1059720263563043,-0.0048712333745553,0.095186695852377,0.9897907151127618,0.9892001152038574,-0.1455319225788116,0.0174176562577486,40.965087890625,-17.38951110839844,11.17143249511719,-1,2,10594
2025-11-20T22:23:27.903+01:00,12464,630770.169679,0.1923858187408688,-0.0268345593647144,0.2083772222226034,-0.0176598019897937,0.0988069400191307,-0.0505182147026062,0.0061995983123779,0.0391122549772262,0.0159125309437513,XArbitraryCorrectedZVertical,0.1047917388643222,-0.0032946682324189,0.0941263032272298,0.9900242679414852,0.9894973635673524,-0.1431313753128052,0.0202050302177667,41.01495361328125,-17.2872314453125,11.50888061523438,-1,2,10595
2025-11-20T22:23:27.938+01:00,12465,630770.204596,0.1909201928100917,-0.0230973876611064,0.20924279606244,0.0668136104941368,0.083689197897911,-0.0311079062521457,0.010111391544342,0.0299028158187866,0.0323859415948391,XArbitraryCorrectedZVertical,0.1050429830965309,-0.0014798383930437,0.0935871770100929,0.9900530856985574,0.9896290302276612,-0.1416733860969543,0.0237205941230058,40.8526611328125,-17.25221252441406,11.289794921875,-1,2,10596
2025-11-20T22:23:27.973+01:00,12466,630770.239512,0.1896935313220159,-0.0209654568649307,0.2122764940843217,0.1069429218769073,0.0140363993123173,-0.051311545073986,0.0258791446685791,0.0019026696681976,0.0526431761682033,XArbitraryCorrectedZVertical,0.1064442962212264,-0.0003443272831772,0.093060997127372,0.9899540591333,0.9897609353065492,-0.1403456330299377,0.0260005351155996,40.920654296875,-17.22650146484375,11.31089782714844,-1,2,10597
2025-11-20T22:23:28.010+01:00,12467,630770.2744280001,0.188624001043525,-0.0209969369880383,0.2165710497702965,0.1327294558286667,-0.0227075815200805,-0.0059730848297476,0.0331905484199523,0.0095481127500534,0.0526536703109741,XArbitraryCorrectedZVertical,0.1085706635370012,-0.0002133904472188,0.09248595971021,0.989777105326078,0.9899263978004456,-0.1391104459762573,0.0263410899788141,40.9659423828125,-17.26786804199219,11.472412109375,-1,2,10598
2025-11-20T22:23:28.043+01:00,12468,630770.3093450001,0.1891751703824472,-0.0223388192607811,0.2210194286301528,0.1205818429589272,-0.0440543815493583,0.032066561281681,0.0262011885643005,-0.0109591782093048,0.0557755194604396,XArbitraryCorrectedZVertical,0.1108335511586003,-0.0006360355877406,0.0926383452175862,0.989511784059976,0.9898966550827026,-0.1394313871860504,0.0257520917803049,40.7900390625,-17.19117736816406,11.31364440917969,-1,2,10599
2025-11-20T22:23:28.078+01:00,12469,630770.344261,0.1906804780169523,-0.0243902152624772,0.224819538344286,0.098416693508625,-0.0678257718682289,0.0412237830460071,0.0059652924537658,-0.0209671109914779,0.0484557151794433,XArbitraryCorrectedZVertical,0.1128090181903807,-0.0013851785414728,0.0932263008815618,0.989232595339028,0.9897469282150269,-0.1406997442245483,0.0245880484580993,40.847412109375,-17.49639892578125,11.50129699707031,-1,2,10600
2025-11-20T22:23:28.113+01:00,12470,630770.379177,0.1930345855251721,-0.0280668740347561,0.2277919786849635,0.0868527963757515,-0.0986534506082534,0.091321587562561,-0.0056957006454467,-0.0222326815128326,0.0314579010009765,XArbitraryCorrectedZVertical,0.1144533663792591,-0.0029260880372419,0.0941462730246919,0.9889532353671956,0.9895061850547792,-0.1428216397762299,0.021902110427618,40.79693603515625,-17.42005920410156,11.31193542480469,-1,2,10601
2025-11-20T22:23:28.148+01:00,12471,630770.414094,0.1972263235595708,-0.0322752652191982,0.2312672887017717,0.1245054006576538,-0.0847868993878364,0.1418904960155487,-0.0188132524490356,-0.0227076858282089,0.0181504506617784,XArbitraryCorrectedZVertical,0.1163787557637921,-0.0045935999907591,0.0959304154326037,0.9885506463748688,0.9889976382255554,-0.1466801017522812,0.0192030370235443,40.6654052734375,-17.61763000488281,11.060302734375,-1,2,10602
2025-11-20T22:23:28.183+01:00,12472,630770.44901,0.2032347460008756,-0.0363163163319335,0.2362329878346949,0.1647832840681076,-0.0760732293128967,0.169896274805069,-0.0180294513702392,-0.0501848608255386,0.0247589331120252,XArbitraryCorrectedZVertical,0.1190438847812935,-0.0059854053276583,0.0985905175578704,0.9879638732387068,0.9881983995437622,-0.1521924287080765,0.017355328425765,40.52685546875,-17.65737915039062,11.34577941894531,-1,2,10603
2025-11-20T22:23:28.217+01:00,12473,630770.4839260001,0.209845155632392,-0.0406324760177172,0.2414096834790234,0.145076259970665,-0.078676514327526,0.1768278330564499,-0.0302928686141967,-0.0598934888839721,0.0371646881103515,XArbitraryCorrectedZVertical,0.1218371409510064,-0.0074479642228438,0.101513997208547,0.9873172180827032,0.9872784614562988,-0.1582461446523666,0.0154781062155962,40.56787109375,-18.07513427734375,11.260498046875,-1,2,10604
2025-11-20T22:23:28.252+01:00,12474,630770.518842,0.2162956892403253,-0.0447784153244575,0.2454908252881887,0.1014056354761124,-0.0681613236665725,0.1658933013677597,-0.004219114780426,-0.0908980369567871,0.0349775552749633,XArbitraryCorrectedZVertical,0.1240898369042726,-0.0088768578711574,0.1043731692147763,0.9867265570297514,0.9863358736038208,-0.1641831248998642,0.0136217046529054,40.31890869140625,-18.3822021484375,11.03717041015625,-1,2,10605
2025-11-20T22:23:28.290+01:00,12475,630770.553759,0.2211074187060637,-0.0483881290481441,0.2483381894714444,0.0717498585581779,-0.0800214111804962,0.0949603840708732,0.049329400062561,-0.1243597418069839,0.0240198373794555,XArbitraryCorrectedZVertical,0.1257066436225897,-0.0101986677347756,0.1064693171449558,0.9862850234009762,0.9856131672859192,-0.1686089783906937,0.0117315035313367,40.3302001953125,-18.69149780273438,10.87745666503906,-1,2,10606
2025-11-20T22:23:28.322+01:00,12476,630770.588675,0.2235503007195951,-0.0516531469709214,0.2494120884445931,0.0020020091906189,-0.0820502191781997,0.0256805885583162,0.0561481714248657,-0.1016024500131607,0.0161423683166503,XArbitraryCorrectedZVertical,0.126423718323747,-0.011593888844278,0.1074474384885925,0.9860718872406868,0.9852489829063416,-0.1708737462759018,0.0093092080205678,40.322021484375,-18.82362365722656,11.14118957519531,-1,2,10607
2025-11-20T22:23:28.357+01:00,12477,630770.623591,0.2242825995052081,-0.0546168041808349,0.2481823270939198,-0.0652796700596809,-0.066994234919548,0.051418125629425,0.0429074168205261,-0.0486301630735397,0.0030057425610721,XArbitraryCorrectedZVertical,0.1259817371799631,-0.0130790372971357,0.1076461112847817,0.9860881673575452,0.985138177871704,-0.1716456711292267,0.006363152526319,40.18853759765625,-18.97232055664062,10.71463012695312,-1,2,10608
2025-11-20T22:23:28.392+01:00,12478,630770.65850775,0.2279214243493732,-0.0575589192406674,0.2454570465748008,-0.071824163198471,-0.0539035312831401,0.1625213027000427,-0.0169208049774169,0.0081186294555664,-0.0224430561065673,XArbitraryCorrectedZVertical,0.1248237795692844,-0.014458595444716,0.1093122788239812,0.9860328787644718,0.9845110774040222,-0.1752786189317703,0.0039035785011947,40.04766845703125,-19.2381591796875,10.62205505371094,-1,2,10609
2025-11-20T22:23:28.427+01:00,12479,630770.69342375,0.2324416489987485,-0.0598211114756501,0.2434223347493608,-0.030473843216896,-0.0168949924409389,0.0360158309340477,-0.0805487632751464,0.0066910833120346,-0.0371985435485839,XArbitraryCorrectedZVertical,0.1239801481755466,-0.0154121728961481,0.1114436196652184,0.9858862563048292,0.9837164878845216,-0.1797104626893997,0.002438997849822,40.12310791015625,-19.50726318359375,10.65072631835938,-1,2,10610
2025-11-20T22:23:28.462+01:00,12480,630770.7283397501,0.2312796213960043,-0.0593722329437587,0.243024962097322,0.0013758494751527,0.0350962914526462,-0.0494125559926033,-0.0282098054885864,0.0332415848970413,-0.0340621471405029,XArbitraryCorrectedZVertical,0.1237505524348408,-0.0152863742171289,0.1109072028092526,0.985977549908405,0.9839135408401488,-0.1786272972822189,0.0025221863761544,40.277099609375,-19.4100341796875,10.55580139160156,-1,2,10611
2025-11-20T22:23:28.497+01:00,12481,630770.7632567501,0.2307001512713135,-0.0566316410920354,0.24303096533785,-0.0182345565408468,0.1126790195703506,0.0128107815980911,-0.0572003126144409,0.0715682655572891,-0.0243792533874511,XArbitraryCorrectedZVertical,0.123597376413239,-0.0139707363483663,0.1107908660956342,0.9860293512260094,0.9840038418769836,-0.1780745685100555,0.0050768442451953,40.126708984375,-19.52186584472656,10.67947387695312,-1,2,10612
2025-11-20T22:23:28.532+01:00,12482,630770.79817275,0.2308725390139398,-0.0523357981395062,0.24197506864703,-0.0390136800706386,0.1233260929584503,-0.0021244334056973,-0.0278783440589904,0.0654032677412033,-0.0205107945948839,XArbitraryCorrectedZVertical,0.1228399331481835,-0.0119041604403999,0.111162056497128,0.9861093067828844,0.9839328527450562,-0.1783030033111572,0.0091582490131258,40.146484375,-19.57463073730469,10.90101623535156,-1,2,10613
2025-11-20T22:23:28.570+01:00,12483,630770.83308875,0.2302242345490136,-0.0483887492562131,0.2410460457988216,-0.006586916744709,0.0832383185625076,-0.0357695259153842,-0.0019547343254089,0.0714482069015502,-0.026070237159729,XArbitraryCorrectedZVertical,0.1221592815703295,-0.0100520696555421,0.1111021041256137,0.9862213058348016,0.9839951395988464,-0.1777409017086029,0.0127187650650739,40.1875,-19.72430419921875,11.28854370117188,-1,2,10614
2025-11-20T22:23:28.602+01:00,12484,630770.86800575,0.2290378077276596,-0.0459722539659577,0.2418417722703208,0.0406828299164772,0.0506615079939365,-0.0262104868888855,-0.0039057731628417,0.0837268680334091,-0.0209150314331054,XArbitraryCorrectedZVertical,0.1224118282180629,-0.0088866336294228,0.110650064549189,0.9862519916940572,0.9841760993003844,-0.1765613108873367,0.0149488002061843,39.999755859375,-19.76972961425781,11.1375732421875,-1,2,10615
2025-11-20T22:23:28.636+01:00,12485,630770.9029217501,0.2275238542545422,-0.0439095172366835,0.2436372785265033,0.0642355978488922,0.042882926762104,-0.0514421463012695,0.018187940120697,0.0546785444021225,-0.0161770563572645,XArbitraryCorrectedZVertical,0.1231765499296002,-0.0078585083601624,0.1099978732088042,0.9862384990054626,0.9844213724136353,-0.1750093400478363,0.0169247332960367,39.95574951171875,-19.69281005859375,11.08323669433594,-1,2,10616
2025-11-20T22:23:28.672+01:00,12486,630770.9378377501,0.2269165195883753,-0.04225578143489,0.2466579236713113,0.104144275188446,0.0373560562729835,-2.905819565057755e-05,0.0189286470413208,0.0774769484996795,-0.0176332015544176,XArbitraryCorrectedZVertical,0.1245719986805394,-0.0069068454724174,0.1097478326344442,0.9860981182481025,0.9845197200775146,-0.1742481291294098,0.0189300999045372,39.9144287109375,-19.63528442382812,11.27352905273438,-1,2,10617
2025-11-20T22:23:28.706+01:00,12487,630770.97275475,0.2273847574630341,-0.041217536682842,0.2511632031549926,0.1690977513790131,0.0389902032911777,0.0191372744739055,0.0141150951385498,0.0767175108194351,-0.0249586086720228,XArbitraryCorrectedZVertical,0.12673615424402,-0.0061065377533697,0.1099658598064907,0.9858033662603418,0.98445063829422,-0.1744195222854614,0.0208539683371782,39.92010498046875,-19.6524658203125,11.48460388183594,-1,2,10618
2025-11-20T22:23:28.741+01:00,12488,630771.00767075,0.2284522669058515,-0.0395832829079087,0.2583836816205787,0.2386344224214554,0.0570107400417327,0.0134098567068576,0.0041705965995788,0.0622996687889099,-0.0211113654077053,XArbitraryCorrectedZVertical,0.1302049839756282,-0.0048163198410854,0.1104728732603181,0.985301639107136,0.9842785596847534,-0.17498579621315,0.0239952094852924,39.82171630859375,-19.63078308105469,11.72615051269531,-1,2,10619
2025-11-20T22:23:28.776+01:00,12489,630771.04258675,0.2288191805223205,-0.0384069046755078,0.2672247001548071,0.2625246942043304,0.0106363296508789,-0.0080101788043975,0.0222861766815185,0.042980208992958,-0.0072475709021091,XArbitraryCorrectedZVertical,0.1344924422930854,-0.0037016462018782,0.1105804958579132,0.9847182299287248,0.984244465827942,-0.1747703403234482,0.0267941001802682,39.76397705078125,-19.47380065917969,11.73651123046875,-1,2,10620
2025-11-20T22:23:28.811+01:00,12490,630771.0775027501,0.2292149934472877,-0.0387444150772223,0.2759803583796154,0.2356712967157364,-0.0138775780797004,0.023486353456974,-0.0191097259521484,0.0604825466871261,0.0046175699681043,XArbitraryCorrectedZVertical,0.1388188027722981,-0.0033338653639442,0.110601438312603,0.9841166436832166,0.9842433333396912,-0.1745724678039551,0.0280972868204116,39.8619384765625,-19.53138732910156,12.06210327148438,-1,2,10621
2025-11-20T22:23:28.850+01:00,12491,630771.1124197501,0.2311176303237141,-0.0395634676389196,0.2832768749067546,0.1776987016201019,-0.0099405888468027,0.0611800663173198,-0.0304293632507324,0.0463778376579284,0.0019991435110569,XArbitraryCorrectedZVertical,0.1424542709201737,-0.0031783284878465,0.1113511378428401,0.98351294354097,0.9839816689491272,-0.1758791506290436,0.0290982220321893,39.83453369140625,-19.28939819335938,12.22526550292969,-1,2,10622
2025-11-20T22:23:28.881+01:00,12492,630771.14733575,0.2337769459702281,-0.0413417634144778,0.2879176039502024,0.0969652980566024,-0.043181724846363,0.0765643119812011,-0.0152860283851623,0.019312784075737,-0.0095307826995849,XArbitraryCorrectedZVertical,0.1448382794403361,-0.0035886903270846,0.1124464148620422,0.9830385831401728,0.9835934638977052,-0.1780651807785034,0.0289246477186679,39.77667236328125,-19.46334838867188,12.1290283203125,-1,2,10623
2025-11-20T22:23:28.916+01:00,12493,630771.18225175,0.2374212015628915,-0.0438928418956345,0.2907178209925345,0.0813048630952835,-0.0382654555141925,0.1144911646842957,-0.0230089426040649,0.0217343568801879,-0.0356431007385253,XArbitraryCorrectedZVertical,0.1463650550393817,-0.0044099637400905,0.1139985154948494,0.982630237479932,0.9830308556556702,-0.1812954545021057,0.0279678832739591,39.59942626953125,-19.64210510253906,12.06440734863281,-1,2,10624
2025-11-20T22:23:28.951+01:00,12494,630771.21716875,0.2411404246158589,-0.0460782880353585,0.2937541188027089,0.0946925282478332,-0.0193514488637447,0.0708772763609886,-0.0353838801383972,-0.0007944554090499,-0.0472327470779418,XArbitraryCorrectedZVertical,0.147989535257786,-0.0050256197826356,0.1156046813748796,0.982196250661544,0.9824358820915222,-0.1845692843198776,0.0274573862552642,39.59320068359375,-19.7410888671875,11.97052001953125,-1,2,10625
2025-11-20T22:23:28.986+01:00,12495,630771.25208475,0.242424152964948,-0.0466577039020067,0.2962701416269637,0.0458894595503807,-0.0012123510241508,8.792569860816002e-05,-0.0334751009941101,-0.0201603919267654,-0.0386863946914672,XArbitraryCorrectedZVertical,0.1492607649662092,-0.0050604555102339,0.1161410533812385,0.9819403740850864,0.9822360277175904,-0.185589075088501,0.0277305115014314,39.54833984375,-19.84562683105469,12.02285766601562,-1,2,10626
2025-11-20T22:23:29.021+01:00,12496,630771.2870007501,0.2424600964169884,-0.0463195974439012,0.2969196190896148,-0.0059186113066971,0.0288595296442508,0.0053940080106258,-0.0174886584281921,-0.0252861976623535,-0.043574571609497,XArbitraryCorrectedZVertical,0.1495598125337884,-0.0048518401888123,0.1161707467090314,0.9818924208100136,0.98222553730011,-0.1855749636888504,0.0281936451792717,39.5107421875,-19.84564208984375,12.166748046875,-1,2,10627
2025-11-20T22:23:29.055+01:00,12497,630771.32191775,0.2423920612494124,-0.044419055446507,0.2960635767891292,-0.0307741276919841,0.0707629919052124,-0.0075493743643164,-0.0100841522216796,-0.0260041803121566,-0.0508015118539333,XArbitraryCorrectedZVertical,0.1490292577949948,-0.0039764218293161,0.1162963796259267,0.9819622310948845,0.9821759462356568,-0.1855741739273071,0.0298817381262779,39.611083984375,-19.64878845214844,11.96827697753906,-1,2,10628
2025-11-20T22:23:29.090+01:00,12498,630771.35683375,0.2420837795999713,-0.042023505081845,0.2949962959782377,-0.0335459411144256,0.0535320974886417,-0.0043297968804836,0.0200466513633728,-0.0424655228853225,-0.0472661219537258,XArbitraryCorrectedZVertical,0.1483657754270588,-0.0028885564239011,0.1163439324877881,0.9820608468969158,0.9821507334709167,-0.1853634417057037,0.0319462157785892,39.712646484375,-19.88201904296875,12.18931579589844,-1,2,10629
2025-11-20T22:23:29.130+01:00,12499,630771.39174975,0.2425709858220341,-0.0403707446933937,0.2936985375642763,-0.035080499947071,0.0622184723615646,0.030639462172985,0.0102834701538085,-0.0387246459722518,-0.0495384894311428,XArbitraryCorrectedZVertical,0.1476332963536595,-0.0021204294959229,0.1167301007005737,0.9821273562937594,0.9819956421852112,-0.1859152168035507,0.0334709957242012,39.7037353515625,-19.95748901367188,12.38491821289062,-1,2,10630
2025-11-20T22:23:29.160+01:00,12500,630771.42666675,0.2436137664827663,-0.0376007573819084,0.2927167682381251,-0.0264627058058977,0.1082040593028069,0.0274779647588729,0.0089206099510192,-0.0509346574544906,-0.0429941453039646,XArbitraryCorrectedZVertical,0.1469901075523412,-0.0007436264449583,0.1174643033731284,0.982138176094313,0.9816951155662536,-0.1869650781154633,0.0363107360899448,39.705078125,-20.19380187988281,12.33261108398438,-1,2,10631
2025-11-20T22:23:29.195+01:00,12501,630771.4615827501,0.2441424827831095,-0.0338685091477976,0.2911946617227102,-0.0656767189502716,0.1035939082503319,0.0027583902701735,0.0031920075416564,-0.056064635515213,-0.0256209410727024,XArbitraryCorrectedZVertical,0.1460233348039928,0.0010344315367335,0.1180241655712882,0.9822150089945496,0.9814422726631165,-0.1875723749399185,0.0398421064019203,39.36956787109375,-20.15640258789062,12.54171752929688,-1,2,10632
2025-11-20T22:23:29.230+01:00,12502,630771.49649875,0.2444270099166759,-0.0310096551620828,0.2882606706089312,-0.096506230533123,0.0666609555482864,0.0257487557828426,0.0417574644088745,-0.0504722446203231,-0.0194276608526706,XArbitraryCorrectedZVertical,0.1444138956882877,0.0022789779456837,0.1184206543578097,0.9824031620932486,0.9812527298927308,-0.1880531013011932,0.0421783924102783,39.3463134765625,-20.14820861816406,12.58547973632812,-1,2,10633
2025-11-20T22:23:29.265+01:00,12503,630771.53141575,0.245425191098041,-0.0294209544550926,0.2851185072484072,-0.0717021152377128,0.0434301681816577,0.0420136488974094,0.0654124617576599,-0.0610867440700531,-0.026077751070261,XArbitraryCorrectedZVertical,0.1427755379712979,0.0029377871680977,0.1190757984099577,0.9825616539921798,0.9809741377830504,-0.1892183572053909,0.0434269718825817,39.401123046875,-20.26939392089844,12.57597351074219,-1,2,10634
2025-11-20T22:23:29.300+01:00,12504,630771.56633175,0.2476623769413414,-0.0284560699146138,0.2831775619551609,-0.0345344357192516,0.0430288389325141,0.069547027349472,-0.0057077407836914,-0.026296854019165,-0.0182334147393703,XArbitraryCorrectedZVertical,0.1417611486708176,0.0034508638421492,0.1202741948921714,0.9825610342734944,0.9804850220680236,-0.1914613395929337,0.0446311421692371,39.11383056640625,-20.32496643066406,12.66128540039062,-1,2,10635
2025-11-20T22:23:29.335+01:00,12505,630771.60124775,0.2502727561454173,-0.0279268096414782,0.2828674493488756,0.0204941499978303,0.0255973301827907,0.068994253873825,0.0076358318328857,-0.0253626257181167,-0.0171319209039211,XArbitraryCorrectedZVertical,0.1415721005895978,0.0038763996911936,0.1215988867147152,0.9824236325948764,0.9799436330795288,-0.1939366906881332,0.0458183325827121,39.15155029296875,-20.56959533691406,12.44317626953125,-1,2,10636
2025-11-20T22:23:29.370+01:00,12506,630771.6361647501,0.2519003256839098,-0.0277978797428693,0.2835242470387819,0.0138622689992189,0.0122346458956599,0.0136928874999284,-0.0152148008346557,-0.01327745616436,0.0088323354721069,XArbitraryCorrectedZVertical,0.1418834399333261,0.0040964097690842,0.1223971550550979,0.9822786381991824,0.9796159863471984,-0.1954169869422913,0.0465264469385147,39.16253662109375,-20.60586547851562,12.53804016113281,-1,2,10637
2025-11-20T22:23:29.409+01:00,12507,630771.6710806667,0.2523648981073615,-0.0276186726608347,0.2840345043042585,0.0160295441746711,0.0025945105589926,0.0259156487882137,0.0187739133834838,0.0010370165109634,0.0144087076187133,XArbitraryCorrectedZVertical,0.1421219700121072,0.0042496572393985,0.122630037173682,0.9822144314669604,0.9795170426368712,-0.1958154290914536,0.0469315536320209,39.16607666015625,-20.70840454101562,12.44241333007812,-1,2,10638
2025-11-20T22:23:29.440+01:00,12508,630771.7059966667,0.2545175009619708,-0.0291850348635731,0.2839584982914223,-0.0172872822731733,-0.0627615824341774,0.0961352512240409,0.0470902323722839,0.010173425078392,0.0288442336022853,XArbitraryCorrectedZVertical,0.1421768431545976,0.0036286212972541,0.1235770150559138,0.9820902446635013,0.9791547656059264,-0.1978412121534348,0.0459847636520862,39.04595947265625,-20.97634887695312,12.59605407714844,-1,2,10639
2025-11-20T22:23:29.474+01:00,12509,630771.7409136667,0.2589469080814925,-0.0331351488331513,0.2831188853802694,-0.0171242635697126,-0.0951099544763565,0.1382831633090973,0.0537143945693969,-0.0074444860219955,0.0179671049118042,XArbitraryCorrectedZVertical,0.142004611408412,0.0019497199962893,0.1254851952809237,0.9818779706862328,0.9784205555915833,-0.2020586580038071,0.0431900396943092,38.84283447265625,-21.11021423339844,12.67098999023438,-1,2,10640
2025-11-20T22:23:29.510+01:00,12510,630771.7758296668,0.2644549725831403,-0.0385318859353824,0.2822248117750819,-0.0282797515392303,-0.1195729523897171,0.1649967879056931,-0.0340403914451599,0.0068491250276565,0.0182547606527805,XArbitraryCorrectedZVertical,0.1419056006275333,-0.0003672794668126,0.1278219515704982,0.9815927695234052,0.9774913787841796,-0.2072885781526566,0.039270780980587,38.6427001953125,-21.20014953613281,12.40420532226562,-1,2,10641
2025-11-20T22:23:29.544+01:00,12511,630771.8107456667,0.2704028219591876,-0.0440751931993771,0.2805882795575174,-0.0557263605296611,-0.092219591140747,0.1670971065759659,-0.130307137966156,0.0207692384719848,0.02030611038208,XArbitraryCorrectedZVertical,0.141465646275573,-0.0027765086110629,0.130379910095289,0.9813158854314452,0.9764222502708436,-0.212984174489975,0.0351747646927833,38.7401123046875,-21.48773193359375,12.2119140625,-1,2,10642
2025-11-20T22:23:29.579+01:00,12512,630771.8456626667,0.2745683366502421,-0.0470620913268021,0.2781327909790947,-0.0713022053241729,-0.0135706141591072,0.0421574600040912,-0.1708216667175293,0.0175811648368835,0.0258387327194213,XArbitraryCorrectedZVertical,0.1404652672063911,-0.0041173201091007,0.1322637637142506,0.9812027786672868,0.9756006598472596,-0.2170745432376862,0.0328923501074314,38.7135009765625,-21.85675048828125,11.99656677246094,-1,2,10643
2025-11-20T22:23:29.614+01:00,12513,630771.8805786667,0.2727005718850788,-0.0465436283481744,0.2753688750108224,-0.0982549935579299,0.0070542125031352,-0.1273999661207199,-0.1017999649047852,0.0050320178270339,0.0442380830645561,XArbitraryCorrectedZVertical,0.1390722418379818,-0.0041844989623811,0.1314412521861983,0.9815113391338846,0.9759605526924132,-0.2155421823263168,0.0322847738862037,38.7493896484375,-21.84503173828125,11.95014953613281,-1,2,10644
2025-11-20T22:23:29.650+01:00,12514,630771.9154956667,0.2655877533361328,-0.0443684122260774,0.2719961872859377,-0.1090730205178261,0.0067951111122965,-0.2459675371646881,-0.0127425193786621,0.0042638033628463,0.0525087118148803,XArbitraryCorrectedZVertical,0.1372624416547019,-0.0038372623206118,0.1281681096147653,0.9822002189939476,0.9773726463317872,-0.2091282606124878,0.0317502841353416,39.07733154296875,-21.89479064941406,11.73387145996094,-1,2,10645
2025-11-20T22:23:29.689+01:00,12515,630771.9504116667,0.2553287021122522,-0.041391341542098,0.2685202590432241,-0.1150111705064774,-0.0020100590772926,-0.3039699792861938,0.0084999799728393,0.026057168841362,0.0572989024221897,XArbitraryCorrectedZVertical,0.13535038704572,-0.0033023141077641,0.123397519050626,0.9830781221378088,0.9793540835380554,-0.199732705950737,0.031186768785119,39.26312255859375,-21.55621337890625,11.64347839355469,-1,2,10646
2025-11-20T22:23:29.719+01:00,12516,630771.9853276667,0.2444219323764581,-0.0391378767862093,0.2646732481404707,-0.1271244585514069,-0.035643957555294,-0.2728127539157867,0.0754644274711608,0.0358534604310989,0.0511845424771308,XArbitraryCorrectedZVertical,0.1333060325310751,-0.0031692989414829,0.1182551962907602,0.9839895298059904,0.9813899993896484,-0.1897078454494476,0.0297480802983045,39.27740478515625,-21.12728881835938,11.72111511230469,-1,2,10647
2025-11-20T22:23:29.754+01:00,12517,630772.0202446667,0.2369383548317672,-0.0388696924459978,0.2607347624495047,-0.1091092377901077,-0.0479501597583293,-0.1103710979223251,0.0845979452133178,0.0464888215065002,0.0305595379322767,XArbitraryCorrectedZVertical,0.1313402552430779,-0.0037717494391769,0.1146585341869606,0.9846770723313756,0.9827542901039124,-0.1828870922327042,0.0273169688880443,39.73974609375,-21.17543029785156,11.45379638671875,-1,2,10648
2025-11-20T22:23:29.789+01:00,12518,630772.0551606667,0.2355436712191762,-0.0397978758303799,0.2577931784099604,-0.0621607229113578,-0.0255285277962684,0.0100059956312179,0.0322459936141967,0.0354393571615219,0.0082294922322034,XArbitraryCorrectedZVertical,0.1299428566347839,-0.0044954449399231,0.1139620403817115,0.9849402427376986,0.9830127358436584,-0.1817558407783508,0.025507653132081,39.68115234375,-21.0849609375,11.29173278808594,-1,2,10649
2025-11-20T22:23:29.823+01:00,12519,630772.0900766667,0.2352524160355914,-0.0401294152409069,0.2567168989412033,0.0039438628591597,-0.0009730099700391,-0.0434613972902298,-0.0102574825286865,0.0120084285736084,0.0120756663382053,XArbitraryCorrectedZVertical,0.1294313201010626,-0.0047416404457366,0.1138157880773652,0.9850234202123302,0.9830663800239564,-0.1815488338470459,0.0249116271734237,39.61578369140625,-21.093994140625,11.21049499511719,-1,2,10650
2025-11-20T22:23:29.859+01:00,12520,630772.1249936667,0.2323234166954036,-0.0392231244622575,0.2579238509048523,0.0526379570364952,0.0067031942307949,-0.121589258313179,-0.0523062944412231,0.014247253537178,0.0296955071389675,XArbitraryCorrectedZVertical,0.1299674786741307,-0.0044138908194844,0.1124111162267143,0.985115557352518,0.9835805892944336,-0.178691178560257,0.0252666547894477,39.6898193359375,-20.97488403320312,11.36398315429688,-1,2,10651
2025-11-20T22:23:29.893+01:00,12521,630772.1599096667,0.227271765856824,-0.0376563532479583,0.2601318710124929,0.0611182898283004,0.0114784874022007,-0.1484350562095642,-0.0547916889190673,0.0199001729488372,0.0466949939727783,XArbitraryCorrectedZVertical,0.1309569583659489,-0.0038434249834748,0.1099876501181215,0.9852605400505712,0.9844486117362976,-0.1737545132637024,0.0258910283446312,39.839111328125,-20.89698791503906,11.577392578125,-1,2,10652
2025-11-20T22:23:29.930+01:00,12522,630772.1948266667,0.2222621084854618,-0.0361150110023804,0.2622656813270803,0.0457778088748455,-0.0074597490020096,-0.1358299404382706,-0.038201630115509,0.0275510400533676,0.0600478574633598,XArbitraryCorrectedZVertical,0.1319148813429869,-0.0032921220792545,0.1075859082749068,0.9853997939858276,0.98528391122818,-0.1688626110553741,0.0264694020152092,39.8758544921875,-20.63545227050781,11.158203125,-1,2,10653
2025-11-20T22:23:29.970+01:00,12523,630772.2297426667,0.2179087527970283,-0.0359447511917734,0.2635304102472827,0.0182960368692874,-0.0474820062518119,-0.0926862135529518,-0.0068455934524536,0.0124568045139312,0.0601687394082546,XArbitraryCorrectedZVertical,0.1325213530414457,-0.0034257048465999,0.1054317730549668,0.9855508039470868,0.9860171675682068,-0.1646479070186615,0.0257076453417539,39.9957275390625,-20.399169921875,11.13478088378906,-1,2,10654
2025-11-20T22:23:29.998+01:00,12524,630772.2646586667,0.2158616316132336,-0.0376590397065014,0.2632469710309146,-0.0241567250341177,-0.0746094807982444,-0.0145468916743993,-0.0034993290901184,0.0045311599969863,0.0446512699127197,XArbitraryCorrectedZVertical,0.1324676046356756,-0.0044216793969958,0.1043139435376068,0.9856731304771732,0.986394226551056,-0.1627189964056015,0.0234333500266075,40.24444580078125,-20.47808837890625,11.36253356933594,-1,2,10655
2025-11-20T22:23:30.033+01:00,12525,630772.2995756667,0.2165798337370473,-0.0402600629551544,0.2622023232653571,-0.0325488857924938,-0.063882827758789,0.0386488735675811,-0.0234831571578979,0.0086343139410018,0.0282626170665025,XArbitraryCorrectedZVertical,0.132090655625774,-0.0057132595759194,0.1045132812634607,0.9856959662699804,0.9863280653953552,-0.1634652316570282,0.0208859536796808,40.423095703125,-20.61105346679688,11.38502502441406,-1,2,10656
2025-11-20T22:23:30.068+01:00,12526,630772.3344916668,0.2177608414158638,-0.0426588407865072,0.2610482634241461,-0.0282427873462438,-0.0497001856565475,0.0330369882285594,0.0059671998023986,-0.0392447412014007,0.0134339351207017,XArbitraryCorrectedZVertical,0.1316515514798905,-0.0068811620027449,0.1049571178896092,0.985700102552994,0.9861746430397034,-0.1646584272384644,0.0186400301754474,40.51654052734375,-20.66181945800781,11.16067504882812,-1,2,10657
2025-11-20T22:23:30.103+01:00,12527,630772.3694086667,0.2187033861210525,-0.0439923505528525,0.2605140529723072,-0.0039263158105313,-0.0161784943193197,0.016433872282505,-0.0101947784423828,-0.0449381023645401,0.0062597971409559,XArbitraryCorrectedZVertical,0.1314619463561879,-0.0075059559376973,0.1053434243499584,0.985679532862452,0.9860400557518004,-0.1655873656272888,0.0174828767776489,40.39349365234375,-20.71806335449219,11.23707580566406,-1,2,10658
2025-11-20T22:23:30.138+01:00,12528,630772.4043246667,0.2185307953278898,-0.0444608428351748,0.2611132053496454,0.0382554307579994,-0.0161872431635856,-0.0356531590223312,-0.0039032101631164,-0.0444063246250152,0.0116572398692369,XArbitraryCorrectedZVertical,0.1317810354595986,-0.0077149518600178,0.1052167501858523,0.9856489072654082,0.9860810041427612,-0.165386751294136,0.0170749928802251,40.64715576171875,-20.99580383300781,11.09457397460938,-1,2,10659
2025-11-20T22:23:30.173+01:00,12529,630772.4392406667,0.2162840108993371,-0.0445364485845798,0.2633162464578984,0.0798622518777847,-0.0291123855859041,-0.0809557363390922,0.013962984085083,-0.0367279201745986,0.0200784187763929,XArbitraryCorrectedZVertical,0.1328613011528985,-0.0077792255560932,0.1040647250739159,0.9856256238864456,0.9864642024040222,-0.1631164103746414,0.0167715363204479,40.577392578125,-20.83613586425781,10.90899658203125,-1,2,10660
2025-11-20T22:23:30.209+01:00,12530,630772.4741576667,0.2149778481931955,-0.0457626281135613,0.2666165031503362,0.099278874695301,-0.0595059469342231,0.0236791502684354,0.0538851618766784,-0.0295487493276596,0.0257533770054578,XArbitraryCorrectedZVertical,0.1345448430903131,-0.0082899195871629,0.1032789527720105,0.9854757071291146,0.9867183566093444,-0.161674365401268,0.0157504621893167,40.9287109375,-20.73753356933594,10.97789001464844,-1,2,10661
2025-11-20T22:23:30.243+01:00,12531,630772.5090736668,0.2185196748303421,-0.0490240098092149,0.2701714772999619,0.112909659743309,-0.0785531252622604,0.1492296755313873,0.0276312232017517,-0.0276411771774292,0.0260034818202257,XArbitraryCorrectedZVertical,0.1364802197477819,-0.0094605204122488,0.1047355659612162,0.9850453201708862,0.9862238168716432,-0.1648179143667221,0.0140660433098673,40.80126953125,-20.74736022949219,11.10885620117188,-1,2,10662
2025-11-20T22:23:30.278+01:00,12532,630772.5439906667,0.2248717801134357,-0.0536902023452816,0.2737903902663605,0.1128155291080475,-0.0894127339124679,0.1658058762550354,0.0238106250762939,-0.0735178589820861,0.0171540975570678,XArbitraryCorrectedZVertical,0.1385409286465132,-0.0111167781216806,0.1074694848930045,0.9844455757480246,0.985268235206604,-0.1706074476242065,0.0118070812895894,40.8521728515625,-21.17237854003906,10.86335754394531,-1,2,10663
2025-11-20T22:23:30.312+01:00,12533,630772.5789066667,0.2303087679458387,-0.0582354831441291,0.2777800212670875,0.1212111338973045,-0.0739861354231834,0.1400162726640701,0.0388491749763488,-0.1025898903608322,0.0073777455836534,XArbitraryCorrectedZVertical,0.1407816245773639,-0.0127418440033902,0.1097414382690902,0.98385731840354,0.9844359159469604,-0.175486296415329,0.0095289461314678,41.0264892578125,-21.29747009277344,11.01292419433594,-1,2,10664
2025-11-20T22:23:30.348+01:00,12534,630772.6138226667,0.2346985988759786,-0.0610873422749602,0.2811040230968572,0.0710691288113594,-0.0325819887220859,0.0780732035636901,0.0001636147499084,-0.1059352904558182,0.0143562545999884,XArbitraryCorrectedZVertical,0.1426015904087088,-0.0136357366197638,0.1116227713287588,0.9833713072443424,0.9837381839752196,-0.1794040203094482,0.0085471346974372,41.04327392578125,-21.68269348144531,11.01986694335938,-1,2,10665
2025-11-20T22:23:30.382+01:00,12535,630772.6487396667,0.2361797018886929,-0.0618764017364277,0.2822347947735492,-0.0067651914432644,0.0080454032868146,0.0003594700247049,-0.0276879072189331,-0.0753660798072814,0.0133790969848632,XArbitraryCorrectedZVertical,0.1432112839138053,-0.0138497083854774,0.1122681535734002,0.9832063264306956,0.9834983944892884,-0.1807221621274948,0.0083950879052281,40.94696044921875,-21.72384643554688,11.19796752929688,-1,2,10666
2025-11-20T22:23:30.417+01:00,12536,630772.6836564167,0.2359438578876025,-0.0611096288690265,0.2805349667319458,-0.0809130817651748,0.0302087254822254,0.0128655470907688,-0.0149169564247131,-0.0206767320632934,0.0081615447998046,XArbitraryCorrectedZVertical,0.1423317981294512,-0.0135922560054069,0.1122466616727108,0.9833400409564158,0.9835143089294434,-0.180617168545723,0.0087756989523768,41.16693115234375,-21.65750122070312,11.01600646972656,-1,2,10667
2025-11-20T22:23:30.452+01:00,12537,630772.7185734167,0.2373076426943039,-0.0596526362791165,0.277253646375936,-0.0936464369297027,0.0722470581531524,0.05921570956707,-0.0072106719017028,-0.0093994438648223,-0.007526041008532,XArbitraryCorrectedZVertical,0.140646953088424,-0.0129778862894993,0.1130959308750936,0.983493413055912,0.9832237362861632,-0.182128831744194,0.0099978856742382,41.20361328125,-21.75900268554688,11.087158203125,-1,2,10668
2025-11-20T22:23:30.491+01:00,12538,630772.7534894167,0.2390532743788926,-0.0569331021510814,0.274499411307173,-0.0485030896961689,0.1098916009068489,0.0362756475806236,0.016492486000061,-0.0015666335821151,-0.0290260314941406,XArbitraryCorrectedZVertical,0.1391500305734222,-0.0116858600035012,0.1142065695178777,0.983594206264167,0.982851266860962,-0.1839649379253387,0.0126533526927232,41.057861328125,-21.75888061523438,11.14129638671875,-1,2,10669
2025-11-20T22:23:30.522+01:00,12539,630772.7884054166,0.2400172788795029,-0.0527489603269254,0.2734571728487549,-0.0076511856168508,0.1260013431310654,0.0312023498117923,-0.0125726461410522,0.0358985364437103,-0.0230188407003879,XArbitraryCorrectedZVertical,0.1384033052446341,-0.0096247760488834,0.1149935589846277,0.9836301693045556,0.982604205608368,-0.1849463284015656,0.0168389249593019,41.22943115234375,-22.05987548828125,11.15798950195312,-1,2,10670
2025-11-20T22:23:30.557+01:00,12540,630772.8233224167,0.2424163395053324,-0.0492545733639407,0.2734088098029258,0.0151148149743676,0.1096490174531937,0.1019783243536949,-0.0588176250457763,0.0696752369403839,-0.019532561302185,XArbitraryCorrectedZVertical,0.1381877891089686,-0.0077433646157088,0.1164160064231611,0.9835098210265256,0.9820964336395264,-0.187213659286499,0.0209211055189371,41.233642578125,-22.01641845703125,11.375,-1,2,10671
2025-11-20T22:23:30.592+01:00,12541,630772.8582384167,0.24574592743961,-0.0470420024191731,0.2741700636987707,0.0329964309930801,0.070000059902668,0.0570097602903842,-0.0819689631462097,0.055306077003479,-0.022623898461461,XArbitraryCorrectedZVertical,0.13844378155729,-0.0063780528849649,0.1181908426209904,0.9832718513830312,0.9814286828041076,-0.1903005391359329,0.0241497121751308,41.2572021484375,-22.22438049316406,11.45445251464844,-1,2,10672
2025-11-20T22:23:30.627+01:00,12542,630772.8931554167,0.2459879651000943,-0.045209946128777,0.2753172692616371,0.0193594172596931,0.0356303863227367,-0.041726604104042,-0.068352460861206,0.0300322473049163,-0.0165889263153076,XArbitraryCorrectedZVertical,0.1388996517189068,-0.0053891536515127,0.118414215764403,0.9831866842084832,0.9813468456268312,-0.1904478669166565,0.026232486590743,41.15673828125,-22.21461486816406,11.90652465820312,-1,2,10673
2025-11-20T22:23:30.662+01:00,12543,630772.9280714167,0.2427389578467245,-0.0434172394236144,0.2754055157966038,-0.0074073728173971,0.0181704219430685,-0.1308807581663132,-0.0067088603973388,0.0018629133701324,-0.0249640960246324,XArbitraryCorrectedZVertical,0.1388293159056687,-0.0047279108260794,0.1169396505081338,0.9833764285919866,0.9819132685661316,-0.1873792111873627,0.0271154697984457,41.415771484375,-22.13536071777344,11.50413513183594,-1,2,10674
2025-11-20T22:23:30.697+01:00,12544,630772.9629884167,0.2366281626128188,-0.0409614592315535,0.2747219766950008,-0.0494648218154907,0.0231727287173271,-0.2211911678314209,-0.0063468813896179,0.0332839488983154,-0.0257116556167602,XArbitraryCorrectedZVertical,0.1383382266118758,-0.0039850574941356,0.1141172802484756,0.983780421155072,0.9829703569412231,-0.1816603690385818,0.0277257449924945,41.53094482421875,-22.00148010253906,11.44255065917969,-1,2,10675
2025-11-20T22:23:30.731+01:00,12545,630772.9979044168,0.2271502608107922,-0.0378888754744576,0.2727384010815054,-0.0755268260836601,0.0054696039296686,-0.2435615509748459,0.041762888431549,0.0488089919090271,-0.0326498821377754,XArbitraryCorrectedZVertical,0.1371737634941269,-0.0032422701586726,0.1097001281747921,0.9844483835394414,0.9845583438873292,-0.1728323549032211,0.0278127361088991,41.8848876953125,-21.67488098144531,11.78605651855469,-1,2,10676
2025-11-20T22:23:30.770+01:00,12546,630773.0328204167,0.2214062632313256,-0.0363474920076859,0.2704474570231099,-0.0613409653306007,-0.0054070120677351,-0.0641798079013824,0.0688208937644958,0.0815243571996688,-0.0501701831817627,XArbitraryCorrectedZVertical,0.1359539819869232,-0.0030054389232062,0.1070156402435274,0.984913829134546,0.9854851365089417,-0.1675381064414978,0.0273888371884822,42.2554931640625,-21.45297241210938,11.54426574707031,-1,2,10677
2025-11-20T22:23:30.801+01:00,12547,630773.0677374167,0.2217654184935126,-0.0365616644390279,0.2693054884457219,-0.0021377929951995,0.0093735344707965,0.0665835440158844,0.0296065807342529,0.0717288553714752,-0.0647263526916503,XArbitraryCorrectedZVertical,0.135403924873494,-0.0031504870760664,0.1071967229840255,0.9849694771436815,0.9854233860969543,-0.1679507493972778,0.0270828660577535,42.3182373046875,-21.40888977050781,11.70120239257812,-1,2,10678
2025-11-20T22:23:30.836+01:00,12548,630773.1026534167,0.2243725536538899,-0.0366518613310104,0.2702050373336712,0.0552743598818779,0.0225641466677188,0.0722583904862403,-0.0255910754203796,0.0423286408185958,-0.0544116459786891,XArbitraryCorrectedZVertical,0.1358555023665542,-0.0029674013359903,0.1084596163080154,0.9847695597720264,0.984987497329712,-0.1703651249408722,0.0278460793197155,42.32763671875,-21.56149291992188,11.63473510742188,-1,2,10679
2025-11-20T22:23:30.871+01:00,12549,630773.1375704167,0.2270125264643721,-0.0361878893166242,0.2728255472813653,0.0932763740420341,0.0478948093950748,0.0579186156392097,-0.0453711152076721,0.0199863910675048,-0.0505223274230957,XArbitraryCorrectedZVertical,0.1371231113526523,-0.0024094495506821,0.1097475037019808,0.9844526135369184,0.9845342636108398,-0.1726963073015213,0.0294652171432972,42.2935791015625,-21.54624938964844,11.45945739746094,-1,2,10680
2025-11-20T22:23:30.906+01:00,12550,630773.1724864168,0.2277299394747402,-0.0337258053511381,0.2759605247588398,0.0884146019816398,0.1034173965454102,-0.0291190240532159,-0.0586617588996887,0.0058725327253341,-0.0369141139090061,XArbitraryCorrectedZVertical,0.1385303981207179,-0.0009684176563128,0.1102189802200313,0.9842053603085515,0.9843513965606688,-0.1731698513031006,0.0326263606548309,42.23956298828125,-21.54768371582031,11.96250915527344,-1,2,10681
2025-11-20T22:23:30.941+01:00,12551,630773.2074034167,0.2251053757729849,-0.028430652215313,0.2766049567582746,0.0493846125900745,0.1290343552827835,-0.1103224605321884,-0.0360967516899108,0.0060034096240997,-0.0240178108215332,XArbitraryCorrectedZVertical,0.1385571486237948,0.0014923999063719,0.1092842203182223,0.9843052075269356,0.9846287965774536,-0.1706456989049911,0.0372318737208843,42.36859130859375,-21.41743469238281,11.862548828125,-1,2,10682
2025-11-20T22:23:30.976+01:00,12552,630773.2423194167,0.2198090509747025,-0.0216225790243198,0.2702556265602254,0.0159005895256996,0.1028296872973442,-0.1368274539709091,0.0012778043746948,0.0290423035621643,-0.0141558721661567,XArbitraryCorrectedZVertical,0.1350713258056631,0.0041274602773796,0.1072295493902344,0.985007811287662,0.9852485060691832,-0.1660356521606445,0.0414385274052619,42.68414306640625,-21.38008117675781,12.28648376464844,-1,2,10683
2025-11-20T22:23:31.011+01:00,12553,630773.2772354167,0.2155176506771969,-0.0165604351653624,0.265037785245648,-0.0161303151398897,0.0634615123271942,-0.0713368579745292,0.0355430245399475,0.0325684249401092,-0.0126556158065795,XArbitraryCorrectedZVertical,0.1322431708916593,0.0060503746826088,0.1055160426940193,0.9855666242556734,0.98574298620224,-0.1622833460569382,0.0444396175444126,42.63519287109375,-21.12600708007812,12.44717407226562,-1,2,10684
2025-11-20T22:23:31.050+01:00,12554,630773.3121524167,0.2143284130119805,-0.0136037363011747,0.2564115521742371,-0.0626830458641052,0.0268441494554281,0.0239013619720935,0.0469871759414672,0.0149398744106292,-0.0209176540374755,XArbitraryCorrectedZVertical,0.1278399980615402,0.0069676419499974,0.1052142669391999,0.9861736438363126,0.9857887029647828,-0.1616683453321457,0.0456521697342395,42.69036865234375,-20.85200500488281,12.15591430664062,-1,2,10685
2025-11-20T22:23:31.081+01:00,12555,630773.3470684167,0.2153146341333666,-0.0122240635116994,0.2483030389680342,-0.1027494519948959,0.0259607136249542,0.0477755814790725,0.023216426372528,0.0035071521997451,-0.027599100023508,XArbitraryCorrectedZVertical,0.1237652805912911,0.0072756868732086,0.1058679746498888,0.986621092625198,0.985542058944702,-0.1630835235118866,0.0459401458501815,42.8172607421875,-21.10887145996094,12.25944519042969,-1,2,10686
2025-11-20T22:23:31.116+01:00,12556,630773.3819854168,0.2173846449997877,-0.0102467222894795,0.2381601208103773,-0.1040173023939133,0.0434180051088333,0.0945210084319114,0.0347121357917785,-0.0047507435083389,-0.0365388393402099,XArbitraryCorrectedZVertical,0.1186480604527767,0.0078299039895461,0.1071037551481635,0.98711203304129,0.9850784540176392,-0.165644109249115,0.0467163957655429,42.784423828125,-21.23483276367188,11.93634033203125,-1,2,10687
2025-11-20T22:23:31.150+01:00,12557,630773.4169014167,0.2215004328391097,-0.0090110002472601,0.2290712967965649,-0.1254172474145889,0.0263753868639469,0.1503968387842178,0.0476326346397399,-0.0183322727680206,-0.0273479260504245,XArbitraryCorrectedZVertical,0.1140787656541236,0.0081826022146213,0.1092869233678486,0.9874084546620157,0.9842886924743652,-0.1700984686613083,0.0473521389067173,42.6646728515625,-21.43336486816406,11.8834228515625,-1,2,10688
2025-11-20T22:23:31.185+01:00,12558,630773.4518184167,0.2264568587700206,-0.0083297459864775,0.2182766215935118,-0.1247364208102226,0.0111791584640741,0.1262583285570145,0.0532830357551574,-0.0611794888973236,-0.0338338613510131,XArbitraryCorrectedZVertical,0.1086911338206248,0.0081930285510819,0.111862692481911,0.9877276242949052,0.9833532571792604,-0.1754537969827652,0.0472462363541126,42.7342529296875,-21.89523315429688,12.00718688964844,-1,2,10689
2025-11-20T22:23:31.220+01:00,12559,630773.4867344167,0.2294787018290939,-0.0071650961742014,0.2090740447110158,-0.116180531680584,0.032033234834671,0.0551649890840053,0.011439025402069,-0.0388816446065902,-0.0280163288116455,XArbitraryCorrectedZVertical,0.1040678633278414,0.0084067897316059,0.1134906628344022,0.9880380304602282,0.982732117176056,-0.1788612455129623,0.0473949164152145,42.515625,-22.01286315917969,11.70903015136719,-1,2,10690
2025-11-20T22:23:31.255+01:00,12560,630773.5216514167,0.2318121622198895,-0.0058365935639326,0.1989358559968673,-0.1111137494444847,0.017459649592638,0.1187691166996956,0.0479131340980529,-0.0217948853969574,-0.0207438394427299,XArbitraryCorrectedZVertical,0.0989730961125708,0.0085997472899753,0.1147867615361502,0.9884100828177834,0.982223093509674,-0.1816505193710327,0.0473398827016353,42.68707275390625,-22.09809875488281,11.66334533691406,-1,2,10691
2025-11-20T22:23:31.290+01:00,12561,630773.5565674168,0.2362730770954312,-0.0050659371328145,0.1904470846476655,-0.1090461537241936,0.0251486990600824,0.1248623207211494,0.0003424882888793,-0.0024947673082351,-0.0155409574508667,XArbitraryCorrectedZVertical,0.0947138779455393,0.0087023257530095,0.1170884527452304,0.9885564578857348,0.981331706047058,-0.1863937377929688,0.0473859906196594,42.617431640625,-22.29489135742188,11.51254272460938,-1,2,10692
2025-11-20T22:23:31.330+01:00,12562,630773.5914834167,0.2405894930640815,-0.0032504052487772,0.1817262799014189,-0.0356024727225303,0.0587226934731006,0.1359742879867554,-0.0208045840263366,0.0245330780744552,-0.0126329585909843,XArbitraryCorrectedZVertical,0.0902765292670319,0.0092822003816609,0.1193632169881926,0.9886943498508798,0.9803993701934814,-0.1910064667463303,0.0483079068362712,42.4232177734375,-22.54705810546875,11.46414184570312,-1,2,10693
2025-11-20T22:23:31.360+01:00,12563,630773.6264004167,0.2441205993753733,-0.0015535616116874,0.1768306010302473,0.0001166050788015,0.0108923157677054,0.0692815259099006,-0.022307276725769,0.0315307229757309,0.0193090438842773,XArbitraryCorrectedZVertical,0.087737367739886,0.0099832057137694,0.1212137193589083,0.9886909520671084,0.9796131253242492,-0.194662407040596,0.0496454276144504,42.341796875,-22.5762939453125,11.50059509277344,-1,2,10694
2025-11-20T22:23:31.395+01:00,12564,630773.661315875,0.2455887785815753,-0.0014979282679446,0.1721404001624412,0.025435684248805,-0.0513314083218574,0.0285142716020345,0.0135451555252075,0.0381443202495575,0.0361719205975532,XArbitraryCorrectedZVertical,0.0854080501737726,0.0097888073691289,0.1219686751678203,0.988804039178556,0.979313850402832,-0.1963169127702713,0.0490331724286079,42.384521484375,-22.63558959960938,11.65617370605469,-1,2,10695
2025-11-20T22:23:31.430+01:00,12565,630773.696232875,0.2458901988736206,-0.0034446771931346,0.1672794058096232,-0.0003646928817033,-0.112446092069149,0.0244004726409912,0.0264397859573364,0.0523809492588043,0.0475290976464748,XArbitraryCorrectedZVertical,0.0831219850575513,0.0085418749633138,0.1220639219528237,0.988998520907638,0.9793431162834167,-0.1968511193990707,0.04622083902359,42.597900390625,-22.76681518554688,11.22926330566406,-1,2,10696
2025-11-20T22:23:31.465+01:00,12566,630773.7311488751,0.2479187931360137,-0.0069310448916916,0.1624584442247914,-0.0477800481021404,-0.1025085672736168,0.0944621786475181,-0.0012984275817871,0.0552947223186492,0.0356389246881008,XArbitraryCorrectedZVertical,0.0809439147441431,0.0066046721422381,0.1229547257967385,0.9890837077082107,0.9790815114974976,-0.1990476995706558,0.0421807989478111,42.4954833984375,-22.87147521972656,11.23379516601562,-1,2,10697
2025-11-20T22:23:31.500+01:00,12567,630773.7660658751,0.25063715878286,-0.009261702454722,0.1549760107152795,-0.0898161754012107,-0.0611746795475482,0.0589415468275547,-0.0507975220680236,0.0558573603630065,0.0269719325006008,XArbitraryCorrectedZVertical,0.0773796731461288,0.0050947632933677,0.1242587593801729,0.9892149540058168,0.9786081314086914,-0.202036514878273,0.0388239100575447,42.61865234375,-23.06048583984375,10.92298889160156,-1,2,10698
2025-11-20T22:23:31.535+01:00,12568,630773.800981875,0.2511955548258234,-0.0099271208599229,0.1481054249619406,-0.0828223153948783,-0.0155129795894026,-0.0202128570526838,-0.063084602355957,0.0545550137758255,0.0117948092520237,XArbitraryCorrectedZVertical,0.0740214221670108,0.0043568837120746,0.124558622656705,0.989437822439024,0.9785051941871644,-0.2029009610414505,0.0368654727935791,42.634033203125,-23.0107421875,10.70674133300781,-1,2,10699
2025-11-20T22:23:31.570+01:00,12569,630773.835897875,0.2485405238741943,-0.00859460404438,0.1412786672745504,-0.0269030984491109,0.0041060652583837,-0.1144046261906624,-0.0512990355491638,0.072239801287651,0.0156809091567993,XArbitraryCorrectedZVertical,0.0705669839144953,0.0044949147097974,0.1233394195360655,0.9898421961710352,0.9789876341819764,-0.2006424963474274,0.0364125594496727,42.72772216796875,-22.95289611816406,10.58863830566406,-1,2,10700
