loggingTime(txt),loggingSample(N),motionTimestamp_sinceReboot(s),motionYaw(rad),motionRoll(rad),motionPitch(rad),motionRotationRateX(rad/s),motionRotationRateY(rad/s),motionRotationRateZ(rad/s),motionUserAccelerationX(G),motionUserAccelerationY(G),motionUserAccelerationZ(G),motionAttitudeReferenceFrame(txt),motionQuaternionX(R),motionQuaternionY(R),motionQuaternionZ(R),motionQuaternionW(R),motionGravityX(G),motionGravityY(G),motionGravityZ(G),motionMagneticFieldX(µT),motionMagneticFieldY(µT),motionMagneticFieldZ(µT),motionHeading(°),motionMagneticFieldCalibrationAccuracy(Z),SampleIndex
2025-11-20T22:21:59.041+01:00,9919,630681.307368,0.4121204006775709,0.0337364208094935,-0.1585767225440618,0.1154332906007767,0.0098826605826616,0.3693636953830719,0.005436360836029,-0.0011162757873535,0.0404714345932006,XArbitraryCorrectedZVertical,-0.0809589772582156,0.0002552021548694,0.2026255017953509,0.9759039310168288,0.9330554008483888,-0.3596014380455017,-0.0097097754478454,40.8477783203125,-27.77043151855469,4.34954833984375,-1,2,8050
2025-11-20T22:21:59.076+01:00,9920,630681.342284,0.4227944929292659,0.0346528362217191,-0.1550414320429483,0.009272095747292,0.029398251324892,0.205244317650795,-0.2587220072746277,0.2342098355293274,0.0428822040557861,XArbitraryCorrectedZVertical,-0.0793321843429162,0.0006418321609137,0.2078528161586041,0.9749375302112752,0.929162621498108,-0.3695552051067352,-0.009251900948584,40.4801025390625,-28.45556640625,4.428924560546875,-1,2,8051
2025-11-20T22:21:59.111+01:00,9921,630681.377201,0.4250524443945157,0.0359787069277266,-0.1574329118828936,-0.1322036534547806,-0.0460802726447582,-0.0976239740848541,0.3496075868606567,-0.0002103745937347,-0.08848637342453,XArbitraryCorrectedZVertical,-0.0806360891180611,0.0009453855021476,0.2088600748264834,0.9746150471438608,0.928377091884613,-0.3715242147445679,-0.009261442348361,40.427490234375,-28.71415710449219,4.127395629882812,-1,2,8052
2025-11-20T22:21:59.146+01:00,9922,630681.4121170001,0.4244601732102777,0.0352134298999179,-0.1618781454188491,-0.0550626665353775,0.0750422179698944,0.1392870247364044,0.5344433188438416,-0.0003201365470886,-0.2226507663726807,XArbitraryCorrectedZVertical,-0.0827208357145752,0.0001266528507476,0.2085268433879965,0.974512047524596,0.9286455512046814,-0.3707887828350067,-0.0115258749574422,40.51715087890625,-28.88160705566406,4.079971313476562,-1,2,8053
2025-11-20T22:21:59.181+01:00,9923,630681.4470340001,0.4320794450180525,0.0468280986540345,-0.1631958277556518,0.0390581674873828,0.399900496006012,0.1695105135440826,0.5817021727561951,-0.0911174118518829,-0.2118334174156189,XArbitraryCorrectedZVertical,-0.0845927991524358,0.0053242052522398,0.2117273924761372,0.9736464442295356,0.9259273409843444,-0.3776936531066895,-0.0025068339891731,40.0794677734375,-29.28150939941406,4.16595458984375,-1,2,8054
2025-11-20T22:21:59.216+01:00,9924,630681.48195,0.4336460852804918,0.0584284371185002,-0.1604050942231434,0.2205419689416885,0.2408996224403381,-0.0484453290700912,1.075649976730347,-0.4428021013736725,-0.2166776657104492,XArbitraryCorrectedZVertical,-0.0844710440582958,0.0112064588071867,0.2120596838477532,0.9735347281280916,0.9252503514289856,-0.3792499005794525,0.0090207448229193,39.92669677734375,-29.48004150390625,4.4339599609375,-1,2,8055
2025-11-20T22:21:59.251+01:00,9925,630681.516867,0.4246995928459068,0.0621528095963786,-0.1537616280177724,0.2054745554924011,-0.0799792855978012,-0.4336479902267456,1.104384899139404,-0.6284772157669067,-0.1201111078262329,XArbitraryCorrectedZVertical,-0.081572870201506,0.0141043344436535,0.2077006469356237,0.9746832115528244,0.928345024585724,-0.371354877948761,0.0164581071585416,40.03411865234375,-29.3543701171875,4.890274047851562,-1,2,8056
2025-11-20T22:21:59.291+01:00,9926,630681.551783,0.4062729552874782,0.054181180502098,-0.1543067801090077,0.1234764084219933,-0.1846005469560623,-0.5709391832351685,0.2585471868515015,-0.2785223126411438,-0.0923420190811157,XArbitraryCorrectedZVertical,-0.0809127515574633,0.0109074432919725,0.1990234649588835,0.9765878942440313,0.9350258111953736,-0.3543816804885864,0.0118518667295575,40.66510009765625,-29.00186157226562,4.342056274414062,-1,2,8057
2025-11-20T22:21:59.321+01:00,9927,630681.5867001667,0.3858059583758398,0.0501430443511245,-0.1524190537580757,0.1861426383256912,0.0651306957006454,-0.6368415951728821,-0.8287805914878845,0.3173234164714813,0.1912670135498047,XArbitraryCorrectedZVertical,-0.0794920895221474,0.0099411874520432,0.1892190641152606,0.978661578764607,0.9419704079627992,-0.3354813754558563,0.0120105696842074,40.42620849609375,-28.54681396484375,3.743240356445312,-1,2,8058
2025-11-20T22:21:59.355+01:00,9928,630681.6216161667,0.3629912471533788,0.0519689973136962,-0.1531226997394045,0.1264402866363525,0.0448136702179908,-0.516961932182312,-0.7460336685180664,0.0037359595298767,0.3249971866607666,XArbitraryCorrectedZVertical,-0.0798808281126084,0.0116787337932574,0.1779567106087102,0.9807212559060196,0.9492197036743164,-0.3141454756259918,0.0171658191829919,40.9716796875,-27.290771484375,3.923049926757812,-1,2,8059
2025-11-20T22:21:59.390+01:00,9929,630681.6565321668,0.3523108293204398,0.0487809701801393,-0.1578556987912746,0.0247826222330331,-0.2331310957670212,-0.1996980309486389,-0.5014788508415222,-0.0111297369003295,0.1914153099060059,XArbitraryCorrectedZVertical,-0.0818632686999006,0.0101225995435615,0.1727550992293448,0.9815048509190222,0.9525745511054992,-0.3039642572402954,0.0144104938954114,41.4072265625,-27.46524047851562,3.487716674804688,-1,2,8060
2025-11-20T22:21:59.425+01:00,9930,630681.6914491667,0.339181286928899,0.0340318418444245,-0.1645048122395721,0.0032820228952914,-0.591300904750824,-0.4901672899723053,-0.8640149831771851,0.2313888072967529,0.1737767457962036,XArbitraryCorrectedZVertical,-0.083831380430242,0.0028494872887316,0.1668060159241684,0.9824153614955976,0.9566052556037904,-0.2913863360881805,0.0005243013147264,42.15679931640625,-27.26766967773438,2.436447143554688,-1,2,8061
2025-11-20T22:21:59.460+01:00,9931,630681.7263651667,0.3229500475808992,0.0159260744817393,-0.175005765131746,-0.1927461475133896,-0.3022842705249786,-0.3625583946704865,-1.115476131439209,0.250874251127243,0.0611836910247802,XArbitraryCorrectedZVertical,-0.0875270047841568,-0.0062205182542709,0.1594671763856091,0.9832958304130316,0.9610877633094788,-0.2757155299186707,-0.0170705616474151,42.81451416015625,-26.89079284667969,1.706405639648438,-1,2,8062
2025-11-20T22:21:59.497+01:00,9932,630681.7612821667,0.3174447829359828,0.0127562788091738,-0.193968543028433,-0.4116491973400116,-0.0287427436560392,-0.0433212928473949,-1.04700493812561,0.2768621146678925,0.0326610766351223,XArbitraryCorrectedZVertical,-0.0966165391604251,-0.0090363616573011,0.1567009820834367,0.9828674871159684,0.96259343624115,-0.269858330488205,-0.0242992807179689,43.5819091796875,-26.57615661621094,0.766845703125,-1,2,8063
2025-11-20T22:21:59.531+01:00,9933,630681.7961981667,0.3144534673916,0.014284692361259,-0.2163684463559079,-0.4620588719844818,0.0687818825244903,-0.1764843761920929,-1.040007829666138,0.3752442002296448,-0.008006690070033,XArbitraryCorrectedZVertical,-0.1077505819418017,-0.0098930572916932,0.1548987221972105,0.9819869193655376,0.9635155200958252,-0.2661590576171875,-0.028232978656888,44.05963134765625,-26.43052673339844,0.450164794921875,-1,2,8064
2025-11-20T22:21:59.570+01:00,9934,630681.8311151667,0.3099330770014155,0.0187746224505047,-0.2391077607960249,-0.3851301670074463,0.0804864391684532,-0.0437078103423118,-0.9350404739379884,0.3703852891921997,0.025611700490117,XArbitraryCorrectedZVertical,-0.1192733930841834,-0.0091995693419758,0.1521323652122429,0.9810937526241958,0.964932382106781,-0.2609034478664398,-0.0288923271000385,44.39422607421875,-26.19010925292969,0.5816497802734375,-1,2,8065
2025-11-20T22:21:59.600+01:00,9935,630681.8660311667,0.3184758123925027,0.0217803970551227,-0.2539873450650224,-0.3034321665763855,-0.0327279604971408,0.5326408743858337,-0.8603101968765259,0.4482381045818329,0.0530110038816928,XArbitraryCorrectedZVertical,-0.1267557031438716,-0.0094159586545356,0.1559177695945913,0.9795580543983816,0.9628491997718812,-0.268138587474823,-0.0319844260811805,44.353515625,-26.05854797363281,0.80963134765625,-1,2,8066
2025-11-20T22:21:59.635+01:00,9936,630681.9009481667,0.3450653378205077,0.0398851332311597,-0.2686315223583155,-0.230036199092865,0.4309890568256378,0.5120991468429565,-0.310555100440979,-0.2491477429866791,-0.2109252214431763,XArbitraryCorrectedZVertical,-0.135290479123667,-0.0035169696210582,0.1674671171660629,0.9765444567991018,0.956108808517456,-0.2918983995914459,-0.0255250297486782,43.585205078125,-26.83021545410156,1.180587768554688,-1,2,8067
2025-11-20T22:21:59.670+01:00,9937,630681.9358641667,0.3491845515731838,0.0483893476284627,-0.2795857660192414,-0.0084737595170736,-0.0615036860108375,-0.2193833589553833,0.7433457970619202,-0.6479722261428833,-0.2740350365638733,XArbitraryCorrectedZVertical,-0.1413409396268082,-0.0006047374631931,0.1686420932799456,0.9754907367617224,0.9552624821662904,-0.2949598729610443,-0.021726094186306,43.1136474609375,-27.00462341308594,1.478897094726562,-1,2,8068
2025-11-20T22:21:59.705+01:00,9938,630681.9707811667,0.3514516910587317,0.0568309613530948,-0.2872657873363805,-0.3284655809402466,0.4752194285392761,0.4326405227184296,0.4866243600845337,-0.1891097724437714,-0.1317291259765625,XArbitraryCorrectedZVertical,-0.1457941319656514,0.002672093809475,0.1689485604820989,0.9747786345238052,0.9548887014389038,-0.2965011596679688,-0.0165710262954235,43.048583984375,-26.95887756347656,1.846969604492188,-1,2,8069
2025-11-20T22:21:59.740+01:00,9939,630682.0056971667,0.3699301543834149,0.0689383667657043,-0.2947583337864249,-0.1531366854906082,0.019399132579565,0.4904232919216156,1.092654228210449,-0.7764052152633667,-0.247760534286499,XArbitraryCorrectedZVertical,-0.1505250135105084,0.0065165306372051,0.1768360687134327,0.9726401060368244,0.9497498273849488,-0.312751829624176,-0.0127070108428597,42.65545654296875,-27.668701171875,2.189315795898438,-1,2,8070
2025-11-20T22:21:59.774+01:00,9940,630682.0406131668,0.3776431262057037,0.0732543669491003,-0.2932269539481673,0.2690197825431824,0.1054914444684982,-0.1382197588682175,0.651863157749176,-0.7935366630554199,-0.2969573736190796,XArbitraryCorrectedZVertical,-0.1501956712261462,0.0081795524812016,0.1803086848267712,0.9720407587997096,0.947410523891449,-0.3198513984680176,-0.0104156704619526,42.0899658203125,-27.8636474609375,2.276290893554688,-1,2,8071
2025-11-20T22:21:59.812+01:00,9941,630682.0755301667,0.3692576137269257,0.0730973254821265,-0.2874785597073219,0.0578674785792827,-0.0249313116073608,-0.0483483038842678,0.4246352910995483,-0.137249618768692,-0.009077250957489,XArbitraryCorrectedZVertical,-0.1473552568319573,0.0092695116157554,0.1764218173712525,0.973178216681318,0.9498305916786194,-0.3127014935016632,-0.0062883934006094,42.27850341796875,-27.49826049804688,2.56951904296875,-1,2,8072
2025-11-20T22:21:59.849+01:00,9942,630682.1104461667,0.3769911523551087,0.0731224100251702,-0.2836176414666222,0.3370697796344757,-0.1372794657945633,0.3509643077850342,0.4676534533500671,-0.3344376981258392,-0.0013827681541442,XArbitraryCorrectedZVertical,-0.1455184172267726,0.009079528695456,0.1803017352133062,0.972745242704765,0.947385549545288,-0.3200117647647858,-0.0072842906229197,41.87725830078125,-27.48452758789062,2.901092529296875,-1,2,8073
2025-11-20T22:21:59.879+01:00,9943,630682.1453631667,0.3889100694568295,0.0726958948569386,-0.2752890564232386,0.0235911235213279,-0.0446402691304683,0.0991746932268142,-0.3587354421615601,0.4110362529754639,0.5156250596046448,XArbitraryCorrectedZVertical,-0.1414910149923405,0.0088219316784008,0.1863856028210047,0.9721948878374992,0.9434369802474976,-0.3314463794231415,-0.0083619393408298,41.5748291015625,-27.84526062011719,2.815902709960938,-1,2,8074
2025-11-20T22:21:59.914+01:00,9944,630682.1802791667,0.3798306639731206,0.0711425983221251,-0.279226655238197,-0.0802260041236877,-0.0663368552923202,-0.2059095948934555,0.3256158232688904,0.2124776840209961,0.342240035533905,XArbitraryCorrectedZVertical,-0.1432199454419764,0.0083310978741002,0.181960589901767,0.9727842058512312,0.9463873505592346,-0.3229207694530487,-0.0085609089583158,41.599365234375,-27.80844116210938,2.508270263671875,-1,2,8075
2025-11-20T22:21:59.949+01:00,9945,630682.2151961667,0.3848428442781467,0.0688433255476616,-0.2822525243932745,0.0029069036245346,-0.1217462792992592,0.356439083814621,0.4571536779403687,0.2665582895278931,0.1387189626693726,XArbitraryCorrectedZVertical,-0.1444964366332011,0.0065608602227608,0.1844714002423052,0.9721358365168176,0.9448543190956116,-0.3272271752357483,-0.0131391501054167,41.3804931640625,-27.22695922851562,2.3052978515625,-1,2,8076
2025-11-20T22:21:59.984+01:00,9946,630682.2501121667,0.3891492087946897,0.0660078618942957,-0.2851106792220098,-0.1262044906616211,-0.0770597904920578,-0.0848805978894233,0.0893699526786804,0.1362960040569305,0.1356450319290161,XArbitraryCorrectedZVertical,-0.1456315791187579,0.0045921201115824,0.1866840137583754,0.9715551280795142,0.943497359752655,-0.3308912515640259,-0.0179845206439495,41.08782958984375,-27.72438049316406,1.828018188476562,-1,2,8077
2025-11-20T22:22:00.019+01:00,9947,630682.2850291667,0.3904131896906557,0.0682191176435432,-0.2892010384046609,-0.054215021431446,0.1191179752349854,0.1210733577609062,0.7567915320396423,-0.0855063199996948,0.0824955701828002,XArbitraryCorrectedZVertical,-0.1478240475246173,0.005171944166392,0.1870124123282309,0.971157853479906,0.9432204961776732,-0.331699401140213,-0.017615245655179,41.07354736328125,-27.67207336425781,2.07354736328125,-1,2,8078
2025-11-20T22:22:00.054+01:00,9948,630682.3199451667,0.3912586463376272,0.0756872446005917,-0.2916788092268389,0.0040170173160731,0.278848260641098,-0.0668536201119422,0.98145854473114,-0.5019568204879761,0.161221444606781,XArbitraryCorrectedZVertical,-0.1497253133531929,0.0084907149816764,0.186789307041041,0.9708861950908172,0.9431172013282776,-0.332256406545639,-0.0116395372897386,41.0394287109375,-27.61524963378906,2.130203247070312,-1,2,8079
2025-11-20T22:22:00.091+01:00,9949,630682.3548621667,0.3905794505669202,0.0846930772971462,-0.288055529003786,0.3204753994941711,0.1424875408411026,-0.0264711547642946,0.9564060568809508,-0.4739806056022644,0.1902371644973755,XArbitraryCorrectedZVertical,-0.1488056784876923,0.0132719797491546,0.1859086952638781,0.9711429163278916,0.9432977437973022,-0.3319427669048309,-0.0017453943146392,40.9359130859375,-27.4425048828125,2.400848388671875,-1,2,8080
2025-11-20T22:22:00.126+01:00,9950,630682.3897781667,0.3860314864820295,0.0830991171614975,-0.277844847867511,0.2929511368274689,-0.2618456184864044,-0.1425262689590454,0.2350212335586548,-0.1707603931427002,0.1752054691314697,XArbitraryCorrectedZVertical,-0.1436781985534396,0.0138340368077963,0.1841623697494367,0.9722393811823428,0.9444525837898254,-0.3286444544792175,0.001430299016647,40.9298095703125,-27.05598449707031,2.514190673828125,-1,2,8081
2025-11-20T22:22:00.159+01:00,9951,630682.4246951668,0.3825208629999345,0.067272662542856,-0.2769877375559448,-0.0839703008532524,-0.4917283058166504,-0.0100663378834724,-0.4715144038200378,0.0959459841251373,-0.0881639122962951,XArbitraryCorrectedZVertical,-0.1417893166069844,0.0064723516958553,0.1836118170339016,0.9726975736376684,0.9454523324966432,-0.3255296945571899,-0.0122541794553399,41.0679931640625,-26.69976806640625,2.05908203125,-1,2,8082
2025-11-20T22:22:00.193+01:00,9952,630682.4596111667,0.3866759945707054,0.0547071864156297,-0.2786981143045321,0.0104368729516863,-0.2814467549324036,0.2140265256166458,-0.7397420406341553,0.1253961026668549,-0.2145011425018311,XArbitraryCorrectedZVertical,-0.1414636290203589,-9.696385868741744e-05,0.18647402986261,0.9722218700782694,0.9439197182655334,-0.3291618824005127,-0.0258401203900575,40.69464111328125,-26.61857604980469,1.1705322265625,-1,2,8083
2025-11-20T22:22:00.229+01:00,9953,630682.4945271667,0.3925468889223571,0.0527466943791125,-0.2779824531100459,-0.0212026052176952,0.0541587322950363,-0.0750256478786468,-1.040769696235657,0.0369018912315368,-0.1176707744598389,XArbitraryCorrectedZVertical,-0.1409298766158062,-0.0013943249806601,0.1894845336291168,0.9717162661192544,0.9419384598731996,-0.334524542093277,-0.0290730204433202,40.22662353515625,-26.87750244140625,0.9976043701171876,-1,2,8084
2025-11-20T22:22:00.263+01:00,9954,630682.5294441667,0.38039207786208,0.0519196731537062,-0.2821243772011098,-0.1553604453802109,0.0627104118466377,-0.4174163043498993,-0.97925865650177,0.2181211113929749,-0.0701197385787963,XArbitraryCorrectedZVertical,-0.1428714412103142,-0.0013350233954258,0.1835269256196213,0.9725759041284584,0.9459181427955629,-0.32320836186409,-0.0278416704386472,40.31890869140625,-26.53041076660156,0.8841400146484375,-1,2,8085
2025-11-20T22:22:00.299+01:00,9955,630682.5643601667,0.3704630030407745,0.0505461925386751,-0.2855871761297532,0.0072466921992599,-0.0163449887186288,-0.1535785049200058,-0.889399528503418,0.4646652340888977,-0.0817372798919677,XArbitraryCorrectedZVertical,-0.144436555918198,-0.0016159010547529,0.1787067152019193,0.9732416654614288,0.9490460753440856,-0.3139388561248779,-0.027454612776637,40.76092529296875,-26.51583862304688,1.202041625976562,-1,2,8086
2025-11-20T22:22:00.333+01:00,9956,630682.599277375,0.3624116455326951,0.0448402482767524,-0.2865200797969689,-0.0999292656779289,-0.1628188639879227,-0.3203419744968414,-1.037733554840088,0.3763273656368256,0.0661705732345581,XArbitraryCorrectedZVertical,-0.1443963701665994,-0.0038977301274867,0.1751765174893887,0.973882883248127,0.9513536095619202,-0.3065489232540131,-0.0308922864496707,41.10186767578125,-26.23356628417969,1.390304565429688,-1,2,8087
2025-11-20T22:22:00.370+01:00,9957,630682.634193375,0.3522119610761891,0.0354986718510599,-0.2928514737591019,-0.2122206389904022,-0.1992440223693848,-0.141810730099678,-0.8934988975524902,0.4024920165538788,0.0966376662254333,XArbitraryCorrectedZVertical,-0.1466999969767748,-0.0082708626123659,0.1707455193713481,0.9742980455693632,0.954152524471283,-0.2967943549156189,-0.0388068445026874,41.301513671875,-25.82197570800781,1.2509765625,-1,2,8088
2025-11-20T22:22:00.403+01:00,9958,630682.669110375,0.3522245886199075,0.027036022340841,-0.3007211072734165,-0.2382867783308029,-0.2866902351379395,0.0321219377219677,-0.8922343850135803,0.4460204839706421,0.0427768155932426,XArbitraryCorrectedZVertical,-0.1498057655331861,-0.0130837605429945,0.1712171558412283,0.9736898319093892,0.9538494348526,-0.2962249517440796,-0.04921605437994,41.411865234375,-25.85075378417969,1.010284423828125,-1,2,8089
2025-11-20T22:22:00.438+01:00,9959,630682.7040263751,0.354821233115605,0.0210638813120252,-0.3089072660003868,-0.3216338455677032,0.1054493486881256,0.2651673257350922,-0.8864494562149048,0.3991976976394653,-0.0099222138524055,XArbitraryCorrectedZVertical,-0.1532536985730803,-0.0169054021759022,0.1727760842866392,0.9728186387775324,0.952809989452362,-0.2979556322097778,-0.0581014640629291,41.30780029296875,-25.69490051269531,0.53106689453125,-1,2,8090
2025-11-20T22:22:00.473+01:00,9960,630682.7389433751,0.3686433558394497,0.0445624647702079,-0.3116320637800609,0.1347290873527527,0.6948201656341553,0.1428957581520081,-0.2221431732177734,-0.1849636137485504,-0.2163133025169373,XArbitraryCorrectedZVertical,-0.1565535885300717,-0.0067987884835628,0.1776155186189334,0.9715438680412958,0.9497889876365662,-0.3102298378944397,-0.0407210327684879,40.91607666015625,-25.97738647460938,1.461929321289062,-1,2,8091
2025-11-20T22:22:00.508+01:00,9961,630682.773859375,0.3743366064369387,0.0581576587714652,-0.3119109812861731,-0.1630195379257202,-0.0801929980516433,0.1224731132388115,0.8040152192115784,-0.5555773973464966,0.0888373181223869,XArbitraryCorrectedZVertical,-0.1578912972881861,-0.0006698296731349,0.1793042241177689,0.971040737010162,0.948517918586731,-0.3153332471847534,-0.0296484548598527,40.3582763671875,-25.78636169433594,2.212738037109375,-1,2,8092
2025-11-20T22:22:00.543+01:00,9962,630682.808776375,0.3815226455916844,0.0557260802142752,-0.3200779574499167,-0.1517919152975082,0.063437134027481,0.3082879781723022,0.9335572719573976,-0.5889031887054443,-0.2176843285560608,XArbitraryCorrectedZVertical,-0.1616200802406932,-0.0031988167893881,0.1827517882933628,0.9697785701768434,0.9463406801223756,-0.3210698962211609,-0.0367865189909935,40.12249755859375,-25.67204284667969,1.951309204101562,-1,2,8093
2025-11-20T22:22:00.578+01:00,9963,630682.843692375,0.3952812122086015,0.0673044767167152,-0.3191542646878139,0.0890282243490219,0.1550977975130081,0.2632307112216949,1.036126494407654,-0.9323080778121948,-0.1409259438514709,XArbitraryCorrectedZVertical,-0.1622417782213027,0.0013882107678237,0.1885095933120919,0.9685761332241338,0.9422973990440368,-0.333438903093338,-0.0298962537199258,39.61773681640625,-25.73294067382812,2.395233154296875,-1,2,8094
2025-11-20T22:22:00.612+01:00,9964,630682.878609375,0.4026271546344409,0.071357100942958,-0.3153179947558412,0.0935410857200622,-0.0536530502140522,0.1807823330163956,0.540357768535614,-0.5984143018722534,0.054959412664175,XArbitraryCorrectedZVertical,-0.1607821506839544,0.0031425968582381,0.1918634315186585,0.96815691707787,0.939912736415863,-0.3403369188308716,-0.0271121766418218,39.19793701171875,-25.56683349609375,2.461807250976562,-1,2,8095
2025-11-20T22:22:00.652+01:00,9965,630682.9135253751,0.4097291516239184,0.0689811616339629,-0.3100084071142313,0.2395431995391846,-0.1861469447612762,0.214739665389061,0.0480900406837463,-0.255739152431488,0.022914532572031,XArbitraryCorrectedZVertical,-0.15799703731251,0.0019694371380202,0.1956636122793888,0.9678578230995716,0.9373376965522766,-0.3471507728099823,-0.0297352205961942,38.8541259765625,-25.29951477050781,2.636215209960938,-1,2,8096
2025-11-20T22:22:00.682+01:00,9966,630682.948442375,0.4176524213692967,0.0676817821721558,-0.3006881926642338,0.2236504703760147,0.0543187595903873,0.1862718909978867,-0.0822758674621582,0.0648272931575775,0.0457064509391784,XArbitraryCorrectedZVertical,-0.1533756675307783,0.0016929679369321,0.1998982642511514,0.9677364072012334,0.9343571066856384,-0.3550646603107452,-0.0300966966897249,38.5443115234375,-25.06929016113281,2.941055297851562,-1,2,8097
2025-11-20T22:22:00.718+01:00,9967,630682.983358375,0.4160018646789488,0.0587342688525094,-0.2914434162831804,-0.068494826555252,-0.2217610627412796,-0.1822221279144287,0.0481703281402587,0.3136229515075684,-0.0987852215766906,XArbitraryCorrectedZVertical,-0.1480147289095728,-0.0015473254023482,0.2000557725545304,0.96853864108266,0.9344347715377808,-0.3544402122497559,-0.0346986465156078,37.87451171875,-24.59458923339844,3.093460083007812,-1,2,8098
2025-11-20T22:22:00.752+01:00,9968,630683.018275375,0.3988718287794824,0.0668107088557797,-0.2944404836983524,0.056690514087677,0.7335639595985413,-0.4718662202358246,0.3817910552024841,0.5801947116851807,-0.2103355526924133,XArbitraryCorrectedZVertical,-0.1502465393117634,0.0033376983876333,0.1910618510193048,0.9700052768122444,0.9405508637428284,-0.3388616442680359,-0.0231697298586368,37.88580322265625,-23.853271484375,3.535140991210938,-1,2,8099
2025-11-20T22:22:00.787+01:00,9969,630683.053191375,0.3947948424886839,0.0848540153343058,-0.2897490460480138,0.2964218854904175,0.4474243819713593,0.5164394974708557,1.056978464126587,0.5739552974700928,-0.0238491296768188,XArbitraryCorrectedZVertical,-0.1496683533227236,0.0128671735587541,0.1878844381556838,0.9706354680687984,0.9419991374015808,-0.3355976641178131,-0.0034031060058623,37.54461669921875,-22.93492126464844,4.680572509765625,-1,2,8100
2025-11-20T22:22:00.822+01:00,9970,630683.0881083751,0.4273799844729639,0.1093312375675008,-0.2716910397467906,0.5080738067626953,0.3863718211650848,1.010323762893677,0.5873226523399353,0.197235107421875,-0.0231385212391614,XArbitraryCorrectedZVertical,-0.1436303430167412,0.0242267458094794,0.2025685077615385,0.9683747009179036,0.9303471446037292,-0.3663177192211151,0.0163025539368391,36.82916259765625,-23.61424255371094,5.866928100585938,-1,2,8101
2025-11-20T22:22:00.857+01:00,9971,630683.1230243751,0.446460439382702,0.1230088931047544,-0.2510674927321774,0.5557839274406433,0.1052377820014954,0.1254902631044388,0.7013562321662903,-0.1731248497962952,-0.0726802349090576,XArbitraryCorrectedZVertical,-0.1353670346694285,0.0318034599822032,0.2117186752415063,0.967388029639504,0.9223620295524596,-0.3850568830966949,0.0312983617186546,35.48895263671875,-24.12052917480469,6.864730834960938,-1,2,8102
2025-11-20T22:22:00.892+01:00,9972,630683.157941375,0.4329616761239798,0.1215021194944945,-0.2345690204053569,0.4359115660190582,-0.0943611189723014,-0.5887774229049683,0.9929748773574828,-0.5962792634963989,-0.1486163139343262,XArbitraryCorrectedZVertical,-0.127025107079438,0.0338013187311743,0.2059861569521466,0.9696863998740562,0.92647385597229,-0.3742559254169464,0.0397295579314231,35.2607421875,-23.46287536621094,7.485855102539062,-1,2,8103
2025-11-20T22:22:00.927+01:00,9973,630683.192857375,0.4085303943779646,0.1084387364481354,-0.224795493536012,0.3714748024940491,-0.1976802796125412,-0.675514817237854,0.1935166120529175,-0.1922046542167664,-0.2846611738204956,XArbitraryCorrectedZVertical,-0.1205915633076854,0.0300130947042377,0.1953195499310245,0.9728346147747876,0.9349470734596252,-0.3528240025043488,0.0372703894972801,35.174560546875,-21.79417419433594,8.256591796875,-1,2,8104
2025-11-20T22:22:00.962+01:00,9974,630683.227774375,0.383339135145741,0.1021669551722356,-0.2139991650740672,0.3421444892883301,0.1876964569091797,-0.6665817499160767,-0.6446040272712708,-0.011587381362915,0.0025899447500705,XArbitraryCorrectedZVertical,-0.114374515063794,0.0295217241682937,0.1838083465006622,0.9758389270586936,0.9429439306259156,-0.3304078578948975,0.0410806573927402,35.20233154296875,-20.70848083496094,8.833023071289062,-1,2,8105
2025-11-20T22:22:00.997+01:00,9975,630683.2626903751,0.3538149148384043,0.1077054132466682,-0.206305836266525,0.3336829543113708,0.3481348752975464,-1.030037403106689,-0.8109509944915771,-0.3267925679683685,0.218672513961792,XArbitraryCorrectedZVertical,-0.1106384352505898,0.034609898880299,0.169340867945546,0.9787160287528006,0.9512251019477844,-0.3034564554691315,0.055543165653944,34.68414306640625,-18.77223205566406,10.05949401855469,-1,2,8106
2025-11-20T22:22:01.031+01:00,9976,630683.2976073751,0.3159629107150952,0.1064845248323212,-0.2018241907146295,0.1490468233823776,0.0454631373286247,-1.012571930885315,-0.658685564994812,-0.005195677280426,0.2378538846969604,XArbitraryCorrectedZVertical,-0.1076751969868048,0.0364604134032695,0.1510085858148207,0.9819740499749224,0.9612366557121276,-0.2681654691696167,0.0641175433993339,34.44329833984375,-17.22071838378906,10.96879577636719,-1,2,8107
2025-11-20T22:22:01.067+01:00,9977,630683.332523375,0.2755410763256459,0.097568975502631,-0.2024668486743333,0.0525870621204376,-0.0724893361330032,-1.183189749717712,-0.8809194564819336,0.2784795165061951,0.2011442184448242,XArbitraryCorrectedZVertical,-0.1066468002913225,0.0341931159702356,0.1315879096134373,0.9849578258778816,0.9711140990257264,-0.2298191785812378,0.0641908720135688,33.96832275390625,-16.03105163574219,11.28062438964844,-1,2,8108
2025-11-20T22:22:01.101+01:00,9978,630683.367440375,0.2417276038087574,0.0886448055603288,-0.2045372344324614,-0.0188540983945131,-0.0669672787189483,-0.6347311735153198,-0.8907310366630554,0.3140483498573303,0.1884677410125732,XArbitraryCorrectedZVertical,-0.1065604195901322,0.0314579143641146,0.1153315798535238,0.9870937311706148,0.9783318042755128,-0.1974253952503204,0.0623714104294776,33.65179443359375,-15.30259704589844,11.18887329101562,-1,2,8109
2025-11-20T22:22:01.136+01:00,9979,630683.402357375,0.2263559621111358,0.0796498711819184,-0.2092877038915192,-0.1889583766460419,-0.2730648219585419,-0.3939340710639954,-0.9350618720054626,0.2224964052438736,0.1471937894821167,XArbitraryCorrectedZVertical,-0.1081743154277122,0.0275560849194722,0.1080975440574421,0.987853210672078,0.9816011190414428,-0.182548850774765,0.0559922158718109,33.343017578125,-15.23532104492188,10.75579833984375,-1,2,8110
2025-11-20T22:22:01.171+01:00,9980,630683.437273375,0.211513623540599,0.0667707970616252,-0.2181136988273197,-0.2006586194038391,-0.2388431429862976,-0.4241935908794403,-1.064149022102356,0.3045111894607544,0.0361398458480835,XArbitraryCorrectedZVertical,-0.1116749558678302,0.0215127056331972,0.101261475006556,0.9883380491033876,0.9847422242164612,-0.1680823266506195,0.0450674518942832,33.8099365234375,-15.57377624511719,10.13719177246094,-1,2,8111
2025-11-20T22:22:01.211+01:00,9981,630683.4721903751,0.1995405031261645,0.0578688658199134,-0.2230939462687547,-0.0784756168723106,-0.17034612596035,-0.2473975569009781,-0.9649125337600708,0.3108004331588745,-0.0180137194693088,XArbitraryCorrectedZVertical,-0.1135795645711445,0.0175246734248135,0.0957399513220991,0.9887499201286172,0.9869461059570312,-0.1564577370882034,0.0381857864558696,34.62969970703125,-16.057861328125,8.79766845703125,-1,2,8112
2025-11-20T22:22:01.241+01:00,9982,630683.5071063751,0.196501487087543,0.0480791390991152,-0.2277844689849537,-0.1937518566846848,-0.3358389139175415,0.1389936208724976,-0.8533168435096741,0.2686925530433655,0.013274073600769,XArbitraryCorrectedZVertical,-0.115408008057007,0.0126217060969054,0.0947105033833526,0.9887121257839068,0.9877467751502992,-0.1534428596496582,0.0284892152994871,35.4146728515625,-16.477783203125,7.761062622070312,-1,2,8113
2025-11-20T22:22:01.276+01:00,9983,630683.542023375,0.2110924140889359,0.0430081007078801,-0.235842520720903,-0.4087709486484528,0.0814123600721359,0.7377899885177612,-0.8288236260414124,0.2237574607133865,-0.0573420524597168,XArbitraryCorrectedZVertical,-0.1192159684182951,0.0088428309772248,0.1020789000306857,0.9875673632541444,0.9857296943664552,-0.1672846525907516,0.018782990053296,36.702880859375,-17.38972473144531,6.625335693359375,-1,2,8114
2025-11-20T22:22:01.311+01:00,9984,630683.5769387917,0.2344298358513103,0.0626206690795766,-0.2420484567746322,-0.145211935043335,0.2696922123432159,0.2210598737001419,-0.149243175983429,-0.3948086500167847,-0.2360183000564575,XArbitraryCorrectedZVertical,-0.1234760839004706,0.0167510599034709,0.1122808724880465,0.9858326799877836,0.9813964366912842,-0.1894198209047318,0.0313216261565685,36.9876708984375,-18.37545776367188,6.301116943359375,-1,2,8115
2025-11-20T22:22:01.346+01:00,9985,630683.6118557916,0.2368707219370829,0.0680534357729998,-0.2431674820288612,0.1619733870029449,0.1839695870876312,-0.0352308191359043,0.94399231672287,-0.5557565093040466,-0.2033299207687378,XArbitraryCorrectedZVertical,-0.1243551647970311,0.0192099379396808,0.1131213017227538,0.9855812229669542,0.9807970523834229,-0.191710501909256,0.0358341261744499,38.26177978515625,-18.01148986816406,6.210968017578125,-1,2,8116
2025-11-20T22:22:01.381+01:00,9986,630683.6467717917,0.2362695668140987,0.0767986612178236,-0.2440069003066679,-0.1872937232255936,0.0769848003983497,-0.1498245745897293,0.9442259073257446,-0.556354820728302,-0.2118963003158569,XArbitraryCorrectedZVertical,-0.1252546932899904,0.0235058229880142,0.1122583553347842,0.9854729025765834,0.980563461780548,-0.1911121755838394,0.0444005094468593,38.812744140625,-17.99688720703125,6.016769409179688,-1,2,8117
2025-11-20T22:22:01.416+01:00,9987,630683.6816887917,0.2356612120666022,0.0666897771044356,-0.2522655507945052,-0.4139195084571838,-0.4829780757427216,0.2066620439291,0.9436150789260864,-0.5571950674057007,-0.2005645036697388,XArbitraryCorrectedZVertical,-0.1287449545068503,0.0180640999854196,0.1123945136352382,0.9851223109751152,0.9811743497848512,-0.1902719587087631,0.0330687463283538,39.64959716796875,-17.83901977539062,5.48712158203125,-1,2,8118
2025-11-20T22:22:01.450+01:00,9988,630683.7166047917,0.2522684296721209,0.0610303434776504,-0.2639184561905065,-0.3532465696334839,-0.164260521531105,0.4376969337463379,0.4958418607711792,-0.3217576742172241,-0.2175514698028564,XArbitraryCorrectedZVertical,-0.1342753702233763,0.0134602680610452,0.1206656907760983,0.9834778708801812,0.9784165024757384,-0.2055860310792923,0.0208655837923288,40.34661865234375,-18.43336486816406,4.595138549804688,-1,2,8119
2025-11-20T22:22:01.486+01:00,9989,630683.7515217917,0.2704285115542552,0.0559502911213827,-0.2783812478541212,-0.5750447511672974,-0.4102674126625061,0.656793475151062,-0.2359458208084106,0.2087985873222351,0.1597250699996948,XArbitraryCorrectedZVertical,-0.1411556205636059,0.0087527173840058,0.1296012659893899,0.9814285184552056,0.9750051498413086,-0.2220431566238403,0.0078469086438417,41.17633056640625,-19.00172424316406,3.678985595703125,-1,2,8120
2025-11-20T22:22:01.520+01:00,9990,630683.7864377917,0.3093201628236464,0.0575816585558642,-0.2963887542646755,-0.323992133140564,-0.2769237160682678,1.227947592735291,0.0663046240806579,0.0675832033157348,0.0738512277603149,XArbitraryCorrectedZVertical,-0.1502155313987817,0.0053958956709341,0.1480929493477063,0.9774838788643824,0.9663338661193848,-0.2572194039821625,-0.0060869622975587,41.71612548828125,-19.45307922363281,2.908233642578125,-1,2,8121
2025-11-20T22:22:01.555+01:00,9991,630683.8213547918,0.3501445452577427,0.0616826157309402,-0.3003869846672441,-0.104300357401371,0.028409594669938,0.5749823451042175,-0.4393965601921082,0.272812157869339,0.2724876403808594,XArbitraryCorrectedZVertical,-0.1525827445080321,0.0039732444149004,0.1675930227778303,0.9739687870313009,0.9555707573890686,-0.2943574786186218,-0.0154228927567601,41.69573974609375,-20.97959899902344,2.5107421875,-1,2,8122
2025-11-20T22:22:01.590+01:00,9992,630683.8562707917,0.3504716385634632,0.0664263743153726,-0.3083345935920138,-0.4044189453125,-0.0713026002049446,-0.2837085723876953,0.6091998815536499,0.0632197260856628,0.3961349129676819,XArbitraryCorrectedZVertical,-0.1568429405085188,0.0055542446802641,0.1671565161728974,0.9733592314908828,0.9556957483291626,-0.2940546572208405,-0.0133224315941333,41.8084716796875,-20.63522338867188,2.509811401367188,-1,2,8123
2025-11-20T22:22:01.625+01:00,9993,630683.8911877917,0.3580681758001159,0.0645615606161926,-0.3262765725691959,-0.5723384022712708,0.0988671854138374,0.732060968875885,0.905605673789978,0.2295010387897491,0.1696243286132812,XArbitraryCorrectedZVertical,-0.1654075550665594,0.0024298341873861,0.1704649775449839,0.9713784639500443,0.9538303017616272,-0.2994777858257294,-0.0228195134550333,42.571533203125,-20.53140258789062,2.09014892578125,-1,2,8124
2025-11-20T22:22:01.660+01:00,9994,630683.9261047917,0.3833493367421953,0.0818872560622277,-0.3430176642345848,-0.5173859596252441,0.3319044411182404,0.4226358234882355,0.6757833361625671,-0.0045331716537475,0.2610363364219666,XArbitraryCorrectedZVertical,-0.1750865909961568,0.0071072573158773,0.180692924612307,0.9678038356238668,0.9470193982124328,-0.3205553293228149,-0.0199627708643674,42.365478515625,-21.09896850585938,2.018646240234375,-1,2,8125
2025-11-20T22:22:01.695+01:00,9995,630683.9610207917,0.3912403632936634,0.091271109198243,-0.3534091355948515,0.0297274850308895,0.0464607663452625,0.0639292076230049,1.02768886089325,-0.2179872989654541,0.3133472800254822,XArbitraryCorrectedZVertical,-0.1809834180028798,0.0099199023247658,0.1832825862712449,0.9662060540089278,0.9450436234474182,-0.3264920115470886,-0.0171894505620002,42.8302001953125,-21.22062683105469,2.149658203125,-1,2,8126
2025-11-20T22:22:01.731+01:00,9996,630683.9959377917,0.3919279870253329,0.0936525259625823,-0.3438088290458055,0.4039332568645477,0.000785132870078,0.0076256347820162,0.7919216752052307,-0.1868619024753571,0.2166727185249329,XArbitraryCorrectedZVertical,-0.1765810665693717,0.0119657588867173,0.1837781058544184,0.9669030533035315,0.9445741772651672,-0.3280763924121857,-0.0120523888617754,43.5618896484375,-21.16912841796875,2.327102661132812,-1,2,8127
2025-11-20T22:22:01.771+01:00,9997,630684.0308537917,0.3902214007621844,0.0848123351668235,-0.3312027248109972,0.2475184202194214,-0.4261659383773804,0.0086924415081739,-0.1715457439422607,0.204797625541687,0.0909757018089294,XArbitraryCorrectedZVertical,-0.1696789525447641,0.0090894232612968,0.1841951125376104,0.9680902436677372,0.9446170926094056,-0.3277987241744995,-0.015704121440649,44.5255126953125,-20.78068542480469,2.4261474609375,-1,2,8128
2025-11-20T22:22:01.800+01:00,9998,630684.0657707917,0.3917342706886975,0.0710516323901249,-0.3244035098010802,0.1950447708368301,-0.2952574193477631,0.063796043395996,-0.6608936786651611,0.1584175825119019,-0.134000837802887,XArbitraryCorrectedZVertical,-0.1651254068699612,0.0029727382450308,0.1863152097274112,0.9685099448873976,0.9436695575714112,-0.329789012670517,-0.0269641708582639,45.04400634765625,-20.60928344726562,2.1790771484375,-1,2,8129
2025-11-20T22:22:01.835+01:00,9999,630684.1006867917,0.3933300563800486,0.0655687853877277,-0.3153218616318788,0.2739550471305847,-0.045609526336193,0.0704892948269844,-0.8299408555030823,0.0796113610267639,-0.1312894821166992,XArbitraryCorrectedZVertical,-0.1602247545460831,0.001085017879387,0.1878252301783847,0.9690452277313056,0.9427949190139772,-0.3320527672767639,-0.029644951224327,45.565185546875,-20.04188537597656,1.798873901367188,-1,2,8130
2025-11-20T22:22:01.869+01:00,10000,630684.1356037917,0.3926692195415978,0.0688373100908061,-0.307932092317789,0.1333971321582794,0.1570258587598801,-0.1687380224466324,-0.8558037281036377,-0.0710706710815429,-0.1015480160713196,XArbitraryCorrectedZVertical,-0.1569565962059715,0.0034527062312058,0.1874779297607387,0.9696415043395112,0.9429312348365784,-0.3321274816989899,-0.0239097960293293,45.71905517578125,-19.88351440429688,2.368804931640625,-1,2,8131
2025-11-20T22:22:01.905+01:00,10001,630684.1705197917,0.3853026589606908,0.0700300525122424,-0.3062103652967174,0.0812801718711853,0.030727632343769,-0.1481504738330841,-0.9146772623062134,0.3438330888748169,-0.0778831243515014,XArbitraryCorrectedZVertical,-0.1562188479488909,0.0047767811488587,0.1838659880288563,0.9704463877657672,0.9452710747718812,-0.3256751000881195,-0.0199562180787324,45.50555419921875,-18.97059631347656,2.7109375,-1,2,8132
2025-11-20T22:22:01.939+01:00,10002,630684.2054367918,0.3804529284014447,0.0672207205763549,-0.2990860489249939,0.2844158113002777,-0.104116827249527,-0.1211748570203781,-0.9854612946510316,0.4781625270843506,-0.0675990581512451,XArbitraryCorrectedZVertical,-0.1524991140073311,0.0044749837039032,0.1819491526115182,0.9714003699660774,0.946582019329071,-0.3219125270843506,-0.0188420005142688,45.3782958984375,-18.64358520507812,2.830291748046875,-1,2,8133
2025-11-20T22:22:01.974+01:00,10003,630684.2403527917,0.3739226273396031,0.0629405864602628,-0.2919490624087744,0.114274337887764,0.0082558784633874,-0.2057226896286011,-0.9422147870063782,0.3711066246032715,-0.0061033964157104,XArbitraryCorrectedZVertical,-0.1486374489162712,0.0035647359495631,0.1793090734675558,0.9724929316370186,0.9483792781829834,-0.3165869414806366,-0.0186921339482069,44.34320068359375,-18.370849609375,3.537139892578125,-1,2,8134
2025-11-20T22:22:02.009+01:00,10004,630684.2752697917,0.3716359165718314,0.0635022767404116,-0.2902339697637209,0.0107452608644962,0.0128037156537175,0.1716883480548859,-0.7929593920707703,0.4735690653324127,0.0132143516093492,XArbitraryCorrectedZVertical,-0.1478505951391185,0.0041684135355177,0.1782047425445489,0.9728133972687544,0.9490567445755004,-0.3146486878395081,-0.0169527493417263,43.97308349609375,-18.41517639160156,4.074615478515625,-1,2,8135
2025-11-20T22:22:02.051+01:00,10005,630684.3101857917,0.3849900241850852,0.0635452457957277,-0.2855982102806084,0.246179610490799,-0.2436448633670807,0.5021061301231384,-0.8806309103965759,0.4945622384548187,-0.0062642712146043,XArbitraryCorrectedZVertical,-0.145630709539297,0.0036509903544446,0.1848281655769616,0.9719141416523184,0.9447941780090332,-0.3270970284938812,-0.0192789640277624,43.68316650390625,-19.00355529785156,4.589279174804688,-1,2,8136
2025-11-20T22:22:02.079+01:00,10006,630684.3451027917,0.4027483505900766,0.059779495389979,-0.2740989201299404,0.1771141290664673,-0.0062112240120768,0.5601765513420105,-0.9841081500053406,0.3311086297035217,0.060430109500885,XArbitraryCorrectedZVertical,-0.1397217901243487,0.0016926968673234,0.194051508471028,0.9709886531670188,0.9386521577835084,-0.3440327942371368,-0.0239463448524475,43.00909423828125,-19.90858459472656,5.257553100585938,-1,2,8137
2025-11-20T22:22:02.114+01:00,10007,630684.3800187916,0.4120635224404669,0.072158342675501,-0.2603173242519712,0.419562041759491,0.2768960893154144,-0.3373717069625854,-0.1739330291748047,-0.4813302159309387,0.0651615858078002,XArbitraryCorrectedZVertical,-0.134280708152049,0.0084746916460443,0.1981320116549993,0.9708967763013882,0.9353770613670348,-0.3535085916519165,-0.0100621450692415,42.009033203125,-21.19851684570312,6.077926635742188,-1,2,8138
2025-11-20T22:22:02.149+01:00,10008,630684.4149357917,0.398994192634334,0.068984219842741,-0.2510873087567908,0.1219299733638763,-0.3644758760929108,-0.1618855148553848,0.7509960532188416,-0.3611135482788086,0.173737645149231,XArbitraryCorrectedZVertical,-0.1294380590162926,0.0087355486194256,0.1922673810009373,0.972729519374994,0.9395403861999512,-0.3423776030540466,-0.0064250663854181,42.37628173828125,-20.50569152832031,6.8043212890625,-1,2,8139
2025-11-20T22:22:02.184+01:00,10009,630684.4498517917,0.4131972351921249,0.059608558029768,-0.2480790135755001,0.2795576155185699,-0.3327361345291138,0.7759230732917786,0.8647305369377136,-0.5193318724632263,-0.0536982417106628,XArbitraryCorrectedZVertical,-0.1271028048915041,0.0035740612720616,0.1998571061412797,0.9715396902685528,0.934524953365326,-0.3554545044898987,-0.0177587438374757,42.31390380859375,-20.89358520507812,6.791168212890625,-1,2,8140
2025-11-20T22:22:02.219+01:00,10010,630684.4847687917,0.4380902786025274,0.0507136816835551,-0.2290449181314436,0.6804951429367065,-0.6183467507362366,0.4934843778610229,0.8681102395057678,-1.076255440711975,0.0257540959864854,XArbitraryCorrectedZVertical,-0.1169792407485951,-0.0002369380452928,0.2129768193548252,0.9700292227210432,0.9249500036239624,-0.3792651295661926,-0.0250064451247453,41.46343994140625,-22.41500854492188,6.5347900390625,-1,2,8141
2025-11-20T22:22:02.254+01:00,10011,630684.5196857917,0.4458903041126948,0.031438368982031,-0.2012323866249578,0.8354467153549194,-0.5187749266624451,0.002978463191539,0.274048388004303,-0.6477483510971069,0.0225903987884521,XArbitraryCorrectedZVertical,-0.1014062423788839,-0.0069542822873865,0.2184176231496051,0.9705473762303808,0.9209741950035096,-0.3881555795669556,-0.0337904058396816,41.27490234375,-22.68858337402344,6.718780517578125,-1,2,8142
2025-11-20T22:22:02.291+01:00,10012,630684.5546017917,0.4463049483959578,0.0176663227849025,-0.1783230105930218,0.2826909124851227,-0.1023838669061661,0.2423494309186935,0.0520960688591003,-0.1846735179424286,0.0306608639657497,XArbitraryCorrectedZVertical,-0.088779191615047,-0.0111251722890651,0.2196503089088369,0.9714671242697304,0.9201024770736694,-0.3898656964302063,-0.0376341976225376,41.4993896484375,-22.6815185546875,6.874343872070312,-1,2,8143
2025-11-20T22:22:02.330+01:00,10013,630684.5895225,0.4539643063292287,0.0159447028105981,-0.1660469075478665,0.1539710015058517,-0.0878290981054306,0.0713225230574607,0.2441014051437378,0.1076205670833588,-0.22342449426651,XArbitraryCorrectedZVertical,-0.0825863169320271,-0.0109203707509111,0.2236116872914227,0.9711117441220426,0.9169397354125975,-0.3974306881427765,-0.0356392376124858,41.27276611328125,-23.02188110351562,7.275558471679688,-1,2,8144
2025-11-20T22:22:02.358+01:00,10014,630684.6244385,0.433658669295294,0.0195142289009103,-0.1642249129219215,0.1904177367687225,0.3546074628829956,-0.8974758386611938,0.3879418969154358,0.3959628343582153,-0.4788002967834473,XArbitraryCorrectedZVertical,-0.0821878325529483,-0.008148126087708,0.2136176760371016,0.9734199644893036,0.924924373626709,-0.3790866136550903,-0.0284323748201131,41.8330078125,-22.26127624511719,7.841094970703125,-1,2,8145
2025-11-20T22:22:02.393+01:00,10015,630684.6593555,0.4142530015047351,0.0262668055014178,-0.1574926026526846,0.3164355158805847,0.4082655608654022,0.1212545037269592,1.156395435333252,0.5097408294677734,-0.3104968070983887,XArbitraryCorrectedZVertical,-0.079669330101368,-0.0033634555216947,0.2039826835619906,0.9757215464982274,0.9321818351745604,-0.3616084456443787,-0.0166211519390344,42.13800048828125,-21.29176330566406,8.646774291992188,-1,2,8146
2025-11-20T22:22:02.428+01:00,10016,630684.6942715,0.434867430465338,0.0451208074849582,-0.143426249867966,0.3338776528835297,0.3984966278076172,0.7008438110351562,0.8035496473312378,0.0775945484638214,-0.1653480529785156,XArbitraryCorrectedZVertical,-0.0748006863678447,0.0065176320049491,0.213536946359244,0.9740453859405194,0.9245387315750122,-0.3810765743255615,0.0029640207067132,41.792724609375,-22.31918334960938,9.836471557617188,-1,2,8147
2025-11-20T22:22:02.463+01:00,10017,630684.7291885001,0.4566760741506025,0.0589172558688143,-0.1240281416284081,0.4098596274852753,0.4115042388439178,0.5017368197441101,0.7647126913070679,-0.0866261720657348,-0.2372108697891235,XArbitraryCorrectedZVertical,-0.0669939748260771,0.0146123372698022,0.2240478352376459,0.9721629777450655,0.9155698418617249,-0.4016550183296204,0.0201239958405494,41.4285888671875,-23.14657592773438,10.79026794433594,-1,2,8148
2025-11-20T22:22:02.498+01:00,10018,630684.7641045001,0.4597379135426469,0.0587644242455864,-0.0785554477604476,0.5389042496681213,0.0872180312871933,-0.1861557811498642,0.8974385261535645,-0.6183720827102661,-0.1019641160964966,XArbitraryCorrectedZVertical,-0.0449068461735947,0.0196399075595012,0.2264526661875751,0.9727881743890427,0.9132761359214784,-0.4055688381195068,0.0379534438252449,41.00927734375,-23.09336853027344,12.34278869628906,-1,2,8149
2025-11-20T22:22:02.533+01:00,10019,630684.7990215,0.4487740223739551,0.0421878588200742,-0.0481350924775998,0.2230170667171478,-0.3056876957416534,-0.3528774082660675,0.4353093504905701,-0.3318640887737274,-0.0253119505941867,XArbitraryCorrectedZVertical,-0.0281485821463217,0.0152041064549091,0.2218999887830341,0.9745444439147702,0.9176263213157654,-0.3958274722099304,0.0358099639415741,41.41412353515625,-22.64932250976562,12.87321472167969,-1,2,8150
2025-11-20T22:22:02.571+01:00,10020,630684.8339375,0.4426285460519878,0.0236713473932393,-0.0127073618789686,0.2185008227825165,-0.0761578306555748,0.1143561527132988,-0.5491783618927002,0.1798270344734192,0.1026592254638672,XArbitraryCorrectedZVertical,-0.0087961963883279,0.0101518938168815,0.2194188495687786,0.9755383382402776,0.9202111959457396,-0.3900321424007416,0.0329608395695686,41.6068115234375,-21.85009765625,13.2698974609375,-1,2,8151
2025-11-20T22:22:02.603+01:00,10021,630684.8688545,0.4493384696486701,0.0149996148117645,0.0172196755542938,0.3076659440994263,-0.025070384144783,0.1610657125711441,-0.747605562210083,-0.1556695103645325,0.1732194423675537,XArbitraryCorrectedZVertical,0.0067223552461545,0.0092290368102227,0.2228323379813191,0.9747899656543026,0.917649507522583,-0.3956915438175201,0.0367109701037406,41.133056640625,-21.55804443359375,13.74658203125,-1,2,8152
2025-11-20T22:22:02.638+01:00,10022,630684.9037705001,0.4478066509373659,0.0013494010406964,0.049216447367777,0.0036560050211846,-0.0885599106550216,-0.4744030237197876,-0.9214155077934264,-0.0625522136688232,0.2423685789108276,XArbitraryCorrectedZVertical,0.0238417662561351,0.0061210466992893,0.2219860932779969,0.9747391536850166,0.9186537265777588,-0.3933499157428741,0.0367604158818721,40.3291015625,-21.68255615234375,14.23342895507812,-1,2,8153
2025-11-20T22:22:02.673+01:00,10023,630684.9386875001,0.4163763975550404,-0.0072957645872647,0.0608732439187911,-0.3424254059791565,-0.0734253898262977,-1.016988635063171,-0.9801905155181884,0.3290620446205139,0.2006790637969971,XArbitraryCorrectedZVertical,0.0305282286110762,0.0027224052037823,0.2064818393475051,0.9779702967674632,0.9309045672416688,-0.3638977706432343,0.0315443687140941,40.3326416015625,-20.63673400878906,14.08277893066406,-1,2,8154
2025-11-20T22:22:02.708+01:00,10024,630684.9736035,0.4017147473715315,-0.0146064614671349,0.0712197403648526,-0.3505066335201263,0.0891076028347015,0.1984317749738693,-0.7721490859985352,0.5593664050102234,0.0732578039169311,XArbitraryCorrectedZVertical,0.0363417860163418,-4.89880826518222e-05,0.1991229481074064,0.979300487576444,0.9364100098609924,-0.3498327136039734,0.02745021879673,40.56756591796875,-19.66453552246094,13.28822326660156,-1,2,8155
2025-11-20T22:22:02.742+01:00,10025,630685.0085205,0.4145505292580369,-0.0217602039015262,0.0720847086167428,-0.2814429402351379,-0.2316419333219528,0.19304358959198,-0.9443596601486206,0.3525029122829437,0.092226505279541,XArbitraryCorrectedZVertical,0.0374987181156521,-0.0032248271680422,0.2052647632252418,0.9779825480292312,0.9320152401924132,-0.361749678850174,0.0220160111784935,39.856201171875,-20.33149719238281,12.56878662109375,-1,2,8156
2025-11-20T22:22:02.777+01:00,10026,630685.0434365,0.4046224010649357,-0.0301141392767184,0.0667566116175694,0.0490307621657848,-0.240834042429924,-0.7006190419197083,-1.170319795608521,0.3029371201992035,-0.0546221733093261,XArbitraryCorrectedZVertical,0.0357114477552771,-0.0080363761837873,0.2003070215793984,0.9790491474271412,0.9356548190116882,-0.3527265191078186,0.0115770930424332,39.5465087890625,-20.69355773925781,11.61895751953125,-1,2,8157
2025-11-20T22:22:02.812+01:00,10027,630685.0783535,0.3791475727207976,-0.0357808548165943,0.0787145318832453,0.5590553283691406,-0.2047714442014694,-0.5866002440452576,-1.020561933517456,0.5275294184684753,-0.0866484642028808,XArbitraryCorrectedZVertical,0.0420044895739187,-0.0101419764139272,0.1875729752484588,0.981299781299472,0.9445122480392456,-0.3283717036247253,0.0082945460453629,39.7730712890625,-20.21644592285156,11.25399780273438,-1,2,8158
2025-11-20T22:22:02.850+01:00,10028,630685.1132695001,0.3691075383874355,-0.0432601864848656,0.1081518459870419,1.152207970619202,-0.3192192316055298,-0.1194131970405579,-0.920327365398407,0.5701348185539246,-0.1101361513137817,XArbitraryCorrectedZVertical,0.0570824658265706,-0.0113138368660779,0.1820476326759844,0.9815662591101662,0.9481898546218872,-0.3175560235977173,0.0097027849406003,40.17364501953125,-19.97560119628906,10.96733093261719,-1,2,8159
2025-11-20T22:22:02.882+01:00,10029,630685.1481865001,0.3665397964712194,-0.0601838853191819,0.153938256783798,1.210070729255676,-0.4902356863021851,-0.1812801659107208,-0.9965941309928894,0.5254201889038086,0.0330673456192016,XArbitraryCorrectedZVertical,0.0810382603143755,-0.0154888411392654,0.1793490743887269,0.9803197647547032,0.949886918067932,-0.3124990463256836,0.007688860874623,40.23553466796875,-19.66282653808594,10.7640380859375,-1,2,8160
2025-11-20T22:22:02.917+01:00,10030,630685.1831025,0.3658332344052632,-0.0636273131388339,0.1993713870817935,1.254405617713928,0.008913648314774,-0.3158905804157257,-0.1729611754417419,-0.3888109624385834,-0.0791445970535278,XArbitraryCorrectedZVertical,0.1035680361473427,-0.0130288842895581,0.1777909071383963,0.978516398133312,0.9510220289230348,-0.3085767030715942,0.0183687508106231,40.628662109375,-19.39181518554688,11.07073974609375,-1,2,8161
2025-11-20T22:22:02.952+01:00,10031,630685.2180195,0.3575238696473025,-0.0640645218649364,0.2392753508101604,1.046714544296265,-0.1176583915948868,-0.3294334709644318,1.0230872631073,-0.6918553113937378,-0.0873773097991943,XArbitraryCorrectedZVertical,0.1230443179906393,-0.0100798007557012,0.1726882407975153,0.977208922966689,0.95429927110672,-0.2975245416164398,0.0281426217406988,40.917236328125,-18.70675659179688,11.22369384765625,-1,2,8162
2025-11-20T22:22:02.987+01:00,10032,630685.2529355,0.3433810273963594,-0.0562778374017604,0.2671164585024162,0.2062601000070572,0.2325180619955063,-0.575259804725647,0.9841184616088868,-0.7821714878082275,0.1501399278640747,XArbitraryCorrectedZVertical,0.1359157890157209,-0.0047332604769988,0.1655682552474841,0.9767761918488232,0.9585999846458436,-0.2819305956363678,0.0400150828063488,41.3426513671875,-18.2064208984375,11.72210693359375,-1,2,8163
2025-11-20T22:22:03.022+01:00,10033,630685.2878525,0.3408127546198205,-0.0546499479836384,0.2726979170877154,-0.3344964385032654,0.0585891157388687,0.617190957069397,0.9833773970603944,-0.7850624322891235,0.147710919380188,XArbitraryCorrectedZVertical,0.1384983598819506,-0.0036336821204673,0.1642862692040279,0.9766345433877284,0.959341049194336,-0.2790396809577942,0.0424440242350101,41.48931884765625,-18.09251403808594,11.97749328613281,-1,2,8164
2025-11-20T22:22:03.057+01:00,10034,630685.3227685001,0.3716053257818741,-0.0645817496435582,0.2573465430104213,-0.8907407522201538,-0.1340173482894897,0.7428229451179504,0.5479407906532288,-0.5470411777496338,0.1415433883666992,XArbitraryCorrectedZVertical,0.131959096137949,-0.0077746552037085,0.179041232369387,0.9749208309890394,0.950426459312439,-0.3087784945964813,0.0366792604327201,41.0615234375,-19.99534606933594,11.96678161621094,-1,2,8165
2025-11-20T22:22:03.092+01:00,10035,630685.3576855,0.3856843795961906,-0.0725786851335633,0.2108490953311881,-1.558844327926636,0.1442936956882477,0.7092300653457642,0.0435023307800293,0.2616286277770996,0.0802539587020874,XArbitraryCorrectedZVertical,0.1101254677938374,-0.0152573058910614,0.1867125402823042,0.9761035801813044,0.9452062845230104,-0.3259902000427246,0.0177684668451547,41.41015625,-21.33050537109375,10.82792663574219,-1,2,8166
2025-11-20T22:22:03.131+01:00,10036,630685.3926015,0.4217754065047718,-0.0681676669592792,0.1676044627486071,-1.317571759223938,0.6860154867172241,0.7403672933578491,-0.3151156306266785,0.5189422369003296,0.2024978399276733,XArbitraryCorrectedZVertical,0.0889104960989032,-0.0156938779602989,0.2056830409483411,0.9744450742945396,0.9317995309829712,-0.3626921772956848,0.0142836673185229,41.0533447265625,-24.04536437988281,10.57363891601562,-1,2,8167
2025-11-20T22:22:03.162+01:00,10037,630685.4275185,0.4092168968932927,-0.0541086319804708,0.1187279464907544,-1.655792593955994,-0.2003039568662643,-0.7367345690727234,1.299058198928833,-0.1150048673152924,0.3058934211730957,XArbitraryCorrectedZVertical,0.0635569314843827,-0.01438978860317,0.2011802209027046,0.977384243261444,0.935042142868042,-0.3544469773769379,0.0079645626246929,40.9183349609375,-24.73074340820312,10.11863708496094,-1,2,8168
2025-11-20T22:22:03.196+01:00,10038,630685.4624345,0.3974412283903337,-0.0594189291796985,0.0623936102712501,-1.670710921287537,0.1481954306364059,0.5047554969787598,1.166025280952454,0.6321825385093689,0.081287145614624,XArbitraryCorrectedZVertical,0.0364257820733876,-0.022951317119935,0.1963238308110499,0.9795934695330066,0.9379937648773192,-0.3461869955062866,-0.0179479569196701,41.5394287109375,-25.32005310058594,7.896728515625,-1,2,8169
2025-11-20T22:22:03.232+01:00,10039,630685.4973515001,0.4073897490674114,-0.0516907240824384,0.0132405211632111,-1.351011395454407,0.2684565782546997,0.2387282997369766,0.954242706298828,0.0663294494152069,0.197210967540741,XArbitraryCorrectedZVertical,0.0117087213053151,-0.0239689090626711,0.2020496618251601,0.9790118681877256,0.9337270855903624,-0.3569330275058746,-0.0274264719337225,41.477783203125,-26.57595825195312,6.977249145507812,-1,2,8170
2025-11-20T22:22:03.266+01:00,10040,630685.5322675001,0.4160300729333654,-0.0500072386618667,-0.0201443009198812,-0.5858127474784851,-0.1226906329393387,0.3412516117095947,0.957919180393219,0.0748806893825531,0.2075555324554443,XArbitraryCorrectedZVertical,-0.0046888751830207,-0.0265402159081155,0.2066894834808602,0.9780353658647948,0.9300508499145508,-0.3654842972755432,-0.0377710349857807,41.22137451171875,-27.64402770996094,6.092697143554688,-1,2,8171
2025-11-20T22:22:03.301+01:00,10041,630685.5671845,0.4185690681735493,-0.0534512914280256,-0.0258817356029037,0.0508565455675125,-0.0661418735980987,-0.239077553153038,0.7205431461334229,-0.2943872809410095,0.1467934846878052,XArbitraryCorrectedZVertical,-0.0071022249158895,-0.0288247478670454,0.2080067765491962,0.977676752376711,0.9288707971572876,-0.3678898513317108,-0.0430794991552829,41.65087890625,-28.547607421875,5.046371459960938,-1,2,8172
2025-11-20T22:22:03.336+01:00,10042,630685.6020973751,0.4003557631693061,-0.0647293414896561,-0.0215337874074855,0.0857164338231086,-0.594039261341095,-0.634110152721405,-0.2321144938468933,0.2533318400382996,0.1045652031898499,XArbitraryCorrectedZVertical,-0.0041121495905403,-0.0338507764376718,0.1990694421576427,0.9793920050078698,0.9349800944328308,-0.3508659899234772,-0.0520139522850513,42.65399169921875,-28.36807250976562,4.268173217773438,-1,2,8173
2025-11-20T22:22:03.371+01:00,10043,630685.6370143751,0.3921942465549462,-0.0879282014827422,-0.0232578275733,-0.1937493085861206,-0.5284924507141113,0.2424236983060837,-0.7169585227966309,0.3430148363113403,-0.1063169166445732,XArbitraryCorrectedZVertical,-0.0028320136095267,-0.0453682712803472,0.1951426013403282,0.9797209065972106,0.9363035559654236,-0.3432283997535706,-0.074362426996231,43.43743896484375,-28.30137634277344,3.373260498046875,-1,2,8174
2025-11-20T22:22:03.411+01:00,10044,630685.671930375,0.4010376605802094,-0.0926448263145723,-0.0293831605417326,-0.1470037698745728,0.1997771263122559,0.0119253098964691,-0.9164031744003296,-0.1151598691940308,-0.2990833520889282,XArbitraryCorrectedZVertical,-0.0051591472378047,-0.0482961337312363,0.1996093255333734,0.9786709710316588,0.932668924331665,-0.351560652256012,-0.0808300003409385,43.91259765625,-28.93208312988281,2.161392211914062,-1,2,8175
2025-11-20T22:22:03.441+01:00,10045,630685.706847375,0.3913267797846928,-0.0784696884344988,-0.0330753374556849,-0.1552558541297913,0.48174649477005,-0.4570022225379944,-0.8345060348510742,-0.1024535894393921,-0.1762275695800781,XArbitraryCorrectedZVertical,-0.0085839559615322,-0.0416836521947133,0.1948773951620993,0.9799039117203618,0.9369993209838868,-0.342477411031723,-0.0688591375946998,44.62213134765625,-28.72607421875,1.877471923828125,-1,2,8176
2025-11-20T22:22:03.476+01:00,10046,630685.741763375,0.377949023962272,-0.0682141364880576,-0.0391257268785884,-0.1439037173986435,0.1017749309539795,-0.1972657591104507,-0.7617939710617065,0.3392341732978821,-0.0377639532089233,XArbitraryCorrectedZVertical,-0.0127975885732702,-0.0371595169505895,0.188361771052155,0.9813130116837806,0.9420307278633118,-0.3299110233783722,-0.0611282810568809,45.74383544921875,-27.50386047363281,2.39093017578125,-1,2,8177
2025-11-20T22:22:03.510+01:00,10047,630685.776680375,0.3771271423490945,-0.0707608309442248,-0.0421078163699992,-0.0328699238598346,-0.1924494653940201,0.1134142205119133,-0.841336190700531,0.3486751317977905,-0.1132700517773628,XArbitraryCorrectedZVertical,-0.0140371085865734,-0.038682079566302,0.1880207640294121,0.9813027254232342,0.9420748353004456,-0.3291438817977905,-0.0644948631525039,46.32177734375,-27.25128173828125,2.258956909179688,-1,2,8178
2025-11-20T22:22:03.546+01:00,10048,630685.8115963751,0.3778791283828684,-0.0757499803473556,-0.0426376643768381,-0.0159352775663137,-0.0101113868877291,-0.1692239791154861,-1.122570276260376,0.3621267378330231,-0.0825675204396247,XArbitraryCorrectedZVertical,-0.0138125724556117,-0.0411844897304037,0.1884329061915365,0.9811250024659744,0.9414790272712708,-0.3298543691635132,-0.0693795457482338,46.42449951171875,-27.07398986816406,2.415237426757812,-1,2,8179
2025-11-20T22:22:03.580+01:00,10049,630685.846513375,0.3669144708343799,-0.0700451849059187,-0.0445541195646802,-0.1722960472106934,0.3079438805580139,-0.3161569833755493,-1.011999011039734,0.422051876783371,0.0136756375432014,XArbitraryCorrectedZVertical,-0.0155017071622909,-0.0384804656253104,0.1830396558894024,0.9822298225384516,0.9453943371772766,-0.3194974660873413,-0.0644263848662376,46.623046875,-26.49005126953125,2.857437133789062,-1,2,8180
2025-11-20T22:22:03.615+01:00,10050,630685.881429375,0.365605681968398,-0.0596504110935558,-0.0508537958162693,-0.137068048119545,0.1914656758308411,0.3124220073223114,-0.7177972793579102,0.4716455936431885,0.0467097163200378,XArbitraryCorrectedZVertical,-0.0195701614836861,-0.0339341423876712,0.1823923715055434,0.9824451976591354,0.9463129043579102,-0.3182642459869385,-0.0565669313073158,47.707275390625,-26.93685913085938,3.638885498046875,-1,2,8181
2025-11-20T22:22:03.650+01:00,10051,630685.916346375,0.3801735756121309,-0.0580788265436458,-0.0548939684547123,-0.0351711101830005,-0.0863850638270378,0.4066302180290222,-0.9141543507575988,0.4371499419212341,0.0609630942344665,XArbitraryCorrectedZVertical,-0.0214538694969364,-0.0336847120232069,0.1895757995214281,0.9810535829996394,0.9415591359138488,-0.3320168554782867,-0.0568432994186878,47.366943359375,-27.34120178222656,3.951309204101562,-1,2,8182
2025-11-20T22:22:03.691+01:00,10052,630685.951262375,0.3920556857824555,-0.0593928677078673,-0.0562535671862712,-0.1923622786998749,0.1773458570241928,0.4547080397605896,-1.005107641220093,0.3224132061004639,0.1021337509155273,XArbitraryCorrectedZVertical,-0.0217913197810754,-0.0345871356615437,0.1954309407097629,0.9798651633300084,0.9374197125434875,-0.343180388212204,-0.0589209049940109,46.8936767578125,-27.40626525878906,4.69049072265625,-1,2,8183
2025-11-20T22:22:03.720+01:00,10053,630685.9861793751,0.4124903216826415,-0.0364858708068304,-0.0573710841620507,0.0259410366415977,0.6191059350967407,-0.0377857312560081,-0.1805865168571472,-0.4280326068401337,-0.2269595861434937,XArbitraryCorrectedZVertical,-0.0243349250219171,-0.0237205892333192,0.2051798979598321,0.9781341196255638,0.9312731027603148,-0.3622657656669617,-0.0386501997709274,46.1048583984375,-27.88655090332031,5.940200805664062,-1,2,8184
2025-11-20T22:22:03.755+01:00,10054,630686.0210953751,0.4028191149846367,-0.024777374197923,-0.0615020457995329,-0.2728242874145508,0.1494775265455246,-0.1944969594478607,0.8536174297332764,-0.4568442106246948,0.2000049948692322,XArbitraryCorrectedZVertical,-0.0276452203872875,-0.0182825282347951,0.200313875057034,0.979170943269425,0.9350939989089966,-0.3532295823097229,-0.0287708435207605,45.6485595703125,-27.31024169921875,6.890426635742188,-1,2,8185
2025-11-20T22:22:03.790+01:00,10055,630686.056012375,0.398667663739447,-0.0255796280847803,-0.0743373873267976,-0.2453165054321289,-0.2312533557415009,-0.0284383576363325,0.9862344264984132,-0.4941616356372833,0.2688629627227783,XArbitraryCorrectedZVertical,-0.0338905634743721,-0.0198852732753378,0.198329294961897,0.9793474888081648,0.9364187121391296,-0.3492526113986969,-0.0338013470172882,45.23638916015625,-26.78115844726562,6.852752685546875,-1,2,8186
2025-11-20T22:22:03.825+01:00,10056,630686.090928375,0.4082025833854875,-0.0310957556415174,-0.0783192235722613,-0.0455301068723201,-0.0356596186757087,0.5723550319671631,1.148316144943237,-0.8209147453308105,-0.1319637894630432,XArbitraryCorrectedZVertical,-0.0351835520282995,-0.0231470401143491,0.2031033670102642,0.9782511078559136,0.932784140110016,-0.3581013083457947,-0.0409488715231418,45.10198974609375,-26.88627624511719,6.6265869140625,-1,2,8187
2025-11-20T22:22:03.860+01:00,10057,630686.125845375,0.4229529781657392,-0.0301325933290518,-0.0761496534605432,0.198800802230835,-0.0500982105731964,0.0821512788534164,0.0904619097709655,-0.459404319524765,-0.026204764842987,XArbitraryCorrectedZVertical,-0.0340533196004552,-0.022708627240829,0.2102884962406065,0.976782200833378,0.9274366497993468,-0.3718181848526001,-0.0401557199656963,44.4884033203125,-27.3634033203125,7.196990966796875,-1,2,8188
2025-11-20T22:22:03.895+01:00,10058,630686.160761375,0.4236514729160857,-0.0305858549647369,-0.0697357084628767,0.0526769272983074,0.1576011776924133,0.2965157926082611,-0.2324822545051575,0.2416151165962219,0.0486054457724094,XArbitraryCorrectedZVertical,-0.0308644363046246,-0.0222698981376196,0.2106140135093089,0.9768280677651932,0.9272300004959106,-0.3725354671478271,-0.0382294878363609,44.26019287109375,-27.18144226074219,7.190399169921875,-1,2,8189
2025-11-20T22:22:03.931+01:00,10059,630686.1956783751,0.4427318258284721,-0.0217088647366933,-0.0643554235625768,0.3563133478164673,-0.1689657717943192,0.5180749297142029,0.3880530595779419,-0.1924731731414795,-0.1021651029586792,XArbitraryCorrectedZVertical,-0.0290033138663362,-0.0176472568866613,0.219776495843289,0.9749593759829832,0.9202812910079956,-0.3901836276054382,-0.0289689749479293,43.37750244140625,-27.61514282226562,8.080551147460938,-1,2,8190
2025-11-20T22:22:03.971+01:00,10060,630686.230594375,0.4477547247711163,-0.0150375214877038,-0.0595368529709526,0.1923827230930328,0.6548061370849609,-0.446435958147049,0.0084176063537597,0.1789066791534424,-0.2464756369590759,XArbitraryCorrectedZVertical,-0.0273519170098596,-0.0139355848803155,0.2221254344405019,0.9745348148641892,0.9185081720352172,-0.3948338329792023,-0.0211940370500087,42.32257080078125,-28.16812133789062,8.690292358398438,-1,2,8191
2025-11-20T22:22:04.000+01:00,10061,630686.265511375,0.4368855566739287,-0.0013794085819384,-0.0491738235579383,0.3495789468288422,0.1426449418067932,0.0596835054457187,1.065374612808228,0.303380012512207,-0.17259681224823,XArbitraryCorrectedZVertical,-0.0238507874346305,-0.0060007948804267,0.2166606821297362,0.9759370812010704,0.9229523539543152,-0.3848923444747925,-0.0040694796480238,42.22216796875,-27.27188110351562,9.929641723632812,-1,2,8192
2025-11-20T22:22:04.034+01:00,10062,630686.300427375,0.4568470714892057,0.0051544341357301,-0.0314386630222887,0.5863513350486755,0.1606758385896683,0.5461171865463257,0.9462454319000244,0.0304307341575622,-0.1618566513061523,XArbitraryCorrectedZVertical,-0.0158938519172992,-0.0010494030473669,0.2263741017299919,0.9739101998055628,0.9150673747062684,-0.4032181203365326,0.0081700552254915,41.55560302734375,-27.78700256347656,10.687255859375,-1,2,8193
2025-11-20T22:22:04.069+01:00,10063,630686.335344375,0.4563799876287704,0.0141167450853405,-0.0125771067741807,0.4670340418815613,0.2984621524810791,-0.4529217481613159,0.9606485366821288,-0.1917065382003784,-0.1823991537094116,XArbitraryCorrectedZVertical,-0.0077220077592134,0.0054526891671571,0.22616144858101,0.9740440456195926,0.9150382280349731,-0.402653843164444,0.0239824056625366,41.31158447265625,-27.43881225585938,12.25175476074219,-1,2,8194
2025-11-20T22:22:04.104+01:00,10064,630686.3702603751,0.435608391275761,0.0198381946791832,0.0002862442837465,0.2683225870132446,0.0470291748642921,-0.5955018997192383,1.138182878494263,-0.4404411613941193,-0.0847983360290527,XArbitraryCorrectedZVertical,-0.0020036110318415,0.0097155176788106,0.2160769683066834,0.9763259607582876,0.9229438304901124,-0.3833808302879333,0.0345510505139827,41.48486328125,-26.29501342773438,12.92436218261719,-1,2,8195
2025-11-20T22:22:04.139+01:00,10065,630686.4051763751,0.4214062497044145,0.0229879273354045,0.0039331868001232,0.0378453359007835,0.0966712906956672,-0.2108424007892609,0.0131497383117675,-0.0864990353584289,-0.0922107696533203,XArbitraryCorrectedZVertical,-0.000480903851088,0.0116507747394179,0.2091553922289805,0.9778129864935486,0.9281498193740844,-0.370166003704071,0.0389270260930061,42.53179931640625,-25.29042053222656,14.13630676269531,-1,2,8196
2025-11-20T22:22:04.174+01:00,10066,630686.440093375,0.4177277967256391,0.0262938606224473,0.0080614284824762,0.2524426579475403,0.1558270007371902,-0.0772332623600959,-0.7588909268379211,0.2104519009590149,0.1635769605636597,XArbitraryCorrectedZVertical,0.0012168666360088,0.0136964228298096,0.2073808533028936,0.9781636667697357,0.929331600666046,-0.3666713535785675,0.0435306094586849,42.50408935546875,-24.60279846191406,14.84590148925781,-1,2,8197
2025-11-20T22:22:04.210+01:00,10067,630686.475009375,0.4123605654691423,0.0365705113783741,0.0182157004991283,0.316974014043808,0.2489819973707199,-0.2766416966915131,-0.6715621948242188,-0.3605991899967194,0.2771140336990356,XArbitraryCorrectedZVertical,0.0051702916565004,0.0197604810471858,0.2048428816601682,0.9785816799939387,0.9306563138961792,-0.361461877822876,0.0567786917090416,41.9261474609375,-23.63076782226562,16.2958984375,-1,2,8198
2025-11-20T22:22:04.250+01:00,10068,630686.509926375,0.3965824062450027,0.0385291318744289,0.0238055872708031,0.0549560189247131,-0.0803854614496231,-0.7077212333679199,-0.741731584072113,-0.0333769917488098,0.1842358112335205,XArbitraryCorrectedZVertical,0.0078726068870669,0.0212288563537814,0.1971685954130902,0.9801080833463856,0.9360674619674684,-0.3465820550918579,0.0604846328496933,43.0107421875,-22.56355285644531,17.42170715332031,-1,2,8199
2025-11-20T22:22:04.279+01:00,10069,630686.5448423751,0.3642811111177702,0.0360029631920239,0.0224168201007756,-0.1075711250305176,-0.1242107227444649,-0.879551112651825,-0.947338044643402,0.5998040437698364,0.1460725069046021,XArbitraryCorrectedZVertical,0.0077606663111459,0.0197315009132971,0.1812928151530231,0.9832006286733592,0.9469718933105468,-0.3161584436893463,0.0573423467576503,43.06756591796875,-20.82582092285156,17.94044494628906,-1,2,8200
2025-11-20T22:22:04.313+01:00,10070,630686.57975875,0.3530020275960264,0.0343640334626508,0.017739983780029,-0.1074606627225876,0.0062410412356257,0.2203762829303741,-0.7792284488677979,0.4780944585800171,0.0469381771981716,XArbitraryCorrectedZVertical,0.0057141301271157,0.0184707766580976,0.1757032280919514,0.9842533240525884,0.9506303668022156,-0.3055480122566223,0.0542427934706211,43.27642822265625,-19.91427612304688,17.67054748535156,-1,2,8201
2025-11-20T22:22:04.349+01:00,10071,630686.61467475,0.3656637539232867,0.0306200425483533,0.0137740832500641,-0.1467347741127014,-0.2216174602508545,0.2398867309093475,-1.003201127052307,0.2703865170478821,0.0667401552200317,XArbitraryCorrectedZVertical,0.0039879900458866,0.0163059108347462,0.1818930339552991,0.9831750366543878,0.9469114542007446,-0.3176582157611847,0.0495165511965751,42.400390625,-20.37516784667969,17.63734436035156,-1,2,8202
2025-11-20T22:22:04.383+01:00,10072,630686.64959175,0.3614200101374672,0.0233713462590272,0.0082921256479466,-0.1421529799699783,-0.1318875551223755,-0.3633205592632294,-1.188388586044312,0.3290447294712067,0.029633279889822,XArbitraryCorrectedZVertical,0.0019780819817948,0.0122401381637344,0.1797619089080296,0.9836319864412428,0.9486271142959596,-0.3137401044368744,0.0409081280231475,42.32073974609375,-20.31704711914062,17.19764709472656,-1,2,8203
2025-11-20T22:22:04.419+01:00,10073,630686.6845077501,0.3543801913552924,0.0218820090319701,0.0045201600407922,-0.0767362117767334,-0.0045786187984049,0.0073802624829113,-0.8341237902641296,0.4060100913047791,-0.0266413725912571,XArbitraryCorrectedZVertical,0.0002960926468434,0.0111678052046407,0.1762777104427689,0.9842770332119212,0.9508991241455078,-0.3071177899837494,0.038329541683197,41.770263671875,-20.07963562011719,16.84988403320312,-1,2,8204
2025-11-20T22:22:04.453+01:00,10074,630686.7194247501,0.3604561306587161,0.0170189704781917,0.0018243980441013,-0.146904468536377,-0.2611464262008667,0.2794849574565887,-0.860581636428833,0.4325531721115112,0.0595210790634155,XArbitraryCorrectedZVertical,-0.0006279481896812,0.0085350600013067,0.1792550105973202,0.9837654843424848,0.949204683303833,-0.3129394948482513,0.0328556783497333,41.66754150390625,-20.34098815917969,16.4091796875,-1,2,8205
2025-11-20T22:22:04.490+01:00,10075,630686.75434075,0.37114677136918,0.0093129106120494,-0.0040922799503837,-0.1840981841087341,-0.0777729079127311,0.3251865804195404,-1.087419986724854,0.3946542143821716,0.0378624238073825,XArbitraryCorrectedZVertical,-0.0028701437223335,0.0041989514044831,0.1844983447596019,0.9828197194676108,0.9460473656654358,-0.3231667578220367,0.0236152298748493,40.78814697265625,-21.36408996582031,15.54498291015625,-1,2,8206
2025-11-20T22:22:04.523+01:00,10076,630686.78925675,0.3887922912664727,0.0278774711554217,-0.008564646424227,0.3164465129375458,0.948276162147522,0.3295722305774689,-0.2593005895614624,-0.2694850862026215,-0.2357423305511475,XArbitraryCorrectedZVertical,-0.0068937324778237,0.0128484726309012,0.1930949787746663,0.981071782281976,0.93964421749115,-0.3398746252059937,0.0394226908683776,40.12060546875,-22.60401916503906,14.47653198242188,-1,2,8207
2025-11-20T22:22:04.558+01:00,10077,630686.82417375,0.386885498789301,0.047795881576541,-0.0041164074361805,0.1600234359502792,0.0142140062525868,-0.2693452537059784,0.9436434507369996,-0.4268280565738678,0.1550893783569336,XArbitraryCorrectedZVertical,-0.0066128944595449,0.0230543659621813,0.192134990968835,0.9810754339231312,0.9392454028129578,-0.3380187749862671,0.0596780516207218,38.89654541015625,-23.10848999023438,15.68368530273438,-1,2,8208
2025-11-20T22:22:04.593+01:00,10078,630686.85908975,0.3814338166832514,0.0538201078324175,-0.0013801547358433,0.0265115555375814,0.3816879093647003,-0.007422249764204,0.9422443509101868,-0.4320047497749329,0.1484032869338989,XArbitraryCorrectedZVertical,-0.0057778492879632,0.0262881752836975,0.1894759409498115,0.9815164110265904,0.9406444430351256,-0.3328420221805573,0.0663640573620796,38.7454833984375,-23.32083129882812,15.39501953125,-1,2,8209
2025-11-20T22:22:04.628+01:00,10079,630686.8940067501,0.3799576017502034,0.057641444625967,-0.0003850015317522,-0.0547875426709651,-0.245950773358345,0.1045187786221504,1.652682065963745,-0.935884654521942,0.0104776695370674,XArbitraryCorrectedZVertical,-0.0056306540480887,0.0282619301742163,0.1887541926665074,0.9816015203825276,0.9408544301986694,-0.331434041261673,0.07031761854887,38.2706298828125,-23.60479736328125,15.7210693359375,-1,2,8210
2025-11-20T22:22:04.663+01:00,10080,630686.92892275,0.3973697977705538,0.0443767401644361,-0.0016910325950526,0.0471949391067028,-0.4260917901992798,0.7202245593070984,0.5673568248748779,-0.4100595116615295,-0.1442216634750366,XArbitraryCorrectedZVertical,-0.0052078630846643,0.0215832173488479,0.1973132150564401,0.9800891110113892,0.935817003250122,-0.3478292524814606,0.0571091882884502,37.871826171875,-24.24118041992188,15.11648559570312,-1,2,8211
2025-11-20T22:22:04.698+01:00,10081,630686.96383975,0.4152931118536473,0.0267030981284313,-0.010376310847754,-0.9635090231895448,-0.3588684499263763,0.3236005008220673,-0.5038089752197266,0.0130717754364013,0.1435432434082031,XArbitraryCorrectedZVertical,-0.00782863710493,0.0119947007052201,0.2060686615146244,0.9784326622545552,0.9303835034370422,-0.3646952509880066,0.0371970310807228,37.1937255859375,-25.41778564453125,13.77969360351562,-1,2,8212
2025-11-20T22:22:04.733+01:00,10082,630686.99875575,0.4343419732375831,0.0248140165645899,-0.0303494802456519,-0.2555147111415863,-0.0215306784957647,0.8785083293914795,0.199221134185791,0.0574710965156555,-0.0396044254302978,XArbitraryCorrectedZVertical,-0.0174895261518469,0.0088445806663069,0.2152426973756324,0.9763639065454888,0.9235357642173768,-0.3825290203094482,0.0274431724101305,37.691162109375,-26.74485778808594,12.9949951171875,-1,2,8213
2025-11-20T22:22:04.772+01:00,10083,630687.03367275,0.4457865670974452,0.0295603068339318,-0.0400496889865482,-0.2346840798854828,0.1359742879867554,-0.5359342098236084,0.3210429549217224,-0.2174089550971985,0.2373439073562622,XArbitraryCorrectedZVertical,-0.022792442262363,0.0099853490619973,0.2206951688926708,0.9750253935419508,0.9190845489501952,-0.3930951654911041,0.0275638960301876,36.98480224609375,-27.97489929199219,12.43975830078125,-1,2,8214
2025-11-20T22:22:04.803+01:00,10084,630687.0685887501,0.4192855161553688,0.021164922405622,-0.0599721253109158,-0.9273814558982848,-0.2349366992712021,-0.5546616315841675,0.8578987717628479,0.1296136379241943,0.3562805652618408,XArbitraryCorrectedZVertical,-0.03152478075896,0.0041067855092083,0.2076949652573476,0.9776768908416056,0.9295004606246948,-0.3685662150382996,0.0136993192136287,37.2923583984375,-27.62841796875,11.94712829589844,-1,2,8215
2025-11-20T22:22:04.837+01:00,10085,630687.1035057501,0.4202902404914154,0.0226577152888947,-0.0896669620222606,-0.8801783919334412,0.1851626336574554,0.1788811981678009,0.7515802383422852,0.1794591546058655,0.0981000661849975,XArbitraryCorrectedZVertical,-0.0461904674963138,0.0017196469627605,0.2078822774435592,0.977061147918093,0.9293584227561952,-0.3691563606262207,0.004057471640408,37.28753662109375,-28.00900268554688,10.85340881347656,-1,2,8216
2025-11-20T22:22:04.872+01:00,10086,630687.13842175,0.4210361615257204,0.0280829229707221,-0.1206203023599549,-0.6344431638717651,0.0970748215913772,-0.274992972612381,0.9843719005584716,-0.1848899126052856,0.2527547478675842,XArbitraryCorrectedZVertical,-0.0618658751352467,0.0011121254023236,0.2077384587266639,0.976225487217416,0.9293701648712158,-0.3691414296627045,-0.0024038492701947,36.82037353515625,-28.45924377441406,10.23321533203125,-1,2,8217
2025-11-20T22:22:04.907+01:00,10087,630687.17333875,0.4079530430719351,0.0299796183801505,-0.1319961423835436,-0.0429076626896858,0.1129975691437721,-0.4605074822902679,0.9808307886123656,-0.2415366470813751,0.2020503878593445,XArbitraryCorrectedZVertical,-0.0676053774100832,0.0012888505395432,0.2011332510467858,0.977227316955623,0.9342081546783448,-0.35671466588974,-0.0030911101493984,36.84381103515625,-28.34597778320312,10.21241760253906,-1,2,8218
2025-11-20T22:22:04.942+01:00,10088,630687.20825475,0.3879163288986447,0.0291450822271455,-0.1259581382172163,0.3235023319721222,-0.092768907546997,-0.7352226376533508,0.4485066533088684,0.0064635872840881,0.1872050762176514,XArbitraryCorrectedZVertical,-0.0645538570938093,0.0021408888438879,0.1914418713132937,0.9793764132918248,0.9410500526428224,-0.3382659256458282,0.0008441812242381,36.80328369140625,-27.84355163574219,10.47056579589844,-1,2,8219
2025-11-20T22:22:04.977+01:00,10089,630687.2431707501,0.3587324570324849,0.0151433456634035,-0.1125202012792575,0.3301892876625061,-0.5003737211227417,-0.778042733669281,-0.5777072310447693,0.4351364970207214,-0.0720716714859008,XArbitraryCorrectedZVertical,-0.0566754129639618,-0.0025932158210209,0.1776996987485588,0.9824479948824408,0.9503421187400818,-0.311174064874649,-0.0045427652075886,37.060791015625,-26.48287963867188,11.32814025878906,-1,2,8220
2025-11-20T22:22:05.012+01:00,10090,630687.2780877501,0.3419815332945208,-0.0029430587289666,-0.106141760476284,0.140886977314949,-0.2786975204944611,-0.1351670175790787,-0.8145108222961426,0.2383514046669006,-0.2803935408592224,XArbitraryCorrectedZVertical,-0.0520222847455764,-0.0104742528993434,0.1699959099332728,0.984014954031828,0.9551968574523926,-0.2954192459583282,-0.0180684123188257,37.06866455078125,-25.87828063964844,11.28892517089844,-1,2,8221
2025-11-20T22:22:05.052+01:00,10091,630687.31300375,0.3376583612694598,-0.0040262953046583,-0.1007242942404171,0.1509876996278763,0.2201599627733231,-0.2560497224330902,-0.7328352928161621,-0.2101092934608459,-0.3085916638374329,XArbitraryCorrectedZVertical,-0.0492871816545087,-0.0104406768390657,0.1679147963767415,0.984513363057101,0.9564529657363892,-0.2913860678672791,-0.017091941088438,36.75433349609375,-25.73699951171875,11.52851867675781,-1,2,8222
2025-11-20T22:22:05.082+01:00,10092,630687.34792075,0.3235431658893483,0.0057053650319348,-0.0955507860683165,0.0678499117493629,0.2933279871940613,-0.532588541507721,-0.8264027833938599,-0.0463583171367645,-0.1449553370475769,XArbitraryCorrectedZVertical,-0.0475924359989389,-0.004879857410599,0.1607480235952363,0.9858352477192548,0.9605731964111328,-0.2779824435710907,-0.0049623227678239,36.8319091796875,-25.48513793945312,12.22737121582031,-1,2,8223
2025-11-20T22:22:05.117+01:00,10093,630687.38283675,0.3050091732146353,0.0077327053566105,-0.0936976143103651,0.1533502340316772,-0.087627924978733,-0.4515203237533569,-0.8621679544448853,0.2907633781433105,-0.116213321685791,XArbitraryCorrectedZVertical,-0.0468744883000491,-0.0032970621094949,0.1515673353805854,0.987329408589015,0.9655462503433228,-0.2602304816246033,-0.0007911073043942,36.424072265625,-24.60501098632812,12.77760314941406,-1,2,8224
2025-11-20T22:22:05.152+01:00,10094,630687.41775375,0.2928964650530969,-0.0019828278535744,-0.0858494740395186,0.2459694445133209,-0.3209554851055145,-0.3128201067447662,-0.9090054035186768,0.2965903878211975,-0.1504769921302795,XArbitraryCorrectedZVertical,-0.0423076555590324,-0.0072417775627786,0.145832916565035,0.9883776238573272,0.9685755968093872,-0.2486166805028915,-0.0071310480125248,36.58270263671875,-24.52670288085938,12.85824584960938,-1,2,8225
2025-11-20T22:22:05.187+01:00,10095,630687.4526697501,0.2782061209570157,-0.00979441569285,-0.0810267656467785,-0.0304728932678699,0.0042719263583421,-0.5257033705711365,-1.088646411895752,0.2730353176593781,-0.0331535339355468,XArbitraryCorrectedZVertical,-0.0394321360713691,-0.0104616801598035,0.1387358888607297,0.9894887799122964,0.9720540046691896,-0.2344305366277695,-0.0123787242919206,36.9827880859375,-24.44180297851562,12.54049682617188,-1,2,8226
2025-11-20T22:22:05.221+01:00,10096,630687.4875867501,0.2634344018526822,-0.0047437157442245,-0.085877148606489,-0.1854723244905472,0.2717629969120026,-0.2281836569309235,-0.8988237977027893,0.3579451441764832,-0.0195435285568237,XArbitraryCorrectedZVertical,-0.0422422111690979,-0.007986804064148,0.1313161726659094,0.9904078935064582,0.97545325756073,-0.2200819253921509,-0.0073882457800209,37.24920654296875,-24.23785400390625,12.13124084472656,-1,2,8227
2025-11-20T22:22:05.257+01:00,10097,630687.52250275,0.2640371977555962,0.0025806066352905,-0.0903076792445985,-0.0390475206077098,0.1186277642846107,0.1975367367267609,-0.8750097155570984,0.4426075220108032,0.0050561428070068,XArbitraryCorrectedZVertical,-0.0449153516462876,-0.0046640504112916,0.1314434311720609,0.9902946106890153,0.9753513932228088,-0.2206531167030334,-0.0012719830265268,38.1689453125,-24.73289489746094,11.58006286621094,-1,2,8228
2025-11-20T22:22:05.291+01:00,10098,630687.55741875,0.274227056917752,0.0056132902751225,-0.0887763865758827,0.0698743537068367,0.0652731955051422,0.3724323511123657,-0.9428024888038636,0.4124771952629089,0.1263257265090942,XArbitraryCorrectedZVertical,-0.0443402287899794,-0.0032875915284529,0.1364257616919878,0.9896520509929322,0.9730606079101562,-0.2305465936660767,0.001130951102823,38.83099365234375,-25.17259216308594,11.01313781738281,-1,2,8229
2025-11-20T22:22:05.331+01:00,10099,630687.5923360417,0.2895773838230888,0.0218814907245969,-0.0879529996650987,0.1321362107992172,0.5976278781890869,0.0229737274348735,-0.231927752494812,-0.3201197683811188,0.0327774286270141,XArbitraryCorrectedZVertical,-0.045076729795366,0.0044729316058486,0.1436592779442315,0.9885899375686038,0.9692933559417723,-0.2454014271497726,0.0157607197761535,39.26458740234375,-25.62454223632812,10.71072387695312,-1,2,8230
2025-11-20T22:22:05.361+01:00,10100,630687.6272520417,0.2831153001404386,0.0344803468142606,-0.0910554363920549,-0.347433477640152,0.2220016121864319,0.0667866393923759,0.7945505976676941,-0.2183338850736618,0.3040904998779297,XArbitraryCorrectedZVertical,-0.0474797538292425,0.0106290759179756,0.1401414667540726,0.9889353325064558,0.9705860614776612,-0.2391398549079895,0.0278339348733425,38.8455810546875,-25.38859558105469,9.828353881835938,-1,2,8231
2025-11-20T22:22:05.396+01:00,10101,630687.6621690417,0.3018086174505237,0.0390716382850515,-0.1014898919068034,-0.2831969857215881,-0.0178482867777347,0.8322850465774536,1.017423748970032,-0.24976846575737,0.3361546993255615,XArbitraryCorrectedZVertical,-0.053070057063019,0.0116638443270993,0.1491304693313366,0.9873234447482409,0.965989887714386,-0.2570826411247253,0.0277826618403196,39.15863037109375,-25.91346740722656,9.47625732421875,-1,2,8232
2025-11-20T22:22:05.431+01:00,10102,630687.6970850417,0.3313204809661905,0.0360584805853985,-0.1032879759497426,0.0813613086938858,-0.322319507598877,0.8268969655036926,1.025214433670044,-0.2215357720851898,0.3427420854568481,XArbitraryCorrectedZVertical,-0.053875008517961,0.0092466353094384,0.1637390355702229,0.9849881614350192,0.958199381828308,-0.2853154242038727,0.0211953092366457,38.849365234375,-26.42153930664062,8.758682250976562,-1,2,8233
2025-11-20T22:22:05.466+01:00,10103,630687.7320020417,0.3601827879520703,0.0284175600013934,-0.0928363872591266,0.42862269282341,-0.2367851734161377,0.5703953504562378,0.278957188129425,-0.5192035436630249,0.0678209066390991,XArbitraryCorrectedZVertical,-0.0481887207878785,0.0056528809413222,0.1782598588380187,0.9827865679051332,0.949695885181427,-0.3128582239151001,0.0140577247366309,38.71759033203125,-27.64239501953125,8.453018188476562,-1,2,8234
2025-11-20T22:22:05.501+01:00,10104,630687.7669180417,0.3748415301651057,0.0190944755027741,-0.0711788489038245,0.4610922336578369,-0.2435775846242905,0.6934263706207275,-0.1911449432373047,0.1764656007289886,0.1764441728591919,XArbitraryCorrectedZVertical,-0.0367349495593112,0.0027444518955869,0.1858652139275467,0.9818845202165544,0.94499009847641,-0.3269172310829163,0.0109031582251191,38.7161865234375,-27.96096801757812,8.558059692382812,-1,2,8235
2025-11-20T22:22:05.536+01:00,10105,630687.8018350417,0.4178508389401017,0.0296831138651408,-0.0532255250989107,1.011038661003113,-0.1105460375547409,1.1678786277771,0.5905386209487915,-0.279462456703186,-0.1697573661804199,XArbitraryCorrectedZVertical,-0.0291051793385683,0.0089946817160504,0.206926212193613,0.9778821133165608,0.9298012256622314,-0.3672659993171692,0.0241884905844926,37.7694091796875,-29.24507141113281,9.519989013671877,-1,2,8236
2025-11-20T22:22:05.571+01:00,10106,630687.8367510417,0.4519773210158017,0.0270035475885414,-0.0356332917356332,0.1084278151392937,0.2024960666894913,0.2714880406856537,-0.0084287524223327,0.1496558785438538,-0.040917158126831,XArbitraryCorrectedZVertical,-0.0203858921387569,0.0091643761300899,0.2237795906852665,0.9743834568811676,0.916662335395813,-0.3987708389759064,0.026680689305067,37.05499267578125,-29.88406372070312,9.636062622070312,-1,2,8237
2025-11-20T22:22:05.611+01:00,10107,630687.8716670417,0.4457206260965394,0.0362335535100222,-0.0151234360010346,0.5426996350288391,0.2184603959321976,-0.221204474568367,0.9894078969955444,0.4014630019664764,-0.0754716396331787,XArbitraryCorrectedZVertical,-0.0113772684224798,0.0159962619711385,0.2208439084454283,0.9751116309735754,0.9185510873794556,-0.3929027915000916,0.0434891581535339,37.51177978515625,-29.67903137207031,10.35977172851562,-1,2,8238
2025-11-20T22:22:05.640+01:00,10108,630687.9065840417,0.4508367566817242,0.0417564045052004,0.0068844949968175,0.5912909507751465,-0.0015425598248839,0.2654876112937927,1.027718663215637,0.3474016785621643,-0.0841081142425537,XArbitraryCorrectedZVertical,-0.0013117837682203,0.0211176196847423,0.2235341712184562,0.9744664772095236,0.9159153699874878,-0.3972826302051544,0.0571457892656326,37.51885986328125,-29.40243530273438,11.46403503417969,-1,2,8239
2025-11-20T22:22:05.675+01:00,10109,630687.9415000418,0.4572532531088549,0.0412199550934971,0.0279511810103248,0.5192998647689819,0.1226081252098083,0.2113950252532959,0.967419683933258,0.141077071428299,-0.2256995439529419,XArbitraryCorrectedZVertical,0.008938331302908,0.0232369476454594,0.2268503439423139,0.97361139728508,0.9130277633666992,-0.4026737809181213,0.0650702267885208,37.59912109375,-29.63821411132812,12.11842346191406,-1,2,8240
2025-11-20T22:22:05.710+01:00,10110,630687.9764170417,0.4575819888504356,0.041250894267209,0.0527084206598445,0.6112394332885742,-0.1636635512113571,-0.1939995139837265,1.062280178070068,-0.480212539434433,-0.0231038406491279,XArbitraryCorrectedZVertical,0.0209831249248502,0.0260547526079912,0.2272025138624089,0.9732727621802052,0.9124817848205566,-0.4021726548671722,0.0750599578022956,37.7630615234375,-29.05447387695312,12.72735595703125,-1,2,8241
2025-11-20T22:22:05.745+01:00,10111,630688.0113330417,0.439738604171654,0.0270502222528876,0.0799937507068864,0.7189184427261353,-0.4958689212799072,-0.7199732065200806,0.1433969736099243,-0.3223160207271576,0.015501856803894,XArbitraryCorrectedZVertical,0.0360726073750969,0.0219088262815055,0.2184354907684079,0.9749383166048932,0.9202473759651184,-0.3846694231033325,0.0719310045242309,38.5316162109375,-28.27932739257812,13.44432067871094,-1,2,8242
2025-11-20T22:22:05.780+01:00,10112,630688.0462500417,0.4166703987319826,0.0087833426435436,0.1024540683984052,0.2875582873821259,-0.4929625988006592,-0.4240694642066956,-0.6807538866996765,0.1939116716384888,0.1335320472717285,XArbitraryCorrectedZVertical,0.0491897899508687,0.0148816810600748,0.2067780790785748,0.9770372175124252,0.9300366640090942,-0.3622618615627289,0.0616278536617755,39.89337158203125,-27.05120849609375,13.75929260253906,-1,2,8243
2025-11-20T22:22:05.815+01:00,10113,630688.0811660417,0.4094912088411764,0.0079418627544445,0.1102760402081018,0.2960940897464752,0.4486115574836731,-0.0489397756755352,-0.8080706596374512,-0.1909133791923523,0.0313681364059448,XArbitraryCorrectedZVertical,0.0531524268804701,0.0150868580404617,0.2032217580773133,0.977572605512138,0.9326739311218262,-0.3551833629608154,0.0629615932703018,40.52923583984375,-26.47299194335938,13.53163146972656,-1,2,8244
2025-11-20T22:22:05.850+01:00,10114,630688.1160820418,0.3991581662486893,0.023587374233405,0.1191137610587372,0.1031363382935524,0.1393626481294632,-0.6388651132583618,-0.6922985315322876,-0.0999367237091064,0.2472386360168457,XArbitraryCorrectedZVertical,0.0560021453941597,0.023338578774973,0.1985795524480114,0.9782050749188588,0.935187816619873,-0.3450857698917389,0.0796198472380638,41.0245361328125,-25.46583557128906,14.79731750488281,-1,2,8245
2025-11-20T22:22:05.890+01:00,10115,630688.1509990417,0.3666487923152503,0.019980859747999,0.1152033464123829,-0.2336957454681396,-0.4505546987056732,-1.04429817199707,-0.7544729113578796,0.3186153769493103,0.2311255931854248,XArbitraryCorrectedZVertical,0.0547841102623717,0.0203009788460888,0.1825533331298579,0.9814585475793008,0.9464284181594848,-0.3148769438266754,0.0715934634208679,42.705078125,-24.51998901367188,14.86421203613281,-1,2,8246
2025-11-20T22:22:05.920+01:00,10116,630688.1859150417,0.3415925817647045,0.0110008531040569,0.1059089575230195,-0.2310294508934021,-0.1178430393338203,-0.2650384604930878,-0.868281364440918,0.5157955288887024,0.0477564334869384,XArbitraryCorrectedZVertical,0.0512252244421117,0.01440894483987,0.1700131789763215,0.9840040426074812,0.9547834396362304,-0.2916438579559326,0.0577274896204471,44.14141845703125,-22.80825805664062,14.13752746582031,-1,2,8247
2025-11-20T22:22:05.955+01:00,10117,630688.2208320417,0.3406511193212359,0.0096725214880554,0.0972258020399603,-0.2898412644863129,-0.0890015512704849,0.0221469309180975,-0.934242069721222,0.3805183172225952,0.0568771436810493,XArbitraryCorrectedZVertical,0.0470712340024212,0.0129973283425134,0.1695325804622112,0.9843140745333449,0.955161988735199,-0.2911475598812103,0.0538405589759349,44.28033447265625,-22.54710388183594,13.8572998046875,-1,2,8248
2025-11-20T22:22:05.989+01:00,10118,630688.2557480417,0.3371547339219219,0.0057881807728888,0.0869228294434316,-0.2424243241548538,-0.0833769217133522,-0.2279802262783051,-1.045623540878296,0.3597181141376495,-0.0099936760962009,XArbitraryCorrectedZVertical,0.042346548069424,0.0101399998216672,0.1677448777412284,0.9848683047632026,0.956405222415924,-0.2882611751556396,0.0468435883522033,44.18341064453125,-22.14164733886719,13.84370422363281,-1,2,8249
2025-11-20T22:22:06.025+01:00,10119,630688.2906650417,0.327973790650857,0.0053448188703765,0.0799829526766392,-0.1838952004909515,-0.0389131158590316,-0.2447184175252914,-0.9578641057014464,0.3771401643753052,-0.0130900107324123,XArbitraryCorrectedZVertical,0.0390083714389022,0.0091614050147773,0.1632271874458474,0.9857745603373352,0.9590696692466736,-0.2797738313674927,0.0437296591699123,44.3155517578125,-21.87397766113281,13.71209716796875,-1,2,8250
2025-11-20T22:22:06.059+01:00,10120,630688.3255810417,0.3257739633797662,0.0001908641106322,0.0724753947226359,-0.2433174401521683,-0.2608969211578369,0.2099729478359222,-0.8257147669792175,0.3968774080276489,-0.0012228526175022,XArbitraryCorrectedZVertical,0.0357347355426608,0.0059694030463581,0.1620645920538744,0.9861148291424456,0.959900438785553,-0.2779503464698792,0.0365316867828369,44.25738525390625,-21.74076843261719,13.7275390625,-1,2,8251
2025-11-20T22:22:06.095+01:00,10121,630688.3604970417,0.3416860881290709,-0.0106409177977786,0.0641518264069943,-0.2687976360321045,-0.2602923512458801,0.6209725141525269,-1.042077302932739,0.4224631190299988,-0.0346546210348606,XArbitraryCorrectedZVertical,0.0325071569658186,0.0002120350150978,0.1697551796945024,0.9849499465360496,0.9556514620780944,-0.2934500277042389,0.0248431600630283,44.00213623046875,-22.40557861328125,12.69572448730469,-1,2,8252
2025-11-20T22:22:06.131+01:00,10122,630688.3954140417,0.3693034485698722,-0.0023400518016096,0.0528507846547747,0.0130183594301343,0.7494736909866333,0.5763739943504333,-0.3236650824546814,-0.212809294462204,-0.3555102348327637,XArbitraryCorrectedZVertical,0.0261878709726573,0.0037015096754666,0.1835095579914066,0.9826621546615352,0.9468951225280762,-0.320058137178421,0.0308642461895942,43.263427734375,-23.99980163574219,12.17588806152344,-1,2,8253
2025-11-20T22:22:06.170+01:00,10123,630688.4303300417,0.3768567823728651,0.0152845546898424,0.0490896367976717,-0.0595326535403728,0.2652406692504883,0.1242730468511581,1.181832075119019,-0.4923422336578369,-0.2650094032287598,XArbitraryCorrectedZVertical,0.0226761754410884,0.0121016983767047,0.187437682632434,0.9819401582267392,0.9437630176544188,-0.3273141086101532,0.046656135469675,42.65399169921875,-24.205322265625,12.53646850585938,-1,2,8254
2025-11-20T22:22:06.199+01:00,10124,630688.4652470417,0.3802196272661208,0.0253894715171643,0.0543718649526081,0.2292854934930801,0.3771176934242249,0.0504661761224269,1.183509588241577,-0.4893477857112885,-0.2764157056808472,XArbitraryCorrectedZVertical,0.0242927653410698,0.0175972692197437,0.1892205291303033,0.981476360048634,0.9420854449272156,-0.3303085267543793,0.0580624565482139,42.47998046875,-24.2021484375,12.71253967285156,-1,2,8255
2025-11-20T22:22:06.234+01:00,10125,630688.5001630418,0.377485297161451,0.0296630550798611,0.0600314942036819,0.0103171225637197,-0.179389476776123,0.1353212893009186,1.182914257049561,-0.4921220242977142,-0.2821813821792603,XArbitraryCorrectedZVertical,0.0266936301171209,0.0201912468136803,0.1879560688354614,0.981607016335276,0.9426808953285216,-0.3275343179702759,0.0638280883431434,41.6728515625,-23.97126770019531,12.69386291503906,-1,2,8256
2025-11-20T22:22:06.269+01:00,10126,630688.5350800417,0.402109493082583,0.0173997250939868,0.0622523618838317,-0.2091731578111649,-0.2506913542747498,1.023480534553528,0.6387327909469604,-0.393691211938858,-0.1876306682825089,XArbitraryCorrectedZVertical,0.028756588706177,0.0147351330227596,0.1998639617577545,0.9792906553333952,0.9349669814109802,-0.3505561053752899,0.054284032434225,41.30059814453125,-24.89955139160156,11.9647216796875,-1,2,8257
2025-11-20T22:22:06.304+01:00,10127,630688.5699960417,0.4282008949896592,0.003975973308465,0.060500955576288,-0.442603200674057,-0.280606210231781,0.3035320937633514,-0.8074938058853149,0.2282184064388275,0.1945908069610596,XArbitraryCorrectedZVertical,0.029133037720205,0.008367986617245,0.2124296215408941,0.9767061908771606,0.9261003732681274,-0.3748705983161926,0.0425459928810596,40.52081298828125,-25.70545959472656,11.34820556640625,-1,2,8258
2025-11-20T22:22:06.339+01:00,10128,630688.6049118751,0.4419927486308514,0.0036153237523621,0.0469654634350246,-0.2510605752468109,0.3925776183605194,0.5608360171318054,-0.0978833436965942,0.1300455629825592,0.0761933326721191,XArbitraryCorrectedZVertical,0.0225133438166412,0.0069101885671611,0.2191824904687702,0.9753996407992196,0.9208508133888244,-0.3880868852138519,0.0377134606242179,40.379638671875,-26.37356567382812,10.55107116699219,-1,2,8259
2025-11-20T22:22:06.374+01:00,10129,630688.6398288751,0.4515789344096162,0.0060404893899823,0.0504542073447758,0.0591638833284378,-0.2177558541297913,-0.1800582557916641,0.7284900546073914,-0.0376384556293487,0.3519395589828491,XArbitraryCorrectedZVertical,0.0239081154967978,0.0085897557837055,0.2238778371565093,0.9742861564436563,0.9169721007347108,-0.3967640399932861,0.0417219623923301,39.8887939453125,-26.74006652832031,10.56268310546875,-1,2,8260
2025-11-20T22:22:06.411+01:00,10130,630688.674744875,0.439002117361812,-0.0105664908335532,0.0531271144027032,-0.5123826265335083,-0.4178652167320251,-0.2520095705986023,0.8143548965454102,-0.038346379995346,0.3592408895492554,XArbitraryCorrectedZVertical,0.0270727621067923,0.0006286216434304,0.2175258610947409,0.9756788575618496,0.9224767684936525,-0.3851155042648315,0.0268826633691787,40.26922607421875,-26.24882507324219,9.762374877929688,-1,2,8261
2025-11-20T22:22:06.450+01:00,10131,630688.709661875,0.4415477355215566,-0.0162467707804114,0.0348256355122953,-0.5741947293281555,0.1301121711730957,0.2932093739509583,0.8518313765525818,0.0635116696357727,0.1072306632995605,XArbitraryCorrectedZVertical,0.0187673673141365,-0.004112104733966,0.218806335308085,0.9755791767292676,0.9215145111083984,-0.3880660533905029,0.014687055721879,40.13800048828125,-26.40592956542969,8.988311767578125,-1,2,8262
2025-11-20T22:22:06.478+01:00,10132,630688.744577875,0.4498741570600305,-0.0139593827780251,0.0187914531915474,-0.52476966381073,0.0945139601826667,0.1312601715326309,0.9510622024536132,0.0010051131248474,0.3451370000839233,XArbitraryCorrectedZVertical,0.0107153772579008,-0.0047079162399443,0.2229658260974953,0.9747559810512956,0.9181240797042848,-0.3961466550827026,0.0107590090483427,39.8851318359375,-26.997314453125,7.845321655273438,-1,2,8263
2025-11-20T22:22:06.514+01:00,10133,630688.779494875,0.4509592425148448,-0.0127854499590416,0.0121922908100495,-0.0566704310476779,0.0527066141366958,-0.0057833767496049,1.1142897605896,-0.099155306816101,0.3252327442169189,XArbitraryCorrectedZVertical,0.0073708858459316,-0.0048678452062657,0.2235271722371753,0.9746576186590282,0.9176467061042786,-0.3972892761230469,0.0092398775741457,39.6505126953125,-27.06156921386719,7.921142578125,-1,2,8264
2025-11-20T22:22:06.548+01:00,10134,630688.8144108751,0.4539247519698638,-0.0195116490397793,0.0234167973875935,0.4133120477199554,-0.3184291422367096,0.086399145424366,0.9254776239395142,-0.1989772319793701,0.3166835308074951,XArbitraryCorrectedZVertical,0.0136023847106967,-0.0068704035364744,0.2248814125186799,0.9742670137481798,0.9165939092636108,-0.3997470736503601,0.0076114782132208,39.2791748046875,-26.72312927246094,7.67584228515625,-1,2,8265
2025-11-20T22:22:06.583+01:00,10135,630688.8493268751,0.4541447661752942,-0.0379198001367713,0.0413185716593408,0.3408328592777252,-0.7237516045570374,-0.0477951243519783,-0.3037555813789368,0.217238187789917,0.0205817818641662,XArbitraryCorrectedZVertical,0.024391104399785,-0.0138183678079405,0.22465593101891,0.9740348730311872,0.9167621731758118,-0.3994280993938446,-0.002103419508785,38.97125244140625,-26.1595458984375,7.067153930664062,-1,2,8266
2025-11-20T22:22:06.618+01:00,10136,630688.884243875,0.4563498739724797,-0.0671994352242083,0.0452756600087345,0.0120093263685703,-0.6888178586959839,0.2407035678625107,-0.7947022318840027,0.2534248530864716,-0.2765887379646301,XArbitraryCorrectedZVertical,0.0296336312037814,-0.0275969457932984,0.2252738334703643,0.9734536483260882,0.9155365824699402,-0.4013129770755768,-0.0272138100117445,38.79425048828125,-25.82623291015625,6.33721923828125,-1,2,8267
2025-11-20T22:22:06.653+01:00,10137,630688.919159875,0.4646371497747054,-0.0766798399437592,0.0514658028694322,0.2167346179485321,0.1342938542366028,0.0579898953437805,-0.9607763290405272,0.0127650201320648,-0.3505768179893494,XArbitraryCorrectedZVertical,0.0338425146978771,-0.0313688442333052,0.2290293179359486,0.9723251454245412,0.9121006727218628,-0.4086542129516602,-0.0327697582542896,38.3369140625,-25.70245361328125,5.386810302734375,-1,2,8268
2025-11-20T22:22:06.690+01:00,10138,630688.954076875,0.4568129947603671,-0.0627953857742309,0.0562813802590646,-0.0148165235295891,0.4773378372192383,-0.51481693983078,-0.9518423676490784,-0.0504023134708404,-0.1468636393547058,XArbitraryCorrectedZVertical,0.0344979675343892,-0.0241973203800342,0.2253641343249383,0.9733629736350632,0.9157400131225586,-0.4013341069221497,-0.0187400821596384,37.41888427734375,-25.34153747558594,5.922592163085938,-1,2,8269
2025-11-20T22:22:06.723+01:00,10139,630688.9889928751,0.440404849277843,-0.0486007967058233,0.0531598770923083,-0.0318921878933906,0.2873998284339905,-0.252922534942627,-0.839117705821991,0.4109112620353699,-0.113490879535675,XArbitraryCorrectedZVertical,0.0312328770593994,-0.0178995303251062,0.2176553672732705,0.975361638141005,0.9222933650016784,-0.3864055871963501,-0.0081064580008387,36.87274169921875,-25.15567016601562,6.209518432617188,-1,2,8270
2025-11-20T22:22:06.758+01:00,10140,630689.0239098751,0.4389934574419017,-0.0432017498224887,0.059021805851613,0.2979291379451752,-0.0301236025989055,-0.0187147930264473,-0.8884029388427734,0.3868991136550903,-0.175747275352478,XArbitraryCorrectedZVertical,0.0334928796268743,-0.0146485630624335,0.2169708385366863,0.9754933999312988,0.922964096069336,-0.3848849236965179,-0.0009648101986385,36.12982177734375,-25.27679443359375,6.534912109375,-1,2,8271
2025-11-20T22:22:06.793+01:00,10141,630689.058825875,0.4290642246863931,-0.0464328531936864,0.0686464037582238,0.190517470240593,-0.0681008100509643,-0.6281645894050598,-1.130805492401123,0.287616491317749,-0.1275327205657959,XArbitraryCorrectedZVertical,0.0384599548310084,-0.0153651456789311,0.2119291807112503,0.9764071251515396,0.9268869757652284,-0.3753392398357391,-0.0010531280422583,35.84246826171875,-25.65689086914062,6.544952392578125,-1,2,8272
2025-11-20T22:22:06.827+01:00,10142,630689.093741875,0.404603975930183,-0.0399421565556944,0.0759284593142238,0.1770976334810257,0.2900794148445129,-0.564924955368042,-0.9715341329574584,0.3998306393623352,-0.103327751159668,XArbitraryCorrectedZVertical,0.0411831899938371,-0.0119237988200334,0.1999975773553955,0.9788579497567748,0.9358591437339784,-0.3523299694061279,0.0056104622781276,35.7718505859375,-24.94367980957031,6.727310180664062,-1,2,8273
2025-11-20T22:22:06.863+01:00,10143,630689.128658875,0.3962673587829575,-0.0311643176537855,0.0827642616975698,0.1906972825527191,0.0769895613193512,-0.0369520299136638,-0.8577417135238647,0.4056958556175232,0.0492174625396728,XArbitraryCorrectedZVertical,0.0436204530296943,-0.0071212674092072,0.1960154699111281,0.9796042582852976,0.9387506246566772,-0.3442486524581909,0.0154950004070997,35.41693115234375,-25.09562683105469,6.608428955078125,-1,2,8274
2025-11-20T22:22:06.897+01:00,10144,630689.163574875,0.3931707769060248,-0.0334172372112675,0.0876820722016461,0.1067655831575394,-0.1531371176242828,-0.125651016831398,-0.9819378852844238,0.3497665226459503,0.1091198921203613,XArbitraryCorrectedZVertical,0.0462371188126926,-0.0078111258866509,0.1943885632974129,0.9798031613423448,0.9398998618125916,-0.3411299586296082,0.0147814666852355,36.0614013671875,-25.592041015625,6.600051879882812,-1,2,8275
2025-11-20T22:22:06.932+01:00,10145,630689.1984918751,0.3900855059384417,-0.0383185875469767,0.0916712917814163,0.0749033242464065,-0.1448475420475006,-0.0847149118781089,-1.059604167938232,0.4280228018760681,0.1412527561187744,XArbitraryCorrectedZVertical,0.0486516894511452,-0.0098965350578161,0.1927082276949024,0.979999246210904,0.9410585165023804,-0.338056892156601,0.0112282838672399,36.6593017578125,-25.738037109375,6.729949951171875,-1,2,8276
2025-11-20T22:22:06.971+01:00,10146,630689.233407875,0.3954655149275626,-0.029996999426364,0.0881974981584845,0.0351902320981025,0.5688349008560181,0.1250240057706833,-0.3353344202041626,-0.182093471288681,-0.0624220371246337,XArbitraryCorrectedZVertical,0.0461640176740406,-0.0060321232590182,0.1955854163505148,0.9795809892820913,0.9390636682510376,-0.3432513475418091,0.0183851849287748,36.8843994140625,-25.85929870605469,6.525344848632812,-1,2,8277
2025-11-20T22:22:07.003+01:00,10147,630689.268323875,0.3858351715426691,-0.010410125888727,0.0809312999277573,-0.2379060983657837,0.1108047217130661,-0.2441844940185547,1.024072408676147,-0.2797892689704895,0.3079483509063721,XArbitraryCorrectedZVertical,0.040700706735952,0.0026516809873958,0.1913569593554401,0.9806727169664984,0.9417783617973328,-0.3345600366592407,0.0335127413272857,37.22430419921875,-25.99539184570312,7.307052612304688,-1,2,8278
2025-11-20T22:22:07.037+01:00,10148,630689.303240875,0.3946973999689408,-0.0255097808457132,0.0692303765541912,-0.3727346956729889,-0.6409249305725098,0.507441520690918,1.026781320571899,-0.2709958851337433,0.3254355192184448,XArbitraryCorrectedZVertical,0.0364330542154814,-0.0057143853046195,0.1955039561211684,0.9800092178138228,0.939069390296936,-0.3433533608913422,0.0160256270319223,37.4783935546875,-26.22372436523438,6.89166259765625,-1,2,8279
2025-11-20T22:22:07.072+01:00,10149,630689.338156875,0.402570440863204,-0.0477897204166622,0.0651611861206518,0.0536580085754394,-0.4318757951259613,0.0519701428711414,1.029445648193359,-0.2634748518466949,0.3471449017524719,XArbitraryCorrectedZVertical,0.0366823264159421,-0.0168869953200463,0.1990030380904296,0.9791665018243898,0.9364051818847656,-0.3508744537830353,-0.0056837517768144,37.5283203125,-26.89830017089844,6.147262573242188,-1,2,8280
2025-11-20T22:22:07.107+01:00,10150,630689.3730738751,0.422087379635168,-0.0548914423597758,0.0680539945000621,0.2655766904354095,0.0243364553898572,0.9458598494529724,0.6583539247512817,-0.2677173614501953,-0.1532050967216492,XArbitraryCorrectedZVertical,0.0389983814981966,-0.0196939413803217,0.2083675583754009,0.9770743095990024,0.9294145107269288,-0.3689097762107849,-0.0096977660432457,37.49591064453125,-27.86790466308594,5.71881103515625,-1,2,8281
2025-11-20T22:22:07.142+01:00,10151,630689.4079898751,0.465236671156866,-0.0521549208274451,0.0745443344161335,0.4895265102386475,-0.0110651804134249,1.127431750297546,0.4245551824569702,-0.2653823792934418,-0.1919546723365784,XArbitraryCorrectedZVertical,0.0422542351333905,-0.0167672978894569,0.229342221645276,0.9722837642557268,0.9128777384757996,-0.4082321226596832,-0.0009316874784417,37.8375244140625,-28.87632751464844,6.87664794921875,-1,2,8282
2025-11-20T22:22:07.177+01:00,10152,630689.442906875,0.482338024437087,-0.0411991054220437,0.0783082765862262,0.2588599026203156,0.4925960600376129,-0.4564332365989685,0.0536439418792724,-0.0471820533275604,-0.2432225942611694,XArbitraryCorrectedZVertical,0.0429190507954582,-0.0106395237009954,0.2378213115422882,0.9703019644062152,0.9057981967926024,-0.4235362708568573,0.0121129406616091,37.2137451171875,-30.37120056152344,7.803009033203125,-1,2,8283
2025-11-20T22:22:07.212+01:00,10153,630689.477822875,0.4728995251249771,-0.0388721637872368,0.0900757853737174,0.4177697896957397,-0.2210426181554794,-0.1604666262865067,1.427355408668518,0.2976895272731781,-0.1297694444656372,XArbitraryCorrectedZVertical,0.0483097288922484,-0.0083302513348938,0.2331202483094528,0.971211495706695,0.9099095463752748,-0.4144039452075958,0.0182734187692403,37.69384765625,-30.2313232421875,8.51397705078125,-1,2,8284
2025-11-20T22:22:07.250+01:00,10154,630689.512738875,0.4843978717447664,-0.0412707238550029,0.1095374645638532,0.5663920640945435,0.0220085754990577,0.4323679804801941,0.7709184288978577,0.2663047611713409,-0.2345986366271973,XArbitraryCorrectedZVertical,0.0580736735519933,-0.0068753584602968,0.2383307953893059,0.9694217844976536,0.9054731130599976,-0.4236381053924561,0.0254768505692482,37.759521484375,-30.62998962402344,9.102569580078123,-1,2,8285
2025-11-20T22:22:07.282+01:00,10155,630689.5476558751,0.4931327123731256,-0.0399429664442878,0.1276079650360853,0.5304477214813232,0.0648373141884803,0.2096463888883591,0.7474150061607361,-0.0358482301235199,-0.3191310167312622,XArbitraryCorrectedZVertical,0.0666843090209297,-0.0037674502432074,0.2422955729372701,0.9679008316681228,0.9020143151283264,-0.4302466809749603,0.0354700908064842,37.9207763671875,-31.08486938476562,9.292007446289062,-1,2,8286
2025-11-20T22:22:07.317+01:00,10156,630689.58257275,0.5020519374908557,-0.0350632886751096,0.1508934177057984,0.7884045839309692,0.3051412403583527,0.0950609222054481,0.959485650062561,-0.3482992053031921,-0.2049514055252075,XArbitraryCorrectedZVertical,0.0773437401514868,0.0017871593581869,0.2463732301754129,0.9660823329927336,0.898302435874939,-0.4363839626312256,0.0512038730084896,37.78515625,-31.68524169921875,10.79722595214844,-1,2,8287
2025-11-20T22:22:07.351+01:00,10157,630689.61748975,0.4990554985878995,-0.0317168724853703,0.1721506840072446,0.4326365292072296,-0.2232898473739624,-0.2944200932979584,0.934421956539154,-0.5950350761413574,0.1333596706390381,XArbitraryCorrectedZVertical,0.0871976026490374,0.0059173324083342,0.2446801237618133,0.9656568826972064,0.8997302055358887,-0.4318813681602478,0.0629598572850227,38.33453369140625,-31.95912170410156,11.78828430175781,-1,2,8288
2025-11-20T22:22:07.386+01:00,10158,630689.65240575,0.4863599986079857,-0.0402619090167626,0.192195306089458,0.663891613483429,-0.3414726555347443,-0.2654863595962524,-0.2486246824264526,0.1555615365505219,-0.0042613670229911,XArbitraryCorrectedZVertical,0.0979324726320663,0.0036519148226131,0.2377561308393765,0.9663684713973048,0.9060191512107848,-0.4187451601028442,0.0614970400929451,38.87921142578125,-31.92951965332031,12.08717346191406,-1,2,8289
2025-11-20T22:22:07.421+01:00,10159,630689.68732275,0.4879996757922303,-0.0524750266694485,0.2088118326809115,0.3315430879592896,-0.2306531965732574,0.2062833458185196,-0.810415506362915,0.126912534236908,0.2412598133087158,XArbitraryCorrectedZVertical,0.1073979491051581,-0.0001502690627269,0.2375345942823866,0.9654238210941236,0.9063781499862672,-0.4185080230236053,0.0577055178582668,39.61053466796875,-32.34307861328125,12.56504821777344,-1,2,8290
2025-11-20T22:22:07.456+01:00,10160,630689.7222387501,0.4923383869374803,-0.0575390446041422,0.2213599552490396,0.409457266330719,-0.1109481453895569,-0.098810963332653,-0.6571016311645508,-0.3507432639598846,0.101345419883728,XArbitraryCorrectedZVertical,0.1140469520889123,-0.0008221796527626,0.2390176226930395,0.9642941987860192,0.9051332473754884,-0.4209699630737305,0.0593143180012702,39.70782470703125,-32.87564086914062,12.74099731445312,-1,2,8291
2025-11-20T22:22:07.491+01:00,10161,630689.75715475,0.4838882051322335,-0.0664409321332704,0.2338076680347839,0.1586243957281113,-0.4712403118610382,-0.4769772291183472,-0.8037945032119751,0.0144168734550476,0.1943240165710449,XArbitraryCorrectedZVertical,0.121081586365285,-0.0040969784089481,0.2340627127543011,0.9646436221787472,0.909492254257202,-0.4121372401714325,0.054470494389534,40.77532958984375,-33.18841552734375,11.73806762695312,-1,2,8292
2025-11-20T22:22:07.526+01:00,10162,630689.79207175,0.4556204430648172,-0.0742420756899132,0.2357452562523192,-0.1297907680273056,-0.2730717062950134,-0.9474279880523682,-1.128437519073486,0.2994596660137177,0.1241409778594971,XArbitraryCorrectedZVertical,0.122806055688317,-0.009361751934267,0.2198715665431074,0.967722878045099,0.9211925864219666,-0.3869077563285828,0.0413100756704807,42.16839599609375,-32.97279357910156,11.00846862792969,-1,2,8293
2025-11-20T22:22:07.561+01:00,10163,630689.82698775,0.4308080033640951,-0.0714163454765985,0.2296855428375155,-0.2864545881748199,0.037962295114994,-0.3345998525619507,-0.9677626490592957,0.4018390476703644,0.0732835531234741,XArbitraryCorrectedZVertical,0.119451407645871,-0.0101686189588,0.208202373606443,0.970711026660422,0.9301956295967102,-0.3653247654438019,0.0356946885585784,43.25439453125,-32.78419494628906,10.03395080566406,-1,2,8294
2025-11-20T22:22:07.596+01:00,10164,630689.86190475,0.421113456028905,-0.0715339746064096,0.2190543570592172,-0.3702986836433411,-0.1566607803106308,-0.3366016745567322,-0.9576950073242188,0.4062907993793488,0.0337649583816528,XArbitraryCorrectedZVertical,0.1142549332109689,-0.0119287580389411,0.2037966508843908,0.9722501722289016,0.9334028959274292,-0.357615202665329,0.0294979251921176,44.418212890625,-32.70986938476562,9.397705078125,-1,2,8295
2025-11-20T22:22:07.631+01:00,10165,630689.8968207501,0.4030575330506234,-0.0718658406582734,0.2070116382634337,-0.3478254973888397,-0.0423591993749141,-0.5192904472351074,-1.049046158790588,0.3810320198535919,-0.0191507339477539,XArbitraryCorrectedZVertical,0.1083172752357094,-0.0143415812800596,0.1953308728557822,0.974632024063127,0.9393659830093384,-0.3422746658325195,0.0209665093570947,45.9129638671875,-32.5078125,8.515228271484375,-1,2,8296
2025-11-20T22:22:07.666+01:00,10166,630689.9317367501,0.3884170299674636,-0.0686711914229684,0.1964445699579904,-0.3314290344715118,0.0227300487458705,-0.2534574270248413,-0.9172622561454772,0.4822934865951538,-0.0089398641139268,XArbitraryCorrectedZVertical,0.1027573699834124,-0.0146068408979972,0.1886434462389187,0.9765454970761536,0.9439191818237304,-0.3297207951545715,0.0173321105539798,46.98150634765625,-31.67242431640625,8.087158203125,-1,2,8297
2025-11-20T22:22:07.700+01:00,10167,630689.96665375,0.380753392830273,-0.0696293929597029,0.1838274785506272,-0.4154373705387115,-0.1324256956577301,-0.1237755343317986,-0.8508451581001282,0.4675548672676086,0.031093955039978,XArbitraryCorrectedZVertical,0.0966303071445509,-0.0166767999116858,0.1851787840753279,0.9778002272444398,0.9461209177970886,-0.3236339092254639,0.0107761221006512,48.359130859375,-30.68656921386719,7.172073364257812,-1,2,8298
2025-11-20T22:22:07.736+01:00,10168,630690.00156975,0.3791725224095042,-0.0718665543635154,0.1704576628875757,-0.4119152426719666,0.0544482842087745,0.0807780176401138,-1.006989717483521,0.4477471113204956,0.0347559452056884,XArbitraryCorrectedZVertical,0.0902921448129821,-0.0191219767704846,0.1846439358288996,0.9784622536821724,0.946336030960083,-0.3231590688228607,0.0040471577085554,48.28643798828125,-29.70417785644531,7.060546875,-1,2,8299
2025-11-20T22:22:07.771+01:00,10169,630690.03648675,0.3909903239496579,-0.0516785392118799,0.1540275090862894,-0.1718113124370575,0.8322993516921997,0.2188277244567871,-0.1469387412071228,-0.2736685872077942,-0.2098724842071533,XArbitraryCorrectedZVertical,0.0804508167476384,-0.010328804788717,0.1916619257191143,0.978103627777376,0.9419063925743104,-0.3352943658828735,0.0197479184716939,47.1197509765625,-29.42182922363281,7.760406494140625,-1,2,8300
2025-11-20T22:22:07.810+01:00,10170,630690.0714027501,0.3807233207611223,-0.0368617322997556,0.1476743198530966,0.171907052397728,-0.021059488877654,-0.6897883415222168,1.044222474098206,-0.6761571168899536,-0.2141963243484497,XArbitraryCorrectedZVertical,0.075902863595524,-0.0040916319116947,0.1873314056845305,0.979351373676367,0.9448370337486268,-0.326162189245224,0.0300226751714944,46.69329833984375,-28.33084106445312,7.93072509765625,-1,2,8301
2025-11-20T22:22:07.840+01:00,10171,630690.1063197501,0.3658708891944406,-0.0202659050606244,0.1508382962843488,0.0949064120650291,0.351183295249939,-0.3332415223121643,0.8971155881881714,-0.574341893196106,-0.1607176065444946,XArbitraryCorrectedZVertical,0.0759246915349015,0.0037709249188566,0.1806396286520111,0.980607250584725,0.9490147829055786,-0.3120716512203217,0.0445218198001384,46.4013671875,-26.66194152832031,8.648651123046875,-1,2,8302
2025-11-20T22:22:07.875+01:00,10172,630690.14123575,0.3724303316418694,-0.0263157897607914,0.1490296710515444,-0.1965077221393585,-0.4171460866928101,0.8639696836471558,0.8989604115486145,-0.5680850148200989,-0.1553882360458374,XArbitraryCorrectedZVertical,0.0755817774306101,0.000887614046194,0.1836485003563518,0.9800815496304158,0.9471698999404908,-0.3183284997940063,0.0391925685107708,46.6708984375,-25.81289672851562,8.34820556640625,-1,2,8303
2025-11-20T22:22:07.910+01:00,10173,630690.17615175,0.4176716744919005,-0.0402581376825158,0.1437639135775311,-0.0446931086480617,-0.0552997887134552,1.277617692947388,0.1148639321327209,-0.4785662889480591,-0.2333598136901855,XArbitraryCorrectedZVertical,0.0744075184690353,-0.0047527414416275,0.2053297220367294,0.9758487177595898,0.9321789145469666,-0.3606670796871185,0.0310128927230835,45.36138916015625,-27.02993774414062,7.849624633789062,-1,2,8304
2025-11-20T22:22:07.945+01:00,10174,630690.21106875,0.43874788081991,-0.0464491819837685,0.1354776390429523,-0.5596461892127991,-0.0531812235713005,0.0382940024137496,-0.8871625065803528,0.0349230766296386,0.2092107534408569,XArbitraryCorrectedZVertical,0.0710890716059928,-0.0078879844511849,0.2155267726702238,0.9738749524743908,0.9244092106819152,-0.3805651068687439,0.0252558104693889,43.57403564453125,-27.77127075195312,7.317153930664062,-1,2,8305
2025-11-20T22:22:07.980+01:00,10175,630690.24598475,0.4594577008148774,-0.0334509594665459,0.1169791554994796,0.1278058290481567,0.6008381843566895,1.103211522102356,0.381668746471405,0.0414998233318328,-0.0223685503005981,XArbitraryCorrectedZVertical,0.060714446767678,-0.0029480516764974,0.2263403303226824,0.9721497715225096,0.9156487584114076,-0.4006458818912506,0.0327140130102634,41.99176025390625,-27.98728942871094,7.087265014648438,-1,2,8306
2025-11-20T22:22:08.015+01:00,10176,630690.2809017501,0.485357031203077,-0.0329403832078636,0.129408956756485,0.3687139749526978,-0.1960590183734894,-0.0336965471506118,0.5206818580627441,-0.0316225886344909,0.5103805065155029,XArbitraryCorrectedZVertical,0.0667055439468998,-0.000417645250579,0.2387344146975803,0.9687911153614716,0.9050994515419006,-0.4231656491756439,0.0415450409054756,40.4169921875,-28.52301025390625,7.781997680664062,-1,2,8307
2025-11-20T22:22:08.050+01:00,10177,630690.3158177501,0.4706095595858402,-0.0431423279909259,0.1299485859261615,-0.4766346514225006,-0.573376476764679,-0.4455392360687256,1.089177489280701,-0.1859214603900909,0.5882208347320557,XArbitraryCorrectedZVertical,0.0681427683985801,-0.0057969598925615,0.2312314252465834,0.9704921293660334,0.9116311073303224,-0.4098731279373169,0.0305382460355758,40.254638671875,-27.03352355957031,7.449691772460938,-1,2,8308
2025-11-20T22:22:08.087+01:00,10178,630690.35073475,0.4716113347665183,-0.0527254412943325,0.1092623949655118,-0.5363039374351501,0.1256444603204727,0.460554450750351,1.253969669342041,0.1969100534915924,0.101732611656189,XArbitraryCorrectedZVertical,0.0592236160800579,-0.0128394520396735,0.2317973091187543,0.9708747328932512,0.911023497581482,-0.4121352434158325,0.0134406527504324,39.8724365234375,-26.59651184082031,6.53509521484375,-1,2,8309
2025-11-20T22:22:08.120+01:00,10179,630690.38565075,0.4690880424509512,-0.0452887476022127,0.0889557948766516,-0.5783742666244507,0.0827902257442474,-0.4923620522022247,0.971683382987976,-0.2399587035179138,0.2852683067321777,XArbitraryCorrectedZVertical,0.0484916527166504,-0.0116701327330121,0.2311309760883311,0.9716433086984496,0.9115561842918396,-0.4110116362571716,0.011591394431889,39.90435791015625,-26.08238220214844,5.397994995117188,-1,2,8310
2025-11-20T22:22:08.154+01:00,10180,630690.42056675,0.4498895964745286,-0.0422492675473482,0.0772863994665435,-0.0417679883539676,0.0918377861380577,-0.3053964078426361,1.100850582122803,-0.0036762654781341,0.1800580024719238,XArbitraryCorrectedZVertical,0.0423598947230714,-0.0119601287128894,0.2220407887178067,0.9740434292938188,0.9190316200256348,-0.394105076789856,0.0078844595700502,39.94793701171875,-25.078369140625,5.013351440429688,-1,2,8311
2025-11-20T22:22:08.190+01:00,10181,630690.4554837501,0.4428121681355978,-0.0411659227873769,0.086121096413357,0.3789277374744415,-0.1803274601697922,-0.2858041524887085,0.1789063215255737,0.0870090723037719,0.2528277635574341,XArbitraryCorrectedZVertical,0.0465030885879292,-0.0106092527590587,0.2184872092437559,0.9746734347575482,0.9219237565994264,-0.3871951699256897,0.0116833103820681,39.80682373046875,-23.60302734375,5.072799682617188,-1,2,8312
2025-11-20T22:22:08.224+01:00,10182,630690.4903997501,0.4330676965782417,-0.0595987975466594,0.0967667867733438,0.2237020581960678,-0.8647226095199585,-0.1780609637498856,-0.4230270981788635,0.2960934042930603,0.0331894755363464,XArbitraryCorrectedZVertical,0.0536079726332847,-0.0186788668391296,0.2130916413966653,0.9753816033632542,0.9259262084960938,-0.3776973783969879,-0.0022904614452272,40.64697265625,-22.5201416015625,4.422286987304688,-1,2,8313
2025-11-20T22:22:08.259+01:00,10183,630690.52531675,0.4377372763311829,-0.0880629995607063,0.1074765692739093,0.4175120890140533,-0.5458135008811951,0.4029656648635864,-0.8298920392990112,0.0745276808738708,-0.3949023485183716,XArbitraryCorrectedZVertical,0.0619236960658354,-0.0312541317430014,0.2142939384833337,0.974303249481224,0.9240997433662416,-0.381397157907486,-0.0239972192794084,40.09832763671875,-21.68377685546875,3.25189208984375,-1,2,8314
2025-11-20T22:22:08.294+01:00,10184,630690.56023275,0.4508610192556899,-0.0934823521444488,0.1232870088406669,0.4092036783695221,0.25904780626297,-0.018701609224081,-1.033815860748291,-0.1699370443820953,-0.3363865613937378,XArbitraryCorrectedZVertical,0.0704043958266674,-0.0317002799208385,0.2200521810626211,0.97242761145285,0.9195428490638732,-0.3924256563186646,-0.0210506040602922,39.62921142578125,-21.55220031738281,3.039276123046875,-1,2,8315
2025-11-20T22:22:08.330+01:00,10185,630690.59514825,0.4312592068184839,-0.0775055222298353,0.1269194934324798,-0.2720577120780945,0.4356540143489838,-0.958562970161438,-0.9220824837684632,-0.0677893757820129,-0.1083295345306396,XArbitraryCorrectedZVertical,0.0701749061330901,-0.024210959171612,0.2109714182207714,0.9746693495316328,0.927285611629486,-0.3742729425430298,-0.0078051439486444,38.85614013671875,-20.32743835449219,3.8719482421875,-1,2,8316
2025-11-20T22:22:08.370+01:00,10186,630690.6300652501,0.3973114695908128,-0.0616982354426632,0.1184037586446436,-0.2251987606287003,0.2088421732187271,-0.6712958216667175,-0.6554335355758667,0.5138030052185059,-0.1983538269996643,XArbitraryCorrectedZVertical,0.0640525434068253,-0.018513419131707,0.1951231274419618,0.9785098222562116,0.9391858577728271,-0.343408077955246,-0.0008192034438252,38.70947265625,-18.56292724609375,4.479232788085938,-1,2,8317
2025-11-20T22:22:08.399+01:00,10187,630690.6649812501,0.3853425634977711,-0.0562571444649815,0.1175307899429957,0.0630122423171997,0.0580243878066539,-0.2161886394023895,-0.8769202828407288,0.511581301689148,-0.177386999130249,XArbitraryCorrectedZVertical,0.062998113601971,-0.0163152389581053,0.1894540303601821,0.9797306638657632,0.9431738257408142,-0.3322904706001282,0.0024448786862194,37.84405517578125,-17.86775207519531,4.95220947265625,-1,2,8318
2025-11-20T22:22:08.434+01:00,10188,630690.69989825,0.3721879255386326,-0.0522094706859218,0.119066074315083,-0.061908271163702,0.1340861171483994,-0.5369632244110107,-1.021496057510376,0.3696678280830383,-0.0282050371170043,XArbitraryCorrectedZVertical,0.063271523778324,-0.0146010178832673,0.1831048114287442,0.980946653175518,0.9474451541900636,-0.3198783695697784,0.0050727473571896,37.01727294921875,-17.09097290039062,5.3731689453125,-1,2,8319
2025-11-20T22:22:08.469+01:00,10189,630690.73481425,0.3574769765793016,-0.0452311577332944,0.1143333643945099,-0.23067407310009,0.1116176098585129,-0.1829445362091064,-0.8019431233406067,0.4647216200828552,0.0591801404953002,XArbitraryCorrectedZVertical,0.0602248014118114,-0.0120616010464949,0.1761810081283436,0.9824397748293208,0.9519066214561462,-0.3062743544578552,0.0083704460412263,36.6204833984375,-17.16964721679688,5.893905639648438,-1,2,8320
2025-11-20T22:22:08.504+01:00,10190,630690.76973025,0.3579530326608176,-0.0435487375272481,0.1050049480570353,-0.2742472290992737,0.0108579918742179,0.0921944007277488,-0.9128179550170898,0.4091040194034576,0.0704370737075805,XArbitraryCorrectedZVertical,0.0554985283591469,-0.0120552234433912,0.17661074288269,0.9826409527799046,0.9516209959983826,-0.3071905076503754,0.0071690622717142,36.3704833984375,-17.57028198242188,6.109848022460938,-1,2,8321
2025-11-20T22:22:08.539+01:00,10191,630690.80464725,0.355193521963821,-0.0407216355394694,0.0982902644314232,-0.0899515748023986,0.1455782353878021,-0.2605535984039307,-1.069954752922058,0.435636043548584,0.0915393829345703,XArbitraryCorrectedZVertical,0.0519350851624781,-0.0113380712153667,0.175430334292274,0.983055678783918,0.9523552060127258,-0.3048986792564392,0.0075053512118756,36.08233642578125,-18.22064208984375,6.7259521484375,-1,2,8322
2025-11-20T22:22:08.573+01:00,10192,630690.8395632501,0.3478671134689246,-0.0271227565258247,0.089789418515936,-0.1677564084529877,0.7925023436546326,-0.0229515023529529,-0.3851090669631958,-0.0004660487174987,0.1414229869842529,XArbitraryCorrectedZVertical,0.0465428671273696,-0.0055768338809761,0.1722681676282316,0.9839342262608388,0.9543079137802124,-0.2983315885066986,0.0171768497675657,35.67864990234375,-17.712890625,7.662887573242188,-1,2,8323
2025-11-20T22:22:08.611+01:00,10193,630690.8744802501,0.3337815502631831,-0.0045301436838911,0.0851317856012545,-0.2676325738430023,0.3176709115505219,-0.2121415585279465,0.7509917616844177,-0.06606325507164,0.3105630874633789,XArbitraryCorrectedZVertical,0.042337626811399,0.0048371944584353,0.1658711882140267,0.9852263314603036,0.9578095078468324,-0.2851177453994751,0.0361775532364845,35.772705078125,-17.75202941894531,8.924118041992188,-1,2,8324
2025-11-20T22:22:08.650+01:00,10194,630690.90939625,0.3414239263155169,-0.0051231048839303,0.0699903182199309,-0.5855050683021545,-0.2281654626131058,0.3743915855884552,1.022822856903076,-0.2170037627220154,0.3197975158691406,XArbitraryCorrectedZVertical,0.0349142184288961,0.0034211147089681,0.1696911067823752,0.984872737766286,0.9555859565734864,-0.2929907441139221,0.0318107344210147,35.493896484375,-18.25730895996094,9.059906005859377,-1,2,8325
2025-11-20T22:22:08.678+01:00,10195,630690.94431325,0.347239418658296,-0.0152207104216081,0.0616160599841828,0.0529188774526119,-0.0507502481341362,0.1683496087789536,1.02431309223175,-0.2111659944057465,0.3315345048904419,XArbitraryCorrectedZVertical,0.0316532228347009,-0.0021712583107649,0.1724308868118507,0.9845105463842352,0.954095721244812,-0.2988284826278687,0.0200737006962299,35.36724853515625,-18.53836059570312,8.959228515625,-1,2,8326
2025-11-20T22:22:08.713+01:00,10196,630690.97922925,0.3649286455049492,-0.0162277844835447,0.0676030307559702,0.3150767385959625,-0.0900162011384964,0.6755940318107605,0.8821553587913513,-0.6887812614440918,0.0480340719223022,XArbitraryCorrectedZVertical,0.0347044081687038,-0.0018425175478041,0.1810742635698569,0.9828551796345962,0.9487009048461914,-0.3153995871543884,0.0221258178353309,35.07354736328125,-19.19866943359375,9.029266357421877,-1,2,8327
2025-11-20T22:22:08.748+01:00,10197,630691.0141452501,0.3782476717966756,-0.022316705608647,0.0842707417426841,0.6145831942558289,-0.1664797216653824,0.0334326773881912,-0.2384132742881775,-0.0773611962795257,0.0339155197143554,XArbitraryCorrectedZVertical,0.0434650971190751,-0.0030308906211267,0.187358242946022,0.9813248471884828,0.9446510076522828,-0.327286571264267,0.0227556023746728,34.55615234375,-19.7559814453125,9.75537109375,-1,2,8328
2025-11-20T22:22:08.783+01:00,10198,630691.0490622501,0.3901347377869774,-0.0189949768629945,0.0950479623458526,0.5182543396949768,0.2047302573919296,0.6385359764099121,0.6575192809104919,0.112233430147171,0.0384904146194458,XArbitraryCorrectedZVertical,0.0484418367787046,-9.888985200024995e-05,0.1931624188075658,0.9799702542625296,0.9406709671020508,-0.3379414081573486,0.030555572360754,34.2103271484375,-20.24893188476562,10.32290649414062,-1,2,8329
2025-11-20T22:22:08.818+01:00,10199,630691.08397825,0.4067842927050258,-0.0370630916653047,0.1108421970079016,-0.0699968934059143,-0.4094895422458649,0.1555242091417313,0.1118512153625488,0.1623325049877167,-0.1016944646835327,XArbitraryCorrectedZVertical,0.0579788795670623,-0.0069336465587604,0.2006426414451458,0.9779228214205872,0.9355273842811584,-0.3526401221752167,0.0208228155970573,33.688232421875,-21.24156188964844,10.79011535644531,-1,2,8330
2025-11-20T22:22:08.853+01:00,10200,630691.11889525,0.4041738141960778,-0.0334147868004907,0.1144627913488653,0.2460099905729294,0.2841851115226746,-0.1486388146877289,0.981273114681244,0.4713664054870605,-0.4874669313430786,XArbitraryCorrectedZVertical,0.0593760671399377,-0.004860556164595,0.1994214327124955,0.9781012395461748,0.9364057183265686,-0.3500132262706757,0.0252019092440605,33.592041015625,-21.34471130371094,10.74533081054688,-1,2,8331
2025-11-20T22:22:08.891+01:00,10201,630691.15381125,0.4044695410127919,-0.0219440343644447,0.1285935717691304,0.6683746576309204,0.3790290355682373,0.3306765854358673,1.010916233062744,0.556439995765686,-0.3282257318496704,XArbitraryCorrectedZVertical,0.065138477742551,0.0021789333051463,0.1997413466937874,0.9776787276689192,0.9360594153404236,-0.3494545221328735,0.0409179925918579,33.22869873046875,-21.31161499023438,11.9896240234375,-1,2,8332
2025-11-20T22:22:08.923+01:00,10202,630691.1887272501,0.4098825445513831,-0.0123092313575535,0.156419354261339,0.834043025970459,0.2324531823396683,-0.0322608463466167,1.01315712928772,0.5595890283584595,-0.3477517366409302,XArbitraryCorrectedZVertical,0.0777421779651863,0.0098925429163685,0.202412933894113,0.9761594567719852,0.9338185787200928,-0.3526035249233246,0.0604439936578273,32.82928466796875,-21.33238220214844,12.79385375976562,-1,2,8333
2025-11-20T22:22:08.958+01:00,10203,630691.2236442501,0.4038614923576596,-0.0056233711862666,0.186058421030749,0.7838592529296875,0.1031023859977722,-0.2694457173347473,1.017134189605713,-0.3368202745914459,0.0651230886578559,XArbitraryCorrectedZVertical,0.0915686727721703,0.0158884323689745,0.1994372845750274,0.9754935485888698,0.9355941414833068,-0.3447898328304291,0.0760512351989746,32.43133544921875,-21.17747497558594,14.634765625,-1,2,8334
2025-11-20T22:22:08.992+01:00,10204,630691.25856025,0.3881457312159866,-0.005938455196649,0.2099826447139321,0.5223609209060669,-0.2808502614498138,-0.5451165437698364,0.4487068057060242,-0.405053049325943,0.100123405456543,XArbitraryCorrectedZVertical,0.1034001730880883,0.0173135922080717,0.1914887417951778,0.975879458444975,0.941094160079956,-0.3283300995826721,0.0808762535452842,32.30499267578125,-20.71597290039062,15.40180969238281,-1,2,8335
2025-11-20T22:22:09.028+01:00,10205,630691.29347725,0.3767078080759806,-0.0163369515516918,0.2214984304735559,0.1748034060001373,-0.3966668844223022,0.0021088309586048,-0.5868833065032959,0.2497943043708801,0.0656616687774658,XArbitraryCorrectedZVertical,0.1100846942929706,0.0127191064578026,0.1852019992640828,0.976432216608652,0.9457242488861084,-0.3167956173419952,0.0724303871393203,32.03741455078125,-20.17497253417969,15.81028747558594,-1,2,8336
2025-11-20T22:22:09.062+01:00,10206,630691.32839325,0.3817847658200129,-0.0235124381589012,0.2265402502760298,0.2461313009262085,0.1093505099415779,0.1213449165225029,-0.9281394481658936,-0.1914649903774261,0.0089781284332275,XArbitraryCorrectedZVertical,0.1131835018766436,0.0099754752625746,0.1872016366466556,0.9757282180350998,0.9446036219596864,-0.3210166692733765,0.0683533325791358,31.61968994140625,-20.50636291503906,16.08747863769531,-1,2,8337
2025-11-20T22:22:09.097+01:00,10207,630691.36330925,0.3759327406936422,-0.018006047007325,0.2372519963193004,0.2657780647277832,-0.0165163651108741,-0.497039794921875,-0.7943748831748962,-0.1037201583385468,0.1303856372833252,XArbitraryCorrectedZVertical,0.1179291874430403,0.0133316103682746,0.184494019298945,0.9756417905385204,0.9461844563484192,-0.314660519361496,0.0756538212299346,31.0380859375,-20.67626953125,17.09979248046875,-1,2,8338
2025-11-20T22:22:09.132+01:00,10208,630691.3982262501,0.344168647763019,-0.0160508209099428,0.2409562247869858,-0.0660186856985092,-0.2207949310541153,-1.233781099319458,-0.9533323049545288,0.1182565093040466,0.1521230936050415,XArbitraryCorrectedZVertical,0.1197721564196356,0.0127302093681133,0.169039245104016,0.978222034660175,0.9558652639389038,-0.2850197851657867,0.0713113695383071,30.6300048828125,-20.4093017578125,16.96095275878906,-1,2,8339
2025-11-20T22:22:09.171+01:00,10209,630691.43314225,0.3047612067706175,-0.0108257870744986,0.2362821947203474,-0.2188491225242615,0.0269682593643665,-0.6920663118362427,-0.8656539916992188,0.4103004932403564,0.1001114845275879,XArbitraryCorrectedZVertical,0.1173148798649571,0.0125780202963535,0.1501006900170508,0.9816052649889792,0.9663467407226562,-0.2486335635185242,0.0659956485033035,31.82781982421875,-19.32682800292969,17.10505676269531,-1,2,8340
2025-11-20T22:22:09.202+01:00,10210,630691.46805925,0.2974347518685968,-0.007504020610696,0.2258561587749563,-0.3724203705787659,-0.0401279553771019,0.0734137967228889,-0.7938946485519409,0.3152239918708801,0.0927819013595581,XArbitraryCorrectedZVertical,0.1119959507635735,0.0130099162281412,0.1468068223950049,0.9827184302917404,0.9679669141769408,-0.2425158321857452,0.0650091767311096,32.3311767578125,-19.50848388671875,16.63775634765625,-1,2,8341
2025-11-20T22:22:09.237+01:00,10211,630691.50297525,0.2957672228477339,-0.0112015934497101,0.2125933316346989,-0.3462318181991577,-0.125344306230545,-0.1829338073730469,-1.102705240249634,0.3073359131813049,0.0109093263745307,XArbitraryCorrectedZVertical,0.1057575102831988,0.0101242059328251,0.1459234905470692,0.9835747600096412,0.9685805439949036,-0.2418757081031799,0.0578619763255119,32.66595458984375,-19.42323303222656,15.99800109863281,-1,2,8342
2025-11-20T22:22:09.272+01:00,10212,630691.53789125,0.2865302437992078,-0.0117033242143818,0.2016720051786924,-0.3079344034194946,-0.0336578637361526,-0.2729717791080475,-1.083550453186035,0.3040632605552673,0.0044772587716579,XArbitraryCorrectedZVertical,0.1004634220512804,0.00861002385455,0.1414648398545308,0.9847947312239052,0.9708337187767028,-0.2338422685861588,0.0529109835624694,33.2620849609375,-19.82832336425781,15.72590637207031,-1,2,8343
2025-11-20T22:22:09.307+01:00,10213,630691.5728082501,0.2809304683014319,-0.013194089139736,0.1893411878097742,-0.4300529956817627,-0.1209288090467453,0.0051561123691499,-0.8572246432304382,0.3471977114677429,0.0392113886773586,XArbitraryCorrectedZVertical,0.0945156539194783,0.0067313908922387,0.1387563577977814,0.98578300727477,0.972199559211731,-0.2292777448892593,0.0475348234176635,33.84136962890625,-19.77450561523438,15.04348754882812,-1,2,8344
2025-11-20T22:22:09.342+01:00,10214,630691.6077235,0.288080540316861,-0.0182934792175734,0.172959965910059,-0.4970099627971649,-0.0756700187921524,0.4131192862987518,-0.9040009379386902,0.3972437977790833,-0.0097808875143527,XArbitraryCorrectedZVertical,0.0867822163688628,0.0033795214166489,0.1422184628484938,0.9860179162322732,0.970666527748108,-0.237072229385376,0.0400390364229679,34.22760009765625,-20.39894104003906,14.08132934570312,-1,2,8345
2025-11-20T22:22:09.377+01:00,10215,630691.6426405,0.3121237077743902,-0.0096638809548024,0.1486081627067099,-0.4945965707302094,0.98117995262146,0.6730092763900757,-0.1318534016609192,-0.3338028788566589,-0.250165581703186,XArbitraryCorrectedZVertical,0.0740816398004853,0.0067782325942745,0.154644119078407,0.9851655044810548,0.9641286134719848,-0.2613966166973114,0.046125017106533,33.91949462890625,-21.60322570800781,13.58006286621094,-1,2,8346
2025-11-20T22:22:09.412+01:00,10216,630691.6775565001,0.3133749467570875,0.0045094781663955,0.1324297966686771,-0.4273868799209595,-0.108887642621994,-0.2117766141891479,1.233165979385376,-0.4305459558963776,0.0473204925656318,XArbitraryCorrectedZVertical,0.0650047116922531,0.0125473014818879,0.1558521100913128,0.9855593633260884,0.9630622267723083,-0.2634542882442474,0.0557068139314651,33.837890625,-22.2054443359375,13.1253662109375,-1,2,8347
2025-11-20T22:22:09.451+01:00,10217,630691.7124725,0.310282901130848,0.0125125733302482,0.1197653982107769,-0.2047771960496902,0.2867894172668457,-0.200983002781868,1.232772588729858,-0.4328750967979431,0.043300986289978,XArbitraryCorrectedZVertical,0.0581619959169933,0.0154173819924863,0.154609783819523,0.986141648957836,0.9634554386138916,-0.2611251175403595,0.0597263425588607,33.9232177734375,-22.19526672363281,12.49971008300781,-1,2,8348
2025-11-20T22:22:09.481+01:00,10218,630691.7473895,0.2915789689413754,0.0117750432586327,0.1090435465370262,-0.4512774348258972,-0.2946217656135559,-0.3183089792728424,1.227886199951172,-0.4503499567508698,0.0487246587872505,XArbitraryCorrectedZVertical,0.0530616946853931,0.0137328849229918,0.1453726238256378,0.9878576966971208,0.9683418869972228,-0.2436502724885941,0.0543027073144912,34.39459228515625,-21.8096923828125,12.38905334472656,-1,2,8349
2025-11-20T22:22:09.516+01:00,10219,630691.7823055,0.3000173288659619,0.0001261929266379,0.097022355152989,-0.2787417769432068,-0.2617647647857666,0.7805747985839844,0.5331477522850037,-0.1505701541900635,-0.1909633874893188,XArbitraryCorrectedZVertical,0.0479381565693924,0.0073093065783842,0.1492739097071828,0.987606101857569,0.9667911529541016,-0.2522770762443542,0.0408779457211494,34.45330810546875,-22.2366943359375,11.47554016113281,-1,2,8350
2025-11-20T22:22:09.551+01:00,10220,630691.8172225,0.3316764864040818,-0.0091468902209382,0.0859951238813866,-0.4177622497081757,-0.1200819313526154,0.8206703662872314,-0.4474006295204163,0.0549089312553405,-0.0072712861001491,XArbitraryCorrectedZVertical,0.043148417994021,0.0025892240765965,0.1647309359890616,0.9853909494861856,0.958570122718811,-0.2830735743045807,0.0318226888775825,33.94598388671875,-23.46682739257812,10.916015625,-1,2,8351
2025-11-20T22:22:09.586+01:00,10221,630691.8521385001,0.3675912734408586,-0.0087803194439994,0.0637911428410272,-0.5504543781280518,0.4221770465373993,1.374857902526855,0.1236973404884338,-0.0479231774806976,0.0691641569137573,XArbitraryCorrectedZVertical,0.0321546849611824,0.001514265571719,0.1825302306156019,0.9826731145034378,0.9476526975631714,-0.3180587887763977,0.0281563475728035,33.056640625,-24.6025390625,10.23919677734375,-1,2,8352
2025-11-20T22:22:09.621+01:00,10222,630691.8870545,0.4181086694519817,-0.0078911416536086,0.0602490265073018,0.0534564554691314,0.0502836778759956,1.30317759513855,0.4490001201629639,0.095159888267517,0.3089481592178345,XArbitraryCorrectedZVertical,0.0302824145231199,0.0023929890247751,0.2073228893163531,0.9778008317163964,0.9302874803543092,-0.3655303120613098,0.0308649782091379,31.5531005859375,-26.64572143554688,10.34547424316406,-1,2,8353
2025-11-20T22:22:09.656+01:00,10223,630691.9219715,0.4292514752423993,-0.0074630715471493,0.0529600836769872,-0.3678165972232819,-0.2908696532249451,-0.3141257762908936,1.125342965126038,-0.1951339542865753,0.4845718145370483,XArbitraryCorrectedZVertical,0.0266637524337099,0.0019944338782507,0.2128090796200517,0.9767279228430418,0.9261096715927124,-0.3761245310306549,0.0291763301938772,31.2469482421875,-27.4256591796875,10.11082458496094,-1,2,8354
2025-11-20T22:22:09.691+01:00,10224,630691.9568875,0.4236007223194728,-0.0200924796714933,0.0285980443167456,-0.7415537238121033,-0.109663337469101,0.4383097887039185,1.123117685317993,-0.1996022164821625,0.5056334733963013,XArbitraryCorrectedZVertical,0.0160899872012307,-0.0068148859482507,0.2100478334424807,0.9775349724339784,0.928334891796112,-0.3716562986373901,0.008114656433463,31.363525390625,-27.56451416015625,8.925613403320312,-1,2,8355
2025-11-20T22:22:09.730+01:00,10225,630691.9918045,0.4354088702826414,-0.0170260556576066,0.007421840648314,-0.6243283748626709,0.1609939485788345,-0.0526522994041442,0.6530842185020447,-0.0387582182884216,0.2661043405532837,XArbitraryCorrectedZVertical,0.0054618711500105,-0.0075104407216034,0.215948648339667,0.9763605972208896,0.923713207244873,-0.3830709755420685,0.003243830287829,30.99114990234375,-28.2926025390625,8.567657470703125,-1,2,8356
2025-11-20T22:22:09.761+01:00,10226,630692.0267205001,0.4252863791462937,-0.0160261879289386,-0.0108173437244983,-0.3372020125389099,-0.0210203155875206,-0.2681193053722382,0.9897450804710388,-0.0983955860137939,0.2240034341812134,XArbitraryCorrectedZVertical,-0.0035955792420028,-0.0089738396559434,0.2110767889790532,0.9774216849031636,0.9274301528930664,-0.3739859461784363,-0.0027814900968223,30.97442626953125,-28.32308959960938,8.202255249023438,-1,2,8357
2025-11-20T22:22:09.796+01:00,10227,630692.0616365001,0.4213369150883328,-0.0142425698982162,-0.0123408918649305,0.2099338322877884,0.1001905351877213,-0.0526245720684528,0.7210985422134399,-0.0345379412174224,0.1412752866744995,XArbitraryCorrectedZVertical,-0.0045447175862842,-0.0082539345224873,0.2091473038201561,0.9778387928335228,0.9288952946662904,-0.3703387081623077,-0.0016726786270737,30.62982177734375,-28.23556518554688,8.146697998046875,-1,2,8358
2025-11-20T22:22:09.830+01:00,10228,630692.0965535,0.4155331395195119,-0.0176231837254121,-0.0022917540021482,0.34303879737854,-0.3928233981132507,-0.2761460244655609,-0.0152957439422607,0.2728118002414703,0.1740151047706604,XArbitraryCorrectedZVertical,0.0006963963876369,-0.0088583293789802,0.206276749526952,0.9784533702469664,0.9310824871063232,-0.3648070096969604,-0.0011177870910614,30.15203857421875,-28.13786315917969,8.9129638671875,-1,2,8359
2025-11-20T22:22:09.865+01:00,10229,630692.1314695,0.4085853092748996,-0.0393491074744423,0.0082761959989212,0.1802951097488403,-0.7051479816436768,-0.0332161374390125,-0.7119402885437012,0.3083132207393646,-0.0705807209014892,XArbitraryCorrectedZVertical,0.0080424243110943,-0.018424658209788,0.2027538563015465,0.9790233588777902,0.9334978461265564,-0.3581483960151672,-0.0176456198096275,30.27423095703125,-28.24713134765625,8.749710083007812,-1,2,8360
2025-11-20T22:22:09.900+01:00,10230,630692.1663865,0.4159060006238773,-0.0564834302913504,0.0149671042658414,0.2803060710430145,-0.2321844846010208,0.2825758159160614,-0.8066086769104004,0.0322552919387817,-0.2833223938941956,XArbitraryCorrectedZVertical,0.0131491073323307,-0.0260844111472361,0.2061625495635976,0.9780817140900092,0.9305559396743774,-0.3648358583450317,-0.0309934541583061,29.5341796875,-28.64204406738281,7.905105590820312,-1,2,8361
2025-11-20T22:22:09.935+01:00,10231,630692.2013025001,0.418655374373107,-0.0551132168072379,0.0225996367974885,0.1296766549348831,0.2596616744995117,-0.2678959369659424,-0.9557186961174012,-0.080078512430191,-0.2071376442909241,XArbitraryCorrectedZVertical,0.0167739563860345,-0.0246027509238236,0.2074056008269451,0.9778018076497298,0.929748237133026,-0.3672175705432892,-0.0268254373222589,29.216552734375,-29.2529296875,8.056121826171875,-1,2,8362
2025-11-20T22:22:09.972+01:00,10232,630692.2362185001,0.3991007786706958,-0.0457642157359956,0.0230947339754327,-0.0914461687207222,0.2084147781133652,-0.6439447999000549,-0.8969582915306091,0.2089749574661255,-0.1450802087783813,XArbitraryCorrectedZVertical,0.0158501954872163,-0.0201362093078725,0.1979045980132347,0.979886269496996,0.9369515180587769,-0.3489590287208557,-0.0186924468725919,29.6796875,-29.58544921875,7.640182495117188,-1,2,8363
2025-11-20T22:22:10.006+01:00,10233,630692.2711355,0.3855914769637259,-0.0401420381368165,0.0245590539213289,0.0952314510941505,0.0866132080554962,-0.1160485669970512,-0.8430328965187073,0.376583993434906,-0.2034924626350403,XArbitraryCorrectedZVertical,0.0158944177619798,-0.017344075371717,0.1913086739876374,0.9812479386649215,0.9416808485984802,-0.3362396955490112,-0.0134112825617194,30.1514892578125,-29.95460510253906,7.60150146484375,-1,2,8364
2025-11-20T22:22:10.040+01:00,10234,630692.3060515,0.3824927596800269,-0.0368756341557991,0.0266882610132189,-0.0277620665729045,0.1520990431308746,-0.2146213054656982,-1.094926834106445,0.2884235680103302,-0.0674125552177429,XArbitraryCorrectedZVertical,0.0166024244022625,-0.0155630408532207,0.1897919315612669,0.9815606241389472,0.9427815079689026,-0.3332691192626953,-0.009735956788063,31.24688720703125,-30.63351440429688,7.005905151367188,-1,2,8365
2025-11-20T22:22:10.075+01:00,10235,630692.3409685,0.3684308914463478,-0.0279430894797138,0.0242506124856383,-0.1141276881098747,0.322838306427002,-0.5066280961036682,-1.014994621276855,0.3546389043331146,0.0177290439605712,XArbitraryCorrectedZVertical,0.014477664719324,-0.0115129079465698,0.1829774372337886,0.9829430697889546,0.947398006916046,-0.3200471699237823,-0.0025770836509764,30.770263671875,-30.97247314453125,6.6429443359375,-1,2,8366
2025-11-20T22:22:10.110+01:00,10236,630692.3758845,0.3557556109229588,-0.0174183718424595,0.0201023030565585,-0.1232795044779778,0.2121189683675766,-0.1177398338913918,-0.8118813633918762,0.4256695508956909,0.0317357778549194,XArbitraryCorrectedZVertical,0.0114329343261786,-0.0067928599612857,0.1768394681858409,0.9841498266824444,0.9513313174247742,-0.3081157803535461,0.005755060352385,32.42950439453125,-30.78752136230469,6.643768310546875,-1,2,8367
2025-11-20T22:22:10.145+01:00,10237,630692.4108005001,0.3575715273511638,-0.0125722054923309,0.0189833595689248,0.1284291595220566,0.140335813164711,0.0680690258741378,-0.9551517963409424,0.4988469779491425,0.0382641553878784,XArbitraryCorrectedZVertical,0.0104578911183261,-0.0044976925868599,0.1777645842743193,0.9840072007202992,0.9507266879081726,-0.3098668456077576,0.0100604509934783,33.50457763671875,-30.77055358886719,6.703781127929688,-1,2,8368
2025-11-20T22:22:10.180+01:00,10238,630692.4457175,0.3592325432607094,0.001978798309796,0.0210395810154261,-0.00379503890872,0.9377073049545288,0.0006231809966266,-0.4742385149002075,0.0370002388954162,0.1031538248062134,XArbitraryCorrectedZVertical,0.0101736071923112,0.0028527743907226,0.1786523003923758,0.9838555299260476,0.9499617218971252,-0.311398983001709,0.0245621893554925,34.65966796875,-30.5010986328125,7.612777709960938,-1,2,8369
2025-11-20T22:22:10.215+01:00,10239,630692.4806335,0.333710357256694,0.0253173237518022,0.0211640818365442,-0.1438286751508713,0.2458314150571823,-0.9219171404838562,1.102081179618835,-0.3507304191589355,0.3277192115783691,XArbitraryCorrectedZVertical,0.0083318436974442,0.0142391385172345,0.1661915124609222,0.9859554843100068,0.9567871689796448,-0.2870564162731171,0.0464415289461612,35.84576416015625,-30.10592651367188,7.70892333984375,-1,2,8370
2025-11-20T22:22:10.250+01:00,10240,630692.5155495,0.307609008680843,0.0322639490454107,0.0105656294836038,-0.31374791264534,0.1448589563369751,-0.7706844210624695,1.095147848129272,-0.3756009638309479,0.324149489402771,XArbitraryCorrectedZVertical,0.0027484916236601,0.016749841591425,0.1532609727361566,0.9880399177870196,0.9637205004692078,-0.2621858417987823,0.0500112697482109,38.43701171875,-28.51152038574219,7.705108642578125,-1,2,8371
2025-11-20T22:22:10.290+01:00,10241,630692.5504665,0.2888323213420167,0.0320505803128895,0.0002138944650389,-0.1463108658790588,-0.1512622088193893,-0.2281330227851868,1.090296268463135,-0.3935809731483459,0.3269201517105103,XArbitraryCorrectedZVertical,-0.0022003555693002,0.0158731787167954,0.1438979071458082,0.989462792182536,0.9685720205307008,-0.2442058622837067,0.0472406297922134,40.0413818359375,-28.16065979003906,7.351028442382812,-1,2,8372
2025-11-20T22:22:10.319+01:00,10242,630692.5853835001,0.2968764853440028,0.0286873221561931,0.0038630232075914,0.375514417886734,-0.1285292059183121,0.3624564707279205,0.4910596013069153,0.2164143025875092,-0.0271920002996921,XArbitraryCorrectedZVertical,-0.0002111871862795,0.0144710432607923,0.1479056375064242,0.9888955988524676,0.96670401096344,-0.251936674118042,0.0448463298380374,40.53778076171875,-28.14146423339844,7.352874755859375,-1,2,8373
2025-11-20T22:22:10.354+01:00,10243,630692.6203005001,0.3011238542388186,0.0200112345936423,0.0213392204031926,0.5299879908561707,-0.4128461480140686,-0.026927463710308,-0.0706092119216918,-0.0351113080978393,0.0849775075912475,XArbitraryCorrectedZVertical,0.0090475067613001,0.01149195907325,0.1500832238578364,0.9885651852410892,0.9658880829811096,-0.2557058930397034,0.0409227311611175,40.85302734375,-27.98275756835938,7.576446533203125,-1,2,8374
2025-11-20T22:22:10.389+01:00,10244,630692.6552165,0.3124781395274348,0.0051208361635311,0.0359841821647121,0.1154711246490479,-0.1611923426389694,0.972597360610962,0.0778301358222961,0.0310068130493164,-0.0247524976730346,XArbitraryCorrectedZVertical,0.0173735733681775,0.0053283028655612,0.1556239971334007,0.9876492476797109,0.9633991122245787,-0.2663125693798065,0.0306576415896415,41.22509765625,-27.86614990234375,7.616119384765625,-1,2,8375
2025-11-20T22:22:10.424+01:00,10245,630692.6901325,0.3348079641899877,0.0016883574994817,0.046028602735763,0.7201281189918518,-0.3994141817092896,0.0930528044700622,0.2475142478942871,-0.511148989200592,-0.2049964666366577,XArbitraryCorrectedZVertical,0.0225499429838735,0.0046665337420014,0.1665981601651451,0.9857559212113512,0.9572890996932985,-0.2874654233455658,0.0310004614293575,41.04388427734375,-28.73928833007812,8.025390625,-1,2,8376
2025-11-20T22:22:10.459+01:00,10246,630692.7250495,0.3379140129043096,-0.0068506986484531,0.0498831749305459,-0.2369584739208221,0.234664723277092,-0.4924296438694,-0.4643783569335938,0.4188280403614044,0.0720124244689941,XArbitraryCorrectedZVertical,0.0251595489652043,0.0008180574165882,0.1680167970852643,0.9854627194627232,0.9566268920898438,-0.290318489074707,0.0240873880684375,41.21142578125,-28.48202514648438,7.837051391601562,-1,2,8377
2025-11-20T22:22:10.494+01:00,10247,630692.7599655001,0.3006683677424691,0.0058791979470022,0.0482767856537354,-0.0936390906572341,-0.1120210364460945,-1.202882409095764,0.9432827830314636,0.0346518158912658,-0.0813233852386474,XArbitraryCorrectedZVertical,0.0234235856474878,0.0065203975466817,0.1497944220410759,0.9884182010506268,0.9664462208747864,-0.2545919418334961,0.0341279543936252,41.9866943359375,-27.25263977050781,7.96148681640625,-1,2,8378
2025-11-20T22:22:10.530+01:00,10248,630692.7948825001,0.2817503756419722,0.0079870359114295,0.0458736019376441,-0.031558696180582,0.2698125243186951,0.2945785224437714,0.8587411642074585,0.4231608510017395,-0.1122645139694214,XArbitraryCorrectedZVertical,0.0221468237947485,0.0071731454568865,0.1404623055879252,0.9898123910174208,0.9710471034049988,-0.2363474816083908,0.0347498133778572,43.72283935546875,-26.07913208007812,8.0673828125,-1,2,8379
2025-11-20T22:22:10.571+01:00,10249,630692.8297985,0.287505681597642,0.0148090564749121,0.0462793220462843,0.0166447404772043,0.1484087258577347,-0.0809145718812942,0.0518094301223754,0.3459358811378479,0.0081585645675659,XArbitraryCorrectedZVertical,0.0218378453081345,0.0106406843565658,0.1433855186088344,0.9893687570463487,0.9694002270698548,-0.2419166713953018,0.0417071655392646,43.85260009765625,-26.44699096679688,8.26678466796875,-1,2,8380
2025-11-20T22:22:10.599+01:00,10250,630692.8647145,0.2812012148051091,0.0192713948232869,0.0503126991823692,0.3004053235054016,0.1221000850200653,-0.1754184365272522,0.1213222146034241,0.1845604479312897,-0.0231848992407321,XArbitraryCorrectedZVertical,0.0235544466056926,0.0130622671188508,0.1403269577135514,0.9897387865052958,0.970703423023224,-0.2356925904750824,0.0467291921377182,44.3375244140625,-25.95857238769531,8.40386962890625,-1,2,8381
2025-11-20T22:22:10.633+01:00,10251,630692.8996315,0.2775682590944012,0.0221423467813444,0.0623812080609787,0.2863971889019012,-0.0380314961075782,-0.0346694588661193,-0.0343645215034484,0.1431141644716263,0.0971354320645332,XArbitraryCorrectedZVertical,0.0293530021882059,0.0152730790770939,0.1386052030643224,0.9897948526110352,0.9713610410690308,-0.2318134903907776,0.0521565079689025,44.77978515625,-25.66348266601562,8.736480712890625,-1,2,8382
2025-11-20T22:22:10.669+01:00,10252,630692.9345475,0.2762262573454082,0.0170511396166535,0.0710225337762575,0.2363418340682983,-0.161604255437851,-0.0136532019823789,-0.2869112491607666,0.1758103668689728,0.0591363832354545,XArbitraryCorrectedZVertical,0.033991443964894,0.0133267492777611,0.1378824672567696,0.989775399266028,0.9718934297561646,-0.2302383929491043,0.0491247177124023,45.52679443359375,-25.44752502441406,8.777374267578125,-1,2,8383
2025-11-20T22:22:10.703+01:00,10253,630692.9694645001,0.2802965877521013,0.0133111506976224,0.0764991884644573,0.0265701860189437,-0.1130023822188377,0.2185325473546982,-0.3501716256141663,0.1186760365962982,0.0535919666290283,XArbitraryCorrectedZVertical,0.0369354634238986,0.0119271126400532,0.1398367000263547,0.9894136090474664,0.9710975289344788,-0.2340019345283508,0.0470396801829338,45.70782470703125,-25.63229370117188,8.605484008789062,-1,2,8384
2025-11-20T22:22:10.738+01:00,10254,630693.0043805001,0.2869598571027757,0.0050864452788381,0.0739214696494242,-0.1123435273766518,-0.2719393074512482,0.1565832197666168,-0.4433693885803223,0.1217813193798065,-0.038719180971384,XArbitraryCorrectedZVertical,0.0362090924163044,0.007799094127577,0.1429830361117956,0.9890318204812734,0.9698585867881776,-0.2405404150485992,0.0389174781739711,46.1009521484375,-25.87429809570312,8.208297729492188,-1,2,8385
2025-11-20T22:22:10.773+01:00,10255,630693.0392965,0.2920284455012432,0.0002103716929835,0.0720921161695504,0.0169713161885738,0.0760322511196136,0.0804438963532447,-0.6112976670265198,0.2368665933609009,-0.1247388124465942,XArbitraryCorrectedZVertical,0.0356394687151233,0.0053474176511788,0.1454051669612631,0.9887156508295994,0.9687958359718324,-0.2455030381679535,0.0341015607118606,46.23687744140625,-26.04667663574219,7.992385864257812,-1,2,8386
2025-11-20T22:22:10.811+01:00,10256,630693.0742135,0.2889414583527331,0.0077194346643699,0.0726901570351736,-0.027159621939063,0.2225045263767242,-0.1766256988048553,-0.3713561296463013,0.1743225455284119,-0.0422109402716159,XArbitraryCorrectedZVertical,0.035402948186845,0.0090483381933773,0.144011331025921,0.9889011648513868,0.969271719455719,-0.2424987703561783,0.0413106195628643,46.60107421875,-25.8531494140625,8.313262939453125,-1,2,8387
2025-11-20T22:22:10.843+01:00,10257,630693.1091295,0.2876465799875628,0.0110534179398543,0.0688381395250142,-0.1690259426832199,-0.0318974107503891,0.1747914552688599,-0.0471532344818115,0.1832539439201355,-0.0140295103192329,XArbitraryCorrectedZVertical,0.0332647982855124,0.0103985464783866,0.1434291181569072,0.9890466799606116,0.9694553017616272,-0.2413745820522308,0.043524645268917,46.80426025390625,-25.61842346191406,8.43316650390625,-1,2,8388
2025-11-20T22:22:10.878+01:00,10258,630693.1440455001,0.2962073188914706,0.0117177209959773,0.0597010020167158,-0.413379043340683,0.2652948200702667,0.1169352307915688,-0.0381006002426147,0.1462904214859009,0.0176111459732055,XArbitraryCorrectedZVertical,0.0286546660547859,0.010196200475904,0.1476674900821234,0.9885693499538936,0.967330276966095,-0.249943345785141,0.0424321927130222,46.7193603515625,-25.90180969238281,8.476150512695312,-1,2,8389
2025-11-20T22:22:10.913+01:00,10259,630693.1789625001,0.2846766787756478,0.0152102621675689,0.0483643622469065,-0.1681731194257736,-0.3575351536273956,-0.2903775274753571,0.960129976272583,-0.3317748308181763,0.0369286499917507,XArbitraryCorrectedZVertical,0.0228560768343669,0.0109559535141721,0.1419946431747098,0.989542877817614,0.9700610041618348,-0.2391174882650375,0.0424780435860157,46.89886474609375,-25.50234985351562,7.972259521484375,-1,2,8390
2025-11-20T22:22:10.948+01:00,10260,630693.2138785,0.2897608458048671,0.0103938310311901,0.0371270024365013,-0.2795908153057098,0.1149077489972115,0.0549606531858444,0.2229239344596863,0.2462646067142487,0.0669925212860107,XArbitraryCorrectedZVertical,0.0176175428450281,0.0078214567545975,0.1444427252442513,0.9893254943202768,0.9690470099449158,-0.2443419992923737,0.0352871306240558,47.4014892578125,-25.5213623046875,7.316421508789062,-1,2,8391
2025-11-20T22:22:10.983+01:00,10261,630693.2487955,0.2745902128630251,0.0168221532551116,0.0271169649546291,-0.3499661087989807,0.1513608396053314,-0.7894914746284485,0.3217352628707886,0.081553965806961,0.1697506904602051,XArbitraryCorrectedZVertical,0.0122789519721682,0.0101866102192169,0.1369597145378242,0.9904481814815292,0.9724541902542114,-0.229854092001915,0.0387301184237003,47.68914794921875,-25.22097778320312,7.48431396484375,-1,2,8392
2025-11-20T22:22:11.018+01:00,10262,630693.2837115,0.2532993064053601,0.0217306991669461,0.0164088204822717,-0.2256407290697098,0.1298459023237228,-0.2716849744319916,0.6761410236358643,0.2357302010059357,0.1124571561813354,XArbitraryCorrectedZVertical,0.0067657826264346,0.0118139870559329,0.1263880601155207,0.9918874930400438,0.9769961833953856,-0.2093171924352646,0.0408021174371242,48.7486572265625,-23.66618347167969,7.628768920898438,-1,2,8393
2025-11-20T22:22:11.052+01:00,10263,630693.3186275001,0.2512677948966016,0.0260520941000111,0.0086074436257684,-0.2142246663570404,0.0645215064287185,0.0932525396347045,0.1969932317733765,0.4028810262680054,0.1671102046966553,XArbitraryCorrectedZVertical,0.0026372763001087,0.0134621198217977,0.1253474760426405,0.9920181395892416,0.9772774577140808,-0.2074769735336304,0.0433847457170486,49.1905517578125,-23.40777587890625,7.403701782226562,-1,2,8394
2025-11-20T22:22:11.091+01:00,10264,630693.3535445001,0.258366368068098,0.0266896989478591,0.0041954319828156,-0.0248993635177612,-0.0008518961258232,0.3037498891353607,-0.0687165260314941,0.3132007122039795,0.0942169427871704,XArbitraryCorrectedZVertical,0.0003609655054553,0.0135034431481081,0.128840180695917,0.9915733689442284,0.975775182247162,-0.2144915908575058,0.0430815704166889,49.36419677734375,-23.71505737304688,7.3902587890625,-1,2,8395
2025-11-20T22:22:11.122+01:00,10265,630693.3884605,0.2708843323196026,0.0248739667927575,0.0042681546444897,-0.016741270199418,-0.1289369165897369,0.3416301012039185,-0.2013296484947205,0.2248363047838211,0.1329312324523926,XArbitraryCorrectedZVertical,0.0004350685095398,0.0126108742588017,0.1350439812667824,0.9907593084079142,0.9730887413024902,-0.2266978621482849,0.041308831423521,49.31585693359375,-24.40068054199219,7.351669311523438,-1,2,8396
2025-11-20T22:22:11.157+01:00,10266,630693.4233765,0.2808541468707366,0.0184181338292605,0.0044561462105401,0.0229605659842491,-0.1777212470769882,0.2627190351486206,-0.3034679889678955,0.1746396273374557,0.0816301107406616,XArbitraryCorrectedZVertical,0.0009171104317976,0.0094301053612666,0.1399800329289972,0.9901089780505784,0.9710246324539183,-0.2363918721675873,0.0350690595805645,49.36309814453125,-24.76936340332031,7.005767822265625,-1,2,8397
2025-11-20T22:22:11.192+01:00,10267,630693.4582935,0.2922139460497666,0.0136934614522002,0.0056836661947193,0.0192136075347662,-0.1215527877211571,0.3859796524047852,-0.2136502265930176,0.1658480912446976,0.0775868892669677,XArbitraryCorrectedZVertical,0.0018146967586841,0.0071874257648793,0.1456029314128149,0.9893154476945474,0.9684263467788696,-0.2473910450935364,0.0307962968945503,49.2816162109375,-25.15708923339844,6.615982055664062,-1,2,8398
2025-11-20T22:22:11.227+01:00,10268,630693.4932095,0.3048823554853027,0.0095421125604941,0.0058093649799922,-0.0137087265029549,-0.0947864055633544,0.3265883028507233,-0.1140746474266052,0.0690283477306366,0.0605246983468532,XArbitraryCorrectedZVertical,0.0021464751228467,0.0051567648414887,0.151862782361707,0.9883857830024628,0.9653318524360656,-0.2596410512924194,0.0268471166491508,48.71343994140625,-25.42172241210938,6.6046142578125,-1,2,8399
2025-11-20T22:22:11.262+01:00,10269,630693.5281265001,0.3155690280792031,0.0077179976141222,0.0063394059605328,0.0332568436861038,-0.0065803593024611,0.2702875137329102,-0.0065228343009948,0.0835487842559814,0.0500804223120212,XArbitraryCorrectedZVertical,0.0025239373682265,0.0043090854837524,0.1571407365230129,0.98756368296754,0.9625471234321594,-0.2699348926544189,0.0252674967050552,48.59393310546875,-25.86129760742188,6.490158081054688,-1,2,8400
