loggingTime(txt),loggingSample(N),motionTimestamp_sinceReboot(s),motionYaw(rad),motionRoll(rad),motionPitch(rad),motionRotationRateX(rad/s),motionRotationRateY(rad/s),motionRotationRateZ(rad/s),motionUserAccelerationX(G),motionUserAccelerationY(G),motionUserAccelerationZ(G),motionAttitudeReferenceFrame(txt),motionQuaternionX(R),motionQuaternionY(R),motionQuaternionZ(R),motionQuaternionW(R),motionGravityX(G),motionGravityY(G),motionGravityZ(G),motionMagneticFieldX(µT),motionMagneticFieldY(µT),motionMagneticFieldZ(µT),motionHeading(°),motionMagneticFieldCalibrationAccuracy(Z),SampleIndex
2025-11-20T22:24:41.961+01:00,14585,630844.2274785,2.593582950068823,-2.501032427980324,1.346809322419054,0.1226766929030418,0.0660031586885452,-0.624531090259552,-0.0846255421638488,-0.0770016461610794,0.0441911220550537,XArbitraryCorrectedZVertical,-0.7674017811056556,0.0117430886906719,-0.0767530359689033,-0.6364477331948634,0.992431938648224,-0.1078585907816887,0.0586988441646099,52.61962890625,5.473388671875,15.61921691894531,-1,2,12716
2025-11-20T22:24:41.996+01:00,14586,630844.2623955001,2.697113441641246,-2.599780929430068,1.357329296721965,0.0936474576592445,0.0562460906803607,-0.7394794225692749,-0.0519003868103027,-0.0057161599397659,0.05488932877779,XArbitraryCorrectedZVertical,-0.7686039623203137,0.0014577876709812,-0.0698636558211826,-0.6358970562200491,0.9946342706680298,-0.0832883715629577,0.0613673292100429,52.592529296875,6.47119140625,15.68214416503906,-1,2,12717
2025-11-20T22:24:42.031+01:00,14587,630844.2973115001,2.79606516873459,-2.695197911902795,1.365022980781553,0.0687611550092697,0.0254519283771514,-0.4477078318595886,0.0510867238044738,0.0675704330205917,0.0422435998916626,XArbitraryCorrectedZVertical,-0.7694777187715522,-0.0074477244971012,-0.0634689813898162,-0.635468604925516,0.9961239099502563,-0.0614364072680473,0.0629504546523094,52.50152587890625,7.939804077148438,15.69424438476562,-1,2,12718
2025-11-20T22:24:42.066+01:00,14588,630844.3322285,2.845506296642837,-2.742565401541164,1.366839638836581,0.10218795388937,0.0178095065057277,-0.1631102710962296,0.1095075607299805,0.0294867046177387,0.0002964735031127,XArbitraryCorrectedZVertical,-0.7701821308042017,-0.0116719348825772,-0.0607081375240443,-0.6348210596753263,0.9966172575950624,-0.0513983368873596,0.0641260296106338,52.3175048828125,8.50115966796875,15.70954895019531,-1,2,12719
2025-11-20T22:24:42.100+01:00,14589,630844.3671445,2.865056890040841,-2.762578985703635,1.363653859430527,0.1232246160507202,-0.0359711609780788,-0.034583956003189,-0.0114153027534484,0.0516898445785045,-0.013413667678833,XArbitraryCorrectedZVertical,-0.7716076900658446,-0.0124862338219534,-0.0595567697940327,-0.6331814307352264,0.9967973232269288,-0.0486380830407142,0.0634776502847671,52.44024658203125,8.821685791015625,15.27987670898438,-1,2,12720
2025-11-20T22:24:42.135+01:00,14590,630844.4020615,2.885647974286451,-2.784343509640913,1.359042664491327,0.1700336039066315,-0.0544801130890846,-0.0979964286088943,-0.0324253439903259,0.0189200341701507,-0.0424672290682792,XArbitraryCorrectedZVertical,-0.773487187127022,-0.0130470707061784,-0.058154456932982,-0.6310035695367266,0.9970097541809082,-0.0459433495998382,0.0621356852352619,52.5299072265625,9.076080322265623,15.29464721679688,-1,2,12721
2025-11-20T22:24:42.170+01:00,14591,630844.4369775001,2.916077945463269,-2.81604927095278,1.353631385900312,0.2060813307762146,-0.0810776576399803,-0.142713651061058,0.0987821817398071,-0.0629830285906791,-0.0559076070785522,XArbitraryCorrectedZVertical,-0.7758017885925362,-0.0142952494956594,-0.0559898520612525,-0.6283250805769693,0.9973176121711732,-0.0412192605435848,0.0604851804673671,52.85260009765625,9.414306640625,15.06637573242188,-1,2,12722
2025-11-20T22:24:42.211+01:00,14592,630844.4718945001,2.937302198154265,-2.839200534496076,1.348842771230944,0.1398914158344269,-0.0447590835392475,-0.0191731322556734,0.1000325679779053,-0.0340068042278289,-0.0561860837042331,XArbitraryCorrectedZVertical,-0.7777235463006357,-0.0148289965455818,-0.0540849987080531,-0.6260998627499894,0.9975778460502625,-0.0379536561667919,0.0582917630672454,52.93756103515625,9.472198486328123,14.86517333984375,-1,2,12723
2025-11-20T22:24:42.240+01:00,14593,630844.5068105,2.940552854296866,-2.843122633251955,1.344787847435126,0.0891012772917747,0.0049539254978299,0.03190353885293,0.0730308294296264,-0.0334907360374927,-0.0572234503924846,XArbitraryCorrectedZVertical,-0.7790252183464798,-0.0145054701353118,-0.0539215895715332,-0.6245011549812515,0.9976019263267516,-0.0382255762815475,0.0576964318752288,53.07232666015625,9.530410766601562,15.09977722167969,-1,2,12724
2025-11-20T22:24:42.275+01:00,14594,630844.5417275,2.942520332940348,-2.844061681081419,1.342174841098153,0.0578740052878856,0.0432201027870178,-0.0074030747637152,0.0018576979637146,-0.028006263077259,-0.0508688613772392,XArbitraryCorrectedZVertical,-0.779821433212922,-0.0147478450376595,-0.054390658273263,-0.6234603260693773,0.9975320100784302,-0.0384152457118034,0.0587728433310985,53.06182861328125,9.692214965820312,15.00895690917969,-1,2,12725
2025-11-20T22:24:42.310+01:00,14595,630844.5766435,2.941402437581417,-2.841591469063591,1.339855923906208,0.0536932162940502,0.0302089489996433,0.073414497077465,0.0141980648040771,-0.0183144696056842,-0.0523451678454875,XArbitraryCorrectedZVertical,-0.7804571597145261,-0.0148758220887515,-0.0552020717804316,-0.6225897278837681,0.997413694858551,-0.0392111577093601,0.0602338537573814,53.07318115234375,9.584976196289062,14.98951721191406,-1,2,12726
2025-11-20T22:24:42.345+01:00,14596,630844.6115605,2.926521317336392,-2.826624778311484,1.336803166249981,0.0612665563821792,-3.259023651480675e-05,0.1500564962625504,-0.0424538850784301,-0.0011859498918056,-0.0567674674093723,XArbitraryCorrectedZVertical,-0.7810557352993774,-0.013443046233074,-0.0566824127530409,-0.6217381624523843,0.9972115159034728,-0.0432781614363193,0.0607957616448402,53.1771240234375,9.373733520507812,15.00593566894531,-1,2,12727
2025-11-20T22:24:42.380+01:00,14597,630844.6464765001,2.905565281593407,-2.806531789483625,1.332671029044745,0.072248563170433,-0.0098573276773095,0.1901605278253555,-0.0819905400276184,0.0099890790879726,-0.0598910972476005,XArbitraryCorrectedZVertical,-0.7818307965181963,-0.0110928537474326,-0.0584102827411493,-0.6206496471018026,0.9969533681869508,-0.0490821190178394,0.0606234706938266,53.49658203125,9.17022705078125,15.04063415527344,-1,2,12728
2025-11-20T22:24:42.415+01:00,14598,630844.6813925001,2.87923609735435,-2.781540543543763,1.327796641550526,0.0534610375761985,-0.0221563167870044,0.2281474024057388,-0.0830762386322021,0.0170540958642959,-0.0555355586111545,XArbitraryCorrectedZVertical,-0.7826422482688449,-0.0080298655302246,-0.0605147934194334,-0.6194712358022862,0.9965893626213074,-0.0564675405621528,0.0601742193102836,53.6805419921875,8.93316650390625,15.08975219726562,-1,2,12729
2025-11-20T22:24:42.450+01:00,14599,630844.7163085417,2.85559975155654,-2.759154466528903,1.32421799696493,0.0031377996783703,-0.015699740499258,0.1297103464603424,-0.0406898260116577,-0.0101461857557296,-0.0608346499502658,XArbitraryCorrectedZVertical,-0.7830700374547647,-0.0053019835091734,-0.0623512451899172,-0.618777418354939,0.996225655078888,-0.0630044415593147,0.0597054176032543,53.82208251953125,8.628265380859375,14.80517578125,-1,2,12730
2025-11-20T22:24:42.486+01:00,14600,630844.7512245417,2.83851792742596,-2.743544129622794,1.323058821672133,-0.0482856296002864,-0.0285939574241638,0.1360992789268494,0.02757328748703,-0.0096258968114852,-0.0599437989294529,XArbitraryCorrectedZVertical,-0.7829490730796038,-0.0033052885823816,-0.0633117346786707,-0.6188468686927135,0.9960014820098876,-0.0673241913318634,0.058723010122776,53.7567138671875,8.523483276367188,15.22158813476562,-1,2,12731
2025-11-20T22:24:42.519+01:00,14601,630844.7861415417,2.814619346428226,-2.720833979454655,1.322117990656499,-0.0705035999417305,0.0037778704427182,0.1848773658275604,0.0353516936302185,-0.0236704498529434,-0.058379054069519,XArbitraryCorrectedZVertical,-0.7825135383116961,-0.0008624640389446,-0.0649177320961382,-0.6192394983439882,0.9956235885620116,-0.0731465816497802,0.0581653714179992,53.75006103515625,8.1441650390625,14.80471801757812,-1,2,12732
2025-11-20T22:24:42.554+01:00,14602,630844.8210575418,2.784139496628006,-2.690743146573823,1.321836215160736,-0.140364408493042,0.0364609844982624,0.1948365271091461,0.0162765383720397,-0.0623098239302635,-0.0512714423239231,XArbitraryCorrectedZVertical,-0.781591136722611,0.0017706261580583,-0.0672770010305584,-0.6201499540978218,0.9950606822967528,-0.0802072659134864,0.0584888719022274,53.83477783203125,7.806106567382812,14.90682983398438,-1,2,12733
2025-11-20T22:24:42.589+01:00,14603,630844.8559745417,2.755770845642806,-2.661690624880107,1.324010229967383,-0.1820772737264633,0.0564192421734333,0.1039068847894669,0.1081575751304626,-0.1381080001592636,-0.061793215572834,XArbitraryCorrectedZVertical,-0.7799579995005995,0.0035095121506773,-0.0695041067617828,-0.6219504129189958,0.9945339560508728,-0.0857231691479682,0.0596111826598644,54.11773681640625,7.277603149414062,15.0352783203125,-1,2,12734
2025-11-20T22:24:42.624+01:00,14604,630844.8908905417,2.736350797332876,-2.641405796025577,1.326795215440938,-0.1206157356500626,0.0306345205754041,0.0503089092671871,0.1409794092178345,-0.1833461225032806,-0.0597410276532173,XArbitraryCorrectedZVertical,-0.7784449475014372,0.0043343665711213,-0.0709465587015334,-0.6236755390355313,0.9941980242729188,-0.0888401493430137,0.0606412440538406,54.20867919921875,7.050704956054688,15.18875122070312,-1,2,12735
2025-11-20T22:24:42.659+01:00,14605,630844.9258075417,2.725948304727208,-2.631231071807666,1.329378624486171,-0.1175734326243401,-0.0303444415330886,0.0093083791434764,0.0067752599716186,-0.081374280154705,0.0041675455868244,XArbitraryCorrectedZVertical,-0.7773566309736393,0.0047982024674104,-0.0712611847279982,-0.6249923263883712,0.994109570980072,-0.0899819135665893,0.0604075901210308,54.3067626953125,6.916915893554688,15.41157531738281,-1,2,12736
2025-11-20T22:24:42.694+01:00,14606,630844.9607235417,2.712754296397009,-2.620383917625491,1.333279909629052,-0.1783578395843506,-0.0587278641760349,0.0366380400955677,-0.156171977519989,0.0269962474703788,0.048305869102478,XArbitraryCorrectedZVertical,-0.7758794219593534,0.0059001261503927,-0.0707327494215354,-0.6268757550924128,0.9941540956497192,-0.0910679101943969,0.0580020062625408,54.296875,6.863296508789062,15.37202453613281,-1,2,12737
2025-11-20T22:24:42.729+01:00,14607,630844.9956405417,2.692328054152279,-2.601204384171043,1.338090159211646,-0.2005840688943863,0.0187831670045852,0.0477585904300212,-0.1503050327301025,0.0271086767315864,0.0419609546661377,XArbitraryCorrectedZVertical,-0.7738391635445191,0.0069940073678162,-0.0709703927504454,-0.6293546940479535,0.99403977394104,-0.0931029394268989,0.0567175336182117,54.6153564453125,6.658340454101562,15.15713500976562,-1,2,12738
2025-11-20T22:24:42.769+01:00,14608,630845.0305565418,2.672673857523632,-2.580799419376084,1.343883031569793,-0.2250917553901672,0.0395097136497497,-0.0177292097359895,-0.0076879262924194,-0.0199446380138397,0.0496993064880371,XArbitraryCorrectedZVertical,-0.771495616711745,0.007157077932676,-0.0716817621847252,-0.6321432666414628,0.9938939809799194,-0.0942979156970977,0.0572952255606651,54.458251953125,6.59173583984375,15.25592041015625,-1,2,12739
2025-11-20T22:24:42.799+01:00,14609,630845.0654735417,2.671047271450799,-2.576091604617617,1.353357855550849,-0.2138125747442245,0.1415764838457108,-0.2640570104122162,-0.0301300287246704,0.0025260001420974,0.0445303842425346,XArbitraryCorrectedZVertical,-0.7687981540817889,0.0046300952919257,-0.0713523693749336,-0.6354814848904097,0.9941496253013612,-0.0900503993034362,0.0596413239836692,54.48150634765625,6.67974853515625,15.43878173828125,-1,2,12740
2025-11-20T22:24:42.834+01:00,14610,630845.1003895417,2.70090044762819,-2.599549725100779,1.364890817440706,-0.1470291316509247,0.1757195144891739,-0.3403345942497253,0.0430995225906372,0.0568571388721466,0.0498965978622436,XArbitraryCorrectedZVertical,-0.7665321260355972,-0.0013398306000937,-0.0699159824583374,-0.6383873987801753,0.9947574734687804,-0.0791197046637535,0.0647884234786033,54.44403076171875,7.319442749023438,15.97476196289062,-1,2,12741
2025-11-20T22:24:42.868+01:00,14611,630845.1353065417,2.73275364680197,-2.624752604947039,1.373139330936919,-0.0773519948124885,0.1518343687057495,-0.1988572180271149,0.0299985408782959,0.0847562402486801,0.0643542930483818,XArbitraryCorrectedZVertical,-0.7650586783355718,-0.0068283878853638,-0.0691302750847682,-0.6402027069522317,0.995071530342102,-0.0697568655014038,0.0704722553491592,54.431396484375,7.83685302734375,16.25312805175781,-1,2,12742
2025-11-20T22:24:42.904+01:00,14612,630845.1702225417,2.747015952730413,-2.634862063079959,1.376220453512554,0.0013127061538398,0.0755779966711998,-0.0485030002892017,-0.0175491571426391,0.0627974420785903,0.0709594562649726,XArbitraryCorrectedZVertical,-0.7644842496985059,-0.0095282991257842,-0.0693601549359207,-0.640829418430518,0.9950577616691588,-0.0659407526254653,0.0742430984973907,54.40228271484375,7.948638916015625,16.37286376953125,-1,2,12743
2025-11-20T22:24:42.938+01:00,14613,630845.2051395416,2.751529159795165,-2.637659761949279,1.375613934370409,0.0500981174409389,0.0179343875497579,0.014312645420432,-0.0826127529144287,0.0446937978267669,0.071335069835186,XArbitraryCorrectedZVertical,-0.7647304582162465,-0.010263869536106,-0.0698275355372641,-0.64047331953977,0.9949661493301392,-0.0653999745845794,0.0759273841977119,54.2119140625,8.140625,16.42451477050781,-1,2,12744
2025-11-20T22:24:42.974+01:00,14614,630845.2400555417,2.756464837092303,-2.642907966396382,1.373437227134452,0.0734259486198425,-0.0438298545777797,-0.0151928551495075,-0.118549644947052,0.0046305507421493,0.06538987159729,XArbitraryCorrectedZVertical,-0.765504848722299,-0.0101388875918652,-0.069724437957968,-0.6395609189329131,0.994983971118927,-0.0654215663671493,0.075677566230297,54.417236328125,8.097854614257812,16.53544616699219,-1,2,12745
2025-11-20T22:24:43.011+01:00,14615,630845.2749725417,2.772628182824691,-2.661320717201632,1.372125394464877,0.0852118879556655,-0.0878983214497566,-0.1248226836323738,-0.1412812471389771,0.0174819305539131,0.0603567287325859,XArbitraryCorrectedZVertical,-0.7664294408681895,-0.0102491994699634,-0.0680286346804001,-0.6386336607458952,0.9953155517578124,-0.0630446597933769,0.0732948705554008,54.34130859375,8.469711303710938,16.39154052734375,-1,2,12746
2025-11-20T22:24:43.049+01:00,14616,630845.3098885417,2.820238948877246,-2.709450766441565,1.372976617233569,0.1147769391536713,0.0018627401441335,-0.391370952129364,-0.1686654090881348,0.0677032247185707,0.047688603401184,XArbitraryCorrectedZVertical,-0.7675003139529923,-0.0132692846948,-0.0646470828531411,-0.6376425820279272,0.99593585729599,-0.0540466085076332,0.0720471069216728,54.4871826171875,8.768936157226562,16.15731811523438,-1,2,12747
2025-11-20T22:24:43.078+01:00,14617,630845.3448045417,2.890763967891872,-2.778422107060629,1.374457197179572,0.1014845818281174,-0.0023570167832076,-0.2633138298988342,-0.015166699886322,0.1119022518396378,0.0613342598080635,XArbitraryCorrectedZVertical,-0.7686570549095966,-0.018562851120173,-0.0604508328201834,-0.6365277112929779,0.9965510368347168,-0.0405063889920711,0.0724242255091667,54.19439697265625,9.838104248046877,15.83842468261719,-1,2,12748
2025-11-20T22:24:43.113+01:00,14618,630845.3797215417,2.903009082303054,-2.791373215384166,1.372161660109346,0.076703280210495,-0.0522837899625301,0.1771558374166489,0.0687988996505737,0.0880707949399948,0.0450363084673881,XArbitraryCorrectedZVertical,-0.7696223063311756,-0.0189100110104846,-0.0595986573082654,-0.6354304465624934,0.9966764450073242,-0.0388459600508213,0.0716018006205558,54.30609130859375,9.892074584960938,15.92672729492188,-1,2,12749
2025-11-20T22:24:43.148+01:00,14619,630845.4146375417,2.853934012281217,-2.74481394484214,1.365082926295904,0.1093316674232483,-0.0237017143517732,0.4375755786895752,-0.063978374004364,0.0739997327327728,0.0049102306365966,XArbitraryCorrectedZVertical,-0.7707155943438246,-0.0139930068152522,-0.0627206889884566,-0.6339304768132992,0.9962598085403442,-0.0503486208617687,0.0702239498496055,54.46905517578125,9.611923217773438,15.96505737304688,-1,2,12750
2025-11-20T22:24:43.183+01:00,14620,630845.4495545417,2.790513896337911,-2.682300353566323,1.354958689067792,0.0953849777579307,0.0521858185529708,0.4752445220947266,-0.2350984215736389,0.03751090914011,-0.0114084556698799,XArbitraryCorrectedZVertical,-0.7719595842080771,-0.0079958392996731,-0.0680404326186862,-0.6319691359893042,0.9952759742736816,-0.0662889927625656,0.0709328576922416,54.55279541015625,8.83831787109375,15.98080444335938,-1,2,12751
2025-11-20T22:24:43.218+01:00,14621,630845.4844705417,2.728433503276951,-2.619556382172721,1.344629400441904,0.0521246567368507,0.0567361675202846,0.4904857575893402,-0.2390702366828918,-0.0069588497281074,0.005487322807312,XArbitraryCorrectedZVertical,-0.7727760288558845,-0.0022635091650966,-0.0741947413761961,-0.6303231320631256,0.993861436843872,-0.08286964148283,0.0732937902212142,54.61016845703125,8.066635131835938,15.99566650390625,-1,2,12752
2025-11-20T22:24:43.253+01:00,14622,630845.5193875417,2.664094984717985,-2.556386188929178,1.334840163786741,-0.0134851299226284,-0.0292094461619854,0.518252968788147,-0.2044824957847595,-0.0274729952216148,0.0310670211911201,XArbitraryCorrectedZVertical,-0.7729278518833979,0.0043747522140266,-0.0799704402665672,-0.6294190074196313,0.9922022819519044,-0.1003804057836533,0.0738828256726265,54.6441650390625,6.810546875,15.73004150390625,-1,2,12753
2025-11-20T22:24:43.290+01:00,14623,630845.5543035417,2.601266052168525,-2.497353797575738,1.32514417345752,-0.0198869854211807,-0.0641441643238067,0.4966950118541718,-0.1951416730880737,-0.038555659353733,0.0092955827713012,XArbitraryCorrectedZVertical,-0.7727094001693459,0.0119180934584547,-0.0848088162999266,-0.6289560171974204,0.990399181842804,-0.1181063428521156,0.0718353614211082,54.69036865234375,6.245697021484375,15.87734985351562,-1,2,12754
2025-11-20T22:24:43.330+01:00,14624,630845.5892205418,2.55224284319831,-2.451876699728542,1.315259663084713,0.0366601608693599,-0.046742845326662,0.4037230908870697,-0.1121822595596313,-0.0894039720296859,-0.0170298889279365,XArbitraryCorrectedZVertical,-0.7727541554914048,0.0185928956994874,-0.0889544370029182,-0.6281659047901745,0.988570749759674,-0.133587971329689,0.0698710903525352,54.82550048828125,5.384048461914062,15.57847595214844,-1,2,12755
2025-11-20T22:24:43.357+01:00,14625,630845.6241365417,2.523122565098363,-2.424425375618518,1.305550805231527,0.1058242097496986,0.0075483676046133,0.2749257385730743,-0.0857620239257812,-0.095813363790512,-0.0194839313626289,XArbitraryCorrectedZVertical,-0.7734608413615867,0.0233302912375069,-0.0924788164740467,-0.6266272518448195,0.9869460463523864,-0.1452602297067642,0.0695479214191436,54.6856689453125,4.805648803710938,15.41322326660156,-1,2,12756
2025-11-20T22:24:43.392+01:00,14626,630845.6590535417,2.514554268709273,-2.415059550383914,1.296505648644126,0.1128619685769081,0.0833469331264495,0.1679580807685852,0.0253394842147827,-0.0767285227775573,0.007827877998352,XArbitraryCorrectedZVertical,-0.7749657561495061,0.0257131795975219,-0.095377237119967,-0.6242356297998679,0.985723078250885,-0.1524737477302551,0.0714261978864669,54.66094970703125,4.287109375,15.30416870117188,-1,2,12757
2025-11-20T22:24:43.427+01:00,14627,630845.6939695417,2.518314746281474,-2.416588843086088,1.287999266551197,0.126144602894783,0.0570752136409282,0.1253795325756073,0.1638489365577698,-0.1061334311962128,0.0167976692318916,XArbitraryCorrectedZVertical,-0.7769963489412389,0.0266137139105856,-0.0977962503300691,-0.6212925843627967,0.9848175048828124,-0.1567602604627609,0.0745719298720359,54.51690673828125,4.124984741210938,15.39785766601562,-1,2,12758
2025-11-20T22:24:43.462+01:00,14628,630845.728887,2.525119165230579,-2.421723445477166,1.280989795519991,0.0845569819211959,0.0068835979327559,0.0278031434863805,0.188385009765625,-0.1006008833646774,0.0117241144180297,XArbitraryCorrectedZVertical,-0.7789085171833839,0.0271019993869233,-0.0994153858679964,-0.6186142984606616,0.9842070937156676,-0.1594088822603226,0.0769751518964767,54.5230712890625,4.044158935546875,15.50941467285156,-1,2,12759
2025-11-20T22:24:43.497+01:00,14629,630845.7638030001,2.523038498207991,-2.421617525679191,1.277380631581389,-0.061155792325735,-0.0131212957203388,0.0985714942216873,0.0649623870849609,0.0098098963499069,0.0070894956588745,XArbitraryCorrectedZVertical,-0.7796796536578907,0.0286721982199607,-0.0995868765962003,-0.6175435684910007,0.983896255493164,-0.1620163172483444,0.0754910483956337,54.55340576171875,3.911529541015625,15.19985961914062,-1,2,12760
2025-11-20T22:24:43.532+01:00,14630,630845.7987190001,2.525962318333919,-2.423542646770899,1.277132720543817,-0.0329485759139061,0.0452608838677406,-0.1446347087621689,0.4972336888313293,-0.2293139100074768,-0.0595337152481079,XArbitraryCorrectedZVertical,-0.7798724564355094,0.0281809193060428,-0.099791984198758,-0.6172895852951614,0.9839064478874208,-0.1614941954612732,0.0764709636569023,54.579345703125,4.01910400390625,15.40328979492188,-1,2,12761
2025-11-20T22:24:43.569+01:00,14631,630845.833636,2.533487573937758,-2.432754974660622,1.278966221053102,-0.1192509531974792,-0.0874633863568306,0.0001585572026669,0.3429864048957825,-0.1669128239154816,-0.0281600952148437,XArbitraryCorrectedZVertical,-0.7800222302696134,0.0276904720937536,-0.098132471521204,-0.6173885690890653,0.9845129251480104,-0.1586944758892059,0.074500985443592,54.6041259765625,4.014739990234375,15.20919799804688,-1,2,12762
2025-11-20T22:24:43.602+01:00,14632,630845.868552,2.536870238548652,-2.437107238677509,1.282550138299053,-0.1077215448021889,0.071728691458702,-0.228144571185112,-0.0173795223236084,0.0254310220479965,-0.0578333288431167,XArbitraryCorrectedZVertical,-0.7794699970527127,0.0269416021893534,-0.0967243518006356,-0.618340493867517,0.9850764274597168,-0.1558325886726379,0.0730768218636512,54.493896484375,3.995681762695312,15.36654663085938,-1,2,12763
2025-11-20T22:24:43.637+01:00,14633,630845.903469,2.571258343239131,-2.464888987113158,1.289750516545412,0.0121917184442281,0.1910516023635864,-0.402595579624176,0.0097925662994384,0.0547714382410049,-0.0480426549911499,XArbitraryCorrectedZVertical,-0.7795486998288863,0.0206088714420442,-0.0950468675330381,-0.61874486789027,0.9864842295646667,-0.1439285427331924,0.0783160030841827,54.37811279296875,4.504135131835938,15.45745849609375,-1,2,12764
2025-11-20T22:24:43.672+01:00,14634,630845.938385,2.599931942571797,-2.488369209221305,1.29350872449596,-0.0306751430034637,0.0654672756791114,-0.0227260999381542,0.0045804977416992,0.107075423002243,0.0151794031262397,XArbitraryCorrectedZVertical,-0.7800270403812778,0.015927109458412,-0.0940164374056306,-0.6184377327713237,0.9873477220535278,-0.1353499889373779,0.0826141685247421,54.10162353515625,5.147628784179688,15.81651306152344,-1,2,12765
2025-11-20T22:24:43.706+01:00,14635,630845.9733020001,2.590284877074938,-2.477823183569845,1.28970997862874,0.0085756974294781,0.0340540334582328,0.1742980182170868,-0.1687466502189636,0.1077136546373367,-0.0083605051040649,XArbitraryCorrectedZVertical,-0.7803556062054379,0.0171954117392564,-0.0958922854652772,-0.6177007378547176,0.986633002758026,-0.1396045237779617,0.0840593203902244,54.02349853515625,5.125961303710938,16.04043579101562,-1,2,12766
2025-11-20T22:24:43.742+01:00,14636,630846.0082180001,2.583703346487014,-2.47033448481063,1.285322900685154,0.0014926962321624,0.0528042390942573,0.0456117689609527,-0.3308545351028442,0.1343112885951996,0.0051131248474121,XArbitraryCorrectedZVertical,-0.7809738300540358,0.0183468957532138,-0.0976530859218341,-0.6166094578012575,0.9859448671340942,-0.1435123533010483,0.0855392664670944,54.0430908203125,4.62628173828125,15.98153686523438,-1,2,12767
2025-11-20T22:24:43.776+01:00,14637,630846.043135,2.580613616507664,-2.466920662946976,1.282911074706375,-0.0295097827911377,-0.0476935505867004,0.1351493000984192,-0.1996099948883057,0.0735003799200058,0.0035449191927909,XArbitraryCorrectedZVertical,-0.7813446076584827,0.0189963272050727,-0.0985151272027171,-0.6159825581255901,0.985590159893036,-0.1455523669719696,0.0861767753958702,53.9224853515625,4.565505981445312,15.93846130371094,-1,2,12768
2025-11-20T22:24:43.812+01:00,14638,630846.078051,2.5557275190831,-2.447188351736048,1.278231341803207,-0.1229012608528137,-0.149539515376091,0.2862159907817841,-0.1734941601753235,0.002944990992546,-0.0264515802264213,XArbitraryCorrectedZVertical,-0.7811877675654586,0.0236175913052306,-0.0995094509095888,-0.6158619271668021,0.9846667051315308,-0.1539765000343323,0.0819935649633407,53.95465087890625,4.085617065429688,15.87232971191406,-1,2,12769
2025-11-20T22:24:43.850+01:00,14639,630846.112968,2.525413062173986,-2.423109698849749,1.276401083383692,-0.166496679186821,-0.1109513938426971,0.1050572991371155,-0.204900860786438,-0.0086791813373565,-0.0613150671124458,XArbitraryCorrectedZVertical,-0.7800061252183506,0.0284216563336847,-0.0999475685024128,-0.6170843496912641,0.983816146850586,-0.1620513945817947,0.0764516666531562,53.9925537109375,3.610000610351562,15.82066345214844,-1,2,12770
2025-11-20T22:24:43.881+01:00,14640,630846.1478840001,2.514093271852387,-2.41499828886871,1.279951992425206,-0.2082870006561279,-0.038122970610857,-0.0688672810792923,-0.165537416934967,0.0247245877981185,-0.0578643158078193,XArbitraryCorrectedZVertical,-0.7786499380177114,0.0295435411667444,-0.0988462996482668,-0.6189190977031392,0.9840035438537598,-0.1625114530324936,0.0729857087135314,54.16015625,3.334945678710938,15.38674926757812,-1,2,12771
2025-11-20T22:24:43.916+01:00,14641,630846.1828010001,2.498680515778173,-2.402672492694586,1.285053295675043,-0.2398200333118439,-0.1266810446977615,0.0798537880182266,0.0201300382614135,0.00152188539505,-0.0478278473019599,XArbitraryCorrectedZVertical,-0.776687802750433,0.0305737375866909,-0.0977441505398463,-0.6215040867309202,0.984203279018402,-0.1628377735614777,0.0694799572229385,54.15386962890625,3.127105712890625,15.44723510742188,-1,2,12772
2025-11-20T22:24:43.951+01:00,14642,630846.217717,2.466675261446122,-2.379243013468265,1.287081247800187,-0.2703628242015839,-0.251986026763916,0.1747617572546005,-0.0663692951202392,0.0278327763080596,-0.0520298555493354,XArbitraryCorrectedZVertical,-0.774584871706753,0.0352256697444801,-0.0964090808781371,-0.6240854357368631,0.98381906747818,-0.168442502617836,0.0610476657748222,54.3375244140625,2.58331298828125,14.953369140625,-1,2,12773
2025-11-20T22:24:43.986+01:00,14643,630846.252634,2.42892701235716,-2.352057371746162,1.287862745348858,-0.2339808791875839,-0.2494141757488251,0.2637947797775269,-0.1360777020454407,0.0594995766878128,-0.0612546205520629,XArbitraryCorrectedZVertical,-0.7723996911036847,0.0411394599546318,-0.0949382718539412,-0.6266522513640655,0.983123540878296,-0.1757562905550003,0.0507716909050941,54.3519287109375,2.154098510742188,14.51422119140625,-1,2,12774
2025-11-20T22:24:44.021+01:00,14644,630846.28755,2.383709677127196,-2.315275918069458,1.284498186606153,-0.2005527168512344,-0.1087907329201698,0.3005736768245697,-0.0722826719284057,-0.0180102586746215,-0.0198349989950656,XArbitraryCorrectedZVertical,-0.7703152975726844,0.0478639338501329,-0.095749615214628,-0.6286138753357936,0.9814012050628662,-0.1870831102132797,0.0430283024907112,54.69403076171875,1.153244018554688,14.23306274414062,-1,2,12775
2025-11-20T22:24:44.056+01:00,14645,630846.322467,2.355818195155275,-2.289677852270886,1.28372179332553,-0.0994522124528884,0.018616734072566,0.0105484258383512,0.1723714470863342,-0.1257442086935043,-0.0004731453955173,XArbitraryCorrectedZVertical,-0.7685430371225228,0.0507346392544227,-0.0970135216498756,-0.6303617121859891,0.9803383350372314,-0.1930423825979233,0.0408783070743084,54.7069091796875,0.739776611328125,14.27821350097656,-1,2,12776
2025-11-20T22:24:44.091+01:00,14646,630846.3573830001,2.355532084498524,-2.287409207521018,1.288485614808715,-0.1238265261054039,0.1577509343624115,-0.2823524177074432,0.2860050201416016,-0.1362345665693283,0.0610790252685546,XArbitraryCorrectedZVertical,-0.7675270184999056,0.0489024252743375,-0.0965842701999108,-0.6318088364195665,0.9809322357177734,-0.1897084265947342,0.0422228537499904,54.61688232421875,0.6972198486328125,14.43270874023438,-1,2,12777
2025-11-20T22:24:44.129+01:00,14647,630846.392299,2.399395378465403,-2.327743201732446,1.301388418183301,0.037517137825489,0.0282786861062049,-0.5239104628562927,0.4058272242546082,-0.1674165725708008,0.0584592819213867,XArbitraryCorrectedZVertical,-0.7678934939285925,0.0415535192181052,-0.0917495576147405,-0.6326096642962572,0.9840348362922668,-0.1724271774291992,0.0440949909389019,54.53704833984375,1.23724365234375,14.53153991699219,-1,2,12778
2025-11-20T22:24:44.161+01:00,14648,630846.427216,2.44929779395413,-2.370951914042934,1.3101607693962,0.1760505884885788,0.1536959856748581,-0.4558057487010956,0.2419885993003845,-0.0296197980642318,0.0554113462567329,XArbitraryCorrectedZVertical,-0.7689558796695743,0.0339203974555321,-0.0888355422335523,-0.6321904110671899,0.986344039440155,-0.1570867598056793,0.049492847174406,54.25,2.198516845703125,14.56040954589844,-1,2,12779
2025-11-20T22:24:44.195+01:00,14649,630846.462132,2.509006377708353,-2.426885696371551,1.315555567753373,0.2059619724750519,-0.0084830429404973,-0.2888195812702179,0.3141668438911438,-0.0182835012674331,0.0874311998486518,XArbitraryCorrectedZVertical,-0.7711021939012025,0.0273536902259613,-0.08493338619838,-0.6304281248598578,0.9884760975837708,-0.1420863717794418,0.0522172078490257,54.1317138671875,3.030731201171875,14.95292663574219,-1,2,12780
2025-11-20T22:24:44.230+01:00,14650,630846.497049,2.540602504887187,-2.458306396555849,1.314304459944819,0.1373536586761475,-0.0481644719839096,-0.0617983639240264,8.827447891235352e-05,0.0379082411527633,0.102149486541748,XArbitraryCorrectedZVertical,-0.7731282984843919,0.025313507382105,-0.0830114760979077,-0.6282841590119185,0.9892610907554626,-0.1365105360746384,0.052223615348339,53.91552734375,3.623123168945312,14.42140197753906,-1,2,12781
2025-11-20T22:24:44.265+01:00,14651,630846.5319650001,2.554425895294206,-2.474059833531409,1.311519329276072,0.1299857646226883,-0.0691895931959152,-0.0259562134742736,-0.1615638136863708,0.0817433893680572,0.0694009065628051,XArbitraryCorrectedZVertical,-0.7746129578543928,0.0254911735816898,-0.0818265562519378,-0.6266015146456789,0.9895209670066832,-0.1352864652872086,0.0504568219184875,53.95751953125,3.625991821289062,14.39886474609375,-1,2,12782
2025-11-20T22:24:44.300+01:00,14652,630846.5668820001,2.569437801173623,-2.49126028053153,1.310850663840825,0.0615585073828697,-0.0963223949074745,-0.1417013853788376,-0.2498641014099121,0.0547900199890136,0.0649490356445312,XArbitraryCorrectedZVertical,-0.7756593459187632,0.0251947014086563,-0.0799943484294113,-0.6255547736630868,0.9900068640708924,-0.1325335502624512,0.0481795221567153,53.95343017578125,3.638641357421875,14.31236267089844,-1,2,12783
2025-11-20T22:24:44.335+01:00,14653,630846.601798,2.593325634784455,-2.517258573764149,1.31181394785225,0.1163893640041351,-0.0572987720370292,-0.1316754668951035,-0.1653716564178467,0.001327097415924,0.0201715230941772,XArbitraryCorrectedZVertical,-0.7767389732336655,0.0238572931077137,-0.0771816575800979,-0.6246202473360131,0.9908568263053894,-0.1269527077674866,0.0456701107323169,53.97088623046875,3.928466796875,13.9613037109375,-1,2,12784
2025-11-20T22:24:44.370+01:00,14654,630846.636715,2.608168206586299,-2.533118851411501,1.309639510371279,0.0886884033679962,-0.0298879519104957,0.0016814316622912,-0.2672213315963745,0.0586630851030349,0.0412999354302883,XArbitraryCorrectedZVertical,-0.7780606093798526,0.0234559121796757,-0.076059680202152,-0.6231262855630104,0.9911591410636902,-0.1249319985508919,0.0446680597960948,53.69921875,4.027267456054688,13.90811157226562,-1,2,12785
2025-11-20T22:24:44.410+01:00,14655,630846.671631,2.611279859838305,-2.536403160725929,1.307872363941018,0.0265732314437627,0.0084349699318408,-0.0022356980480253,-0.2714477181434631,0.0489413142204284,0.0301524400711059,XArbitraryCorrectedZVertical,-0.77866242449538,0.0236046370134192,-0.0760813542018185,-0.6223659118053525,0.9911285042762756,-0.1251894682645798,0.0446308813989162,53.79254150390625,3.934280395507812,13.96871948242188,-1,2,12786
2025-11-20T22:24:44.440+01:00,14656,630846.706548,2.617099784786303,-2.542393158323712,1.30796102709599,0.0312076359987258,-0.0374074205756187,-0.0289793983101844,-0.0598641037940979,-0.0481883808970451,-0.0021103583276271,XArbitraryCorrectedZVertical,-0.7789355727931979,0.0231852693919085,-0.0755431786372755,-0.6221054770639646,0.991306483745575,-0.1238697469234467,0.0443619228899478,53.7044677734375,3.927520751953125,13.87037658691406,-1,2,12787
2025-11-20T22:24:44.475+01:00,14657,630846.74146375,2.616340573244085,-2.541671331909944,1.306816045924521,0.0286416299641132,0.0496556349098682,0.0396605990827083,-0.1370498538017273,0.0043956935405731,-0.0048578940331935,XArbitraryCorrectedZVertical,-0.7791858275189231,0.0234724563914926,-0.0758002095134347,-0.6217499555087751,0.9912064075469972,-0.1246349588036537,0.0444544292986393,53.68524169921875,3.839859008789062,13.67567443847656,-1,2,12788
2025-11-20T22:24:44.510+01:00,14658,630846.77637975,2.618832434063959,-2.541462074604252,1.305128494106758,0.0868541374802589,0.0887470096349716,-0.0219847541302442,-0.1408302783966064,-0.0107015222311019,0.0082008764147758,XArbitraryCorrectedZVertical,-0.7796279908753442,0.0227542647644762,-0.0769678656006621,-0.6210783090310985,0.9910345673561096,-0.1249643564224243,0.0472647212445735,53.73968505859375,3.688949584960938,13.85791015625,-1,2,12789
2025-11-20T22:24:44.544+01:00,14659,630846.8112967501,2.638993408166464,-2.558125197397036,1.304675329874485,0.0805212035775184,0.0695746913552284,-0.2319705635309219,-0.1615124940872192,-0.0245083943009376,0.0315617248415947,XArbitraryCorrectedZVertical,-0.7805989006303937,0.0201444373415658,-0.076805982395859,-0.6199680276860527,0.9914073944091796,-0.1206942200660706,0.0504389591515064,53.5616455078125,3.5213623046875,13.87124633789062,-1,2,12790
2025-11-20T22:24:44.580+01:00,14660,630846.8462127501,2.674109975727991,-2.589927433801762,1.307619928458929,0.0519095100462436,0.0569550842046737,-0.2667425274848938,0.1317944526672363,-0.0668920800089836,0.0200771018862724,XArbitraryCorrectedZVertical,-0.7813640124460984,0.0157608473900557,-0.0747548362158615,-0.6193815544281371,0.9923814535140992,-0.1113153100013733,0.052798755466938,53.55078125,4.021163940429688,14.2064208984375,-1,2,12791
2025-11-20T22:24:44.614+01:00,14661,630846.88112975,2.697898734781033,-2.611442265296057,1.31227402226726,-0.1084097996354103,0.030323963612318,-0.1209510937333107,0.2243726253509521,-0.0287015959620475,0.0196993425488472,XArbitraryCorrectedZVertical,-0.7811064394147973,0.0123459778094197,-0.0729510526772098,-0.6199988023065823,0.9931262135505676,-0.1037599891424179,0.054168377071619,53.55169677734375,4.197860717773438,14.47036743164062,-1,2,12792
2025-11-20T22:24:44.649+01:00,14662,630846.91604575,2.675879534418709,-2.588730192326674,1.315528220572338,-0.2334453910589218,0.1339827179908752,0.2413671910762787,0.1934980154037476,0.1188982725143433,-0.0312175787985324,XArbitraryCorrectedZVertical,-0.7792728802283894,0.0133313112451658,-0.0744346015268869,-0.6221057338374252,0.9927201867103576,-0.1071642488241196,0.0549754463136196,53.607666015625,4.078689575195312,14.52906799316406,-1,2,12793
2025-11-20T22:24:44.689+01:00,14663,630846.95096275,2.655321512746563,-2.562669306572051,1.319442025741443,-0.0816725045442581,0.1205242276191711,-0.1132293120026588,0.5943202376365662,-0.1843652725219727,-0.0805104970932006,XArbitraryCorrectedZVertical,-0.7771341906375243,0.0125181468796762,-0.0774932053277978,-0.6244202276514247,0.9921208024024964,-0.1097478941082954,0.060429859906435,53.4229736328125,3.668807983398438,15.00125122070312,-1,2,12794
2025-11-20T22:24:44.719+01:00,14664,630846.98587875,2.64707128474018,-2.551387882651728,1.323113095186691,-0.1837851852178574,0.0958747118711471,0.110851101577282,0.245076596736908,0.0216850042343139,-0.0088487863540649,XArbitraryCorrectedZVertical,-0.7756992830966235,0.0115271548255637,-0.0786417751904078,-0.6260776898963056,0.991953432559967,-0.1096824556589127,0.0632311031222343,53.2674560546875,3.604522705078125,14.96723937988281,-1,2,12795
2025-11-20T22:24:44.754+01:00,14665,630847.0207957501,2.614599402110169,-2.516069538892198,1.325686745135369,-0.1773240715265274,0.1530722826719284,0.1055412665009499,0.0331823825836181,0.1045724004507065,-0.0077929571270942,XArbitraryCorrectedZVertical,-0.7734343485688452,0.0125413614379028,-0.0816619516060146,-0.6284690131255619,0.9911400079727172,-0.1151009425520897,0.0662797838449478,52.9571533203125,3.430816650390625,15.07252502441406,-1,2,12796
2025-11-20T22:24:44.789+01:00,14666,630847.05571175,2.598475786933419,-2.494631078135548,1.325805129779744,-0.0139508955180645,0.15072201192379,0.1220676824450493,0.0666257739067077,0.0273124948143959,-0.0097290202975273,XArbitraryCorrectedZVertical,-0.7724136257968819,0.0120082800251742,-0.0848546521178262,-0.6293113848165633,0.990381121635437,-0.1183159276843071,0.0717407315969467,52.6741943359375,3.113967895507812,15.37995910644531,-1,2,12797
2025-11-20T22:24:44.824+01:00,14667,630847.09062875,2.571220323723047,-2.465450778098098,1.321556353176591,-0.0262143779546022,0.0088964272290468,0.3218358755111694,-0.0746824145317077,0.0549474358558654,0.0240447521209716,XArbitraryCorrectedZVertical,-0.7720088251349789,0.0142131073562498,-0.0883889091763589,-0.6292756674949689,0.9892179369926452,-0.126160204410553,0.0743743479251861,52.80029296875,2.755950927734375,15.55433654785156,-1,2,12798
2025-11-20T22:24:44.859+01:00,14668,630847.12554475,2.532666774981946,-2.428951883966193,1.314664039203254,-0.0420564003288745,-0.0560423098504543,0.3095791339874268,-0.2807642221450806,0.0281939357519149,0.0020014122128486,XArbitraryCorrectedZVertical,-0.771673566162098,0.0190738590209265,-0.0917782174977798,-0.6290731166852102,0.9877192378044128,-0.1379046440124512,0.0734379515051841,52.63616943359375,1.729400634765625,15.53587341308594,-1,2,12799
2025-11-20T22:24:44.894+01:00,14669,630847.16046175,2.506868942828413,-2.40713717357441,1.312009740626992,-0.0835414379835128,-0.1092382147908211,0.089782103896141,-0.322403609752655,-0.0066976994276046,-0.0145455598831176,XArbitraryCorrectedZVertical,-0.7710056335107829,0.0227447939324864,-0.0926473211415613,-0.6296424163250336,0.9870001673698424,-0.1446694731712341,0.0700111910700798,52.64141845703125,1.156753540039062,15.27128601074219,-1,2,12800
2025-11-20T22:24:44.929+01:00,14670,630847.1953777501,2.495777356323519,-2.400247794203108,1.31307937333507,-0.0716145783662796,-0.117620937526226,0.0032070849556475,-0.2491759061813354,-0.0469196587800979,-0.0518265962600708,XArbitraryCorrectedZVertical,-0.7703161280997317,0.0246072896390368,-0.0915713885388716,-0.6305729543075217,0.9870603680610656,-0.1462108492851257,0.0658341124653816,52.5655517578125,1.113327026367188,15.475341796875,-1,2,12801
2025-11-20T22:24:44.970+01:00,14671,630847.2302947501,2.488530713339889,-2.398187427853691,1.315759604362942,-0.1197446584701538,-0.1557510942220688,0.0147476317360997,-0.2511270642280579,-0.0441321283578872,-0.0602793730795383,XArbitraryCorrectedZVertical,-0.7695305943089478,0.0261385654313292,-0.0894806739383056,-0.631769439748904,0.9874398112297058,-0.1459618359804153,0.0604776963591575,52.5648193359375,0.766326904296875,14.98291015625,-1,2,12802
2025-11-20T22:24:44.999+01:00,14672,630847.26521075,2.469603773692437,-2.384201981863753,1.317691536837501,-0.1363110244274139,-0.0809593796730041,0.0631706565618515,-0.1890332102775574,-0.0463809669017791,-0.0925767421722412,XArbitraryCorrectedZVertical,-0.7682208752515954,0.0285477385097871,-0.0884347992104578,-0.6334043202908025,0.9873729944229126,-0.1483669579029083,0.0555130876600742,52.8404541015625,0.4627685546875,14.83567810058594,-1,2,12803
2025-11-20T22:24:45.033+01:00,14673,630847.30012675,2.458810347942425,-2.374762164293662,1.320336546036014,-0.0716934725642204,0.0282962433993816,-0.0406959094107151,-0.1957544088363647,-0.0296997129917144,-0.0948615074157714,XArbitraryCorrectedZVertical,-0.7670685971711305,0.0290809908050094,-0.0880292809125033,-0.63483144058469,0.987410843372345,-0.1486907750368118,0.0539526417851448,52.77081298828125,0.3553009033203125,14.86691284179688,-1,2,12804
2025-11-20T22:24:45.068+01:00,14674,630847.33504375,2.458119315558124,-2.37184852868771,1.322780290099061,-0.061202734708786,0.1040821298956871,-0.0485390238463878,-0.1338831186294556,-0.0225469022989273,-0.0523355081677436,XArbitraryCorrectedZVertical,-0.766396179693278,0.0278468463735418,-0.0883622754232567,-0.6356520309772438,0.9875206351280212,-0.147237628698349,0.0558907501399517,52.76611328125,0.2586212158203125,14.89328002929688,-1,2,12805
2025-11-20T22:24:45.103+01:00,14675,630847.3699597501,2.457478592613092,-2.368721313120125,1.325203222529673,-0.0926492139697074,0.0804726183414459,-0.0359038487076759,-0.0115194916725158,-0.0466732084751129,-0.0042926110327243,XArbitraryCorrectedZVertical,-0.7657194873880511,0.0265277888942268,-0.0887956277276658,-0.6364630994408836,0.9876088500022888,-0.1457858830690384,0.0580950714647769,52.56903076171875,0.077667236328125,14.95100402832031,-1,2,12806
2025-11-20T22:24:45.138+01:00,14676,630847.4048767501,2.471612073476792,-2.378338438773385,1.331536639267002,-0.0340714119374752,0.1616774797439575,-0.3795873820781708,0.0975695252418518,-0.0438390374183654,0.0460286140441894,XArbitraryCorrectedZVertical,-0.7649219944593157,0.0227005323682903,-0.0881598324853992,-0.6376573299015642,0.9883373975753784,-0.1391596049070358,0.0618357136845588,52.609619140625,0.037933349609375,14.83998107910156,-1,2,12807
2025-11-20T22:24:45.173+01:00,14677,630847.43979275,2.523335663756002,-2.421707809643225,1.341935242135235,0.0495632961392402,0.1814565062522888,-0.4764342904090881,0.2214432954788208,0.0200127065181732,0.08545733243227,XArbitraryCorrectedZVertical,-0.7649066453774503,0.0143981018564444,-0.0857591996274732,-0.6382445203257365,0.9899672865867616,-0.1234367862343788,0.0687631964683532,52.3988037109375,0.6742401123046875,15.36624145507812,-1,2,12808
2025-11-20T22:24:45.211+01:00,14678,630847.47470975,2.575814528105647,-2.468405843185599,1.349825575956809,0.0121833337470889,0.1102167218923569,-0.2956782281398773,0.3030572533607483,0.0969298258423805,0.1321238279342651,XArbitraryCorrectedZVertical,-0.7652605462852113,0.0075432386215355,-0.0829932983011073,-0.6383036628511018,0.991284728050232,-0.1094267889857292,0.0733509063720703,52.18646240234375,1.449249267578125,15.6446533203125,-1,2,12809
2025-11-20T22:24:45.243+01:00,14679,630847.50962575,2.616158944279542,-2.506057198417786,1.354394429058349,0.1626296490430832,-0.1256373822689056,-0.2470482438802719,0.6650844216346741,-0.1554404199123383,0.0835510492324829,XArbitraryCorrectedZVertical,-0.7657590445857646,0.0031986428248506,-0.080557961187336,-0.6380542954027726,0.9921725988388062,-0.0996560081839561,0.0752470344305038,51.8338623046875,2.09991455078125,15.65628051757812,-1,2,12810
2025-11-20T22:24:45.278+01:00,14680,630847.54454275,2.636589582507284,-2.528248846109244,1.352208222083215,0.1291144490242004,0.0139093566685915,-0.0184562355279922,0.0774723887443542,0.1063748076558113,0.0806180238723754,XArbitraryCorrectedZVertical,-0.7672383981370205,0.0028587182168426,-0.0789728758048286,-0.6364749983012568,0.992565393447876,-0.0970516875386238,0.073449894785881,51.830078125,2.1168212890625,15.61482238769531,-1,2,12811
2025-11-20T22:24:45.313+01:00,14681,630847.5794587501,2.665715865071944,-2.557499692788357,1.353170652040964,0.0377355888485908,-0.0773015543818473,-0.2384891360998154,0.0809918045997619,0.0089131146669387,0.1097621992230415,XArbitraryCorrectedZVertical,-0.7681522325277875,0.0008039232793715,-0.0768346774778466,-0.6356398791778226,0.9931659698486328,-0.091142751276493,0.0729007124900817,51.6610107421875,2.427261352539062,15.32514953613281,-1,2,12812
2025-11-20T22:24:45.348+01:00,14682,630847.6143757501,2.689903745654671,-2.584146551483093,1.354245167969611,0.0717945396900177,-0.0986262559890747,-0.0521391443908214,-0.0569173097610473,0.0351247042417526,0.0357110425829887,XArbitraryCorrectedZVertical,-0.7688739348724446,-0.0002143324224878,-0.07409472936346,-0.6350927487231808,0.9938220977783204,-0.0860738009214401,0.0700628235936164,51.47552490234375,2.623031616210938,15.207275390625,-1,2,12813
2025-11-20T22:24:45.382+01:00,14683,630847.64929175,2.701221717877693,-2.600056695935808,1.353161989343196,0.055135753005743,-0.1611386835575104,-0.0550858676433563,-0.3314842581748962,0.0925994962453842,0.0312279388308525,XArbitraryCorrectedZVertical,-0.7697484192573444,0.000665133277737,-0.0717461838863999,-0.6343023206538493,0.994280219078064,-0.0844207927584648,0.0654212012887001,51.590576171875,2.629989624023438,14.92288208007812,-1,2,12814
2025-11-20T22:24:45.418+01:00,14684,630847.68420775,2.709863500531165,-2.61256007546378,1.351765488175066,0.0568970777094364,-0.0917742103338241,0.0303498748689889,-0.2988130450248718,0.0216385424137115,0.0077934153378009,XArbitraryCorrectedZVertical,-0.7705760113948221,0.0015319577569831,-0.0698966604472796,-0.6335018438984764,0.9946135878562928,-0.0833908393979072,0.0615576468408107,51.50787353515625,2.747528076171875,14.59320068359375,-1,2,12815
2025-11-20T22:24:45.452+01:00,14685,630847.7191255001,2.697354309287548,-2.604397098696158,1.34869835386259,0.0172786023467779,-0.0995226725935936,0.176329717040062,-0.2164140343666077,0.017387218773365,0.0101511552929878,XArbitraryCorrectedZVertical,-0.7711076635051939,0.0042778131215524,-0.069580135456016,-0.6328771000145155,0.9945207834243774,-0.0872114524245262,0.057643599808216,51.6876220703125,2.531448364257812,14.34674072265625,-1,2,12816
2025-11-20T22:24:45.490+01:00,14686,630847.7540415,2.668750859418488,-2.576719752497429,1.344162601633274,0.0192903447896242,0.0845856219530105,0.2784831821918488,-0.2167688608169556,0.0096809267997741,-0.0060313865542411,XArbitraryCorrectedZVertical,-0.7712607814543103,0.0073314192214603,-0.0719671024314164,-0.6323954084762635,0.9938228130340576,-0.0949317961931228,0.057483971118927,51.7008056640625,2.156021118164062,14.30007934570312,-1,2,12817
2025-11-20T22:24:45.522+01:00,14687,630847.7889585,2.634431677042543,-2.53956387528737,1.337657544588011,0.0372840911149978,0.0951058790087699,0.240655779838562,-0.1433321237564087,-0.0200335308909416,0.0185246393084526,XArbitraryCorrectedZVertical,-0.7714316967471057,0.0100069600540059,-0.0766083734861268,-0.6316043702296211,0.9925904273986816,-0.1049054265022278,0.061309278011322,51.613525390625,1.341476440429688,14.53677368164062,-1,2,12818
2025-11-20T22:24:45.557+01:00,14688,630847.8238745,2.619703372323418,-2.524108783343207,1.334446367155,-0.0001152807381004,-0.0111952489241957,0.0526403971016407,-0.1591671705245972,-0.0116181001067161,0.0424771308898925,XArbitraryCorrectedZVertical,-0.7715747970561385,0.0114167536043231,-0.0785153368032367,-0.6311714112939646,0.9920223355293274,-0.1094756424427032,0.0625033304095268,51.49603271484375,1.034164428710938,14.50933837890625,-1,2,12819
2025-11-20T22:24:45.592+01:00,14689,630847.8587915,2.613882830622754,-2.517487053442173,1.333701317328056,0.0083740875124931,0.0721800923347473,0.0302917584776878,-0.0733497738838195,-0.0108378157019615,0.0128554105758667,XArbitraryCorrectedZVertical,-0.7714686043027006,0.011715658595377,-0.0793731884446792,-0.6311884969397437,0.9917915463447572,-0.1110188812017441,0.0634384378790855,51.5799560546875,0.7255706787109375,14.69866943359375,-1,2,12820
2025-11-20T22:24:45.627+01:00,14690,630847.8937075001,2.604385397164793,-2.507214546053904,1.329508690095325,0.023738769814372,0.0458424799144268,0.2506752014160156,0.0749070048332214,-0.0053928717970848,8.04513692855835e-05,XArbitraryCorrectedZVertical,-0.7720512773118992,0.0129570543418826,-0.0811409334773062,-0.6302261382334642,0.9912396669387816,-0.1151362881064415,0.0647082179784774,51.51226806640625,0.6844024658203125,14.75982666015625,-1,2,12821
2025-11-20T22:24:45.662+01:00,14691,630847.9286245,2.582342789083827,-2.483118709953642,1.324651668126932,0.0489974617958068,0.0342577695846557,0.1333969384431839,0.3002867102622986,-0.1408342272043228,-0.0380640104413032,XArbitraryCorrectedZVertical,-0.7721015442968273,0.0148457715216904,-0.0844485264022607,-0.6296881929033261,0.9902099967002868,-0.1221967712044716,0.0674676373600959,51.21630859375,0.159515380859375,14.71893310546875,-1,2,12822
2025-11-20T22:24:45.697+01:00,14692,630847.9635405,2.575496530528194,-2.472577868126564,1.323752489591628,-0.0079088639467954,0.2090186327695847,-0.1410190314054489,0.3535373210906982,-0.1481157094240189,-0.0545212104916572,XArbitraryCorrectedZVertical,-0.7718199165290445,0.0143529086841459,-0.0865410304362443,-0.629760753519605,0.9897090196609496,-0.1240705698728561,0.0712905526161193,51.2269287109375,-0.0658416748046875,14.85165405273438,-1,2,12823
2025-11-20T22:24:45.732+01:00,14693,630847.9984575,2.627745903539361,-2.516296424245405,1.331645066691053,0.0590809695422649,0.1797914803028107,-0.6046088337898254,0.5331056714057922,-0.2248398661613464,-0.0332181453704834,XArbitraryCorrectedZVertical,-0.7720029192717952,0.0063865921816879,-0.0845900724037977,-0.629932758662129,0.990911602973938,-0.1093275994062424,0.0783688500523567,50.830810546875,0.6441192626953125,15.3670654296875,-1,2,12824
2025-11-20T22:24:45.769+01:00,14694,630848.0333735,2.70391575072068,-2.585107798295434,1.342963464946159,-0.0919115468859672,0.1142341494560242,-0.5627425312995911,0.0941925048828125,0.0712743028998374,0.0452750846743583,XArbitraryCorrectedZVertical,-0.7719341459399764,-0.0033794511343365,-0.0800368727264861,-0.6306348868763026,0.9925536513328552,-0.0885319933295249,0.0836615487933158,50.866943359375,1.5799560546875,15.58076477050781,-1,2,12825
2025-11-20T22:24:45.801+01:00,14695,630848.0682905001,2.759559377212232,-2.637165658115962,1.356423906024549,-0.1638606786727905,0.0437330119311809,-0.3960435390472412,0.0461475253105163,0.1639709770679474,0.0085960552096366,XArbitraryCorrectedZVertical,-0.770070028333335,-0.0105555521812404,-0.0754394977662707,-0.633395306411187,0.9937540888786316,-0.0717773810029029,0.085443839430809,50.64776611328125,2.458709716796875,15.90281677246094,-1,2,12826
2025-11-20T22:24:45.837+01:00,14696,630848.1032065001,2.79008810023068,-2.665391366214758,1.364528650079469,-0.1007730737328529,0.0216442886739969,-0.1127804443240166,-0.0148022174835205,0.06661307066679,-0.0392851829528808,XArbitraryCorrectedZVertical,-0.7686346735721259,-0.0145495141551281,-0.0730990746465651,-0.6353311020832215,0.994248628616333,-0.0627525970339775,0.0867857486009597,50.4847412109375,3.077987670898438,15.76359558105469,-1,2,12827
2025-11-20T22:24:45.871+01:00,14697,630848.1381225,2.766615139148463,-2.642136846118824,1.366450675271089,-0.1239120587706566,0.0278733223676681,0.2379583120346069,-0.1823035478591919,0.1138711124658585,-0.0526242479681968,XArbitraryCorrectedZVertical,-0.7673942241583747,-0.013214388056934,-0.0742894569182385,-0.6367200641983753,0.9940098524093628,-0.0664010122418403,0.0868038386106491,50.43817138671875,2.864791870117188,15.49247741699219,-1,2,12828
2025-11-20T22:24:45.906+01:00,14698,630848.1730395,2.731943198224815,-2.605804366053883,1.367101660655032,-0.1090429797768593,0.0975465327501297,0.0575138702988624,-0.3028476238250732,0.0654221996665,-0.0663050413131713,XArbitraryCorrectedZVertical,-0.7660524005885667,-0.0116029828867644,-0.0770696547545015,-0.6380355945102767,0.9933993816375732,-0.0725022777915,0.0888880267739296,50.3984375,2.568344116210938,15.62579345703125,-1,2,12829
2025-11-20T22:24:45.941+01:00,14699,630848.2079555,2.726963930577271,-2.598416277864332,1.370213977419976,-0.077164813876152,0.0148696824908256,-0.0272476319223642,-0.2156543135643005,0.0434580221772193,-0.0618089362978935,XArbitraryCorrectedZVertical,-0.7649342182916529,-0.0125648477008892,-0.0778131272075589,-0.6392675821856935,0.9932270646095276,-0.0720530077815055,0.091151513159275,50.2418212890625,2.366485595703125,15.52714538574219,-1,2,12830
2025-11-20T22:24:45.976+01:00,14700,630848.2428725001,2.71142190207758,-2.584862213841539,1.372033403947448,-0.1114850491285324,-0.082106664776802,0.1013998091220856,-0.2256016135215759,0.0788865312933921,-0.0521125867962837,XArbitraryCorrectedZVertical,-0.7639975213709903,-0.0112637031246238,-0.0777265075332026,-0.6404213319788304,0.9932559132575988,-0.0740037187933921,0.0892523750662803,50.03887939453125,2.38311767578125,15.78099060058594,-1,2,12831
2025-11-20T22:24:46.011+01:00,14701,630848.2777885001,2.683412933800198,-2.559941156629613,1.372436402813076,-0.0759365558624267,-0.0423618927597999,0.1659970134496689,-0.2000799179077148,0.0711332708597183,-0.0741344764828681,XArbitraryCorrectedZVertical,-0.7630554309276565,-0.0086273836521853,-0.0781961048825386,-0.6415273367497277,0.9931401014328004,-0.0787016227841377,0.0864787250757217,50.0489501953125,2.053085327148438,15.58575439453125,-1,2,12832
2025-11-20T22:24:46.050+01:00,14702,630848.3127055,2.648951242947949,-2.52729394255309,1.370200238636433,-0.0512433499097824,-0.0658714920282363,0.2263439297676086,-0.1637361645698547,0.033312477171421,-0.0556504800915718,XArbitraryCorrectedZVertical,-0.7624840419970575,-0.0055529725576362,-0.079986622824918,-0.6420197658735316,0.9926697611808776,-0.0857264101505279,0.0851913839578628,50.0712890625,1.738311767578125,15.70921325683594,-1,2,12833
2025-11-20T22:24:46.081+01:00,14703,630848.3476215,2.605863938377639,-2.488519642225139,1.367073576873334,-0.0797744318842887,-0.1102903485298157,0.2246073335409164,-0.1759525537490845,0.0143001750111579,-0.0282020643353462,XArbitraryCorrectedZVertical,-0.7618011445256726,-0.0009825159296224,-0.0815149924508149,-0.6426611586860391,0.9921603202819824,-0.0946987196803093,0.0815467834472656,50.0400390625,1.152206420898438,15.31379699707031,-1,2,12834
2025-11-20T22:24:46.116+01:00,14704,630848.3825385,2.579349025437785,-2.466720239426356,1.366731571086777,-0.1109608486294746,-0.0773921310901641,-0.0008002715185284,0.0159201025962829,-0.0324617102742195,0.0084527730941772,XArbitraryCorrectedZVertical,-0.7609921757166811,0.0021708953415563,-0.0813554179572971,-0.6436361639367626,0.9920602440834044,-0.099343717098236,0.0771184787154197,50.093505859375,0.876983642578125,15.25491333007812,-1,2,12835
2025-11-20T22:24:46.151+01:00,14705,630848.4174545,2.589157263254476,-2.475929932702565,1.371215816586753,-0.0221737809479236,0.1495321244001389,-0.1976950913667679,0.181209921836853,-0.0035120695829391,0.0090578645467758,XArbitraryCorrectedZVertical,-0.7602403152392483,0.0004893301989692,-0.080112250512926,-0.6446831445274815,0.9924501776695251,-0.0952275469899177,0.0772916004061698,50.03662109375,1.03265380859375,15.19383239746094,-1,2,12836
2025-11-20T22:24:46.186+01:00,14706,630848.4523705001,2.635590671096595,-2.513703858239519,1.376870742131034,0.0675906464457511,0.1691590845584869,-0.4181023240089417,0.3984120488166809,0.03001269698143,0.0985244363546371,XArbitraryCorrectedZVertical,-0.7602240411845077,-0.0061000044947778,-0.0796290060696612,-0.6447335004585862,0.9927772879600524,-0.08457812666893,0.0850844532251358,49.89569091796875,1.427001953125,15.42213439941406,-1,2,12837
2025-11-20T22:24:46.220+01:00,14707,630848.4872875001,2.687650809323289,-2.560055181544984,1.3822024425124,0.0280325338244438,0.1612833887338638,-0.2174680680036545,0.4539461135864258,0.1217321380972862,0.134669303894043,XArbitraryCorrectedZVertical,-0.7603865207879958,-0.0119297992336461,-0.077832168340681,-0.6446798770180998,0.9932430982589722,-0.0733770430088043,0.0899095311760902,49.71868896484375,2.131790161132812,15.91798400878906,-1,2,12838
2025-11-20T22:24:46.256+01:00,14708,630848.5222035,2.727448065574214,-2.599801958477629,1.381106617284309,0.1365793645381927,-0.0961313843727111,0.061229296028614,0.5244361758232117,0.0238746553659439,0.1138451099395752,XArbitraryCorrectedZVertical,-0.7619559929682072,-0.0140940887289195,-0.0756987262205751,-0.643035154836269,0.9937065243721008,-0.0672248899936676,0.0896003171801567,49.64727783203125,2.394927978515625,15.99917602539062,-1,2,12839
2025-11-20T22:24:46.290+01:00,14709,630848.5571205,2.712681505561038,-2.587982510947724,1.372573528787201,0.1751415580511093,-0.0993258357048034,0.2140268683433533,0.1426646113395691,0.0300069004297256,0.0627453252673149,XArbitraryCorrectedZVertical,-0.7639625884414201,-0.0108365913978135,-0.0768493460314713,-0.6405762208295221,0.9934589862823486,-0.0735402330756187,0.0873552858829498,49.7379150390625,2.317276000976562,15.57423400878906,-1,2,12840
2025-11-20T22:24:46.330+01:00,14710,630848.5920365,2.704736855706843,-2.584883568743894,1.365583415234121,0.149539589881897,-0.1403473168611526,0.108240470290184,-0.0210337042808532,-0.0098418369889259,0.0346790552139282,XArbitraryCorrectedZVertical,-0.7657968909607757,-0.0076079803996796,-0.0766449352152598,-0.6384534892603827,0.9934763312339784,-0.078109823167324,0.0830881744623184,49.49615478515625,2.294509887695312,15.36692810058594,-1,2,12841
2025-11-20T22:24:46.360+01:00,14711,630848.6269535001,2.70663063272479,-2.59169583172543,1.360503552757781,0.093881145119667,-0.1460478603839874,0.0316241048276424,-0.1562135815620422,-0.0019043385982513,0.0417205020785331,XArbitraryCorrectedZVertical,-0.7674360125546686,-0.0053035207771463,-0.0754743177545865,-0.6366454440183648,0.99369215965271,-0.0800658762454986,0.0785186141729354,49.58868408203125,2.3082275390625,15.17460632324219,-1,2,12842
2025-11-20T22:24:46.395+01:00,14712,630848.6618695001,2.711956052105748,-2.600574227156931,1.357418696637295,0.1046651303768158,-0.0517943240702152,0.0094309300184249,-0.2649798393249512,0.0662368386983871,0.0186221599578857,XArbitraryCorrectedZVertical,-0.768598445652943,-0.0040092035059199,-0.0742613583988814,-0.6353940633592908,0.9939226508140564,-0.0804580375552177,0.0751277357339859,49.683837890625,2.175735473632812,14.89689636230469,-1,2,12843
2025-11-20T22:24:46.430+01:00,14713,630848.6967865,2.713825216286337,-2.603870241365761,1.353858404312887,0.079367846250534,-0.0576244890689849,0.1019436568021774,-0.2386322617530823,0.0621607527136802,0.0441110059618949,XArbitraryCorrectedZVertical,-0.7696900828786616,-0.0030921706891124,-0.0741618502879219,-0.6340879846727889,0.9939116239547728,-0.0816920101642608,0.0739308893680572,49.6678466796875,2.284866333007812,14.58892822265625,-1,2,12844
2025-11-20T22:24:46.465+01:00,14714,630848.731702125,2.694465109832853,-2.587533042912947,1.347931431248267,0.0906333550810813,-0.0809772238135337,0.2905526757240295,-0.2653654813766479,0.0493853017687797,0.0271817371249198,XArbitraryCorrectedZVertical,-0.7707003706373486,0.0001851482230561,-0.075292771913161,-0.6327336524126183,0.9935300350189208,-0.088127352297306,0.0716341286897659,49.491943359375,2.117385864257812,14.4014892578125,-1,2,12845
2025-11-20T22:24:46.500+01:00,14715,630848.766619125,2.657835614310834,-2.554252992524122,1.338420652824126,0.1170719414949417,-0.0458650887012481,0.3641660213470459,-0.3000888228416443,0.0255606174468994,0.0112171024084091,XArbitraryCorrectedZVertical,-0.7718928894838425,0.0054727237286118,-0.0781903298592032,-0.6309022204127994,0.992563009262085,-0.0998861566185951,0.069578044116497,49.5576171875,1.322372436523438,14.42994689941406,-1,2,12846
2025-11-20T22:24:46.535+01:00,14716,630848.801535125,2.6300807475267,-2.527966758366769,1.328032671359676,0.1540438383817673,0.0003557153977453,0.2577089667320251,-0.2322703003883362,-0.0414910838007926,0.0095715448260307,XArbitraryCorrectedZVertical,-0.7734136817341674,0.0098444198659619,-0.0814874989037093,-0.6285651232744833,0.9914254546165466,-0.1107153296470642,0.069407895207405,49.70513916015625,0.9158172607421876,14.44273376464844,-1,2,12847
2025-11-20T22:24:46.570+01:00,14717,630848.836451125,2.618125594015091,-2.515760416633498,1.319501200428151,0.1394897550344467,0.0387627445161342,0.1901312321424484,-0.1648462414741516,-0.0323615819215774,0.0317401960492134,XArbitraryCorrectedZVertical,-0.7749938355372663,0.0122740936330498,-0.0840552641772294,-0.6262337515875464,0.9905451536178588,-0.1176170706748962,0.0706156268715858,49.662841796875,0.6962890625,14.20938110351562,-1,2,12848
2025-11-20T22:24:46.606+01:00,14718,630848.8713681251,2.605056608476273,-2.501376855146568,1.311548486556168,0.1096163913607597,0.05771991237998,0.2132945656776428,-0.11028653383255,-0.0038439705967903,0.0483239963650703,XArbitraryCorrectedZVertical,-0.7762645619967916,0.014396448660537,-0.0870615492149464,-0.624200737795102,0.9895285964012146,-0.1245892718434334,0.0728765204548835,49.42529296875,0.4593963623046875,14.25502014160156,-1,2,12849
2025-11-20T22:24:46.639+01:00,14719,630848.906284125,2.593972691184696,-2.489192249811697,1.305423236577855,0.0501639358699321,0.0417696833610534,0.123029813170433,-0.096612811088562,-0.0099545717239379,0.0538434907793998,XArbitraryCorrectedZVertical,-0.7771380466996394,0.0161191788865481,-0.0895252918206846,-0.6227213237256285,0.988656759262085,-0.130273699760437,0.074742317199707,49.268798828125,0.1607513427734375,14.54510498046875,-1,2,12850
2025-11-20T22:24:46.674+01:00,14720,630848.941201125,2.593731278912123,-2.48698913808354,1.303410345895575,0.0506861805915832,0.0504149235785007,-0.0273250266909599,0.0878463983535766,-0.0564662665128707,0.0214487314224243,XArbitraryCorrectedZVertical,-0.7775244685123897,0.0159310922891565,-0.0907001563364473,-0.622073509048396,0.9883407354354858,-0.1314152181148529,0.0768940523266792,49.16253662109375,0.057373046875,14.69219970703125,-1,2,12851
2025-11-20T22:24:46.709+01:00,14721,630848.976117125,2.598481409679768,-2.488845774867492,1.303190897019288,0.0404000058770179,0.1029369458556175,-0.0265467315912246,0.2054393887519836,-0.0601242631673812,0.0032525062561035,XArbitraryCorrectedZVertical,-0.7776985173259084,0.0147054689425444,-0.0914981730269373,-0.621769146614045,0.988240361213684,-0.1304885149002075,0.0797094255685806,49.0657958984375,0.309295654296875,14.51986694335938,-1,2,12852
2025-11-20T22:24:46.744+01:00,14722,630849.011034125,2.597080851812056,-2.486419325570448,1.300512662687567,-0.0054719727486371,-0.0207349807024002,0.1797450035810471,0.2211595177650452,-0.0229750871658325,0.0058460161089897,XArbitraryCorrectedZVertical,-0.7782246560845949,0.0150322970884871,-0.092528777265326,-0.6209498941203336,0.9879010319709778,-0.1322373151779175,0.0810221508145332,48.9991455078125,0.1008758544921875,14.87847900390625,-1,2,12853
2025-11-20T22:24:46.779+01:00,14723,630849.0459501251,2.581544241100697,-2.470025637474157,1.300438620538186,-0.0802983716130256,0.1544938832521439,-0.155413344502449,0.3907716870307922,-0.1659514456987381,-0.0421136617660522,XArbitraryCorrectedZVertical,-0.777357198432204,0.0159963424906071,-0.0940920593072545,-0.621777017545726,0.9873411059379578,-0.1357148289680481,0.0820916146039962,48.91766357421875,-0.0581817626953125,14.88717651367188,-1,2,12854
2025-11-20T22:24:46.814+01:00,14724,630849.0808671251,2.625246051179841,-2.511365359430867,1.304366938274675,0.0423625782132148,0.0096006356179714,-0.2142323702573776,0.3488962054252625,-0.1035304218530655,-0.038632147014141,XArbitraryCorrectedZVertical,-0.7786093240731914,0.0110566003111529,-0.0908258605619597,-0.6208027348116227,0.9887808561325072,-0.1239323541522026,0.0833860859274864,48.89239501953125,0.5841064453125,14.81611633300781,-1,2,12855
2025-11-20T22:24:46.849+01:00,14725,630849.115783125,2.639823179687623,-2.524756203831499,1.307405818091866,-0.0230832900851965,-0.0073051573708653,-0.1546458899974823,0.0899683237075805,0.0095287859439849,-0.0414247587323188,XArbitraryCorrectedZVertical,-0.7785289840660292,0.0089599366914245,-0.0895755223287958,-0.6211187978749402,0.9893162846565248,-0.1191326528787613,0.0840272977948188,48.77239990234375,0.7044525146484375,14.69625854492188,-1,2,12856
2025-11-20T22:24:46.890+01:00,14726,630849.150700125,2.665964532603463,-2.552317538232282,1.31198201202752,0.0825340375304222,-0.0967705622315406,-0.1964097619056702,0.2005941867828369,-0.0477865859866142,-0.0806225538253784,XArbitraryCorrectedZVertical,-0.7786800838394323,0.0064997127274378,-0.0861454853261764,-0.621445171950786,0.9904458522796632,-0.1110574007034302,0.0817516520619392,48.62689208984375,1.197296142578125,14.32205200195312,-1,2,12857
2025-11-20T22:24:46.919+01:00,14727,630849.185616125,2.685781236737494,-2.575702219059218,1.312748335372829,0.0072632916271686,-0.1622670143842697,-0.115311436355114,-0.1076224446296692,0.0130535215139389,-0.0274258777499198,XArbitraryCorrectedZVertical,-0.7795327629398024,0.0059065749729846,-0.0830582741839608,-0.6208020919608699,0.991289496421814,-0.1062694787979126,0.0777950584888458,48.74566650390625,1.585693359375,14.32177734375,-1,2,12858
2025-11-20T22:24:46.954+01:00,14728,630849.2205321251,2.703781937565844,-2.599083836005518,1.316528262668106,-0.0222996398806572,-0.1361829936504364,-0.1981292366981506,-0.3034233450889587,0.0215314775705337,-0.0793903991580009,XArbitraryCorrectedZVertical,-0.7795383630577396,0.0055059740544794,-0.078907706402271,-0.6213399092386253,0.992342472076416,-0.1005109921097755,0.0717914402484893,48.92498779296875,1.82916259765625,13.7808837890625,-1,2,12859
2025-11-20T22:24:46.989+01:00,14729,630849.2554491251,2.720288017643462,-2.617934680306837,1.320406853361906,-0.0640857592225074,-0.0580234341323375,-0.1249877735972404,-0.3210106492042542,0.0448104664683342,-0.077078104019165,XArbitraryCorrectedZVertical,-0.7792756149867497,0.0042943588601498,-0.0760713248056281,-0.6220323897268603,0.9930840134620668,-0.0951187014579772,0.0688230171799659,48.895751953125,2.108139038085938,13.921142578125,-1,2,12860
2025-11-20T22:24:47.024+01:00,14730,630849.290365125,2.726844541718539,-2.625952174287853,1.325428054865754,-0.1328849643468857,-0.0364015065133571,-0.0862729102373123,-0.2713153958320618,0.0121354833245277,-0.0755228996276855,XArbitraryCorrectedZVertical,-0.7782371103171531,0.0034308747506691,-0.0742063203555265,-0.623561318791461,0.9935596585273744,-0.0914964452385902,0.0668406262993812,48.703857421875,2.319137573242188,13.93701171875,-1,2,12861
2025-11-20T22:24:47.058+01:00,14731,630849.325282125,2.720463367986957,-2.621859772060011,1.330345570691654,-0.160700336098671,-0.073327787220478,0.0103187672793865,-0.2102283239364624,0.0303391814231872,-0.0760736465454101,XArbitraryCorrectedZVertical,-0.7767447955490645,0.0038447992882509,-0.0730367488685657,-0.6255544672561929,0.9937976002693176,-0.0907334759831428,0.0642938166856765,48.701904296875,2.234420776367188,13.62757873535156,-1,2,12862
2025-11-20T22:24:47.094+01:00,14732,630849.360198125,2.715598264692016,-2.619176363358737,1.335617588628459,-0.1269408166408539,-0.0301494505256414,-0.1133888810873032,-0.2033477425575256,0.0345207229256629,-0.0793458223342895,XArbitraryCorrectedZVertical,-0.7752107709595755,0.0040389162897918,-0.0717224377493637,-0.6276048438477044,0.9940733909606934,-0.0894370973110199,0.0617981031537056,48.7041015625,2.398269653320312,13.33784484863281,-1,2,12863
2025-11-20T22:24:47.130+01:00,14733,630849.395115125,2.723175857761388,-2.626109831220573,1.340747407937526,-0.0727424025535583,0.0294699501246213,-0.054580383002758,-0.0384690761566162,0.005726508796215,-0.0783554315567016,XArbitraryCorrectedZVertical,-0.7740744574884,0.0024554375731708,-0.0706111838372921,-0.6291397389008665,0.9944016337394714,-0.085621528327465,0.061921652406454,48.5987548828125,2.481124877929688,13.52690124511719,-1,2,12864
2025-11-20T22:24:47.170+01:00,14734,630849.4300311251,2.712200419997483,-2.615962036126553,1.342411753188224,-0.0937118008732795,-0.0838800817728042,0.1047654673457146,-0.025493323802948,0.0232717841863632,-0.0397898070514202,XArbitraryCorrectedZVertical,-0.7732464540939624,0.0032371192543582,-0.0708186169315498,-0.6301302106012867,0.9943194389343262,-0.0871145501732826,0.061152059584856,48.3819580078125,2.356292724609375,13.66029357910156,-1,2,12865
2025-11-20T22:24:47.198+01:00,14735,630849.4649481251,2.690367929709152,-2.598301705054582,1.344836137318373,-0.1258910745382309,-0.1081070378422737,0.017819408327341,-0.0756119489669799,0.0129428580403327,-0.0393320322036743,XArbitraryCorrectedZVertical,-0.7719191460564836,0.0056960874018471,-0.070358871023895,-0.6317895979773378,0.9942672848701476,-0.0903659462928772,0.0571542829275131,48.4566650390625,2.183639526367188,13.42283630371094,-1,2,12866
2025-11-20T22:24:47.233+01:00,14736,630849.499864125,2.684064333181082,-2.593296736197974,1.348671574016822,-0.068001240491867,0.0365401245653629,-0.1320956200361252,0.0684172511100769,-0.0459245294332504,-0.0176035165786743,XArbitraryCorrectedZVertical,-0.770694594448322,0.0058910112935589,-0.0696560868055238,-0.6333586996860358,0.9944031834602356,-0.0898024141788482,0.0556588396430015,48.3765869140625,2.133056640625,13.40298461914062,-1,2,12867
2025-11-20T22:24:47.268+01:00,14737,630849.534781125,2.70176028067895,-2.607576049170547,1.352281200436792,-0.013677017763257,0.1757531464099884,-0.1552874892950058,0.1433470249176025,0.0362119972705841,0.0551271513104438,XArbitraryCorrectedZVertical,-0.7702534396683667,0.0029890827307059,-0.0691658643403061,-0.633969192124025,0.9946840405464172,-0.0847196877002716,0.0585354715585708,48.40264892578125,2.275787353515625,13.44500732421875,-1,2,12868
2025-11-20T22:24:47.303+01:00,14738,630849.569697125,2.72497760371292,-2.624541334429957,1.353394457990995,0.0481483601033687,0.1212395057082176,-0.082893393933773,0.2386159896850586,0.0485903322696685,0.1069895103573799,XArbitraryCorrectedZVertical,-0.7705510485736002,-0.0007600275967994,-0.0698103652527425,-0.6335433780098063,0.9947367906570436,-0.0797487795352935,0.0643361210823059,48.10406494140625,2.606903076171875,13.92852783203125,-1,2,12869
2025-11-20T22:24:47.338+01:00,14739,630849.6046131251,2.729899349916626,-2.624411006186806,1.354777937539648,-0.0311056934297084,0.1365290582180023,-0.1473754793405533,0.388812780380249,-0.0468167588114738,0.116521954536438,XArbitraryCorrectedZVertical,-0.7701600167909205,-0.0029182332394584,-0.0712042551524287,-0.6338572597655966,0.9945337176322936,-0.0781985148787498,0.0691926628351211,48.032470703125,2.710357666015625,14.23753356933594,-1,2,12870
2025-11-20T22:24:47.373+01:00,14740,630849.6395301251,2.749704481099184,-2.643453761150597,1.354371170112425,0.0566734038293361,0.0632603615522384,0.0747454985976219,0.3035737872123718,-0.0337273478507995,0.0856572315096855,XArbitraryCorrectedZVertical,-0.7709096394374659,-0.0044536040923614,-0.0702024159360701,-0.6330482790568978,0.994781255722046,-0.0745337605476379,0.0696771219372749,47.85552978515625,2.921066284179688,14.20654296875,-1,2,12871
2025-11-20T22:24:47.411+01:00,14741,630849.674446125,2.754419775621694,-2.642478337513232,1.35079831644912,0.0899723917245864,0.1588827669620514,-0.1141929477453232,0.0368734002113342,0.0180716142058372,0.0935549810528755,XArbitraryCorrectedZVertical,-0.7718591509399827,-0.0060336140199075,-0.0726015070069042,-0.6316060277329621,0.9943156242370604,-0.0750784650444984,0.0754970610141754,47.77679443359375,2.9661865234375,14.35195922851562,-1,2,12872
2025-11-20T22:24:47.449+01:00,14742,630849.709363125,2.781643642535627,-2.666953812673741,1.35264755079214,0.0215632133185863,-0.0309822186827659,-0.1042534336447716,0.13933265209198,0.0136334151029586,0.0942712947726249,XArbitraryCorrectedZVertical,-0.7721183731086326,-0.0090891173764987,-0.0714827185725498,-0.6313800921716064,0.9945936799049376,-0.068931259214878,0.077664665877819,47.76007080078125,3.245407104492188,14.42213439941406,-1,2,12873
2025-11-20T22:24:47.477+01:00,14743,630849.7442793751,2.774404782410098,-2.663393873950668,1.351953002488161,-0.0404674783349037,-0.1688133180141449,0.1693653017282486,-0.0555467009544372,0.0676673576235771,0.0877567455172538,XArbitraryCorrectedZVertical,-0.7722177175467658,-0.0073170910591422,-0.0706699627379049,-0.6313731206154072,0.99474036693573,-0.0706428065896034,0.0741694271564483,47.91534423828125,3.3209228515625,14.56326293945312,-1,2,12874
2025-11-20T22:24:47.513+01:00,14744,630849.779196375,2.738458119580638,-2.635492723853811,1.348771399695751,0.0180369522422552,-0.2023952752351761,0.3083580434322357,-0.2769032120704651,0.0944733247160911,0.0112068727612495,XArbitraryCorrectedZVertical,-0.772203114134331,-0.0017645698212325,-0.0705628796610581,-0.6314430139551641,0.9946157336235046,-0.0790924727916717,0.0669638067483902,47.99798583984375,2.887786865234375,14.24293518066406,-1,2,12875
2025-11-20T22:24:47.547+01:00,14745,630849.814112375,2.69668749983958,-2.600378846534245,1.341474898986825,0.0668795555830001,-0.1227648854255676,0.3134076595306396,-0.3731139302253723,0.0611508935689926,0.0004594326019287,XArbitraryCorrectedZVertical,-0.7729132581905851,0.0044782280386307,-0.0721054376554947,-0.6303855373762103,0.99397873878479,-0.0906613916158676,0.061536930501461,47.9979248046875,2.450424194335938,13.57301330566406,-1,2,12876
2025-11-20T22:24:47.582+01:00,14746,630849.849029375,2.673899823848939,-2.580541668984878,1.333631073947155,0.1650317907333374,-0.0093781575560569,0.1867623031139374,-0.3564796447753906,0.0022531002759933,-0.0241286754608154,XArbitraryCorrectedZVertical,-0.7742057351571737,0.0083935118436309,-0.0739203072932052,-0.6285466225671751,0.993305206298828,-0.0989633053541183,0.0595900639891624,47.943115234375,2.143173217773438,13.70552062988281,-1,2,12877
2025-11-20T22:24:47.617+01:00,14747,630849.883945375,2.666611587121322,-2.572293282331314,1.324638759695856,0.1980858743190765,0.0556776039302349,0.1691047102212906,-0.2801302075386047,-0.00490552932024,0.0016473606228828,XArbitraryCorrectedZVertical,-0.7762209104733648,0.0102135174680305,-0.0763776283783683,-0.6257342820947807,0.9925936460494996,-0.1048051789402962,0.0614323914051055,47.869384765625,1.937042236328125,13.71908569335938,-1,2,12878
2025-11-20T22:24:47.652+01:00,14748,630849.9188613751,2.659870696942228,-2.56373383239125,1.316815025238633,0.1266522407531738,0.063849501311779,0.1611966639757156,-0.2017748951911926,-0.0263613387942314,0.0414916276931762,XArbitraryCorrectedZVertical,-0.7778807150127275,0.0115539496452074,-0.078959629084683,-0.6233245843456944,0.9918596744537354,-0.1100522354245186,0.0640533864498138,47.75933837890625,1.681060791015625,13.98580932617188,-1,2,12879
2025-11-20T22:24:47.690+01:00,14749,630849.953778375,2.651199992861185,-2.552660330614928,1.310547358915728,0.10772605240345,0.080099806189537,0.1419645100831985,-0.0839526057243347,-0.0749963894486427,0.0344835594296455,XArbitraryCorrectedZVertical,-0.7789908779744239,0.0126162682883931,-0.0816773433551031,-0.6215649613614908,0.9910877346992492,-0.1150365918874741,0.0671704187989234,47.5361328125,1.545867919921875,14.04083251953125,-1,2,12880
2025-11-20T22:24:47.722+01:00,14750,630849.988694375,2.643211352707195,-2.542863248145685,1.304971718809874,0.0874957293272018,0.0348127372562885,0.1435421258211136,-0.0712335705757141,-0.0671712681651115,0.0406962633132934,XArbitraryCorrectedZVertical,-0.7799462549545143,0.0137131646789569,-0.0840146777290373,-0.6200301677130722,0.9903772473335266,-0.1195963174104691,0.069639965891838,47.24530029296875,1.57427978515625,14.04693603515625,-1,2,12881
2025-11-20T22:24:47.757+01:00,14751,630850.023611375,2.630477089522581,-2.529673799983999,1.300545686095601,0.0018455444369465,0.0579361915588378,0.1255400478839874,-0.1320618987083435,-0.0196486860513687,0.0344734266400337,XArbitraryCorrectedZVertical,-0.7804021312613644,0.0154224862182302,-0.0860215755558527,-0.6191406370875756,0.9896669983863832,-0.1247147545218468,0.0707510709762573,47.224853515625,1.3409423828125,14.40547180175781,-1,2,12882
2025-11-20T22:24:47.792+01:00,14752,630850.058527375,2.628664664361248,-2.52703484123573,1.298407183150183,0.0341608822345733,-0.021288301795721,0.0790029764175415,0.0746115446090698,-0.0551759898662567,-0.0048019960522651,XArbitraryCorrectedZVertical,-0.7808052409005947,0.0157179746567346,-0.0868850061874863,-0.6185039166665431,0.989398956298828,-0.1262204796075821,0.0718185454607009,47.072998046875,1.160675048828125,14.38951110839844,-1,2,12883
2025-11-20T22:24:47.827+01:00,14753,630850.0934443751,2.620221287451685,-2.517768532623592,1.298777952374605,-0.0495474077761173,0.0428169071674346,-0.0418342500925064,0.1402850747108459,-0.0951296687126159,-0.0275688096880912,XArbitraryCorrectedZVertical,-0.7802419276392674,0.0160755154342116,-0.0878201773028962,-0.6190734211474065,0.9891095757484436,-0.1279538422822952,0.0727347135543823,47.07037353515625,1.15997314453125,14.626708984375,-1,2,12884
2025-11-20T22:24:47.862+01:00,14754,630850.1283603751,2.625071821771147,-2.521030286779498,1.302831874792219,-0.1306672245264053,0.1188597083091736,-0.1785440295934677,0.2797276973724365,-0.0809109732508659,-0.0399369001388549,XArbitraryCorrectedZVertical,-0.7794189097158492,0.0144176397970885,-0.0872939069389468,-0.6202242312342376,0.9894372820854188,-0.1247622445225716,0.0738113969564437,46.877685546875,1.0697021484375,14.59550476074219,-1,2,12885
2025-11-20T22:24:47.896+01:00,14755,630850.163277375,2.664585101855778,-2.553719213860744,1.314405998373311,-0.0585317313671112,0.1144969612360001,-0.6021769046783447,0.564012348651886,-0.2315293252468109,-0.0608527660369873,XArbitraryCorrectedZVertical,-0.7781129069408677,0.0070347815812677,-0.0847457167535362,-0.622341554267631,0.9907819628715516,-0.1101912707090378,0.0787970572710037,46.791748046875,1.594329833984375,14.62513732910156,-1,2,12886
2025-11-20T22:24:47.932+01:00,14756,630850.198193375,2.707840933894501,-2.59122403203529,1.326448463028135,-0.1624928265810013,0.135838970541954,-0.2856352627277374,0.2039644718170166,0.0992510691285133,-0.0198177024722099,XArbitraryCorrectedZVertical,-0.7765949518668904,-0.0001868684051022,-0.0816127304244108,-0.6246916712660922,0.9920194745063782,-0.0951617434620857,0.0827143862843513,46.47222900390625,2.519866943359375,14.86289978027344,-1,2,12887
2025-11-20T22:24:47.970+01:00,14757,630850.233109375,2.723364955956281,-2.601498931003701,1.335063646716029,-0.1334541887044907,0.1702552884817123,-0.1758786588907242,0.0918267965316772,0.1253683269023895,-0.0280827209353447,XArbitraryCorrectedZVertical,-0.7746846303171212,-0.0044250716319425,-0.08109642943618,-0.627110522046802,0.9923102259635924,-0.0880606174468994,0.0869815275073051,46.49798583984375,2.660919189453125,14.90988159179688,-1,2,12888
2025-11-20T22:24:48.001+01:00,14758,630850.2680263751,2.737096805123231,-2.608890094326953,1.337922796130641,0.0182231161743402,0.1417224556207657,-0.0338032208383083,0.066550076007843,0.0137302428483963,-0.0442761108279228,XArbitraryCorrectedZVertical,-0.7741685866770637,-0.0078893101875665,-0.0820910861566468,-0.6275842292456244,0.9921353459358216,-0.0839664563536644,0.0928295254707336,46.4591064453125,2.999053955078125,15.54182434082031,-1,2,12889
2025-11-20T22:24:48.036+01:00,14759,630850.3029423751,2.738669200946533,-2.607886211901461,1.337576213162012,0.0244921389967203,-0.0011849524453282,-0.0225635208189487,-0.1031601428985596,0.0008233189582824,-0.0309609174728393,XArbitraryCorrectedZVertical,-0.7742148709745877,-0.0087571165669933,-0.083026968200894,-0.6273924187279725,0.991908311843872,-0.0837853625416755,0.0953834578394889,46.25518798828125,2.639816284179688,15.57940673828125,-1,2,12890
2025-11-20T22:24:48.071+01:00,14760,630850.337859375,2.744642376333177,-2.614315658349895,1.337392827982042,0.0196484308689832,-0.0196422319859266,-0.0232039205729961,-0.1975944042205811,0.0035887509584426,-0.0452504307031631,XArbitraryCorrectedZVertical,-0.7745041377669821,-0.0090240653295176,-0.0824392343675113,-0.6271089555603284,0.9920583963394164,-0.0826140046119689,0.0948413759469986,46.22479248046875,2.733123779296875,15.68498229980469,-1,2,12891
2025-11-20T22:24:48.106+01:00,14761,630850.372775375,2.745601882736573,-2.616118919859754,1.33785995400082,-0.037327729165554,-0.0267118550837039,-0.0033393916673958,-0.185214638710022,-0.0067857280373573,-0.0408998727798461,XArbitraryCorrectedZVertical,-0.7744463836669073,-0.0089043600783472,-0.0819701432344189,-0.6272435435851599,0.9921756982803344,-0.0822188034653663,0.0939545854926109,46.153564453125,2.620407104492188,15.64166259765625,-1,2,12892
2025-11-20T22:24:48.141+01:00,14762,630850.407692375,2.734052296127108,-2.606136995275198,1.339200468932019,-0.0998159497976303,-0.0435819216072559,0.0866935402154922,-0.1864793300628662,-0.0098787918686866,-0.0469057559967041,XArbitraryCorrectedZVertical,-0.7737196417944202,-0.0077820933860491,-0.0820007143154382,-0.6281506948051271,0.9921586513519288,-0.0840542986989021,0.0924989506602287,46.2060546875,2.731781005859375,15.84620666503906,-1,2,12893
2025-11-20T22:24:48.176+01:00,14763,630850.442608375,2.708668989727638,-2.583178803155902,1.340903073493727,-0.1477614492177963,-0.0325290113687515,0.1229109093546867,-0.2238247990608215,0.0002470463514328,-0.0531126260757446,XArbitraryCorrectedZVertical,-0.7723986031260337,-0.0054726322183611,-0.0826189547717321,-0.6297178911649228,0.991967499256134,-0.0885038748383522,0.0903744921088218,46.040283203125,2.461105346679688,15.61048889160156,-1,2,12894
2025-11-20T22:24:48.211+01:00,14764,630850.4775253751,2.685710245009894,-2.560856500956775,1.343201094649427,-0.1214646697044373,0.0125261209905147,0.0753264799714088,-0.1545136570930481,-0.0267699509859085,-0.0633882358670234,XArbitraryCorrectedZVertical,-0.7709122812126067,-0.0040501297844852,-0.0836067961369616,-0.6314172177312591,0.991686999797821,-0.0920502468943595,0.0899079665541648,45.97930908203125,2.236190795898438,15.76060485839844,-1,2,12895
2025-11-20T22:24:48.246+01:00,14765,630850.5124413751,2.655064256847214,-2.532105824450643,1.342762805953726,-0.0916557163000106,-0.0710169821977615,0.3064592778682709,-0.1325588226318359,0.0022054687142372,-0.0444576740264892,XArbitraryCorrectedZVertical,-0.7698555261125121,-0.0012507451224664,-0.0850750838681527,-0.6325212833033903,0.9912166595458984,-0.0982900634407997,0.0884792357683181,46.06500244140625,2.008590698242188,15.79331970214844,-1,2,12896
2025-11-20T22:24:48.281+01:00,14766,630850.547357375,2.6015435435168,-2.483341771659027,1.337200225411076,-0.1008784994482994,-0.0766466185450553,0.3731049597263336,-0.2685983180999756,0.0465475991368293,-0.0149504020810127,XArbitraryCorrectedZVertical,-0.7691110302247486,0.0049875445561038,-0.0879510478267468,-0.6330149692731135,0.9901253581047058,-0.1115653067827225,0.0848814249038696,45.84423828125,1.239151000976562,15.36412048339844,-1,2,12897
2025-11-20T22:24:48.315+01:00,14767,630850.582274375,2.579066770230245,-2.463314538033328,1.337676717082365,-0.1138480007648468,-0.0600096434354782,-0.1519105434417725,0.0127900242805481,-0.0956910699605941,0.0134944841265678,XArbitraryCorrectedZVertical,-0.7680417927510019,0.007183293286673,-0.0884316983283701,-0.6342238978838377,0.98984956741333,-0.115612618625164,0.0826510414481163,45.815185546875,0.7702178955078125,15.53131103515625,-1,2,12898
2025-11-20T22:24:48.351+01:00,14768,630850.617190375,2.60152431870775,-2.486449634193824,1.345345540313964,-0.0803443491458892,0.0823688507080078,-0.1898902505636215,0.2339098453521729,-0.0182945877313613,0.0503454133868217,XArbitraryCorrectedZVertical,-0.767210820936675,0.0043498714061387,-0.0851588960439831,-0.6357016015494673,0.9909282326698304,-0.1071784272789955,0.0810784623026847,45.8294677734375,1.105194091796875,15.468017578125,-1,2,12899
2025-11-20T22:24:48.385+01:00,14769,630850.6521073751,2.620915442745285,-2.500340899694082,1.351833990192164,-0.0891619548201561,0.0901317149400711,-0.2754245698451996,0.295795202255249,0.0121694281697273,0.1174432039260864,XArbitraryCorrectedZVertical,-0.7661809458635542,5.422451641131778e-05,-0.0847515438559041,-0.637011772009254,0.9912683963775636,-0.100136362016201,0.0857885554432869,45.60858154296875,1.435577392578125,15.57524108886719,-1,2,12900
2025-11-20T22:24:48.420+01:00,14770,630850.6870233751,2.644569999443536,-2.520405340032208,1.363883587506562,-0.2193448096513748,0.0872038528323173,-0.4444766342639923,0.6335347294807434,-0.1158937886357307,0.1245616674423218,XArbitraryCorrectedZVertical,-0.7638760203311077,-0.0049019235217824,-0.0823702467997036,-0.6400660915799754,0.992060363292694,-0.0896726101636886,0.0881762206554412,45.6895751953125,1.647689819335938,15.75357055664062,-1,2,12901
2025-11-20T22:24:48.455+01:00,14771,630850.7219404167,2.681996154536924,-2.558679694458524,1.377243472476622,-0.2621828615665436,-0.0284782983362674,-0.1727040857076645,0.5862205624580383,-0.067607544362545,0.1191723346710205,XArbitraryCorrectedZVertical,-0.761711407610212,-0.0093439733659534,-0.0773909463038541,-0.6432099893176032,0.993338704109192,-0.0766642987728118,0.0860278084874153,45.42022705078125,2.232437133789062,15.79917907714844,-1,2,12902
2025-11-20T22:24:48.490+01:00,14772,630850.7568564167,2.673813421521978,-2.549810171221609,1.386060416749588,-0.2364328056573868,0.0187515020370483,-0.0934381186962127,0.1884991526603699,0.0239378437399864,0.0703164339065551,XArbitraryCorrectedZVertical,-0.7590201281708007,-0.0106677398955911,-0.0765860990984349,-0.6464590049674094,0.9935381412506104,-0.0737883001565933,0.086238756775856,45.35076904296875,2.378326416015625,15.64773559570312,-1,2,12903
2025-11-20T22:24:48.530+01:00,14773,630850.7917734167,2.656318543156567,-2.532695934631072,1.394477412429507,-0.2120131999254227,-0.0153227979317307,-0.0107065886259079,0.1241238117218018,0.0028385147452354,0.0228164196014404,XArbitraryCorrectedZVertical,-0.7561862914719881,-0.0111233496231039,-0.0758961472869583,-0.6498449000502724,0.9937045574188232,-0.0723880678415298,0.0855056270956993,45.33514404296875,2.461273193359375,15.698486328125,-1,2,12904
2025-11-20T22:24:48.560+01:00,14774,630850.8266894167,2.636578689703807,-2.514449278695323,1.399961868768769,-0.1566603481769562,-0.0585107617080211,-0.0278470069169998,-0.0848687887191772,-0.0169712081551551,0.0037057325243949,XArbitraryCorrectedZVertical,-0.7541310580291269,-0.0106409000708354,-0.0753492980571711,-0.652300199705838,0.9938347339630128,-0.0725368335843086,0.0838491693139076,45.33660888671875,2.298568725585938,15.55805969238281,-1,2,12905
2025-11-20T22:24:48.595+01:00,14775,630850.8616054168,2.628554011597054,-2.508228291045811,1.40286901960477,-0.0177291128784418,-0.0167788080871105,-0.009846594184637,-0.232911229133606,0.0380630865693092,-0.0185127034783363,XArbitraryCorrectedZVertical,-0.7531645727038749,-0.010205241460885,-0.0745271017301329,-0.6535173149230571,0.9940198063850404,-0.072181761264801,0.081943430006504,45.31298828125,2.157699584960938,15.35272216796875,-1,2,12906
2025-11-20T22:24:48.630+01:00,14776,630850.8965224167,2.631483804092505,-2.511112705139664,1.402190248505079,0.0620795413851738,0.0005261343903839,0.0156129151582717,-0.2462314963340759,0.0421646609902381,0.0137260034680366,XArbitraryCorrectedZVertical,-0.7534378269756569,-0.0102359949189033,-0.0745257835609987,-0.6532018369356685,0.9940190315246582,-0.0721176713705062,0.0820075795054435,45.36102294921875,2.285888671875,15.40264892578125,-1,2,12907
2025-11-20T22:24:48.665+01:00,14777,630850.9314384167,2.631822751455029,-2.511286809797933,1.398908544978857,0.0812122821807861,-0.0067258700728416,0.0776599422097206,-0.1568930745124817,0.0079927816987037,0.0309647247195243,XArbitraryCorrectedZVertical,-0.7543172493927709,-0.0096770683521945,-0.0751887343357807,-0.6521184682654793,0.9938681125640868,-0.0737733989953994,0.0823622569441795,45.27978515625,2.173294067382812,15.03826904296875,-1,2,12908
2025-11-20T22:24:48.700+01:00,14778,630850.9663554167,2.627705621361304,-2.508151159643216,1.394661313428682,0.0824086889624595,-0.0229351911693811,0.0795694664120674,-0.1300337910652161,-0.0169603675603866,0.0368404313921928,XArbitraryCorrectedZVertical,-0.7553449472919308,-0.0083272936320315,-0.0758326806382294,-0.6508717183602922,0.9937115907669068,-0.0765912681818008,0.0816745087504386,45.132568359375,2.01409912109375,14.91506958007812,-1,2,12909
2025-11-20T22:24:48.734+01:00,14779,630851.0012714167,2.635673262223772,-2.515388641520208,1.392419174851574,0.0824513360857963,0.0376248061656951,-0.0770521759986877,-0.0993912816047668,-0.0131778046488761,0.0532027408480644,XArbitraryCorrectedZVertical,-0.7561812505188219,-0.0085542680223797,-0.076110698670912,-0.6498645606508197,0.9936478137969972,-0.0765591263771057,0.082478366792202,45.00335693359375,2.132614135742188,14.86393737792969,-1,2,12910
2025-11-20T22:24:48.770+01:00,14780,630851.0361884166,2.662897867840532,-2.541373975124943,1.391448656660573,0.1264071017503738,0.0172579959034919,-0.103159211575985,0.0563966631889343,-0.0060683414340019,0.0608937740325927,XArbitraryCorrectedZVertical,-0.7572972435079952,-0.0102385444831572,-0.0752939144118309,-0.6486346530544517,0.9938352108001708,-0.0728806257247924,0.083545871078968,45.23419189453125,2.324310302734375,14.93580627441406,-1,2,12911
2025-11-20T22:24:48.810+01:00,14781,630851.0711044167,2.70364980798459,-2.579800047857869,1.390208852428913,0.188356027007103,0.069495640695095,-0.2756635844707489,0.1463381052017212,-0.0496894717216491,0.0535577610135078,XArbitraryCorrectedZVertical,-0.7588359151577593,-0.0130200754506664,-0.0741425095412808,-0.6469169724216197,0.9940733313560486,-0.0670707896351814,0.0855565667152404,45.0313720703125,2.3841552734375,14.74822998046875,-1,2,12912
2025-11-20T22:24:48.839+01:00,14782,630851.1060214167,2.772725832107292,-2.648280753299932,1.387288698572653,0.2517494559288025,-0.0687517300248146,-0.1977624446153641,0.1824248433113098,-0.028003416955471,0.0330455154180526,XArbitraryCorrectedZVertical,-0.7616308462430084,-0.0167120419272456,-0.0708571871589838,-0.6439086211069417,0.994699001312256,-0.0570337995886802,0.0855609774589538,44.91326904296875,3.110580444335938,14.74072265625,-1,2,12913
2025-11-20T22:24:48.874+01:00,14783,630851.1409374167,2.811159674556407,-2.688779300041467,1.381652563708765,0.2310914248228073,-0.0888143107295036,-0.0310368463397026,0.0091057419776916,0.0897259637713432,0.0038596466183662,XArbitraryCorrectedZVertical,-0.7643473318933279,-0.017561218362918,-0.0685344070383327,-0.6409118255696408,0.9951363205909728,-0.0525860786437988,0.0832985043525695,44.64404296875,3.57476806640625,14.22315979003906,-1,2,12914
2025-11-20T22:24:48.909+01:00,14784,630851.1758534167,2.832326583012987,-2.711530035725123,1.373983728011545,0.2629738450050354,-0.0266356356441974,-0.0430421493947506,-0.0395857095718383,0.0756479725241661,-0.0512339025735855,XArbitraryCorrectedZVertical,-0.7671812173087074,-0.0173753706895757,-0.0675757524047735,-0.6376241411843107,0.9953197836875916,-0.0514780469238758,0.0817819461226463,44.8431396484375,3.761734008789062,14.3731689453125,-1,2,12915
2025-11-20T22:24:48.944+01:00,14785,630851.2107704167,2.872199918826302,-2.753010077767171,1.368373679136814,0.1977870017290115,-0.1205755025148392,-0.1786571592092514,0.0847627520561218,0.0158263444900512,-0.0286659076809883,XArbitraryCorrectedZVertical,-0.7698528432777407,-0.0188166460260078,-0.0649823880045109,-0.6346257624146651,0.995757818222046,-0.0458098798990249,0.0797980353236198,44.787353515625,3.967666625976562,13.98626708984375,-1,2,12916
2025-11-20T22:24:48.979+01:00,14786,630851.2456864167,2.907930302020086,-2.791865973883294,1.364108900122625,0.1861005276441574,-0.0862119123339653,-0.1166347190737724,0.106514036655426,0.0354015529155731,-0.0640652179718017,XArbitraryCorrectedZVertical,-0.77201395517971,-0.0198158820759195,-0.0617703281683737,-0.632286510176752,0.9962843656539916,-0.0400860086083412,0.0762264654040336,44.6121826171875,4.303054809570312,13.84442138671875,-1,2,12917
2025-11-20T22:24:49.014+01:00,14787,630851.2806034167,2.936371736842784,-2.821404631877368,1.35984224502091,0.16460320353508,-0.0068411715328693,-0.1419107168912888,0.0039475560188293,0.0880055278539657,-0.0610409900546073,XArbitraryCorrectedZVertical,-0.7739069910049378,-0.0210658658518128,-0.0597319021228255,-0.6301241523127697,0.9965713620185852,-0.0354847945272922,0.07474335283041,44.646484375,4.83074951171875,13.40301513671875,-1,2,12918
2025-11-20T22:24:49.049+01:00,14788,630851.3155194167,2.971785201419682,-2.855049921545884,1.356399057560755,0.1382442116737366,0.0420797318220138,-0.1795359551906586,-0.0447754263877868,0.1071249693632126,-0.0347507074475288,XArbitraryCorrectedZVertical,-0.7755454646414484,-0.0238985772263295,-0.0581253225367739,-0.6281556834513611,0.9966949224472046,-0.0289847068488597,0.0758882611989975,44.63232421875,4.973373413085938,13.59107971191406,-1,2,12919
2025-11-20T22:24:49.089+01:00,14789,630851.3504364167,2.991993094623473,-2.873635939337684,1.353551268384704,0.0970998406410217,0.0243484675884246,0.0065779164433479,-0.0466100573539733,0.1074814200401306,-0.0227922275662422,XArbitraryCorrectedZVertical,-0.7767009138040258,-0.025686439579571,-0.0574628910811279,-0.6267167345815796,0.9966984391212464,-0.0253128372132778,0.0771439597010612,44.36676025390625,5.343917846679688,13.57217407226562,-1,2,12920
2025-11-20T22:24:49.119+01:00,14790,630851.3853524167,2.98062254567768,-2.862403955165848,1.349833069457498,0.0685897395014762,-0.010874006897211,0.1593071520328522,-0.1104126572608948,0.0615418255329132,-0.0261774063110351,XArbitraryCorrectedZVertical,-0.7776514209577194,-0.0244975625129555,-0.0585376144767192,-0.6254850832709842,0.9965973496437072,-0.028460768982768,0.0773553252220153,44.47601318359375,5.271713256835938,13.44961547851562,-1,2,12921
2025-11-20T22:24:49.153+01:00,14791,630851.4202694168,2.959963854540147,-2.842196394074328,1.346580404468076,0.0253284368664026,0.0110976174473762,0.121975801885128,-0.2235096096992493,0.0494696609675884,-0.0277874395251274,XArbitraryCorrectedZVertical,-0.778279645838904,-0.0225086002812631,-0.0601950498923805,-0.6246205542517879,0.996428370475769,-0.0336005315184593,0.0774699971079826,44.44390869140625,5.159957885742188,13.45487976074219,-1,2,12922
2025-11-20T22:24:49.189+01:00,14792,630851.4551854167,2.952088715468896,-2.834429537336271,1.347442075870122,-0.105548731982708,-0.0205077230930328,-0.0437032133340835,-0.2849777936935425,0.0790401101112365,-0.0059324577450752,XArbitraryCorrectedZVertical,-0.7778724839082497,-0.0219467624547906,-0.0606848916480527,-0.6251000711538922,0.9963729977607728,-0.0351100638508796,0.0775113925337791,44.3153076171875,5.069259643554688,13.13214111328125,-1,2,12923
2025-11-20T22:24:49.223+01:00,14793,630851.4901014167,2.948514778488516,-2.832278521314081,1.353469116794056,-0.227821558713913,-0.0440868772566318,0.0451199300587177,-0.2307815551757812,0.1110267117619514,-0.0208873823285102,XArbitraryCorrectedZVertical,-0.7760283208664186,-0.0217691565836146,-0.0598915291345055,-0.6274704430517805,0.996513307094574,-0.0344886407256126,0.0759714990854263,44.1751708984375,4.90020751953125,13.24343872070312,-1,2,12924
2025-11-20T22:24:49.258+01:00,14794,630851.5250184167,2.907042473708616,-2.793039760480451,1.359694074916702,-0.2634359896183014,-0.0407424569129943,0.3252930641174316,-0.1589367389678955,0.0828679800033569,-0.0564141273498535,XArbitraryCorrectedZVertical,-0.7733831583747635,-0.0186465552674334,-0.061473536973276,-0.6306757493668813,0.9963696002960204,-0.0414556190371513,0.0743583589792251,44.15618896484375,4.639251708984375,13.13615417480469,-1,2,12925
2025-11-20T22:24:49.293+01:00,14795,630851.5599344167,2.822607562758495,-2.711748278610192,1.363107926619315,-0.2922629415988922,-0.0298743918538093,0.4686658680438995,-0.2251299023628235,0.0523122921586036,-0.0720751360058784,XArbitraryCorrectedZVertical,-0.7704366289224154,-0.0121568066336444,-0.0657703453530376,-0.6339983236116441,0.9957292079925536,-0.0570577606558799,0.0725785791873931,44.21966552734375,3.808883666992188,12.95059204101562,-1,2,12926
2025-11-20T22:24:49.330+01:00,14796,630851.5948514167,2.736790087890753,-2.628045030615718,1.364566781974086,-0.2183662354946136,0.0254229605197906,0.4051636159420013,-0.1707839965820312,3.779679536819458e-05,-0.0956932231783866,XArbitraryCorrectedZVertical,-0.7675566080655565,-0.0059655196957834,-0.0704827774940463,-0.6370663782329415,0.9947739243507384,-0.0727001503109931,0.07169109582901,44.1187744140625,3.252197265625,12.82374572753906,-1,2,12927
2025-11-20T22:24:49.370+01:00,14797,630851.6297674167,2.661446981012642,-2.552660866882188,1.361946519741452,-0.1321458965539932,0.0597540587186813,0.4355900287628174,-0.1251676678657532,0.0211061388254165,-0.0849344730377197,XArbitraryCorrectedZVertical,-0.765638753022754,-0.0006844761921575,-0.0757821958781434,-0.6387910034322772,0.9934842586517334,-0.0876344516873359,0.0728646740317344,44.1107177734375,2.513412475585938,13.02706909179688,-1,2,12928
2025-11-20T22:24:49.398+01:00,14798,630851.6646844167,2.589373483565628,-2.481815064717719,1.355877544992766,-0.1069868057966232,-0.0445635169744491,0.4555455148220062,-0.0837992429733276,-0.0151578038930892,-0.0443034172058105,XArbitraryCorrectedZVertical,-0.7643465243320264,0.0054066989598625,-0.0809868735489545,-0.6396767898060126,0.9919413328170776,-0.1036471351981163,0.0728678181767463,44.13720703125,1.784088134765625,12.80072021484375,-1,2,12929
2025-11-20T22:24:49.433+01:00,14799,630851.6996004167,2.528315870996542,-2.425712269379896,1.349410282987374,-0.096570611000061,-0.1369091868400574,0.3411051332950592,-0.1128416657447815,0.0035126432776451,-0.025419108569622,XArbitraryCorrectedZVertical,-0.7633426898839382,0.0121359640583875,-0.0842120480842412,-0.640366402886116,0.9906035661697388,-0.1180756539106369,0.0690133944153785,44.0972900390625,1.018234252929688,12.63017272949219,-1,2,12930
2025-11-20T22:24:49.468+01:00,14800,630851.734516875,2.498681406393804,-2.401608076745373,1.345428026904547,0.0670850351452827,-0.1327677369117737,0.1020383760333061,0.183291494846344,-0.1157337129116058,-0.0504390001296997,XArbitraryCorrectedZVertical,-0.763044191058001,0.016611099073255,-0.0847902167291856,-0.640545331283421,0.9900025725364684,-0.1256450861692429,0.0640955865383148,43.98651123046875,0.5628204345703125,12.60386657714844,-1,2,12931
2025-11-20T22:24:49.503+01:00,14801,630851.7694328751,2.516221682095768,-2.421767077221756,1.341067327686658,0.2318692356348038,-0.0321526825428009,-0.11806620657444,0.2084378600120544,-0.0885725617408752,-0.0004839897155761,XArbitraryCorrectedZVertical,-0.7650562693889871,0.0173291268705199,-0.0836538465819491,-0.6382716387542853,0.9902009963989258,-0.1252335757017136,0.0617937259376049,44.0206298828125,0.3717041015625,12.24423217773438,-1,2,12932
2025-11-20T22:24:49.538+01:00,14802,630851.8043498751,2.566225742393538,-2.470213450990471,1.340919491266103,0.1656427681446075,0.0432440899312496,-0.3900401294231415,0.1884424090385437,-0.0086745545268058,0.1088533475995064,XArbitraryCorrectedZVertical,-0.7674741382749286,0.0136329019464517,-0.0810500142024455,-0.6357897364058114,0.9912298917770386,-0.1162033826112747,0.0629300326108932,43.79266357421875,0.749908447265625,12.37338256835938,-1,2,12933
2025-11-20T22:24:49.572+01:00,14803,630851.839265875,2.6439190947505,-2.542792141794126,1.348704208575394,0.1218532249331474,0.0698682367801666,-0.647209882736206,0.4729563593864441,-0.0926946476101875,0.1104143708944321,XArbitraryCorrectedZVertical,-0.7687292555641286,0.0053215041776025,-0.0763583151138975,-0.6349774168747494,0.9930163621902466,-0.0974603742361068,0.0664806887507438,43.68096923828125,1.705032348632812,12.35585021972656,-1,2,12934
2025-11-20T22:24:49.610+01:00,14804,630851.874181875,2.70484505000254,-2.598673767258059,1.353995775434771,0.055337443947792,0.1573788523674011,-0.1695337742567062,0.264124870300293,0.1481534242630005,0.1326084136962891,XArbitraryCorrectedZVertical,-0.7694711962921481,-0.0013074182361944,-0.0732913419298272,-0.634461060772729,0.9940385222434998,-0.0833493620157241,0.0702876076102256,43.52032470703125,2.4366455078125,12.14840698242188,-1,2,12935
2025-11-20T22:24:49.642+01:00,14805,630851.909098875,2.716150392884249,-2.605864636837578,1.352931580828921,0.0319065265357494,0.0514675974845886,0.0181668289005756,0.1338434815406799,0.0776283740997314,0.1243933364748955,XArbitraryCorrectedZVertical,-0.7700136679454858,-0.0032022034626216,-0.0742800783323658,-0.6336806219990386,0.993887722492218,-0.0816566795110702,0.0742912963032722,43.56072998046875,2.602813720703125,12.60893249511719,-1,2,12936
2025-11-20T22:24:49.677+01:00,14806,630851.944014875,2.721049073026069,-2.610804935480899,1.351281844906239,0.0734448432922363,-0.0685762390494346,-0.0438741147518158,0.1233884692192078,-0.0871439203619957,0.0544899702072143,XArbitraryCorrectedZVertical,-0.7706405408524646,-0.0032542743444682,-0.0741918256469358,-0.6329282953042822,0.993905782699585,-0.0814351812005043,0.0742941126227378,43.406982421875,2.607376098632812,12.51507568359375,-1,2,12937
2025-11-20T22:24:49.712+01:00,14807,630851.9789318751,2.729746311351971,-2.622747836088695,1.349650229559642,0.0815485492348671,-0.1029818654060364,0.0156910121440887,-0.0423043966293335,-0.0100591108202934,0.0306650400161743,XArbitraryCorrectedZVertical,-0.7715138602357128,-0.0025671578148982,-0.0725942957620813,-0.6320521408084742,0.9942238926887512,-0.0804407596588134,0.07105004042387,43.36773681640625,2.76287841796875,12.37588500976562,-1,2,12938
2025-11-20T22:24:49.747+01:00,14808,630852.0138478751,2.728640222297311,-2.62482549939263,1.345744237485251,0.095289796590805,-0.0893096625804901,0.1061758324503899,-0.1986147165298462,0.0202736631035804,0.0185222551226615,XArbitraryCorrectedZVertical,-0.772662928959227,-0.0008606698193105,-0.0720504114631911,-0.6307138756959288,0.9942688941955566,-0.082346424460411,0.068178117275238,43.39166259765625,2.805389404296875,12.28164672851562,-1,2,12939
2025-11-20T22:24:49.782+01:00,14809,630852.048764875,2.715580397245169,-2.615326771752743,1.340158061564742,0.097969576716423,-0.0894615054130554,0.1894319802522659,-0.2489440441131592,0.0049569085240364,0.0098135396838188,XArbitraryCorrectedZVertical,-0.7738403557256357,0.0020976167579767,-0.0724872833144075,-0.629215561347071,0.9940305948257446,-0.0874306634068489,0.065259613096714,43.4857177734375,2.544235229492188,12.03804016113281,-1,2,12940
2025-11-20T22:24:49.817+01:00,14810,630852.083680875,2.699513415945011,-2.602245245987726,1.334039584314154,0.0962688773870468,-0.0366193316876888,0.1448021978139877,-0.3350080251693726,-0.0014674887061119,-0.0035996437072753,XArbitraryCorrectedZVertical,-0.7749841714253558,0.0052195762863559,-0.0734903023243076,-0.6276715112832433,0.99362313747406,-0.0934879630804061,0.0630325749516487,43.55029296875,2.4130859375,11.88603210449219,-1,2,12941
2025-11-20T22:24:49.852+01:00,14811,630852.118597875,2.696209582809336,-2.598533043209185,1.32940738070648,0.1081072092056274,0.0500747561454772,0.0492075495421886,-0.3131559491157532,0.0201877206563949,0.0142853260040283,XArbitraryCorrectedZVertical,-0.7760750831706279,0.006115368202436,-0.0746534264786164,-0.6261764933212046,0.9933011531829834,-0.0962985605001449,0.0638701245188713,43.4976806640625,2.2860107421875,11.76446533203125,-1,2,12942
2025-11-20T22:24:49.890+01:00,14812,630852.1535138751,2.695928809404258,-2.59692785137284,1.325237640692406,0.0727417916059494,0.022987013682723,0.1066854596138,-0.1511110067367554,0.0135228559374809,0.0321341678500175,XArbitraryCorrectedZVertical,-0.7771227912560572,0.0064258904795144,-0.0758747853155106,-0.6247254602320986,0.9929993748664856,-0.0982701778411865,0.0655373111367225,43.2640380859375,2.3289794921875,11.8936767578125,-1,2,12943
2025-11-20T22:24:49.922+01:00,14813,630852.1884308751,2.67930797507324,-2.57987739198977,1.321267860993791,0.0022085539530962,0.0467575266957283,0.2424785047769547,-0.145910918712616,0.0007172897458076,0.0256321504712104,XArbitraryCorrectedZVertical,-0.7774530642901312,0.0082433514937823,-0.0779761929757162,-0.624034162523712,0.9923770427703856,-0.1036988645792007,0.0665919333696365,43.29107666015625,2.114639282226562,11.84725952148438,-1,2,12944
2025-11-20T22:24:49.957+01:00,14814,630852.223346875,2.638818027034979,-2.538268869677994,1.314889836054711,-0.0249010454863309,0.0781362503767013,0.4017036557197571,-0.1440245509147644,0.0119547024369239,0.0260978937149047,XArbitraryCorrectedZVertical,-0.7772192783830891,0.0121523675931844,-0.0826404437556526,-0.6236610574907037,0.9909026026725768,-0.1155771315097809,0.0689490437507629,43.21685791015625,1.803955078125,12.01052856445312,-1,2,12945
2025-11-20T22:24:49.991+01:00,14815,630852.258262875,2.595679994038097,-2.49407520141204,1.308322435388236,-0.029745889827609,0.073606252670288,0.3137862086296082,-0.100676953792572,-0.0369460433721542,0.0293515920639038,XArbitraryCorrectedZVertical,-0.7766633952783765,0.0163981519088503,-0.0875951672892197,-0.6235801994816884,0.989165723323822,-0.1283371597528458,0.0712800249457359,42.9935302734375,1.039520263671875,11.99139404296875,-1,2,12946
2025-11-20T22:24:50.027+01:00,14816,630852.293179875,2.570800358633287,-2.466311351890487,1.304045071108762,-0.0192453879863023,0.1382035315036774,0.1179604455828667,-0.1011925339698792,-0.001410961151123,0.0440677478909492,XArbitraryCorrectedZVertical,-0.7762346046531065,0.0182702015665723,-0.0914656290449864,-0.623506434947186,0.9878655672073364,-0.1360554844141006,0.0749050080776214,42.7982177734375,0.6500701904296875,12.04443359375,-1,2,12947
2025-11-20T22:24:50.061+01:00,14817,630852.328095875,2.568674522109329,-2.459102027495716,1.305322871657508,-0.0197782181203365,0.1131584346294403,-0.1105952486395836,0.1055468916893005,-0.0590737909078598,0.0406362935900688,XArbitraryCorrectedZVertical,-0.7755795360384485,0.0165808068606306,-0.0933402804169223,-0.6240905411832607,0.9875163435935974,-0.1357961893081665,0.0798165053129196,42.562744140625,0.4767913818359375,12.36631774902344,-1,2,12948
2025-11-20T22:24:50.096+01:00,14818,630852.3630128751,2.568870418931966,-2.457360450706493,1.30696000697538,-0.0970200151205062,0.0574778392910957,0.0495639778673648,0.1413240432739258,0.0388736575841903,0.0404992029070854,XArbitraryCorrectedZVertical,-0.7751117362879556,0.0156198751297971,-0.0937437540447541,-0.6246358506312886,0.9875058531761168,-0.1348361670970917,0.0815557688474655,42.459228515625,0.63763427734375,12.19241333007812,-1,2,12949
2025-11-20T22:24:50.131+01:00,14819,630852.397928875,2.561438908700493,-2.449156192294553,1.309773509641732,-0.1419187486171722,0.0177293419837951,-0.0466347932815551,0.236109733581543,0.018456146121025,0.0068771839141845,XArbitraryCorrectedZVertical,-0.7740035850343003,0.0153427003362648,-0.0940220105812872,-0.6259736053478009,0.9874619841575624,-0.1348196864128113,0.0821120291948318,42.32781982421875,0.6073760986328125,12.64736938476562,-1,2,12950
2025-11-20T22:24:50.170+01:00,14820,630852.432845875,2.560293883313287,-2.444999756327434,1.317457482753899,-0.1973976045846939,0.151074081659317,-0.2573312819004059,0.5653911232948303,-0.0942394286394119,-0.0324961021542549,XArbitraryCorrectedZVertical,-0.7719833858036202,0.0128579667198961,-0.0936852812278745,-0.6285693459594098,0.98783141374588,-0.1306903660297394,0.0843148604035377,42.3590087890625,0.7602691650390625,12.43658447265625,-1,2,12951
2025-11-20T22:24:50.201+01:00,14821,630852.467761875,2.586465062634138,-2.469277537937264,1.326048774240767,-0.0654523447155952,-0.0362805947661399,-0.0533168166875839,0.6687107682228088,-0.1134698987007141,-0.0631835535168647,XArbitraryCorrectedZVertical,-0.7711781749253205,0.0086115670055527,-0.0908089079801313,-0.6300505981442088,0.9890497326850892,-0.1205999255180359,0.0850646197795867,42.4071044921875,1.073043823242188,12.32058715820312,-1,2,12952
2025-11-20T22:24:50.236+01:00,14822,630852.502678875,2.562342695271852,-2.447500623394812,1.326617475180321,-0.0854282602667808,-0.0679122805595397,0.1546707898378372,0.0152621865272522,0.1054464429616928,-0.045502670109272,XArbitraryCorrectedZVertical,-0.7699306369325862,0.0109193893022352,-0.0914762427528447,-0.6314425322112267,0.9886744618415833,-0.125069260597229,0.0829476416110992,42.3323974609375,1.03338623046875,12.394775390625,-1,2,12953
2025-11-20T22:24:50.271+01:00,14823,630852.5375948751,2.548812080792402,-2.437734790165785,1.327057111499522,0.0034815846011042,-0.113190583884716,0.0092196855694055,0.0109664797782897,0.034351959824562,-0.0690444782376289,XArbitraryCorrectedZVertical,-0.769300103031741,0.0129473144349207,-0.0908682013108132,-0.6322599981833033,0.9886672496795654,-0.1274610757827759,0.0793136358261108,42.2034912109375,0.8627471923828125,12.17442321777344,-1,2,12954
2025-11-20T22:24:50.306+01:00,14824,630852.5725118751,2.545011752758922,-2.438741580394113,1.325217741258235,-0.019979041069746,-0.1699409484863281,0.1004478484392166,-0.1578382253646851,-0.0158569514751434,-0.049736738204956,XArbitraryCorrectedZVertical,-0.7697539072589548,0.0151221753435126,-0.0896656894799437,-0.6318309620784665,0.9887861013412476,-0.1292694061994553,0.0747763216495513,42.31536865234375,0.910308837890625,12.0687255859375,-1,2,12955
2025-11-20T22:24:50.341+01:00,14825,630852.607427875,2.526295898995851,-2.427121428690736,1.324655012835868,-0.1036129370331764,-0.1537063121795654,0.0824468284845352,-0.3439598083496094,0.0062027126550674,-0.0679836347699165,XArbitraryCorrectedZVertical,-0.7692100751895263,0.0187716289282258,-0.0883396360674055,-0.6325816895730737,0.9887503981590272,-0.1332321017980576,0.0679836124181747,42.3441162109375,0.689422607421875,11.68534851074219,-1,2,12956
2025-11-20T22:24:50.376+01:00,14826,630852.642344875,2.514452551209088,-2.418631126582986,1.327940741737881,-0.1547406911849976,-0.0493415594100952,-0.1082408577203751,-0.3309755921363831,-0.0199573934078216,-0.0932892560958862,XArbitraryCorrectedZVertical,-0.7679608420883903,0.0199112230893974,-0.0871425818719452,-0.6342286043608298,0.9889498353004456,-0.1335155069828033,0.0644347593188285,42.38580322265625,0.801177978515625,11.68096923828125,-1,2,12957
2025-11-20T22:24:50.410+01:00,14827,630852.677260875,2.512766689295557,-2.418401520788518,1.33599624829909,-0.2038795053958893,-0.0069344290532171,-0.1158758103847504,-0.2630299925804138,0.0146487802267074,-0.0990489721298217,XArbitraryCorrectedZVertical,-0.7660668802278894,0.0187004460250981,-0.0849428196883873,-0.6368489714348163,0.9896992444992064,-0.1289371252059937,0.0622141696512699,42.2213134765625,0.9810943603515624,11.74716186523438,-1,2,12958
2025-11-20T22:24:50.450+01:00,14828,630852.7121768751,2.49866507292195,-2.403772841087053,1.342661795161065,-0.2127198874950409,0.0436283908784389,-0.0220317281782627,-0.1542260646820068,-0.0016495436429977,-0.1013648360967636,XArbitraryCorrectedZVertical,-0.7637742456576918,0.0179348566763845,-0.0845727901751264,-0.6396678028539485,0.9899043440818788,-0.1273635476827621,0.0621954426169395,42.0064697265625,0.817413330078125,11.93611145019531,-1,2,12959
2025-11-20T22:24:50.480+01:00,14829,630852.74709375,2.480951500003691,-2.384457669914189,1.349898170454189,-0.2487922012805939,0.0503940992057323,-0.0612850300967693,-0.1542934775352478,0.0086701065301895,-0.0895613431930542,XArbitraryCorrectedZVertical,-0.7611441061243401,0.0168439778078892,-0.0846333825563307,-0.6428166290574767,0.9900325536727904,-0.1258576065301895,0.0632094070315361,41.92999267578125,0.9004669189453125,11.75543212890625,-1,2,12960
2025-11-20T22:24:50.515+01:00,14830,630852.78200975,2.444005224917075,-2.346643175359119,1.354866187429832,-0.2509443461894989,0.0392650589346885,0.2187102735042572,-0.1162396669387817,0.0360138267278671,-0.0744539499282836,XArbitraryCorrectedZVertical,-0.7581010659283236,0.0175201782437788,-0.0859376819150196,-0.6462125301091355,0.9896374940872192,-0.1286499500274658,0.0637726709246635,41.9739990234375,0.6696624755859375,11.65420532226562,-1,2,12961
2025-11-20T22:24:50.550+01:00,14831,630852.81692675,2.382791643650816,-2.286706991234977,1.351781842106492,-0.1845306307077408,-0.0385978408157825,0.3797650039196014,-0.2242018580436707,0.0621688514947891,-0.0610957145690918,XArbitraryCorrectedZVertical,-0.7555202367561769,0.0220489075128943,-0.0895580787654418,-0.6486003365142435,0.988117814064026,-0.1402328014373779,0.0629114583134651,41.86993408203125,0.0505523681640625,12.013671875,-1,2,12962
2025-11-20T22:24:50.585+01:00,14832,630852.85184275,2.327927602369099,-2.234471201287071,1.347413999058993,-0.1705271750688553,-0.0223482772707939,0.1430574804544449,-0.1568313837051392,0.02310511469841,-0.0153223276138305,XArbitraryCorrectedZVertical,-0.7533312488504258,0.0269245585500339,-0.0925725727756522,-0.6505363326169729,0.9865890741348268,-0.15152308344841,0.0606866367161274,41.76531982421875,-0.5269775390625,11.63883972167969,-1,2,12963
2025-11-20T22:24:50.620+01:00,14833,630852.8867597501,2.314273300063695,-2.223500246170917,1.350574004952988,-0.0707810670137405,-0.1131263747811317,-0.1500526815652847,0.2740663886070251,-0.1469866186380386,0.013007640838623,XArbitraryCorrectedZVertical,-0.7520448917869856,0.0276383505755646,-0.0914139830705177,-0.6521565282451659,0.9868283271789552,-0.1511243283748627,0.0577168054878711,41.58935546875,-0.4563446044921875,11.52481079101562,-1,2,12964
2025-11-20T22:24:50.655+01:00,14834,630852.92167575,2.33258319589767,-2.243348103770051,1.357282602209644,0.0012396445963531,0.0706517398357391,-0.3364488184452057,0.1358099579811096,0.0381591767072677,0.0776305273175239,XArbitraryCorrectedZVertical,-0.7519025180161133,0.0254261919194345,-0.0881449188444082,-0.6528604199166408,0.9880762100219728,-0.143566906452179,0.0556244887411594,41.4638671875,-0.2062225341796875,11.25263977050781,-1,2,12965
2025-11-20T22:24:50.690+01:00,14835,630852.95659275,2.387424150729088,-2.294873511659714,1.369317219673723,0.0016720248386263,0.0175466127693653,-0.5516209006309509,0.349505603313446,0.0442849546670913,0.1468914747238159,XArbitraryCorrectedZVertical,-0.7522912366465804,0.0184915826498888,-0.0835797735589816,-0.6532461428202496,0.9901856780052184,-0.1272164732217789,0.0578662380576133,41.28607177734375,0.46844482421875,11.47956848144531,-1,2,12966
2025-11-20T22:24:50.726+01:00,14836,630852.99150875,2.445540963072286,-2.353555595252934,1.381123245778557,0.0099570704624056,-0.116207130253315,-0.2779709994792938,0.5136633515357971,0.0028933063149452,0.1182709932327271,XArbitraryCorrectedZVertical,-0.7525396951309901,0.0128865064469971,-0.0776148768784075,-0.6538301565933219,0.9922264814376832,-0.1110170856118202,0.0562284290790557,41.25335693359375,1.158660888671875,11.57147216796875,-1,2,12967
2025-11-20T22:24:50.760+01:00,14837,630853.02642575,2.451350591844878,-2.361766078954526,1.381104983381833,0.0906990319490432,-0.0027609528042376,0.1261159032583237,0.1824931502342224,0.1400017142295837,0.0743901655077934,XArbitraryCorrectedZVertical,-0.7528980769753195,0.013387795192501,-0.076427798082803,-0.6535472133559503,0.9924486875534058,-0.1102165281772614,0.053829401731491,41.29022216796875,1.348602294921875,11.37811279296875,-1,2,12968
2025-11-20T22:24:50.795+01:00,14838,630853.0613417501,2.463041795515191,-2.37283567666936,1.376089083757337,0.186842679977417,0.0001205480657517,-0.0313478931784629,0.1757541298866272,-0.046186588704586,0.0567678213119506,XArbitraryCorrectedZVertical,-0.7545491446319147,0.0137776679303835,-0.0772394911768193,-0.6515365640037603,0.992214560508728,-0.1118334382772446,0.0548044256865978,41.06719970703125,1.518325805664062,11.12469482421875,-1,2,12969
2025-11-20T22:24:50.830+01:00,14839,630853.0962587501,2.493517287957564,-2.402877179872543,1.372721735393073,0.1567731648683548,0.0156001271679997,-0.0630308762192726,0.1007071733474731,-0.0327081605792045,0.0648481845855712,XArbitraryCorrectedZVertical,-0.7566900755258459,0.0128085616746691,-0.0765649191313201,-0.6491486312196691,0.9924477338790894,-0.1094579696655273,0.0553757883608341,41.20330810546875,1.699188232421875,11.30227661132812,-1,2,12970
2025-11-20T22:24:50.865+01:00,14840,630853.13117475,2.520007281381304,-2.426746005827268,1.370813190071424,0.1432462632656097,0.1001880317926407,-0.0729275345802307,0.0303499102592468,-0.0163710266351699,0.0703532695770263,XArbitraryCorrectedZVertical,-0.7582158111068201,0.0109385805904123,-0.0765311095810458,-0.6474042066626685,0.9926145672798156,-0.1065537706017494,0.0579883679747581,41.09918212890625,1.841293334960938,11.31060791015625,-1,2,12971
2025-11-20T22:24:50.899+01:00,14841,630853.16609175,2.542145304907217,-2.444536125078341,1.367982835012668,0.1205094084143639,0.0970968976616859,-0.0173423383384943,-0.0180393457412719,-0.0298233181238174,0.0826895236968994,XArbitraryCorrectedZVertical,-0.7596980323024971,0.0089020587132761,-0.0775403645065433,-0.6455751108500322,0.9925418496131896,-0.104728676378727,0.0623909421265125,41.03692626953125,1.888992309570312,11.67155456542969,-1,2,12972
2025-11-20T22:24:50.934+01:00,14842,630853.20100775,2.550850179287321,-2.451771624068362,1.365900996297125,0.0390211641788482,-0.0208473466336727,0.0284831151366233,-0.1894845366477966,-0.0138155668973922,0.0763336345553398,XArbitraryCorrectedZVertical,-0.7605275224707492,0.0083707266366134,-0.0780340015257519,-0.6445451742724966,0.9924629330635072,-0.1045315861701965,0.063955582678318,41.162353515625,2.0611572265625,11.47113037109375,-1,2,12973
2025-11-20T22:24:50.970+01:00,14843,630853.2359237501,2.544125679175099,-2.446304046861442,1.364299877892044,-0.0089729446917772,-0.0153265874832868,0.0680066496133804,-0.31322181224823,-0.0074404627084732,0.0372413471341133,XArbitraryCorrectedZVertical,-0.7606765535083724,0.0095071536924504,-0.0782817523606511,-0.6443236151598196,0.9923142790794371,-0.106573224067688,0.0628867521882057,41.04608154296875,2.053802490234375,11.55209350585938,-1,2,12974
2025-11-20T22:24:51.006+01:00,14844,630853.2708407501,2.540080671406554,-2.441425954250384,1.363393201139133,0.029816785827279,0.0511070042848587,0.0012043691240251,-0.267164945602417,-0.0263671800494194,0.0005911663174629,XArbitraryCorrectedZVertical,-0.7606862930908456,0.0096684197931884,-0.0790249786523142,-0.6442189524904668,0.9921253323554992,-0.1077728569507599,0.0638161599636077,40.9317626953125,2.01470947265625,11.44279479980469,-1,2,12975
2025-11-20T22:24:51.039+01:00,14845,630853.30575675,2.544077177115545,-2.444049657440513,1.361445308720157,0.0723739564418792,0.0289468765258789,0.0575021095573902,-0.2629407644271851,0.0180477201938629,0.0134091451764106,XArbitraryCorrectedZVertical,-0.7612836500798903,0.0094100808343286,-0.079723809156275,-0.6434306124490051,0.9919753074645996,-0.1082577109336853,0.0653109326958656,40.93414306640625,2.033035278320312,11.6121826171875,-1,2,12976
2025-11-20T22:24:51.074+01:00,14846,630853.34067375,2.540610104693517,-2.439270407185932,1.357178315064197,0.0899999737739563,0.0393054969608783,0.1251751333475113,-0.2528119087219238,0.0262368693947792,0.0309352874755859,XArbitraryCorrectedZVertical,-0.7621097278789779,0.0101096426934598,-0.0813288037671694,-0.6422400077576871,0.9915203452110292,-0.1113503947854042,0.0669955164194107,40.79461669921875,2.166595458984375,11.84358215332031,-1,2,12977
2025-11-20T22:24:51.109+01:00,14847,630853.37558975,2.533628051567187,-2.432447062166598,1.351221207718587,0.1015868932008743,-0.0271070785820484,0.1665832996368408,-0.14491206407547,-0.0240027531981468,0.0284509658813476,XArbitraryCorrectedZVertical,-0.7632240984352856,0.0118708289440543,-0.0829555173930306,-0.6406765629938301,0.9909508228302002,-0.1160729452967644,0.0674047470092773,40.77984619140625,1.977432250976562,12.05964660644531,-1,2,12978
2025-11-20T22:24:51.144+01:00,14848,630853.41050675,2.521884121848728,-2.421354363604395,1.344614445899619,0.0828181952238082,0.0139913726598024,0.190331295132637,-0.196799635887146,-0.0044736564159393,0.029606819152832,XArbitraryCorrectedZVertical,-0.764250465287739,0.0142505170809355,-0.0848519801579217,-0.639154409924933,0.990226149559021,-0.1220827251672745,0.0674390345811843,40.802001953125,1.754608154296875,11.6168212890625,-1,2,12979
2025-11-20T22:24:51.178+01:00,14849,630853.4454227501,2.508215903848517,-2.407224881847111,1.336625739288811,0.1388126313686371,0.0135580664500594,0.2474741786718369,-0.0771917700767517,-0.0166166424751281,0.0098867341876029,XArbitraryCorrectedZVertical,-0.7653983949391863,0.0167421867867799,-0.0876345586834751,-0.6373422811147577,0.9892094731330872,-0.1293794214725494,0.0687416866421699,40.632568359375,1.528060913085938,11.80635070800781,-1,2,12980
2025-11-20T22:24:51.214+01:00,14850,630853.4803397501,2.495812162965812,-2.39517162487767,1.329234564823056,0.0150550510734319,0.0285367537289857,0.098141960799694,-0.1278942823410034,-0.0214214175939559,0.0442308112978935,XArbitraryCorrectedZVertical,-0.7664429584865387,0.0193234944824338,-0.0899388417534167,-0.6356907647988039,0.9882609844207764,-0.1362018585205078,0.0692029893398284,40.52581787109375,1.277252197265625,11.92073059082031,-1,2,12981
2025-11-20T22:24:51.250+01:00,14851,630853.51525575,2.504040471972755,-2.401259410150055,1.329443270066161,0.0930234119296073,0.0303766913712024,-0.0536969751119613,0.2491603493690491,-0.1296424865722656,0.0073252916336059,XArbitraryCorrectedZVertical,-0.7667465346569857,0.0180568568133051,-0.0901737394565603,-0.6353285768072168,0.9883426427841188,-0.1345481872558594,0.0712421312928199,40.60968017578125,1.231887817382812,11.79037475585938,-1,2,12982
2025-11-20T22:24:51.289+01:00,14852,630853.55017275,2.503332172421675,-2.399655533166243,1.327699884729103,0.0009679541690275,-0.0396236628293991,0.0606768615543842,0.2384615540504456,-0.0386110097169876,0.0359398126602172,XArbitraryCorrectedZVertical,-0.7670652312258818,0.0182122769417808,-0.0909492747344276,-0.6348287174028462,0.9881008863449096,-0.1357511729001999,0.0723059549927711,40.62664794921875,1.133636474609375,11.81655883789062,-1,2,12983
2025-11-20T22:24:51.318+01:00,14853,630853.58508875,2.494852546931941,-2.393852473939857,1.328042909696342,-0.0606312379240989,0.0046196766197681,-0.0641956478357315,0.2820565104484558,-0.0080219209194183,-0.0017828866839408,XArbitraryCorrectedZVertical,-0.7666443697246358,0.0195432586942867,-0.0904055804632919,-0.6353750689142977,0.9881004691123962,-0.1371196955442429,0.0696844682097435,40.7293701171875,1.042343139648438,11.8389892578125,-1,2,12984
2025-11-20T22:24:51.353+01:00,14854,630853.62000575,2.529265882811131,-2.425894747896881,1.333089684846912,0.1072700098156929,0.0383047014474868,-0.4611444771289825,0.6674672961235046,-0.2050300240516663,-0.0526020601391792,XArbitraryCorrectedZVertical,-0.7672102460982558,0.0153984568080445,-0.0879449162123536,-0.6351511819477198,0.9892556071281432,-0.1276420801877975,0.0712787955999374,40.5450439453125,1.294891357421875,12.02572631835938,-1,2,12985
2025-11-20T22:24:51.388+01:00,14855,630853.6549217501,2.594565042675116,-2.490376994325497,1.341099014158063,0.0373116768896579,-0.0944389253854751,-0.4125565588474274,0.3893981575965881,0.0061596408486366,-0.0054224655032157,XArbitraryCorrectedZVertical,-0.7684143539558541,0.0091185732044238,-0.0822722501652297,-0.6345767503999384,0.991323947906494,-0.1107891574501991,0.0707301050424575,40.25750732421875,2.083358764648438,12.228515625,-1,2,12986
2025-11-20T22:24:51.423+01:00,14856,630853.68983875,2.625771345188962,-2.524515418390181,1.346035301156966,0.0056289099156856,-0.0672086700797081,-0.0798682197928428,0.0409207344055175,0.1968009173870087,-0.0141896158456802,XArbitraryCorrectedZVertical,-0.7686583487726527,0.006995916349411,-0.0781126054514933,-0.6348336266690101,0.9924958348274232,-0.1022574454545975,0.0670459419488906,40.21136474609375,2.595306396484375,12.25057983398438,-1,2,12987
2025-11-20T22:24:51.458+01:00,14857,630853.72475475,2.632442265297691,-2.531603780323036,1.344706789329943,0.0592294745147228,-0.0029346169903874,0.0473349802196025,-0.015973150730133,0.0846482142806053,-0.0433473587036132,XArbitraryCorrectedZVertical,-0.7692999341449681,0.0069315976109575,-0.0777500693185928,-0.6341013867794157,0.9925814270973206,-0.1016770377755165,0.0666626915335655,40.21893310546875,2.789093017578125,12.35462951660156,-1,2,12988
2025-11-20T22:24:51.493+01:00,14858,630853.759671875,2.619975878003105,-2.520281740400582,1.341105166437332,0.028321923688054,-0.0291324201971292,0.2042102813720703,-0.1389709115028381,0.0251707509160041,-0.0436137989163398,XArbitraryCorrectedZVertical,-0.7697310853485477,0.0088255219328873,-0.078826542699782,-0.6334212989380873,0.9921813011169434,-0.1059355065226555,0.0659831389784812,40.234130859375,2.648895263671875,12.34736633300781,-1,2,12989
2025-11-20T22:24:51.531+01:00,14859,630853.794587875,2.596203460948511,-2.49686806556771,1.335692883416483,0.0355354100465774,0.0591564550995826,0.1711120754480362,-0.3340857625007629,0.0499071404337883,-0.0498898029327392,XArbitraryCorrectedZVertical,-0.7700369378737656,0.0116234775170035,-0.0813508004697475,-0.6326848496095442,0.9913275241851808,-0.1134142279624939,0.066384457051754,40.2547607421875,2.549575805664062,12.33110046386719,-1,2,12990
2025-11-20T22:24:51.569+01:00,14860,630853.829503875,2.598959148062879,-2.496230336657873,1.334382306634738,0.0240314919501543,0.1058288514614105,-0.1448547840118408,-0.3082855343818665,0.0167553722858429,-0.0247303247451782,XArbitraryCorrectedZVertical,-0.7703528234408263,0.0106210710787958,-0.0827226972977147,-0.6321397820442736,0.991070568561554,-0.1135876551270485,0.069835178554058,40.066650390625,2.43817138671875,12.54559326171875,-1,2,12991
2025-11-20T22:24:51.598+01:00,14861,630853.8644208751,2.619955927172585,-2.51392839605425,1.338946382685517,-0.0753452405333519,0.0271337702870369,-0.1708209067583084,-0.1185917258262634,-0.006134457886219,-0.0047490522265434,XArbitraryCorrectedZVertical,-0.7700255648630556,0.0072378579597127,-0.0816726070431228,-0.6327226636397305,0.9916081428527832,-0.1070705056190491,0.0724522471427917,40.04705810546875,2.73822021484375,12.79844665527344,-1,2,12992
2025-11-20T22:24:51.633+01:00,14862,630853.8993368751,2.616104702481245,-2.511328271142564,1.34515299901283,-0.2398526519536972,-0.0522153750061988,0.0106562282890081,-0.1504493355751038,0.0613630264997482,0.0028982236981391,XArbitraryCorrectedZVertical,-0.76832894833783,0.0066938497252209,-0.080277312718071,-0.6349657301632381,0.9920021295547484,-0.1045454069972038,0.0707254111766815,39.96563720703125,2.877120971679688,12.88858032226562,-1,2,12993
2025-11-20T22:24:51.667+01:00,14863,630853.934253875,2.585073746996761,-2.482478331504666,1.350732377742529,-0.2378348559141159,-0.0377563051879406,0.1216303184628487,-0.0867999792098999,0.0243377760052681,-0.0453277826309204,XArbitraryCorrectedZVertical,-0.7656467108386683,0.0083048981649749,-0.0803804928416557,-0.6381654760210136,0.9918749928474426,-0.1072540432214737,0.0684141814708709,39.8848876953125,2.66845703125,12.82511901855469,-1,2,12994
2025-11-20T22:24:51.702+01:00,14864,630853.969169875,2.541168067915597,-2.441260940963977,1.353112130270118,-0.2037313431501389,-0.0756050944328308,0.1930141448974609,-0.0514817237854003,-0.0225350633263588,-0.0610378980636596,XArbitraryCorrectedZVertical,-0.7631762747469287,0.0114093596825216,-0.0816071458925568,-0.640915088615504,0.9913315773010254,-0.1136496365070343,0.0659206286072731,39.90911865234375,2.418624877929688,12.85198974609375,-1,2,12995
2025-11-20T22:24:51.737+01:00,14865,630854.004086875,2.497324900878939,-2.402266010668938,1.352898990703379,-0.1300921589136124,-0.1293274760246277,0.2249019145965576,-0.0800310373306274,-0.0431022569537162,-0.078761339187622,XArbitraryCorrectedZVertical,-0.7613305203448794,0.0156507742020023,-0.0824438786516765,-0.6429105034719729,0.9907212853431702,-0.1212348788976669,0.0614272691309452,39.894775390625,2.02520751953125,12.63973999023438,-1,2,12996
2025-11-20T22:24:51.772+01:00,14866,630854.039002875,2.47052784843974,-2.379964785381818,1.351629859543435,-0.0392744317650795,-0.0773095339536666,0.043576393276453,-0.2150635719299316,-0.0365288406610488,-0.0804687738418579,XArbitraryCorrectedZVertical,-0.7604696230902479,0.0189629538725669,-0.0825948639059353,-0.6438202574359356,0.9903168082237244,-0.1264808177947998,0.057229608297348,40.00726318359375,1.830429077148438,12.69876098632812,-1,2,12997
2025-11-20T22:24:51.810+01:00,14867,630854.0739198751,2.469123734030726,-2.379880543424117,1.352385532078926,-0.0226253047585487,-0.0052334903739392,-0.0412261560559272,-0.1857401132583618,0.007390096783638,-0.0406621694564819,XArbitraryCorrectedZVertical,-0.7602816204697873,0.0192938754433915,-0.0820016294969103,-0.6441082229179935,0.990427553653717,-0.1262255311012268,0.0558599010109901,39.967529296875,1.733734130859375,12.72781372070312,-1,2,12998
2025-11-20T22:24:51.842+01:00,14868,630854.108835875,2.465400259912967,-2.377716047955592,1.354514340021571,-0.1385717540979385,-0.0529900826513767,-0.0124860871583223,0.0105695724487304,-0.0097498148679733,0.0254510566592216,XArbitraryCorrectedZVertical,-0.7596754198908092,0.0195149498862538,-0.0811351086729008,-0.6449259462518552,0.990620493888855,-0.125458300113678,0.0541387945413589,39.97381591796875,1.8868408203125,12.73976135253906,-1,2,12999
2025-11-20T22:24:51.877+01:00,14869,630854.143752875,2.459287425657489,-2.373409558652654,1.360975159893596,-0.1618129014968872,-0.0325415320694446,-0.1704301834106445,0.1989761590957642,-0.0883034840226173,0.0337729416787624,XArbitraryCorrectedZVertical,-0.7579830307100709,0.0189305297729071,-0.0793029305508431,-0.6471587303683703,0.9911482930183412,-0.1222372651100159,0.0517983101308345,40.0963134765625,1.764816284179688,12.9547119140625,-1,2,13000
2025-11-20T22:24:51.912+01:00,14870,630854.178668875,2.462559469215345,-2.37480459580448,1.368521567812298,-0.121069997549057,0.1204397603869438,-0.1729484647512436,0.1318433880805969,0.067462682723999,0.092510811984539,XArbitraryCorrectedZVertical,-0.756352814859345,0.0163739162298241,-0.0780890836305176,-0.6492799039205107,0.991737425327301,-0.1168248429894447,0.0529970042407512,39.8338623046875,2.014312744140625,13.34144592285156,-1,2,13001
2025-11-20T22:24:51.947+01:00,14871,630854.213585875,2.470459679654043,-2.379984738558632,1.37531775488591,-0.1486945748329163,0.0497958958148956,-0.0861000418663024,0.2161713242530823,0.066265694797039,0.1283671855926514,XArbitraryCorrectedZVertical,-0.755052929729256,0.0134860687340179,-0.0771344453416855,-0.650971122781521,0.9922635555267334,-0.1112485826015472,0.0551044307649135,39.806640625,2.39447021484375,13.23820495605469,-1,2,13002
2025-11-20T22:24:51.982+01:00,14872,630854.2485018751,2.480510881861429,-2.390636559766316,1.381227928027918,0.0731439739465713,-0.2307808995246887,-0.1816188097000122,0.6340845823287964,-0.2482964098453522,0.0427248440682888,XArbitraryCorrectedZVertical,-0.7541467684829584,0.0117977214144169,-0.0750419229643916,-0.6522976321738986,0.9928990006446838,-0.1059974133968353,0.0540005564689636,39.877197265625,2.353988647460938,13.25535583496094,-1,2,13003
2025-11-20T22:24:52.017+01:00,14873,630854.2834188751,2.486153294275973,-2.400838785224657,1.380108378546018,0.1119422391057014,-0.0055765146389603,0.0061679570935666,0.0506651997566223,0.1012255102396011,0.0516910627484321,XArbitraryCorrectedZVertical,-0.7548239961671604,0.0132513759531726,-0.0732856952244235,-0.6516859262542871,0.9931429028511048,-0.1058947294950485,0.0495356991887092,39.8570556640625,2.467330932617188,13.46980285644531,-1,2,13004
2025-11-20T22:24:52.052+01:00,14874,630854.318334875,2.5278568448153,-2.439998924995916,1.380729512585893,0.1321452111005783,0.0632110685110092,-0.3312926590442657,0.0123552680015564,0.0347224473953247,0.0689728185534477,XArbitraryCorrectedZVertical,-0.7563395292790482,0.0101024051952615,-0.0719271107705532,-0.650134529554594,0.9937023520469666,-0.0993586629629135,0.0518004782497882,39.8331298828125,2.703826904296875,13.46226501464844,-1,2,13005
2025-11-20T22:24:52.090+01:00,14875,630854.353251875,2.570999236992041,-2.48167169810531,1.381012416182019,0.1229024305939674,-0.0387430153787136,0.0233670938760042,0.1024652719497681,0.0266248807311058,0.0425889492034912,XArbitraryCorrectedZVertical,-0.7579360423823295,0.0072397550967701,-0.0700988141338533,-0.6485111962722695,0.9942907094955444,-0.0926343947649002,0.0529615618288517,39.7559814453125,3.182144165039062,13.73054504394531,-1,2,13006
2025-11-20T22:24:52.122+01:00,14876,630854.388167875,2.559225295872629,-2.47288251043665,1.37518512479843,0.0979856997728347,-0.0916682109236717,0.2304965555667877,-0.1734729409217834,0.0412405431270599,0.0059268437325954,XArbitraryCorrectedZVertical,-0.759045940954264,0.0100589474929708,-0.0708018545676206,-0.6470974858649449,0.9939226508140564,-0.0978048741817474,0.0505153089761734,39.650390625,3.024139404296875,13.56098937988281,-1,2,13007
2025-11-20T22:24:52.156+01:00,14877,630854.423084875,2.546904048443051,-2.462401109772248,1.366470674706531,0.1907064914703369,-0.0062447087839245,0.1685339361429214,-0.2117024064064026,-0.0331248492002487,-0.0329260751605033,XArbitraryCorrectedZVertical,-0.7607665112256382,0.0131777050282881,-0.0726011073679287,-0.6448177295299774,0.9932576417922974,-0.1048451364040375,0.049466572701931,39.767578125,2.86541748046875,13.35525512695312,-1,2,13008
2025-11-20T22:24:52.191+01:00,14878,630854.4580008751,2.558504875345631,-2.473030002781551,1.360952979154446,0.141668975353241,0.050311803817749,-0.0943857356905937,-0.3397648930549622,0.0189949721097946,0.0176229551434516,XArbitraryCorrectedZVertical,-0.7625962118972834,0.0133343192577942,-0.0734235419980412,-0.6425560795277453,0.993054747581482,-0.106122687458992,0.0507974624633789,39.65771484375,2.858367919921875,13.54866027832031,-1,2,13009
2025-11-20T22:24:52.226+01:00,14879,630854.492916875,2.588385949038204,-2.499734875288973,1.359759394954789,0.1359952539205551,0.0768571645021438,-0.0880190730094909,-0.2037041187286377,0.0125543996691703,0.0081138685345649,XArbitraryCorrectedZVertical,-0.7640534057427701,0.0107413748050533,-0.0730581161437919,-0.6409131299640372,0.99336177110672,-0.1016810089349747,0.0537909381091594,39.83050537109375,2.987380981445312,13.73970031738281,-1,2,13010
2025-11-20T22:24:52.261+01:00,14880,630854.527833875,2.599754141507016,-2.508890397865244,1.355791987072799,0.1183564960956573,0.0445508137345314,0.082526572048664,-0.1826331615447998,0.0315251797437667,0.0153448581695556,XArbitraryCorrectedZVertical,-0.7654572476065582,0.0101097304547751,-0.0739672394901239,-0.6391415386659852,0.9932105541229248,-0.1018529459834099,0.0562034882605075,39.6097412109375,3.091354370117188,13.73219299316406,-1,2,13011
2025-11-20T22:24:52.296+01:00,14881,630854.562749875,2.593550251044958,-2.501312204795391,1.35031672026188,0.1073383465409279,0.0267017669975757,0.1626397520303726,-0.190168023109436,0.028571143746376,0.0128803253173828,XArbitraryCorrectedZVertical,-0.7665284053438524,0.0111483566299617,-0.075951632428195,-0.6376059502151998,0.9926735162734984,-0.1059484556317329,0.0580882728099823,39.5970458984375,2.943603515625,13.96160888671875,-1,2,13012
2025-11-20T22:24:52.331+01:00,14882,630854.597666875,2.584640787281754,-2.491892578287664,1.343029803347307,0.1664492934942245,0.0256908070296049,0.1592017859220505,-0.1788104772567749,-0.0242397263646125,-0.0105830356478691,XArbitraryCorrectedZVertical,-0.7679387297174842,0.0130241795612349,-0.0781589209558258,-0.6356034813545035,0.9919819235801696,-0.1115940362215042,0.0593195483088493,39.64239501953125,2.83154296875,14.53103637695312,-1,2,13013
2025-11-20T22:24:52.369+01:00,14883,630854.6325828751,2.585759965844862,-2.490743959322207,1.336424759466832,0.1404541879892349,0.0878519564867019,0.0621089525520801,-0.2605504989624023,0.0137099772691726,0.0125700235366821,XArbitraryCorrectedZVertical,-0.7695418073002803,0.0135583286324955,-0.0802589166576856,-0.6333878287792845,0.9914159178733826,-0.1150283515453339,0.0621521770954132,39.41632080078125,2.692947387695312,14.58206176757812,-1,2,13014
2025-11-20T22:24:52.401+01:00,14884,630854.6674998751,2.589242768584352,-2.491032864605208,1.332582675591748,0.099115066230297,0.0736993551254272,-0.0026238393038511,0.132602870464325,-0.1138816848397255,-0.0041247680783271,XArbitraryCorrectedZVertical,-0.7705280960086403,0.0130807136133803,-0.0820058693064606,-0.6319733441675157,0.9910236597061156,-0.1164649724960327,0.0656328648328781,39.3944091796875,2.642257690429688,14.45399475097656,-1,2,13015
2025-11-20T22:24:52.436+01:00,14885,630854.702415875,2.603451661840281,-2.503329020748724,1.330095961469628,0.0574819780886173,0.0825488418340683,-0.0622099451720714,0.124843418598175,-0.0541049316525459,0.0021872445940971,XArbitraryCorrectedZVertical,-0.7717401436328369,0.0119774525987555,-0.082233384378916,-0.630484988320082,0.9910622239112854,-0.115008220076561,0.0675911530852317,39.53912353515625,2.761032104492188,14.89498901367188,-1,2,13016
2025-11-20T22:24:52.471+01:00,14886,630854.737332875,2.613804063660952,-2.509669669789391,1.33172219920864,-0.0831520184874534,0.1067655086517334,-0.0639806538820266,0.143169105052948,0.0868564322590827,0.0276627466082572,XArbitraryCorrectedZVertical,-0.7716501578331664,0.0096637128256957,-0.0827393531318065,-0.6305686389147658,0.9911385774612428,-0.1120791956782341,0.0712904557585716,39.60296630859375,2.828872680664062,15.06895446777344,-1,2,13017
2025-11-20T22:24:52.505+01:00,14887,630854.772248875,2.613446667848702,-2.504069130729357,1.336479916773297,-0.0825535580515861,0.1605627238750458,-0.0823308080434799,0.5075087547302246,-0.070081740617752,-0.0376604795455932,XArbitraryCorrectedZVertical,-0.7702178900354314,0.0071056543228894,-0.0838787992138464,-0.6322011753620057,0.9910568594932556,-0.1096362844109535,0.0760667845606803,39.48553466796875,2.964111328125,15.59144592285156,-1,2,13018
2025-11-20T22:24:52.541+01:00,14888,630854.807165875,2.621477467594813,-2.506631385359186,1.341035318366703,-0.057281669229269,0.0948443636298179,-0.0982633829116821,0.5996636152267456,-0.1517022401094437,-0.0368226766586303,XArbitraryCorrectedZVertical,-0.7691960801941075,0.0039382198804914,-0.0845670564940028,-0.6333800732483295,0.9910956025123596,-0.1056830063462257,0.0809968411922454,39.309326171875,3.020477294921875,15.66847229003906,-1,2,13019
2025-11-20T22:24:52.575+01:00,14889,630854.8420818751,2.611548238438107,-2.494076771417044,1.345087373003976,-0.1478354185819626,0.0938563421368598,0.0239136982709169,0.1832234859466553,0.0360718294978141,-0.0090581253170967,XArbitraryCorrectedZVertical,-0.7676196141422843,0.0029782834381044,-0.0854673128603924,-0.6351744821307556,0.9909250140190125,-0.105438269674778,0.0833683535456657,39.24652099609375,2.957473754882812,16.06840515136719,-1,2,13020
2025-11-20T22:24:52.610+01:00,14890,630854.876998875,2.604874871467567,-2.483424544281445,1.347912125135896,-0.0064208870753645,0.1397519260644913,-0.0990703180432319,0.075884997844696,0.0219227448105812,-0.0352804586291313,XArbitraryCorrectedZVertical,-0.7664417002022372,0.0015899735338167,-0.0868831781117576,-0.6364086508833955,0.9906281232833862,-0.1051746979355812,0.0871449708938598,39.22210693359375,3.120269775390625,16.09825134277344,-1,2,13021
2025-11-20T22:24:52.647+01:00,14891,630854.911914875,2.625799189657366,-2.501299651508294,1.348783168957484,0.0882810056209564,-0.0139236692339181,-0.0946183428168296,0.0811693668365478,-0.0516416728496551,-0.0062071159482002,XArbitraryCorrectedZVertical,-0.7669993997800421,-0.0009183571039019,-0.0865177597011928,-0.6357874812368901,0.9908367395401,-0.1008241325616837,0.0898709744215011,39.24652099609375,3.356689453125,16.33120727539062,-1,2,13022
2025-11-20T22:24:52.680+01:00,14892,630854.946831875,2.64700331716204,-2.524700065423203,1.347209871800733,0.145170584321022,-0.1212051063776016,-0.1033491939306259,-0.156920313835144,-0.0993323624134063,-0.0277451276779174,XArbitraryCorrectedZVertical,-0.7683932132531341,-0.0013262446737094,-0.084561852014295,-0.6343654445074743,0.991362452507019,-0.0976281017065048,0.0875747427344322,39.1248779296875,3.683807373046875,16.43992614746094,-1,2,13023
2025-11-20T22:24:52.715+01:00,14893,630854.981747875,2.689758871315,-2.570213174821538,1.346727210292987,0.167027935385704,-0.0671748891472816,-0.3772132098674774,-0.3557595014572144,-0.0534913912415504,-0.03428316116333,XArbitraryCorrectedZVertical,-0.7703515090617838,-0.0032721839923033,-0.0806794595289256,-0.6324861853218362,0.992401957511902,-0.0896055325865745,0.0843167230486869,39.14984130859375,3.98846435546875,16.39266967773438,-1,2,13024
2025-11-20T22:24:52.750+01:00,14894,630855.0166648751,2.771674696689582,-2.650169614022463,1.352325402737123,0.0648327842354774,0.0515616089105606,-0.6048328280448914,-0.345485508441925,-0.002431534230709,-0.0165107250213623,XArbitraryCorrectedZVertical,-0.7716441050836568,-0.0104936086403212,-0.0748588849442593,-0.6315469216330615,0.9938772320747375,-0.0710395276546478,0.0846259072422981,39.2406005859375,4.642044067382812,16.29777526855469,-1,2,13025
2025-11-20T22:24:52.785+01:00,14895,630855.0515808751,2.84237805019283,-2.718465224796252,1.358776886819433,-0.0107981581240892,-0.0401781313121318,-0.2742744982242584,-0.115141749382019,-0.0158938430249691,-0.0299890115857124,XArbitraryCorrectedZVertical,-0.7717809590190066,-0.0170968894631912,-0.0699751137818721,-0.631795345244113,0.9948413968086244,-0.0546628087759017,0.0854546055197715,39.3104248046875,5.667266845703125,16.77720642089844,-1,2,13026
2025-11-20T22:24:52.820+01:00,14896,630855.086496875,2.870365411141595,-2.747525153146759,1.363451064421049,-0.0905230492353439,-0.0100546041503548,-0.2476786375045776,-0.3553836941719055,0.0442745275795459,-0.0525330454111099,XArbitraryCorrectedZVertical,-0.7711487085868719,-0.0192748258012262,-0.0670656145384905,-0.6328192649952245,0.9953523278236388,-0.0476619824767112,0.083676129579544,39.22747802734375,6.02105712890625,16.70028686523438,-1,2,13027
2025-11-20T22:24:52.855+01:00,14897,630855.121413875,2.917276927063982,-2.791737797277241,1.369696784656018,-0.032104343175888,0.0868836268782615,-0.2801061868667603,-0.2039745450019836,0.0346740372478961,-0.0774815008044242,XArbitraryCorrectedZVertical,-0.7702248492190852,-0.0240330683228561,-0.0642302431060015,-0.6340747390103212,0.9956768751144408,-0.0367797687649726,0.0852939784526825,39.30023193359375,6.412124633789062,17.15492248535156,-1,2,13028
2025-11-20T22:24:52.890+01:00,14898,630855.156329875,2.931971977628983,-2.804890140164565,1.370847122953893,-0.0068467953242361,-0.0371695794165134,0.0676430910825729,-0.0907730460166931,0.0208863914012908,-0.0330051258206367,XArbitraryCorrectedZVertical,-0.7701143156349941,-0.0256362817207608,-0.0637152656856332,-0.6341979387879965,0.9956801533699036,-0.0336579941213131,0.0865328907966613,39.10992431640625,6.478530883789062,17.20242309570312,-1,2,13029
2025-11-20T22:24:52.930+01:00,14899,630855.1912468751,2.91867988523025,-2.794840011038791,1.371029437852002,-0.0321406796574592,-0.1216253787279129,0.0106773972511291,-0.1939078569412231,0.0057976245880126,-0.0188492611050605,XArbitraryCorrectedZVertical,-0.7699037394826984,-0.0237246500399933,-0.0633511884701688,-0.634564325102598,0.9958485960960388,-0.0361626185476779,0.0835311412811279,39.1767578125,6.429916381835938,17.42073059082031,-1,2,13030
2025-11-20T22:24:52.960+01:00,14900,630855.2261628751,2.924198547259863,-2.804155495367081,1.373238615674911,-0.0422413125634193,-0.1069957986474037,-0.1837611794471741,0.0630659461021423,-0.0943481773138046,-0.0194767639040947,XArbitraryCorrectedZVertical,-0.7694605382848293,-0.023111299414094,-0.0613075358571578,-0.6353250232063555,0.9962298274040222,-0.0345428250730037,0.079581081867218,39.1326904296875,6.587722778320312,17.37437438964844,-1,2,13031
2025-11-20T22:24:52.994+01:00,14901,630855.261079875,2.965340521764199,-2.845055418537233,1.376527140636438,0.0187913682311773,0.1414864212274551,-0.2394636869430542,0.0907612442970275,-0.0099450536072254,-0.0072112157940864,XArbitraryCorrectedZVertical,-0.7691704387480396,-0.0262406653549042,-0.058361771069932,-0.6358318404716529,0.9965341687202454,-0.0259893983602523,0.0790189877152442,39.14129638671875,7.03277587890625,17.56179809570312,-1,2,13032
2025-11-20T22:24:53.029+01:00,14902,630855.295995875,3.000934285653801,-2.874013409469431,1.376919166515923,0.0343475751578807,0.1285122931003571,-0.1868026554584503,0.2232251763343811,0.1073664501309395,0.1055061742663383,XArbitraryCorrectedZVertical,-0.769388136039462,-0.0307598576705833,-0.0585054554826994,-0.6353525191421571,0.996196150779724,-0.0191859062761068,0.0849997103214263,39.06854248046875,7.37286376953125,17.63581848144531,-1,2,13033
2025-11-20T22:24:53.064+01:00,14903,630855.330912875,3.037521439250987,-2.906367978857814,1.378544464616754,-0.0371482335031032,0.1855563670396805,-0.297384113073349,0.3653278350830078,0.0636623278260231,0.1133624315261841,XArbitraryCorrectedZVertical,-0.7692222431764552,-0.0346642985986925,-0.0575809918925928,-0.6354369369447133,0.9960002899169922,-0.0119960764423012,0.0885418131947517,39.0428466796875,7.724014282226562,18.13589477539062,-1,2,13034
2025-11-20T22:24:53.099+01:00,14904,630855.365828875,3.104858366559564,-2.970752341527509,1.378528174137242,0.0204406343400478,0.0357943661510944,-0.1680735945701599,0.4937520623207092,0.0499674156308174,0.0996028259396553,XArbitraryCorrectedZVertical,-0.7697676090688663,-0.040127708978908,-0.0541910784817092,-0.634752754952586,0.995917797088623,0.0007833197014406,0.0902622938156127,38.7265625,8.20904541015625,18.24421691894531,-1,2,13035
2025-11-20T22:24:53.134+01:00,14905,630855.4007458751,3.115068822044806,-2.976401467817642,1.378829051426998,-0.004814872983843,0.126804456114769,-0.0495857410132885,0.1892281770706177,0.1639369279146194,0.0730316489934921,XArbitraryCorrectedZVertical,-0.7696162285376058,-0.0422755713136671,-0.0552475131854328,-0.6347056630626422,0.9955098628997804,0.0027500938158482,0.0946166142821312,38.74169921875,8.46868896484375,18.41030883789062,-1,2,13036
2025-11-20T22:24:53.169+01:00,14906,630855.4356618751,3.11239315567173,-2.972355136176721,1.380428109521691,-0.0346498824656009,-0.026448730379343,0.1831130534410477,0.2385266423225403,0.1385573595762253,0.0500839948654174,XArbitraryCorrectedZVertical,-0.7690546647923141,-0.0425896238930014,-0.0559035169972526,-0.6353077698169693,0.9953753352165222,0.0023575597442686,0.0960341393947601,38.54766845703125,8.58807373046875,18.92556762695312,-1,2,13037
2025-11-20T22:24:53.211+01:00,14907,630855.470578875,3.039996027558052,-2.904685033444248,1.378026864115227,-0.0030202174093574,-0.1738153249025345,0.586495578289032,0.0217480063438415,0.1180325821042061,0.0298234224319458,XArbitraryCorrectedZVertical,-0.7692912109896549,-0.0361187948921844,-0.0590438331816214,-0.6351380556658274,0.995631754398346,-0.0116025377064943,0.092643529176712,38.542724609375,8.103836059570312,18.70306396484375,-1,2,13038
2025-11-20T22:24:53.239+01:00,14908,630855.505494875,2.927562197094111,-2.802040441788281,1.36990837789593,0.116900660097599,-0.2353238761425018,0.699102520942688,-0.2817783355712891,0.0785344764590263,-0.0327197387814521,XArbitraryCorrectedZVertical,-0.7703639961031863,-0.0247496734280035,-0.0635022798194112,-0.6339512664457481,0.9957674741744996,-0.0347417667508125,0.0850877836346626,38.86248779296875,7.552413940429688,18.7152099609375,-1,2,13039
2025-11-20T22:24:53.274+01:00,14909,630855.540411875,2.839482892984166,-2.723354767805397,1.356730760294927,0.1807198524475098,-0.194658562541008,0.5182805061340332,-0.4168119430541992,0.0286659598350524,-0.0272642448544502,XArbitraryCorrectedZVertical,-0.7725677091826928,-0.0141768237494026,-0.0674223738275848,-0.6311832897089782,0.9953945875167848,-0.0559181720018386,0.077862337231636,39.33197021484375,6.603240966796875,18.46682739257812,-1,2,13040
2025-11-20T22:24:53.309+01:00,14910,630855.5753278751,2.789500639399766,-2.679611313949007,1.343524001976672,0.2328522801399231,-0.0724074393510818,0.4022373855113983,-0.4079382419586182,0.0099462270736694,-0.0356617048382759,XArbitraryCorrectedZVertical,-0.7751152177923681,-0.0068392591107774,-0.0703242329780024,-0.6278567799231545,0.9947911500930786,-0.0708135217428207,0.0733203068375587,39.31854248046875,6.320510864257812,18.22673034667969,-1,2,13041
2025-11-20T22:24:53.343+01:00,14911,630855.6102448751,2.754309266507967,-2.646522023172362,1.329615407772206,0.2583704888820648,-0.0269414409995079,0.3799898028373718,-0.2467186450958252,-0.0391471982002258,-0.0188322067260742,XArbitraryCorrectedZVertical,-0.7778715194413787,-0.0014908114462504,-0.0741361887249597,-0.6240333523230933,0.9938194751739502,-0.0837623625993728,0.07284826785326,39.32281494140625,5.829849243164062,18.44671630859375,-1,2,13042
2025-11-20T22:24:53.379+01:00,14912,630855.645160875,2.724952020452366,-2.618545251554646,1.316154209371437,0.2113458812236786,0.0051924525760114,0.3216482102870941,-0.2586914300918579,-0.0482100769877433,0.0168114975094795,XArbitraryCorrectedZVertical,-0.7804482016239688,0.0033523771882611,-0.0779491495546834,-0.6203333775650344,0.9927003383636476,-0.0959244519472122,0.0731085166335105,39.41259765625,5.685684204101562,18.27120971679688,-1,2,13043
2025-11-20T22:24:53.413+01:00,14913,630855.680076875,2.708451032874426,-2.60228064872994,1.306277781342026,0.1507633328437805,0.0266357660293579,0.1791656315326691,-0.2034968733787537,-0.0521156415343284,0.017570249736309,XArbitraryCorrectedZVertical,-0.7823854723943647,0.006383017458881,-0.0807661985355072,-0.6175022317226104,0.9918115735054016,-0.1040427908301353,0.0740587189793586,39.5908203125,5.162078857421875,18.29721069335938,-1,2,13044
2025-11-20T22:24:53.448+01:00,14914,630855.714993875,2.702668779574604,-2.594757184359858,1.299490465382568,0.1291045248508453,0.0910767987370491,0.1120627149939537,-0.1482270956039429,-0.0157492086291313,0.0039057806134223,XArbitraryCorrectedZVertical,-0.7838364022488302,0.0074638185464816,-0.0830311967956184,-0.61534601942011,0.9911531805992126,-0.1084420830011368,0.0765231922268867,39.56402587890625,5.099395751953125,18.52828979492188,-1,2,13045
2025-11-20T22:24:53.490+01:00,14915,630855.7499095,2.708156197786547,-2.593710244682983,1.295979242535223,0.1682224571704865,0.1965749263763428,-0.1212319955229759,0.039046287536621,-0.0952035412192344,-0.0061793252825737,XArbitraryCorrectedZVertical,-0.7847255462088516,0.0055803576263185,-0.0856993791735621,-0.6138651422521334,0.9905863404273988,-0.1086996868252754,0.0832056179642677,39.53302001953125,5.171722412109375,18.78077697753906,-1,2,13046
2025-11-20T22:24:53.518+01:00,14916,630855.7848265,2.711898958140239,-2.592996172084319,1.290584045176164,0.0501324497163295,0.1296023726463318,0.1651369333267212,0.1468358039855957,0.0223632305860519,0.0527378320693969,XArbitraryCorrectedZVertical,-0.7861077631230708,0.0047960228906738,-0.0880001221748801,-0.6117741725459955,0.9900050163269044,-0.1101775765419006,0.0880397260189056,39.59649658203125,5.16070556640625,18.91311645507812,-1,2,13047
2025-11-20T22:24:53.553+01:00,14917,630855.8197425001,2.707760267799361,-2.586804764287276,1.286884086628912,0.0451094433665275,-0.0073145129717886,-0.0106369238346815,0.3736624121665955,-0.0772077888250351,0.006253957748413,XArbitraryCorrectedZVertical,-0.7867803999449222,0.0051538140335652,-0.0897703567130442,-0.6106483055178343,0.989481508731842,-0.1128404214978218,0.0905172079801559,39.368896484375,5.2894287109375,19.1619873046875,-1,2,13048
2025-11-20T22:24:53.588+01:00,14918,630855.8546595001,2.719501126035284,-2.596672740462283,1.287457268090699,0.0672244727611541,0.0864136293530464,-0.2259631603956223,0.4430103898048401,-0.0768940448760986,-0.0556662082672119,XArbitraryCorrectedZVertical,-0.7870991406504363,0.0034502752292991,-0.0893789178165435,-0.6103069034487167,0.9896983504295348,-0.1096599027514458,0.0920431166887283,39.65008544921875,5.540756225585938,19.42221069335938,-1,2,13049
2025-11-20T22:24:53.623+01:00,14919,630855.8895755,2.762639725859092,-2.635933655162394,1.291096388861131,0.0892290621995925,0.0439132824540138,-0.3304566442966461,0.5405694246292114,-0.0497449040412902,-0.0433657243847847,XArbitraryCorrectedZVertical,-0.787879998599118,-0.0021412978911116,-0.0865193680851137,-0.6097170845296879,0.9907567501068116,-0.0973193049430847,0.094497911632061,39.5645751953125,6.012603759765625,19.67350769042969,-1,2,13050
2025-11-20T22:24:53.658+01:00,14920,630855.9244925,2.784676720646223,-2.65534155256468,1.290151192316782,0.1151333153247833,0.0539014637470245,0.0351729989051818,0.2371425032615662,0.102977342903614,-0.0573900938034057,XArbitraryCorrectedZVertical,-0.7889315835560549,-0.0047763431886627,-0.0857154305771715,-0.6084546234146971,0.9910526275634766,-0.0920978337526321,0.0966051071882247,39.44219970703125,6.325286865234375,19.6954345703125,-1,2,13051
2025-11-20T22:24:53.692+01:00,14921,630855.9594085,2.776730925185083,-2.646197883809017,1.282949195987213,0.2015499770641327,0.0366772264242172,0.2242940068244934,0.0103036761283874,0.1219912990927696,-0.0753390789031982,XArbitraryCorrectedZVertical,-0.7904864152993673,-0.0033506308043651,-0.0879310345345886,-0.6061255479569352,0.9903981685638428,-0.0968905985355377,0.0986087024211883,39.5015869140625,6.123382568359375,19.79722595214844,-1,2,13052
2025-11-20T22:24:53.728+01:00,14922,630855.9943255,2.764353544096867,-2.634006491715423,1.271227543978871,0.2780216336250305,-0.0183098968118429,0.2845542728900909,-0.1100236773490906,0.0192050263285636,-0.0740090608596801,XArbitraryCorrectedZVertical,-0.7930639847101039,-0.0003619083580266,-0.0907108891226594,-0.602346212949491,0.9894792437553406,-0.1047305315732956,0.0998115614056587,39.25433349609375,5.937896728515625,19.7735595703125,-1,2,13053
2025-11-20T22:24:53.769+01:00,14923,630856.0292415001,2.752744451406248,-2.624359085463152,1.256719676395655,0.3280840814113617,-0.0521887838840484,0.2571820020675659,-0.2379303574562073,-0.0205944031476974,-0.0763156414031982,XArbitraryCorrectedZVertical,-0.7963982691228433,0.0036023784949221,-0.0932058839701348,-0.597536185800841,0.9885101318359376,-0.1136981993913651,0.0996005311608314,39.5311279296875,6.059432983398438,19.8306884765625,-1,2,13054
2025-11-20T22:24:53.798+01:00,14924,630856.0641585,2.759229566193194,-2.632147832673394,1.245085278700681,0.3071999549865723,-0.0335192158818244,-0.0512634329497814,-0.3761131167411804,0.005703292787075,-0.0561474561691284,XArbitraryCorrectedZVertical,-0.7997802708931588,0.0051387773186085,-0.0937504819313947,-0.5929047034446283,0.9882193803787231,-0.1164821162819862,0.099268727004528,39.63140869140625,6.010604858398438,19.46507263183594,-1,2,13055
2025-11-20T22:24:53.832+01:00,14925,630856.0990745,2.785687099939383,-2.657820083552424,1.238744171476976,0.240758404135704,-0.0335378088057041,-0.131440132856369,-0.2730952501296997,0.0262888222932815,-0.0409796237945556,XArbitraryCorrectedZVertical,-0.8026697000942596,0.003077757112455,-0.0921893958784863,-0.5892478801335358,0.9887934923171996,-0.1110819280147552,0.0997411608695983,39.63153076171875,6.296524047851562,19.40769958496094,-1,2,13056
2025-11-20T22:24:53.867+01:00,14926,630856.1339915,2.795958417032479,-2.670780687197344,1.233072405077497,0.1312545984983444,-0.1437621116638184,0.1043633967638016,-0.1557229161262512,0.0322703048586845,-0.02830670773983,XArbitraryCorrectedZVertical,-0.8047563802400541,0.0035767361919122,-0.0907748780048135,-0.586612696949212,0.9891580939292908,-0.1100443601608276,0.0972458720207214,39.58856201171875,6.596298217773438,19.24169921875,-1,2,13057
2025-11-20T22:24:53.902+01:00,14927,630856.1689075,2.789559174514207,-2.670156016325126,1.228525700704444,0.0680588111281395,-0.1521681249141693,0.0860589444637298,-0.1746364235877991,0.0158504769206047,-0.0473036766052246,XArbitraryCorrectedZVertical,-0.8058933581517709,0.0066185550164565,-0.0897665793799962,-0.5851787038170486,0.9892268180847168,-0.1136745661497116,0.0922407060861587,39.93365478515625,6.372238159179688,19.23899841308594,-1,2,13058
2025-11-20T22:24:53.937+01:00,14928,630856.2038245001,2.785231098894196,-2.67150890112384,1.224730156297759,0.0853458121418952,-0.1694448292255402,0.1311942487955093,-0.0909132361412048,0.0052457749843597,-0.0594443082809448,XArbitraryCorrectedZVertical,-0.8069183294177346,0.009302494069884,-0.0884727767019922,-0.5839254997015458,0.9893659949302672,-0.1164213195443153,0.0871847420930862,40.279052734375,6.429244995117188,18.87568664550781,-1,2,13059
2025-11-20T22:24:53.972+01:00,14929,630856.2387405001,2.769915685474512,-2.664196916850975,1.218104327370426,0.1153630837798119,-0.2247384041547775,0.3080503940582275,-0.131446897983551,0.0175004377961158,-0.0533969476819038,XArbitraryCorrectedZVertical,-0.8082063083919675,0.0143156118902741,-0.0878764482727769,-0.5821299772084377,0.989036500453949,-0.1237321272492409,0.0806033164262771,40.2813720703125,6.178024291992188,18.92536926269531,-1,2,13060
2025-11-20T22:24:54.010+01:00,14930,630856.2736575,2.747826518935411,-2.651428052287746,1.208748869821398,0.1341318041086197,-0.2164895534515381,0.3194414079189301,-0.0831270217895507,0.0098323971033096,-0.0452364683151245,XArbitraryCorrectedZVertical,-0.8098175807905941,0.020938443698887,-0.0879626934064179,-0.5796720287674298,0.9882020354270936,-0.1344356685876846,0.0733736306428909,40.7933349609375,5.765029907226562,18.56814575195312,-1,2,13061
2025-11-20T22:24:54.042+01:00,14931,630856.3085735,2.73109384022897,-2.643860052942865,1.19969714199803,0.178702175617218,-0.2554606199264526,0.2154130786657333,0.1798486113548279,-0.0572264790534973,-0.0430139303207397,XArbitraryCorrectedZVertical,-0.8115388035127247,0.0269222390959939,-0.0875278292383769,-0.5770778837173746,0.9874334335327148,-0.1435334235429764,0.0661309957504272,40.97564697265625,5.532379150390625,18.33912658691406,-1,2,13062
2025-11-20T22:24:54.077+01:00,14932,630856.3434905,2.730713006338943,-2.649505483956512,1.191123982004791,0.2729251980781555,-0.0841578617691993,-0.0100045632570982,0.113868236541748,0.0375028699636459,-0.0201259963214397,XArbitraryCorrectedZVertical,-0.8138913841651904,0.0300277483619687,-0.0864030432084193,-0.5737713382880674,0.9872058033943176,-0.1471982896327972,0.0612941347062587,41.340087890625,5.31024169921875,17.50115966796875,-1,2,13063
2025-11-20T22:24:54.111+01:00,14933,630856.3784065001,2.753037953731885,-2.671713678060338,1.183392807867021,0.3300714492797852,-0.0144573962315917,-0.1442515105009079,0.2289891839027405,0.0863171517848968,0.0308465957641601,XArbitraryCorrectedZVertical,-0.8170756280213716,0.0284376326007719,-0.0848516041151015,-0.5695427807448381,0.987853467464447,-0.1427594125270844,0.0613622032105922,41.51165771484375,5.634231567382812,17.6107177734375,-1,2,13064
2025-11-20T22:24:54.147+01:00,14934,630856.4133235001,2.776452217567778,-2.693327047390052,1.174299769084824,0.3837973177433014,-0.0466254912316799,-0.0561111345887184,0.5538702011108398,-0.0140354931354522,0.0350862815976142,XArbitraryCorrectedZVertical,-0.8205645168239466,0.0262862454172257,-0.0838967660108567,-0.5647516351640184,0.9884120225906372,-0.1380641460418701,0.0630887523293495,41.40972900390625,6.019180297851562,17.36140441894531,-1,2,13065
2025-11-20T22:24:54.181+01:00,14935,630856.4482395,2.780835137200088,-2.700093456447802,1.157547671043384,0.5408480167388916,-0.0481005832552909,0.4099027514457703,0.4024068713188171,0.0639763921499252,0.0175288915634155,XArbitraryCorrectedZVertical,-0.8250548278347679,0.028711233390269,-0.0845746362475235,-0.5579492987943496,0.9877908825874328,-0.1426507085561752,0.0626102462410926,41.57879638671875,6.142959594726562,17.02262878417969,-1,2,13066
2025-11-20T22:24:54.217+01:00,14936,630856.4831565,2.76803462547069,-2.690159816248648,1.132433187713728,0.5760459899902344,-0.0503512024879455,0.405193030834198,0.0376003384590148,0.0480787754058837,0.0631782934069633,XArbitraryCorrectedZVertical,-0.8305176256581138,0.034769166251869,-0.0885039753945092,-0.5488156092189025,0.9855623841285706,-0.1567671149969101,0.0639578104019165,41.625244140625,5.93048095703125,16.69338989257812,-1,2,13067
2025-11-20T22:24:54.251+01:00,14937,630856.5180725,2.767108737110718,-2.690641702194668,1.109115066375751,0.636690616607666,-0.0762675181031227,0.249044343829155,0.1141490340232849,-0.0778218805789947,0.028097853064537,XArbitraryCorrectedZVertical,-0.8360461183591107,0.038579548748736,-0.0912028225075916,-0.5396484396904929,0.9839495420455932,-0.1657846421003342,0.0660182759165763,41.77520751953125,5.759628295898438,16.59629821777344,-1,2,13068
2025-11-20T22:24:54.286+01:00,14938,630856.5529885,2.769017050386521,-2.696235666044504,1.085385917225319,0.6283239722251892,-0.1308590620756149,0.2785289287567139,-0.0361222028732299,-0.0486318916082382,0.0411121919751167,XArbitraryCorrectedZVertical,-0.8418522574349511,0.0426055760290964,-0.0925504295677892,-0.5300038451415027,0.9825944304466248,-0.1736887097358704,0.0658824145793914,41.94818115234375,5.530426025390625,16.10678100585938,-1,2,13069
2025-11-20T22:24:54.321+01:00,14939,630856.5879055001,2.774825370644161,-2.706135402999484,1.062111293019196,0.6380113959312439,-0.1263826042413712,0.1426774561405182,-0.1783148646354675,-0.0502347946166992,0.0332721471786499,XArbitraryCorrectedZVertical,-0.847747900991472,0.0459658012690076,-0.0929651325189945,-0.5201617851758249,0.9815985560417176,-0.1795168220996857,0.0651012286543846,41.93475341796875,5.54437255859375,16.13084411621094,-1,2,13070
2025-11-20T22:24:54.356+01:00,14940,630856.6228215001,2.788699518559954,-2.72262884989983,1.04060522490951,0.6203089356422424,-0.14598348736763,0.0134262107312679,-0.2712827324867249,-0.0393473207950592,0.0294341966509819,XArbitraryCorrectedZVertical,-0.8536702369289886,0.0471972134251382,-0.0922760186197225,-0.5103966090058345,0.9814114570617676,-0.1806538850069046,0.0647735297679901,42.07098388671875,5.6693115234375,15.71798706054688,-1,2,13071
2025-11-20T22:24:54.391+01:00,14941,630856.6577385,2.803576355339274,-2.74137880595699,1.02214108765566,0.536673903465271,-0.180414080619812,0.0401273444294929,-0.3263807892799377,-0.010404959321022,0.0305948220193386,XArbitraryCorrectedZVertical,-0.8589904651632535,0.0479467215860612,-0.0902756764140806,-0.5016839654983786,0.9817304015159608,-0.1797195672988892,0.0624990239739418,42.06292724609375,6.034530639648438,15.16720581054688,-1,2,13072
2025-11-20T22:24:54.426+01:00,14942,630856.6926545,2.81150650501954,-2.753778924392629,1.004314297894718,0.4983711242675781,-0.129811704158783,0.1204759925603867,-0.3286489844322205,-0.0125662535429,0.0043936967849731,XArbitraryCorrectedZVertical,-0.863668838730371,0.0498264038557547,-0.0890140609388143,-0.4936294065104777,0.9815420508384703,-0.1815255284309387,0.0601966567337513,42.392578125,6.117462158203125,14.63180541992188,-1,2,13073
2025-11-20T22:24:54.461+01:00,14943,630856.7275715,2.81801467353374,-2.762609178878503,0.9874041459966642,0.4699383676052094,-0.0722956806421279,0.0320427827537059,-0.318194568157196,-0.0246089547872543,0.0089135244488716,XArbitraryCorrectedZVertical,-0.8679068479227456,0.0512131698099251,-0.0887310172830134,-0.4860471143866977,0.9811890125274658,-0.1834904104471207,0.0599951222538948,42.71343994140625,6.062484741210938,14.42863464355469,-1,2,13074
2025-11-20T22:24:54.496+01:00,14944,630856.7624879167,2.827873064382903,-2.773281830275086,0.9729717161901296,0.4175219237804413,-0.0752981454133987,-0.0021634902805089,-0.1917285323143005,-0.0429166853427887,0.030282624065876,XArbitraryCorrectedZVertical,-0.8717388824447084,0.0511983660549287,-0.0880839214179309,-0.4792613366493225,0.9813098907470704,-0.1827150881290436,0.060385026037693,42.74371337890625,6.31549072265625,14.38414001464844,-1,2,13075
2025-11-20T22:24:54.530+01:00,14945,630856.7974049167,2.834837277343989,-2.781745456764794,0.959256109004196,0.3988789618015289,-0.0766123831272125,0.0708706453442573,-0.1322592496871948,-0.016947790980339,0.0303488969802856,XArbitraryCorrectedZVertical,-0.8752149497221409,0.051741800092687,-0.0875378373701555,-0.4729257859189573,0.98125821352005,-0.1830186694860458,0.0603035241365432,42.957275390625,6.550033569335938,13.82713317871094,-1,2,13076
2025-11-20T22:24:54.569+01:00,14946,630856.8323209167,2.838522571628931,-2.787728811523652,0.9457144375836664,0.3401036560535431,-0.074489340186119,0.0765992552042007,-0.1215908527374268,0.0049877315759658,0.0391174554824829,XArbitraryCorrectedZVertical,-0.8784300798521183,0.0530513801854999,-0.0872243589871356,-0.4668384927290978,0.9809353351593018,-0.1848888546228409,0.05985102429986,43.21942138671875,6.568222045898438,13.48675537109375,-1,2,13077
2025-11-20T22:24:54.600+01:00,14947,630856.8672379167,2.846694755427575,-2.795525527982595,0.9358989617591456,0.3147720992565155,-0.0368218459188938,-0.1445567905902863,0.1625481843948364,-0.1265331953763962,0.025974154472351,XArbitraryCorrectedZVertical,-0.8810370037991255,0.0523466377619637,-0.0867171543711458,-0.4620755271403537,0.9812200665473938,-0.183098167181015,0.0606804899871349,43.36956787109375,6.567977905273438,13.24484252929688,-1,2,13078
2025-11-20T22:24:54.636+01:00,14948,630856.9021539167,2.865168863349218,-2.813156189300713,0.9288237996300154,0.2832335233688354,-0.1625497341156006,-0.2991113662719727,0.5153563618659973,-0.1793087869882584,0.0077694654464721,XArbitraryCorrectedZVertical,-0.8837332886592243,0.0489984988347095,-0.0838946119518218,-0.4577951540757643,0.9828278422355652,-0.1745730638504028,0.0597811341285705,43.63067626953125,6.981765747070312,12.85501098632812,-1,2,13079
2025-11-20T22:24:54.670+01:00,14949,630856.9370709168,2.884432299368274,-2.834093420527753,0.9263119837051552,0.0704614222049713,-0.1311265081167221,-0.3413406908512115,0.1790228486061096,0.0928679853677749,0.0146288871765136,XArbitraryCorrectedZVertical,-0.8855687006998539,0.0455077734252988,-0.0792670241741578,-0.4554272320895623,0.9848718047142028,-0.1642028242349625,0.055363193154335,43.81201171875,7.376602172851562,12.63119506835938,-1,2,13080
2025-11-20T22:24:54.705+01:00,14950,630856.9719869167,2.91202914516997,-2.859227679465609,0.9298788531405372,0.0887515395879745,-0.0857243761420249,-0.6124863624572754,0.5504676103591919,0.0278670638799667,-0.0825018882751464,XArbitraryCorrectedZVertical,-0.8863579292433373,0.0386772586265672,-0.0741086673488537,-0.4553917344476217,0.9876640439033508,-0.1474959701299667,0.0525793246924877,43.88922119140625,8.095596313476562,12.12028503417969,-1,2,13081
2025-11-20T22:24:54.740+01:00,14951,630857.0069039167,2.935865188870758,-2.882051132226088,0.927043952391269,0.2175517082214355,-0.0911940559744834,-0.0718633159995079,0.6056039929389954,0.0796052515506744,-0.0862609073519706,XArbitraryCorrectedZVertical,-0.8882149974398046,0.033523337497879,-0.0696170495308562,-0.4528840480033663,0.989687204360962,-0.1343080401420593,0.0498076155781745,43.86737060546875,8.689865112304688,11.93551635742188,-1,2,13082
2025-11-20T22:24:54.775+01:00,14952,630857.0418209167,2.93974200600901,-2.890337831521009,0.9189148885940476,0.2614468336105347,-0.2147210389375687,0.0183172058314085,0.2758750319480896,0.0991042107343673,-0.0816258192062377,XArbitraryCorrectedZVertical,-0.8903031770395936,0.0343117331032577,-0.0674031172997116,-0.4490432167203925,0.9899635910987854,-0.1336959153413773,0.0457981452345848,44.03350830078125,8.816085815429688,11.45909118652344,-1,2,13083
2025-11-20T22:24:54.810+01:00,14953,630857.0767369167,2.939030433526383,-2.896280554134558,0.9069755782588296,0.4134549498558044,-0.1199790462851524,0.171423003077507,0.089644968509674,0.142074778676033,-0.1244339942932129,XArbitraryCorrectedZVertical,-0.8930186683352849,0.03687895973405,-0.0654556777770228,-0.443703927139791,0.9897922277450562,-0.1365205943584442,0.0409073680639267,44.04913330078125,8.809326171875,11.34429931640625,-1,2,13084
2025-11-20T22:24:54.850+01:00,14954,630857.1116539167,2.934142235958685,-2.895181791062594,0.8887794611573665,0.5539049506187439,-0.057615041732788,0.2764558494091034,-0.0766088366508483,0.1427098214626312,-0.0970343351364135,XArbitraryCorrectedZVertical,-0.8966837618440471,0.0402252554652718,-0.0661864719316399,-0.4358435581344721,0.9888707399368286,-0.1431370824575424,0.040576733648777,44.3538818359375,8.639755249023438,11.01756286621094,-1,2,13085
2025-11-20T22:24:54.880+01:00,14955,630857.1465699167,2.921489166301366,-2.885941937499117,0.8658976434513107,0.7090969681739807,0.0100649027153849,0.4886326789855957,-0.1546573042869568,0.1055235862731934,-0.0980186462402343,XArbitraryCorrectedZVertical,-0.900754204503362,0.0457230786957837,-0.0693124345408314,-0.4263180545992956,0.9868716597557068,-0.1556487083435059,0.0431022383272647,44.47857666015625,8.28985595703125,11.01866149902344,-1,2,13086
2025-11-20T22:24:54.915+01:00,14956,630857.1814869167,2.906253319222547,-2.874032746979786,0.8362197531901385,0.7706193923950195,0.0223930366337299,0.4567906856536865,-0.2288196682929993,0.0476574003696441,-0.0666266605257988,XArbitraryCorrectedZVertical,-0.9057876599704576,0.0525439945512339,-0.0738069170584836,-0.4139330247193102,0.9840077757835388,-0.1715893298387527,0.0478125214576721,44.4696044921875,7.593597412109375,10.77690124511719,-1,2,13087
2025-11-20T22:24:54.950+01:00,14957,630857.2164029167,2.899779548104942,-2.867613327023955,0.8073793309843545,0.7386206984519958,0.0497374944388866,0.2349133789539337,-0.1736102700233459,-0.0263684391975402,-0.0468727275729179,XArbitraryCorrectedZVertical,-0.9108220945944768,0.0566263365443379,-0.0777334215551206,-0.401440228674515,0.9818074107170104,-0.1819903403520584,0.0541663542389869,44.620361328125,7.388336181640625,10.70962524414062,-1,2,13088
2025-11-20T22:24:54.985+01:00,14958,630857.2513199167,2.901365161169728,-2.867727913083184,0.7826585305833661,0.6419152617454529,0.0083993803709745,0.099320150911808,-0.0490136742591857,-0.0393313616514205,-0.0264126136898994,XArbitraryCorrectedZVertical,-0.915390663204329,0.0580396401222852,-0.0800007061912695,-0.3902450451796453,0.9807152152061462,-0.1861325055360794,0.0596004649996757,44.72052001953125,7.405471801757812,10.61386108398438,-1,2,13089
2025-11-20T22:24:55.019+01:00,14959,630857.2862359167,2.906402868174639,-2.870547113754903,0.7649427366012574,0.5171593427658081,0.0179902333766222,-0.0178668871521949,-0.0573043227195739,0.0067428201436996,-0.0185567140579223,XArbitraryCorrectedZVertical,-0.9188059262625003,0.0577726668929651,-0.081094861018123,-0.3819445441879625,0.9804304838180542,-0.1862930059432983,0.0636463537812233,44.7509765625,7.407791137695312,10.35478210449219,-1,2,13090
2025-11-20T22:24:55.055+01:00,14960,630857.3211529168,2.915978877731122,-2.876481037124406,0.7521131583903552,0.3958343863487244,-0.0217987541109323,-0.1533031165599823,0.0016236305236816,0.0476337969303131,0.0011336877942085,XArbitraryCorrectedZVertical,-0.9215646068968896,0.0555521867730359,-0.0811722949584608,-0.3755580472806341,0.9809966683387756,-0.1821247637271881,0.0669051557779312,44.82379150390625,7.678680419921875,10.02546691894531,-1,2,13091
2025-11-20T22:24:55.089+01:00,14961,630857.3560689167,2.92700974730952,-2.886468054517073,0.7456586345844837,0.1743790507316589,-0.1333625316619873,-0.1481484621763229,0.0089809298515319,0.0865787416696548,0.0249967649579048,XArbitraryCorrectedZVertical,-0.9233842895528496,0.052846277379991,-0.0791064269127515,-0.371901918742235,0.9822605848312378,-0.1755375415086746,0.0659608170390129,44.80853271484375,7.994110107421875,9.865753173828123,-1,2,13092
2025-11-20T22:24:55.127+01:00,14962,630857.3909859167,2.929794597910132,-2.893508417854177,0.7471657202740721,0.024503095075488,-0.1988341957330704,0.0529328063130378,0.2443889379501343,0.0228316634893417,0.0034739971160888,XArbitraryCorrectedZVertical,-0.9234695808071872,0.0527537783348692,-0.0762655594470736,-0.3722964032334036,0.9829975366592408,-0.1732833534479141,0.0607349425554275,44.8349609375,8.084381103515625,9.758895874023438,-1,2,13093
2025-11-20T22:24:55.159+01:00,14963,630857.4259019167,2.920622499492511,-2.894649026685396,0.7491389459370188,-0.0258741490542888,-0.2423694431781769,0.2979161143302917,0.2160727381706238,0.0004755556583404,-0.0083447694778442,XArbitraryCorrectedZVertical,-0.922917171834406,0.0570489267080427,-0.0738862405540362,-0.3735106281603719,0.9823524951934814,-0.1794154047966003,0.0528546310961246,44.9781494140625,7.874099731445312,9.451812744140623,-1,2,13094
2025-11-20T22:24:55.194+01:00,14964,630857.4608189167,2.903927902950845,-2.888477905029098,0.7542550628719157,-0.0803643614053726,-0.0937264934182167,0.2647273540496826,-0.136911928653717,0.0850028246641159,0.0115368366241455,XArbitraryCorrectedZVertical,-0.9212967627399712,0.0631873973269916,-0.0732141734969615,-0.3766421506405733,0.9806618690490724,-0.1901663988828659,0.0462481528520584,45.0240478515625,7.421966552734375,8.980194091796875,-1,2,13095
2025-11-20T22:24:55.229+01:00,14965,630857.4957349167,2.891207419701497,-2.879366375114647,0.7623088907089991,-0.0807123407721519,0.0039750034920871,0.1810120791196823,-0.0542943477630615,0.0305739790201187,0.0214917659759521,XArbitraryCorrectedZVertical,-0.919139082993182,0.0666573118414936,-0.0743552973607943,-0.3810662803329483,0.9793126583099364,-0.1973678320646286,0.0446397438645362,45.27850341796875,6.923583984375,9.131195068359377,-1,2,13096
2025-11-20T22:24:55.264+01:00,14966,630857.5306519167,2.882305851193106,-2.871418290120311,0.7690706326187667,-0.0714394524693489,0.0223774872720241,0.0791812166571617,0.0342212915420532,-0.0231048911809921,0.0365883074700832,XArbitraryCorrectedZVertical,-0.9173509150686888,0.0686506815883927,-0.0757390003049484,-0.3847310727677476,0.978351891040802,-0.2020537853240967,0.0447409749031066,45.34027099609375,6.819808959960938,9.255325317382812,-1,2,13097
2025-11-20T22:24:55.300+01:00,14967,630857.5655689167,2.876295823601619,-2.864848561893996,0.7766190691454943,0.0111782746389508,0.0168881267309188,0.0899186208844184,0.0675777196884155,0.0038234740495681,0.0407255999743938,XArbitraryCorrectedZVertical,-0.9155579865658834,0.0694778585674217,-0.0769424353771022,-0.3885955103383964,0.9778173565864564,-0.2044918686151505,0.0453492701053619,45.37200927734375,6.61676025390625,9.246246337890623,-1,2,13098
2025-11-20T22:24:55.334+01:00,14968,630857.6004849167,2.870521555777604,-2.859199548258786,0.7785236601803901,0.1054403409361839,0.0200109705328941,0.0883317217230796,-0.0267651677131652,0.0599542260169982,0.0681722089648246,XArbitraryCorrectedZVertical,-0.9147982441399188,0.0708511745923947,-0.0782370176010872,-0.3898758425409207,0.9770365953445436,-0.2079797238111496,0.0462991558015346,45.47021484375,6.490890502929688,9.424102783203123,-1,2,13099
2025-11-20T22:24:55.369+01:00,14969,630857.6354019167,2.867119861440046,-2.855761472518503,0.7804610587712719,0.1129593402147293,-0.040735974907875,0.050413466989994,0.0011363625526428,0.0430422872304916,0.0889199897646904,XArbitraryCorrectedZVertical,-0.914198285330252,0.0715601929209428,-0.078972767379416,-0.3910036486457208,0.976616144180298,-0.2098360806703568,0.0467916578054428,45.48358154296875,6.36468505859375,9.23370361328125,-1,2,13100
2025-11-20T22:24:55.410+01:00,14970,630857.6703179167,2.865094459165579,-2.8550218106285,0.7810217504950735,0.0887143835425376,-0.0627297312021255,0.0099468361586332,-0.0274621248245239,0.048338234424591,0.0792138576507568,XArbitraryCorrectedZVertical,-0.9139968418809354,0.0722901431368073,-0.078864410912048,-0.3913622206095065,0.9763908982276917,-0.2110732644796371,0.0459234677255153,45.67010498046875,6.123367309570312,9.111038208007812,-1,2,13101
2025-11-20T22:24:55.438+01:00,14971,630857.7052349166,2.864335937563261,-2.856004263752043,0.7848256365400476,0.0642252415418624,-0.0839676111936569,-0.0152872819453477,-0.0562731027603149,0.0874994695186615,0.0687867403030395,XArbitraryCorrectedZVertical,-0.913331079631882,0.0724819831195407,-0.0779242503815081,-0.3930655882125907,0.9765763878822328,-0.2106989622116089,0.0436400510370731,45.7261962890625,6.264358520507812,8.928482055664062,-1,2,13102
2025-11-20T22:24:55.474+01:00,14972,630857.740151125,2.864898225865709,-2.857437135755681,0.7858564207401183,0.1208317205309868,-0.0109557602554559,-0.045944157987833,-0.1188520789146423,0.1515483409166336,0.0438594780862331,XArbitraryCorrectedZVertical,-0.9132229680664802,0.0724130483182557,-0.0772876910731138,-0.3934548536056165,0.9767621159553528,-0.2100810408592224,0.0424441620707511,45.8245849609375,6.231338500976562,8.77484130859375,-1,2,13103
2025-11-20T22:24:55.508+01:00,14973,630857.775068125,2.871375015211248,-2.859935714752093,0.7861613586339907,0.2304282337427139,0.0612249746918678,-0.1794209331274033,-0.0545986294746398,0.1485922932624817,0.0350112877786159,XArbitraryCorrectedZVertical,-0.9134954663442052,0.0699190812583867,-0.0773933031815721,-0.3932525116470696,0.9776026010513306,-0.2056601643562317,0.0446852780878543,45.79248046875,6.501998901367188,8.69329833984375,-1,2,13104
2025-11-20T22:24:55.543+01:00,14974,630857.8099851251,2.882244232648439,-2.865372384334589,0.7820986532813495,0.2930452823638916,-0.0032698959112167,-0.1230731010437012,0.1179858446121216,0.1304516494274139,0.0598145723342895,XArbitraryCorrectedZVertical,-0.9148037447830468,0.0663768796152805,-0.0773912684001682,-0.3908181488553126,0.978770077228546,-0.1992383152246475,0.0480955615639686,45.7916259765625,6.778823852539062,8.617431640625,-1,2,13105
2025-11-20T22:24:55.578+01:00,14975,630857.8449011251,2.885990931810272,-2.869347024985269,0.7777007427844693,0.2664804458618164,-0.133503794670105,0.0829916968941688,0.1509284973144531,0.1200654953718185,0.0596849918365478,XArbitraryCorrectedZVertical,-0.915866239667532,0.0658186043713603,-0.0766742226911753,-0.3885590157263207,0.979106903076172,-0.1976564675569534,0.0477672778069973,45.9154052734375,7.089584350585938,8.545379638671875,-1,2,13106
2025-11-20T22:24:55.613+01:00,14976,630857.879818125,2.879043317323539,-2.869573597149218,0.771176097115056,0.2250183522701263,-0.1879358887672424,0.2962287664413452,0.0916138291358947,0.0914002954959869,0.0221484936773777,XArbitraryCorrectedZVertical,-0.9167970221930624,0.0696096270316121,-0.0757776198933867,-0.3858699233529693,0.9780274033546448,-0.2038270831108093,0.0437847189605236,45.857666015625,7.016799926757812,8.387924194335938,-1,2,13107
2025-11-20T22:24:55.648+01:00,14977,630857.914734125,2.86254466719059,-2.863532761454792,0.76511922429192,0.1913642585277557,-0.1609365046024323,0.4569406807422638,0.0244327187538147,0.0537455528974533,-0.0126992426812648,XArbitraryCorrectedZVertical,-0.917026946199929,0.0765440676768728,-0.0759013080584004,-0.3839814045715017,0.97550630569458,-0.216480553150177,0.0390358045697212,46.044189453125,6.411056518554688,7.79022216796875,-1,2,13108
2025-11-20T22:24:55.690+01:00,14978,630857.949651125,2.841142979846599,-2.85233663593155,0.7572757434456145,0.1860209107398987,-0.0851482450962066,0.500950276851654,-0.0666680335998535,0.0027265846729278,-0.0401103496551513,XArbitraryCorrectedZVertical,-0.917085923471096,0.0849317307442515,-0.077662472835315,-0.3817179232641823,0.9718040823936462,-0.2329817116260529,0.0362802967429161,46.03094482421875,5.588119506835938,7.838821411132812,-1,2,13109
2025-11-20T22:24:55.718+01:00,14979,630857.9845671251,2.821585210574742,-2.839558199058113,0.7508744764693174,0.1888164281845093,-0.0145963495597243,0.3782543241977692,-0.0771836042404174,-0.0417716056108474,-0.0430274046957492,XArbitraryCorrectedZVertical,-0.9167992480863116,0.0920776569163405,-0.0804220909314226,-0.3801751042348929,0.9680984020233154,-0.2479469925165176,0.0361608900129795,46.20123291015625,4.72540283203125,7.695297241210938,-1,2,13110
2025-11-20T22:24:55.753+01:00,14980,630858.0194841251,2.810482356966226,-2.830506382852144,0.7446549203421629,0.190374419093132,0.0449871234595775,0.171966552734375,-0.0503709912300109,-0.0793354511260986,-0.0332866944372654,XArbitraryCorrectedZVertical,-0.9169429845538646,0.0960693978712326,-0.0831013790558156,-0.3782596719720348,0.965608298778534,-0.2571360766887665,0.0384899340569973,46.1876220703125,4.625869750976562,7.389572143554688,-1,2,13111
2025-11-20T22:24:55.788+01:00,14981,630858.0544011251,2.807945996064806,-2.825093355040555,0.7413600693017756,0.1742277145385742,0.1065452918410301,0.0121534671634435,-0.0544122457504272,-0.0491550862789154,-0.022348765283823,XArbitraryCorrectedZVertical,-0.9171356169593156,0.09654436661338,-0.0854473280680598,-0.377147370373905,0.9647361636161804,-0.2597285807132721,0.042719192802906,46.2647705078125,4.4150390625,7.49371337890625,-1,2,13112
2025-11-20T22:24:55.823+01:00,14982,630858.089317125,2.81108861288185,-2.822236269157001,0.7393351397383836,0.1236128285527229,0.1269048601388931,-0.0895051062107086,-0.0375027656555175,-0.0298405885696411,-0.0099837779998779,XArbitraryCorrectedZVertical,-0.917494421868402,0.0947720240730126,-0.0875609038927303,-0.3762384903722685,0.9649167060852052,-0.2580927908420563,0.0482070110738277,46.24749755859375,4.477569580078125,7.713088989257812,-1,2,13113
2025-11-20T22:24:55.857+01:00,14983,630858.124234125,2.816539799444555,-2.82066907755236,0.7410072160005338,0.063970923423767,0.1227844282984734,-0.1169550716876984,-0.0130811333656311,-0.0052116811275482,-0.0119729079306125,XArbitraryCorrectedZVertical,-0.9174051929469912,0.0918050996145838,-0.0891329834667143,-0.3768220939837464,0.9657635688781738,-0.2539130449295044,0.0531867668032646,46.23858642578125,4.561233520507812,7.865509033203125,-1,2,13114
2025-11-20T22:24:55.893+01:00,14984,630858.159151125,2.820066257150042,-2.817902613167901,0.7427249621918119,0.0325363501906395,0.1305230110883713,-0.0421861559152603,-0.0026144385337829,0.0241062343120575,-0.013707160949707,XArbitraryCorrectedZVertical,-0.9171579450820024,0.089489775558068,-0.0908904312144297,-0.3775605046545097,0.966237485408783,-0.2510502338409424,0.0579575337469577,46.4033203125,4.7911376953125,7.906585693359375,-1,2,13115
2025-11-20T22:24:55.927+01:00,14985,630858.1940671251,2.820141418290688,-2.813124970384901,0.7448508959256451,0.0135771045461297,0.0917569547891616,-0.000837436877191,0.0233552455902099,0.0032080113887786,-0.0014837980270385,XArbitraryCorrectedZVertical,-0.9165912664407858,0.0883323168933117,-0.092876591972932,-0.3787239922777636,0.9661313891410828,-0.2504614591598511,0.0621221698820591,46.20965576171875,4.94390869140625,8.14312744140625,-1,2,13116
2025-11-20T22:24:55.962+01:00,14986,630858.2289841251,2.819253869136329,-2.809760470219252,0.7472294918893166,-0.0330195352435112,0.0358236990869045,-0.0143258972093462,0.009529173374176,-0.013448417186737,0.0178267955780029,XArbitraryCorrectedZVertical,-0.9160021227211615,0.0878526154310448,-0.0940043022419418,-0.3799805846516923,0.9659956693649292,-0.2504675984382629,0.0641739517450332,46.2618408203125,4.97967529296875,8.197036743164062,-1,2,13117
2025-11-20T22:24:55.997+01:00,14987,630858.263900125,2.819690776588389,-2.808765086659626,0.7519914447084284,-0.0481241419911384,0.0010153530165553,-0.0746578127145767,0.003655731678009,-0.0192314535379409,0.0088862255215644,XArbitraryCorrectedZVertical,-0.9151847247435204,0.0869633842232137,-0.0940505249186188,-0.382137294420738,0.9663760662078856,-0.2489570528268814,0.0643254369497299,46.02978515625,4.9278564453125,8.407577514648438,-1,2,13118
2025-11-20T22:24:56.032+01:00,14988,630858.298817125,2.823702618422254,-2.811561438967231,0.7577757305117008,-0.0820311233401298,-0.0343418307602405,-0.1831046342849731,-0.0156824588775634,-0.0045294910669326,0.0093303993344306,XArbitraryCorrectedZVertical,-0.9145207270316402,0.0850588671046469,-0.0929442972167606,-0.3844193817093813,0.9675257802009584,-0.2447533756494522,0.0631640627980232,46.252197265625,5.116317749023438,8.353775024414062,-1,2,13119
2025-11-20T22:24:56.067+01:00,14989,630858.333734125,2.829888053179769,-2.816581085843105,0.7647742314938962,-0.0819717571139335,-0.0302866194397211,-0.147665336728096,0.0073136687278747,0.0190328359603881,-0.0049985684454441,XArbitraryCorrectedZVertical,-0.9138270053733936,0.082475543400236,-0.0911310817483414,-0.3870570043968348,0.969141960144043,-0.2387899309396744,0.0611813738942146,46.22833251953125,5.527236938476562,8.141082763671875,-1,2,13120
2025-11-20T22:24:56.102+01:00,14990,630858.368650125,2.832804638810634,-2.819062519350926,0.7695500840461524,-0.0554278679192066,-0.0214758068323135,-0.052083384245634,0.0149677991867065,0.0341280847787857,-0.0080193281173706,XArbitraryCorrectedZVertical,-0.913242540043354,0.0811358822581407,-0.0900835380577226,-0.3889602992858628,0.9700022339820862,-0.2356204092502594,0.059822853654623,46.24365234375,5.458724975585938,8.025650024414062,-1,2,13121
2025-11-20T22:24:56.137+01:00,14991,630858.4035671251,2.832618981491623,-2.819114382686271,0.7733268905134836,-0.0280137136578559,-0.0159164685755968,-0.0222794618457555,0.0062823891639709,0.019281268119812,-0.0079824961721897,XArbitraryCorrectedZVertical,-0.9125875463788908,0.0808452439280208,-0.0896452636775934,-0.3906554396815411,0.970264732837677,-0.234796404838562,0.0587942339479923,46.28570556640625,5.630203247070312,8.107147216796875,-1,2,13122
2025-11-20T22:24:56.172+01:00,14992,630858.4384831251,2.833803749955762,-2.820197874078923,0.7761821240532272,-0.0321114957332611,-0.0208111070096492,-0.0696808621287345,-0.0115421414375305,0.0055302083492279,0.0016245916485786,XArbitraryCorrectedZVertical,-0.912190367488823,0.0802256889624844,-0.0890970307055113,-0.3918348008072285,0.9706792235374452,-0.2332829684019089,0.0579762496054172,46.32135009765625,5.628814697265625,8.044418334960938,-1,2,13123
2025-11-20T22:24:56.206+01:00,14993,630858.473400125,2.83619752149658,-2.822309093646939,0.7799297137316603,-0.0467092469334602,-0.0221791490912437,-0.0765812844038009,0.0029968619346618,0.0017655789852142,0.0021183490753173,XArbitraryCorrectedZVertical,-0.9117280966236282,0.0791681433773729,-0.0882308146488854,-0.393318793304949,0.9713531136512756,-0.2307389825582504,0.05685680732131,46.06781005859375,5.837295532226562,8.122695922851562,-1,2,13124
2025-11-20T22:24:56.241+01:00,14994,630858.508317125,2.837968687784237,-2.82416331344037,0.7838083106384424,-0.0607481747865676,-0.0315649695694446,-0.0543363280594348,0.0041188597679138,0.0135423094034194,0.0010064840316772,XArbitraryCorrectedZVertical,-0.9112011269076448,0.0783347683734492,-0.0873505203692,-0.3949001140635883,0.9719401001930236,-0.2285844087600708,0.0555120632052421,46.1214599609375,5.817367553710938,8.030441284179688,-1,2,13125
2025-11-20T22:24:56.276+01:00,14995,630858.543233125,2.838212829124366,-2.824991201536975,0.7882445880257897,-0.0576224885880947,-0.0332355536520481,-0.0263096988201141,0.0083385109901428,0.0176220685243606,-0.0030232705175876,XArbitraryCorrectedZVertical,-0.91046634703742,0.0779409274457811,-0.0865833924635783,-0.3968369738552782,0.9723285436630248,-0.2273083478212357,0.0539265647530555,46.263916015625,5.995880126953125,8.046661376953125,-1,2,13126
2025-11-20T22:24:56.312+01:00,14996,630858.578150125,2.837335131091567,-2.825179053530337,0.7916361306125548,-0.0387261360883712,-0.0311140697449445,0.0070019625127315,0.0049693584442138,0.0215441435575485,-0.0104154385626316,XArbitraryCorrectedZVertical,-0.9098406056000634,0.0780363508018628,-0.085987863034783,-0.3983798137926039,0.9724780321121216,-0.227034255862236,0.0523617342114448,46.18365478515625,6.01141357421875,8.24517822265625,-1,2,13127
2025-11-20T22:24:56.346+01:00,14997,630858.6130671251,2.835304212348147,-2.824018440992228,0.7942584827997928,-0.0112760467454791,-0.0169271752238273,0.027048522606492,-0.0038651227951049,0.0132463574409484,-0.0145355463027954,XArbitraryCorrectedZVertical,-0.90924619692637,0.0784637244807878,-0.0858499287172245,-0.3996807180989523,0.9723709225654602,-0.227708637714386,0.051415953785181,46.08038330078125,5.79827880859375,7.993972778320312,-1,2,13128
2025-11-20T22:24:56.381+01:00,14998,630858.6479831251,2.833425341246659,-2.822762843388,0.7955608245819502,0.0066008493304252,-0.0081264823675155,0.0224777814000845,-0.0066984891891479,-0.0006817728281021,-0.0114822313189506,XArbitraryCorrectedZVertical,-0.9088869933737144,0.0789345210754639,-0.0859146729090567,-0.4003905336895492,0.9721831679344176,-0.2286120802164078,0.050956692546606,45.97174072265625,5.778091430664062,8.123123168945312,-1,2,13129
2025-11-20T22:24:56.416+01:00,14999,630858.682900125,2.831835655401014,-2.821175187714179,0.7969638430868267,0.0084099397063255,0.00806550309062,0.0198749359697103,-0.0112344622611999,-0.0054153949022293,-0.0062719509005546,XArbitraryCorrectedZVertical,-0.9085064016224405,0.0791956749853029,-0.086176495515982,-0.4011458185849391,0.9720194339752196,-0.2292953431606293,0.0510106682777404,46.18853759765625,5.669143676757812,7.878448486328125,-1,2,13130
2025-11-20T22:24:56.451+01:00,15000,630858.717817125,2.830436384326149,-2.819420903284521,0.7978218009912396,0.0103771081194281,0.0223792381584644,0.0263130441308021,-0.0114723443984985,-0.0071916878223419,-0.0029617473483085,XArbitraryCorrectedZVertical,-0.9082224837406164,0.0793912104764466,-0.0866057626263314,-0.4016572536960683,0.9718300700187684,-0.2299909442663193,0.0514846928417682,45.994384765625,5.684005737304688,8.032577514648438,-1,2,13131
2025-11-20T22:24:56.490+01:00,15001,630858.752732625,2.828564079637113,-2.816887733164867,0.7987426796058991,0.0151567477732896,0.0197259187698364,0.0297758970409631,-0.009162962436676,-0.006922572851181,-8.464977145195007e-05,XArbitraryCorrectedZVertical,-0.907873948124249,0.0796371920921223,-0.0872860004159988,-0.4022485533544609,0.9715498685836792,-0.2309771925210953,0.052345972508192,46.12847900390625,5.686782836914062,8.049652099609375,-1,2,13132
2025-11-20T22:24:56.521+01:00,15002,630858.787649625,2.827011632027332,-2.814959987051903,0.7989202881667391,0.02734443731606,0.01201500184834,0.0240975059568882,-0.0069119930267333,-0.0085631757974624,0.0007376670837402,XArbitraryCorrectedZVertical,-0.9076961033393404,0.0799356160586393,-0.0878305541271241,-0.4024722628236165,0.971282720565796,-0.2319458574056625,0.0530190356075763,46.0645751953125,5.703857421875,7.984359741210938,-1,2,13133
2025-11-20T22:24:56.556+01:00,15003,630858.8225666251,2.825957653867969,-2.813365724084875,0.7990651991696284,0.0436806790530681,0.0179133638739585,0.0195663720369339,-0.0124841928482055,-0.0048760771751403,0.0018864870071411,XArbitraryCorrectedZVertical,-0.907557967294748,0.0800779216298893,-0.0883270340723263,-0.4026467798829683,0.9710870385169984,-0.2325964868068695,0.0537469834089279,46.1473388671875,5.650054931640625,8.067337036132812,-1,2,13134
2025-11-20T22:24:56.591+01:00,15004,630858.857482625,2.824954186272322,-2.811969752501578,0.798502402181505,0.0332854762673378,0.0126584433019161,0.0154314003884792,-0.0118083953857421,-0.0133196413516998,0.0064067840576171,XArbitraryCorrectedZVertical,-0.9075558496374684,0.0803112008451366,-0.0888164711947231,-0.4024974416745738,0.9708537459373474,-0.2333996891975403,0.0544757731258869,45.830322265625,5.644149780273438,7.954330444335938,-1,2,13135
2025-11-20T22:24:56.626+01:00,15005,630858.892399625,2.824173590162618,-2.81041856935703,0.7982065035465665,0.0468023978173732,0.0197602286934852,0.0104289166629314,-0.0187673568725585,-0.0041870772838592,0.0020017549395561,XArbitraryCorrectedZVertical,-0.9075077803560055,0.0803843077015543,-0.0893937886985449,-0.402463278150173,0.9706562757492064,-0.2339873462915421,0.0554628148674964,46.034912109375,5.529937744140625,7.893325805664062,-1,2,13136
2025-11-20T22:24:56.661+01:00,15006,630858.927315625,2.824904666402099,-2.810045368015252,0.7980416484046596,0.0433060526847839,0.0143814841285347,-0.0370438918471336,-0.0096468925476074,-0.0064371675252914,0.0080138519406318,XArbitraryCorrectedZVertical,-0.9075497001979406,0.0799948804649517,-0.089727322303687,-0.4023723285790437,0.9707065224647522,-0.2335531264543533,0.0564087107777595,46.1436767578125,5.622100830078125,8.24920654296875,-1,2,13137
2025-11-20T22:24:56.695+01:00,15007,630858.962232625,2.826432762561916,-2.810234253386693,0.7977106882717749,0.0620582029223442,0.0136084053665399,-0.0079399151727557,0.0046750903129577,0.0068105161190032,0.0057607851922512,XArbitraryCorrectedZVertical,-0.9076776666226228,0.0793742022015272,-0.0899830567968538,-0.4021493131178819,0.9708649516105652,-0.2326406091451645,0.0574410632252693,46.042236328125,5.45556640625,7.837554931640625,-1,2,13138
2025-11-20T22:24:56.731+01:00,15008,630858.9971496251,2.826155266532415,-2.809707840837401,0.7961227083608374,0.0597471222281456,-0.0028273616917431,0.0460359565913677,0.0065661668777465,0.0045845210552215,0.0079301595687866,XArbitraryCorrectedZVertical,-0.9079240569302652,0.0795614006808124,-0.0903297905046029,-0.4014779067562111,0.9706829190254213,-0.2332374900579453,0.0580945499241352,46.1483154296875,5.46929931640625,7.835464477539062,-1,2,13139
2025-11-20T22:24:56.769+01:00,15009,630859.0320656251,2.824237033510126,-2.808034004915429,0.7947118650960597,0.0544796325266361,0.004350405652076,0.0494110435247421,-0.0067135691642761,-0.0037528425455093,0.0053658485412597,XArbitraryCorrectedZVertical,-0.90802071014661,0.0802452433019026,-0.0908505704002272,-0.401005419223932,0.9702603220939636,-0.2348640859127045,0.0585989318788051,46.188232421875,5.442306518554688,7.964935302734375,-1,2,13140
2025-11-20T22:24:56.800+01:00,15010,630859.066982625,2.823006551192161,-2.806797860381482,0.7934557121693819,0.0420472100377082,0.0072354609146714,0.0327212288975715,-0.007807433605194,-0.0103369951248168,0.0086658000946044,XArbitraryCorrectedZVertical,-0.9081360889139865,0.0806892322412803,-0.0912955382289745,-0.4005536480476983,0.9699503183364868,-0.2360009253025055,0.0591594278812408,46.30633544921875,5.292221069335938,7.924911499023438,-1,2,13141
2025-11-20T22:24:56.835+01:00,15011,630859.101899625,2.821790174641126,-2.805367814076037,0.7925125076901766,0.0435632020235061,0.0090986173599958,0.0307345427572727,-0.0099512934684753,-0.0095955729484558,0.0056252479553222,XArbitraryCorrectedZVertical,-0.9081872422578396,0.081055541274151,-0.0917995860022679,-0.4002485069387574,0.969652771949768,-0.2370475381612778,0.0598501600325107,46.22265625,5.4549560546875,7.858642578125,-1,2,13142
2025-11-20T22:24:56.870+01:00,15012,630859.136815625,2.82172593793136,-2.805026966477253,0.7915246183092642,0.0500086955726146,-0.0005708336830139,-0.0111097609624266,-0.018085777759552,-0.0113836377859115,0.0026952102780342,XArbitraryCorrectedZVertical,-0.908342316707793,0.0811217846519253,-0.0920445803114231,-0.3998267887267233,0.9695476293563844,-0.2373499125242233,0.0603540763258934,46.060791015625,5.288253784179688,7.73211669921875,-1,2,13143
2025-11-20T22:24:56.905+01:00,15013,630859.171732625,2.824049569238412,-2.80670571660178,0.7905228135414231,0.072186641395092,-0.0123374983668327,-0.0508106537163257,-0.0155057311058044,-0.0058590620756149,0.0034529045224189,XArbitraryCorrectedZVertical,-0.908688996010253,0.080508042778027,-0.0918503098957258,-0.3992072841880328,0.9698362946510316,-0.2360843122005463,0.0606797188520431,46.0506591796875,5.327163696289062,7.803115844726562,-1,2,13144
2025-11-20T22:24:56.940+01:00,15014,630859.2066496251,2.827563396839439,-2.809676409106131,0.7891180866219745,0.103349581360817,-0.0269888825714588,-0.0452976524829864,-0.003067135810852,0.0047933012247085,0.0028012953698635,XArbitraryCorrectedZVertical,-0.909211866345049,0.0796514665898573,-0.0913455302954128,-0.3983031366893987,0.970306396484375,-0.2341329306364059,0.0607209801673889,46.1181640625,5.447433471679688,7.947265625,-1,2,13145
2025-11-20T22:24:56.975+01:00,15015,630859.2415656251,2.830953996599583,-2.813196546777037,0.7863103919390768,0.1410134732723236,-0.0493002869188785,-0.0270245335996151,0.0030040144920349,0.0169141739606857,0.0043052397668361,XArbitraryCorrectedZVertical,-0.909998464381116,0.0791021895082621,-0.0907048404635098,-0.3967596985572877,0.9706897735595704,-0.2326124161481857,0.0604377090930938,46.0101318359375,5.78521728515625,7.787765502929688,-1,2,13146
2025-11-20T22:24:57.010+01:00,15016,630859.276482625,2.833374212913674,-2.817188809271088,0.7809414824750632,0.2189369797706604,-0.0918653085827827,0.0373332053422927,0.0254116654396057,0.0321127623319625,-0.0041717402637004,XArbitraryCorrectedZVertical,-0.911211821231494,0.0793437242564981,-0.0899074458557243,-0.3940991471465566,0.97080397605896,-0.232369065284729,0.0595305748283863,45.97674560546875,5.809036254882812,7.302413940429688,-1,2,13147
2025-11-20T22:24:57.050+01:00,15017,630859.311399625,2.834797296026216,-2.822194035257625,0.7711285845336573,0.3674716353416443,-0.1452172249555588,0.0739295110106468,0.0253397822380065,0.0482130795717239,-0.0159690417349338,XArbitraryCorrectedZVertical,-0.913191829897384,0.0806750177943485,-0.0888838982444031,-0.3894507237454223,0.9705402255058287,-0.2338820248842239,0.0578849166631698,46.35760498046875,5.679367065429688,7.470413208007812,-1,2,13148
2025-11-20T22:24:57.079+01:00,15018,630859.346315625,2.837651832644617,-2.83016415143607,0.7552652299122002,0.5812484622001648,-0.2107951641082764,0.1055298000574112,0.0295089483261108,0.0631315410137176,-0.0312831439077854,XArbitraryCorrectedZVertical,-0.9163668134405468,0.0824926137392547,-0.087353084923857,-0.3818851590161818,0.9701858162879944,-0.2358610183000565,0.0557581856846809,46.1114501953125,5.79852294921875,7.072311401367188,-1,2,13149
2025-11-20T22:24:57.114+01:00,15019,630859.381232625,2.841767793534852,-2.84081178735126,0.7315549214711201,0.7962853908538818,-0.235704243183136,0.128499835729599,0.0035839676856994,0.0647511482238769,-0.0358006991446018,XArbitraryCorrectedZVertical,-0.9209531700053288,0.0849096813892754,-0.085527032544056,-0.3705680616776723,0.9696062207221984,-0.2387013286352158,0.0537144504487514,46.03338623046875,5.726943969726562,6.73223876953125,-1,2,13150
2025-11-20T22:24:57.149+01:00,15020,630859.4161496251,2.848052491566788,-2.852933145319462,0.7013144562878371,0.9888103008270264,-0.2369253486394882,0.1236125081777573,-0.002766728401184,0.0549651086330413,-0.0312525071203708,XArbitraryCorrectedZVertical,-0.9266157247699682,0.0870400140644545,-0.0839099022789458,-0.3560426952311876,0.9690141677856444,-0.2411986142396927,0.0532402843236923,46.17584228515625,5.546661376953125,6.071304321289062,-1,2,13151
2025-11-20T22:24:57.184+01:00,15021,630859.4510656251,2.855537475620229,-2.866124726055778,0.6642415637455561,1.169368386268616,-0.2610524892807007,0.1464731246232986,0.0033913850784301,0.0564925074577331,-0.0226476192474365,XArbitraryCorrectedZVertical,-0.9332195643098784,0.0891658820665833,-0.0824355896646326,-0.3381642634609531,0.96831876039505,-0.2437941431999207,0.0540654100477695,46.33758544921875,5.606552124023438,5.547454833984375,-1,2,13152
2025-11-20T22:24:57.219+01:00,15022,630859.485982625,2.863913857571787,-2.880725369947291,0.6208760450299253,1.366188049316406,-0.2944985926151276,0.1495876163244247,0.0066155195236206,0.0561146885156631,-0.0190834999084472,XArbitraryCorrectedZVertical,-0.9405251836998004,0.0913100587092209,-0.0807384674577956,-0.3171060224696877,0.9676123857498168,-0.2462697327136993,0.0554757118225097,46.2757568359375,5.608978271484375,4.72381591796875,-1,2,13153
2025-11-20T22:24:57.254+01:00,15023,630859.520899625,2.873166774667576,-2.896571515818352,0.57050575710311,1.571414351463318,-0.3231504559516907,0.1411722898483276,-0.0045902132987976,0.0614398419857025,-0.0121173933148384,XArbitraryCorrectedZVertical,-0.9484348990289062,0.0933617123258331,-0.0788395117428588,-0.2924707648866249,0.966931402683258,-0.2484210431575775,0.0577106550335884,46.324951171875,5.561599731445312,4.049423217773438,-1,2,13154
2025-11-20T22:24:57.289+01:00,15024,630859.555815625,2.883994033483833,-2.913816593440694,0.5133101168534115,1.779361128807068,-0.3594600260257721,0.1234131008386612,0.003208577632904,0.0603542178869247,-0.0074912346899509,XArbitraryCorrectedZVertical,-0.956723777229498,0.0948227370238197,-0.0766153815120906,-0.2642315503412203,0.9665331244468688,-0.2492274940013885,0.0608205869793891,46.27886962890625,5.5523681640625,2.992904663085938,-1,2,13155
2025-11-20T22:24:57.327+01:00,15025,630859.590732625,2.895415043455723,-2.932406919259851,0.4475718818387119,2.072408437728882,-0.4174790978431702,0.1297536194324493,0.0004860758781433,0.0824112743139267,-0.010247953236103,XArbitraryCorrectedZVertical,-0.9652434705060408,0.0960684847605394,-0.0739303493185588,-0.2315387925449572,0.966280162334442,-0.2492813766002655,0.0645081549882888,46.346435546875,5.539474487304688,2.306961059570312,-1,2,13156
2025-11-20T22:24:57.359+01:00,15026,630859.6256486251,2.907248388007138,-2.953193874185343,0.3716384133084442,2.314594984054565,-0.5071088075637817,0.1150990426540375,0.0017405152320861,0.073682501912117,0.0201345682144165,XArbitraryCorrectedZVertical,-0.9737507650638426,0.0971237551761135,-0.0703045844739342,-0.1934781401318446,0.9662618041038512,-0.2484109103679657,0.0680459663271904,46.28411865234375,5.257156372070312,0.8292083740234375,-1,2,13157
2025-11-20T22:24:57.394+01:00,15027,630859.6605656251,2.918557549549888,-2.975913033345819,0.289376225851067,2.439927577972412,-0.577446699142456,0.1091175526380539,0.0140226483345031,0.0536805987358093,0.0395395681262016,XArbitraryCorrectedZVertical,-0.9813595580010956,0.0978896779075865,-0.065381181358453,-0.1519090148419213,0.9665986299514772,-0.2465059012174606,0.0701558142900466,46.24664306640625,5.45574951171875,-0.2005615234375,-1,2,13158
2025-11-20T22:24:57.429+01:00,15028,630859.695482625,2.928668226806701,-2.998734737000403,0.2053495714106808,2.391607046127319,-0.5686318874359131,0.0808938592672348,-0.0211254358291626,0.0111305117607116,0.0676705762743949,XArbitraryCorrectedZVertical,-0.987356740574345,0.0981586258798706,-0.0597270193165202,-0.1091980408985324,0.9672465324401855,-0.2436439543962479,0.071214884519577,46.17034912109375,5.098602294921875,-1.631881713867188,-1,2,13159
2025-11-20T22:24:57.463+01:00,15029,630859.730398625,2.937102871959021,-3.019112818020329,0.125365039072061,2.192457437515259,-0.5101075768470764,0.0402702651917934,-0.0197416543960571,-0.0207492113113403,0.087754487991333,XArbitraryCorrectedZVertical,-0.991354084623278,0.0978616978803714,-0.0543808276509604,-0.0684319146624295,0.9680448770523072,-0.240130290389061,0.0722949132323265,46.11199951171875,4.74285888671875,-2.53118896484375,-1,2,13160
2025-11-20T22:24:57.499+01:00,15030,630859.7653165001,2.945115309468119,-3.03627096756646,0.0538627547141362,1.925929307937622,-0.4383891820907593,-0.0104489978402853,-0.0255930423736572,-0.0346247255802154,0.0835711881518364,XArbitraryCorrectedZVertical,-0.9935775263146416,0.0964986834158629,-0.0497262541362002,-0.0319218926143233,0.9691964387893676,-0.2350743561983109,0.0734722316265106,45.8670654296875,4.577804565429688,-4.122482299804688,-1,2,13161
2025-11-20T22:24:57.533+01:00,15031,630859.8002335001,2.951953362077829,-3.051171713069307,-0.0073098452723332,1.595252871513367,-0.3956822156906128,-0.0426285788416862,-0.0081612467765808,-0.0583684742450714,0.0946369096636772,XArbitraryCorrectedZVertical,-0.9944684670421352,0.0947446911526919,-0.0453374369018147,-0.0006441545321118,0.9704719185829164,-0.2297479659318924,0.0734844058752059,45.818603515625,4.411224365234375,-4.544906616210938,-1,2,13162
2025-11-20T22:24:57.570+01:00,15032,630859.8351495,2.95785691768813,-3.063254844231504,-0.0572738060027993,1.277755856513977,-0.3101869821548462,-0.0476749502122402,-0.0212038159370422,-0.0520917922258377,0.0789449140429496,XArbitraryCorrectedZVertical,-0.9945085137068366,0.0927472574202853,-0.0416025114805077,0.0248994655824301,0.9717499613761902,-0.2244432419538498,0.0729868113994598,45.73724365234375,4.08074951171875,-5.654022216796875,-1,2,13163
2025-11-20T22:24:57.610+01:00,15033,630859.8700665,2.962269890156744,-3.07242956046235,-0.0954764858323819,0.9249694347381592,-0.2284242659807205,-0.0263804756104946,-0.0171480178833007,-0.0798505097627639,0.079513318836689,XArbitraryCorrectedZVertical,-0.9941059784726144,0.0910291133576638,-0.0386669158007565,0.044407672292427,0.972790777683258,-0.2201220542192459,0.072281114757061,45.6383056640625,3.9200439453125,-6.32305908203125,-1,2,13164
2025-11-20T22:24:57.638+01:00,15034,630859.9049835,2.963834358307202,-3.078985971396672,-0.122446316017108,0.6233684420585632,-0.1681028604507446,0.0213522650301456,-0.0080921053886413,-0.0638311654329299,0.0688588544726371,XArbitraryCorrectedZVertical,-0.9935296373211068,0.0904598894362025,-0.0365445271741839,0.0581406624487072,0.9732256531715392,-0.21839539706707,0.0716592520475387,45.58233642578125,3.830764770507812,-6.807815551757812,-1,2,13165
2025-11-20T22:24:57.673+01:00,15035,630859.9398995,2.964907070550199,-3.084080494934966,-0.1395915524621627,0.3722042441368103,-0.1271425932645798,-0.0209369733929634,-0.0215933322906494,-0.068561166524887,0.0558243915438652,XArbitraryCorrectedZVertical,-0.9930873484749176,0.0899740543688806,-0.0347206555538197,0.0669078785632455,0.9736043214797974,-0.2171443849802017,0.0703047588467598,45.52435302734375,3.742965698242188,-7.221832275390625,-1,2,13166
2025-11-20T22:24:57.708+01:00,15036,630859.9748165001,2.96660880994616,-3.08762705075171,-0.1488183055301381,0.1691993772983551,-0.0882895067334175,-0.0518178157508373,-0.0266867876052856,-0.0571151971817016,0.0398492887616157,XArbitraryCorrectedZVertical,-0.992881740008807,0.0891048580937915,-0.0332955046505423,0.0716782346392978,0.974120318889618,-0.2153610587120056,0.0686254575848579,45.610107421875,3.63616943359375,-7.47430419921875,-1,2,13167
2025-11-20T22:24:57.743+01:00,15037,630860.0097335001,2.969319399070498,-3.089466610836257,-0.15189168883524,0.0238082744181156,-0.0383182279765605,-0.0838876217603683,-0.0275754928588867,-0.0433028191328048,0.0285483449697494,XArbitraryCorrectedZVertical,-0.992913174805304,0.0877229427598698,-0.0324137462453312,0.0733304061562111,0.9748103618621826,-0.2126938700675964,0.0671241655945777,45.51751708984375,3.613037109375,-7.47418212890625,-1,2,13168
2025-11-20T22:24:57.778+01:00,15038,630860.0446495,2.972272728541107,-3.089693438926352,-0.1506023030317487,-0.0782195925712585,-0.0044974167831242,-0.0859081745147705,-0.0138919353485107,-0.0318991839885711,0.0189911052584648,XArbitraryCorrectedZVertical,-0.99309527478035,0.0862358381506757,-0.0321397255099183,0.0727475280995469,0.9754854440689088,-0.2098610699176788,0.0662292093038559,45.4364013671875,3.86962890625,-7.60382080078125,-1,2,13169
2025-11-20T22:24:57.813+01:00,15039,630860.0795665,2.974841568128896,-3.089883725816492,-0.1469319952391678,-0.1145572662353516,-0.0358582474291324,-0.075930543243885,0.0052617788314819,-0.0131493061780929,0.0210789516568183,XArbitraryCorrectedZVertical,-0.9933481442065132,0.0849175186641891,-0.0318029275791461,0.0709734190292627,0.9760921001434326,-0.2074318081140518,0.0649348571896553,45.60687255859375,3.978759765625,-7.643173217773438,-1,2,13170
2025-11-20T22:24:57.849+01:00,15040,630860.1144835,2.977395473767601,-3.090779553012533,-0.1427226138100955,-0.1060817092657089,-0.0240133665502071,-0.0773401632905006,-0.0215985178947448,-0.0038146376609802,0.0013489797711372,XArbitraryCorrectedZVertical,-0.9936259214616566,0.0835765004314264,-0.031099048219475,0.0689596897966398,0.9767377376556396,-0.2050171941518784,0.0628599375486373,45.33184814453125,4.2020263671875,-7.681167602539062,-1,2,13171
2025-11-20T22:24:57.889+01:00,15041,630860.1493995,2.979877038340078,-3.090892788194415,-0.1386950997252859,-0.1357408910989761,-0.003961035516113,-0.0778381749987602,-0.0110302567481994,-0.0017746537923812,0.0134738609194755,XArbitraryCorrectedZVertical,-0.9938757072433556,0.082300318856343,-0.0307985724371595,0.0670010331505744,0.9773082137107848,-0.2026625871658325,0.0616146214306354,45.4266357421875,4.079025268554688,-7.663543701171875,-1,2,13172
2025-11-20T22:24:57.918+01:00,15042,630860.1843165001,2.981900849072479,-3.089909564305669,-0.1326613091005552,-0.2021623104810715,0.0521077699959278,-0.0546020567417144,-0.0112698078155517,-0.0191429704427719,0.0220773294568061,XArbitraryCorrectedZVertical,-0.9941533328428452,0.0812663159824277,-0.0309846740065613,0.0639923985088923,0.9777310490608216,-0.2007667422294617,0.0611135363578796,45.44512939453125,4.42657470703125,-7.39215087890625,-1,2,13173
2025-11-20T22:24:57.952+01:00,15043,630860.2192325001,2.983641258540611,-3.087195616989985,-0.1246185369660797,-0.2573744356632233,0.0905484408140182,-0.0674145147204399,-0.0198014974594116,-0.0092974603176116,0.0352982208132743,XArbitraryCorrectedZVertical,-0.9944468815741824,0.0803995328173375,-0.0319685932157265,0.0599105492108791,0.9780074954032898,-0.1991528570652008,0.0619612038135528,45.607666015625,4.404632568359375,-7.517288208007812,-1,2,13174
2025-11-20T22:24:57.988+01:00,15044,630860.2541495,2.985543069911436,-3.083340705416608,-0.1142883707760698,-0.3359329998493195,0.1086712256073952,-0.0694958716630935,-0.0104957222938537,-0.0390394479036331,0.0532432794570922,XArbitraryCorrectedZVertical,-0.9947785123500188,0.0794435961065592,-0.0334356956748759,0.0546489622985523,0.978269100189209,-0.1973802447319031,0.0634864196181297,45.56781005859375,4.69635009765625,-7.295028686523438,-1,2,13175
2025-11-20T22:24:58.022+01:00,15045,630860.2890665,2.987093852665769,-3.079274971507107,-0.1007966380596406,-0.4210454225540161,0.1152268499135971,-0.0644135475158691,-0.0142789483070373,-0.0401172786951065,0.0660508871078491,XArbitraryCorrectedZVertical,-0.9951473792630724,0.0786019524769621,-0.0349072899682717,0.0478012014903162,0.9784817695617676,-0.1959362030029297,0.0646711885929107,45.60931396484375,4.783981323242188,-7.072525024414062,-1,2,13176
2025-11-20T22:24:58.057+01:00,15046,630860.3239825,2.988443061454693,-3.075250414313072,-0.0851224745437048,-0.4682981371879578,0.1060075014829636,-0.0782085210084915,-0.0224947333335876,-0.0374512076377868,0.0714223310351371,XArbitraryCorrectedZVertical,-0.9955106885624144,0.0777956427360901,-0.0362910636084564,0.0398655394713754,0.9786866307258606,-0.1946502476930618,0.0654490068554878,45.58453369140625,5.251724243164062,-7.196548461914062,-1,2,13177
2025-11-20T22:24:58.092+01:00,15047,630860.3588995,2.991022106745806,-3.0720342843484,-0.0682918013832167,-0.4765731394290924,0.0599119663238525,-0.1286357939243317,-0.0213057398796081,-0.0362576991319656,0.0716807842254638,XArbitraryCorrectedZVertical,-0.9958942196458628,0.0763086167343322,-0.0372196742387536,0.0314081385029904,0.979206681251526,-0.1921053826808929,0.0651905536651611,45.639892578125,5.61395263671875,-6.695556640625,-1,2,13178
2025-11-20T22:24:58.131+01:00,15048,630860.3938165001,2.994782609285379,-3.070709846335196,-0.0520225278041446,-0.4309879839420319,0.0090029332786798,-0.1578759104013443,-0.0226681232452392,-0.0341292172670364,0.0610686615109443,XArbitraryCorrectedZVertical,-0.9962760890998368,0.0741873795963075,-0.0372328452320554,0.0233241828770327,0.980065643787384,-0.1883439868688583,0.0632294192910194,45.5963134765625,5.834014892578125,-6.448104858398438,-1,2,13179
2025-11-20T22:24:58.162+01:00,15049,630860.4287325001,3.00037821092806,-3.070382012631459,-0.0371975769509446,-0.3817694485187531,-0.0032875132746994,-0.2229599207639694,-0.0476968884468078,-0.0445906668901443,0.048067569732666,XArbitraryCorrectedZVertical,-0.9966570311555,0.0711520549176481,-0.0368141727304145,0.0160286790412073,0.9812905788421632,-0.1827348172664642,0.060636032372713,45.80133056640625,5.879013061523438,-5.990829467773438,-1,2,13180
2025-11-20T22:24:58.197+01:00,15050,630860.4636495,3.007877982690141,-3.070429649819623,-0.023728178055608,-0.3586474359035492,-0.0182166509330272,-0.2441919296979904,-0.0470867753028869,-0.0523074716329574,0.0160865858197212,XArbitraryCorrectedZVertical,-0.997036028571024,0.067181666443163,-0.0362841166787271,0.0094533678481696,0.9828168153762816,-0.1752163618803024,0.0580557957291603,45.57244873046875,6.407577514648438,-6.255462646484375,-1,2,13181
2025-11-20T22:24:58.232+01:00,15051,630860.4985665,3.014745783009195,-3.070921154811054,-0.0112739263740973,-0.2892889678478241,-0.022981371730566,-0.2053741961717606,-0.0330076217651367,-0.0225069671869278,-0.0296623706817627,XArbitraryCorrectedZVertical,-0.9973379648733728,0.0635390976947671,-0.0356138575529561,0.003382977006085,0.984179437160492,-0.1682889312505722,0.0554039552807807,45.6856689453125,6.835189819335938,-5.994903564453125,-1,2,13182
2025-11-20T22:24:58.267+01:00,15052,630860.5334825,3.021978854571533,-3.071830539703169,2.394923332438351e-05,-0.2839576900005341,-0.0381161198019981,-0.2717700004577637,0.0003057718276977,-0.0634881258010864,-0.0461809635162353,XArbitraryCorrectedZVertical,-0.997604985064982,0.0597344875616508,-0.0348109234124697,-0.0020964082172429,0.98554927110672,-0.1609839498996735,0.0526964291930198,45.58465576171875,7.357376098632812,-6.087005615234375,-1,2,13183
2025-11-20T22:24:58.301+01:00,15053,630860.5683995,3.031911242643938,-3.074135417862644,0.0105668639858187,-0.2465295493602753,-0.0903564020991325,-0.302143007516861,0.060804009437561,-0.0629473179578781,-0.0682883262634277,XArbitraryCorrectedZVertical,-0.9979246011677022,0.0546033867978538,-0.0333816241742801,-0.0071208620354911,0.9873221516609192,-0.1509961783885956,0.0489401444792747,45.5435791015625,7.664947509765625,-5.972030639648438,-1,2,13184
2025-11-20T22:24:58.337+01:00,15054,630860.6033165001,3.04123615646324,-3.077324462753023,0.018543893349798,-0.1608966588973999,-0.0809655785560607,-0.2591849565505981,0.0281100869178772,-0.0204349905252456,-0.0971708297729492,XArbitraryCorrectedZVertical,-0.998197852596744,0.0498316438307454,-0.0316219475865883,-0.010866772439179,0.9889035224914552,-0.1416286528110504,0.0448484010994434,45.26202392578125,8.212020874023438,-6.1656494140625,-1,2,13185
2025-11-20T22:24:58.371+01:00,15055,630860.6382325001,3.04858051943111,-3.078919517707783,0.0230912635044341,-0.0633720085024833,0.0089326510205864,-0.1780540198087692,-0.0096706748008728,-0.0257631987333297,-0.1122564077377319,XArbitraryCorrectedZVertical,-0.998378631793692,0.0461020407208387,-0.0307590039003747,-0.0129837099702439,0.990017294883728,-0.1342710107564926,0.0428594127297401,45.209716796875,8.670578002929688,-6.292327880859375,-1,2,13186
2025-11-20T22:24:58.410+01:00,15056,630860.6731495,3.053728871114359,-3.077379771856863,0.0242923507586523,0.0091621838510036,0.0778296440839767,-0.1172760874032974,-0.0570224523544311,-0.0339239090681076,-0.102236270904541,XArbitraryCorrectedZVertical,-0.9984637415455034,0.0435023708978076,-0.0315344415242145,-0.0135376010264406,0.990631341934204,-0.1291467845439911,0.0443901494145393,45.26092529296875,9.053482055664062,-6.340988159179688,-1,2,13187
2025-11-20T22:24:58.441+01:00,15057,630860.7080665,3.057426147883636,-3.073316198017639,0.0240663041345343,0.0326084271073341,0.1575146317481995,-0.1148803010582924,-0.0802004933357238,-0.067888930439949,-0.0892140865325927,XArbitraryCorrectedZVertical,-0.9984774788088336,0.0416329381997556,-0.0335929715837642,-0.0134510441363419,0.9909060001373292,-0.1254857033491135,0.0485646575689315,45.32110595703125,9.080108642578123,-6.242767333984375,-1,2,13188
2025-11-20T22:24:58.476+01:00,15058,630860.742982,3.062739327661629,-3.06694741942351,0.0237075551372253,0.0216265134513378,0.2066329121589661,-0.1724703162908554,-0.0609498023986816,-0.0931720808148384,-0.0690546035766601,XArbitraryCorrectedZVertical,-0.9984742542560532,0.0389442711303531,-0.0368154345296098,-0.0133067201365347,0.9912170171737672,-0.1202220842242241,0.0550927892327308,45.31378173828125,9.15679931640625,-6.111602783203125,-1,2,13189
2025-11-20T22:24:58.511+01:00,15059,630860.7778990001,3.068601634716552,-3.059465998184018,0.0230840503000178,0.0323531962931156,0.2217508405447006,-0.1629118323326111,-0.0228505134582519,-0.0745501518249511,-0.063260443508625,XArbitraryCorrectedZVertical,-0.9984424576071592,0.0359807253916953,-0.0406009438077367,-0.0130221340399336,0.9914478063583374,-0.1144146919250488,0.0627721548080444,45.5692138671875,9.515548706054688,-5.641250610351562,-1,2,13190
2025-11-20T22:24:58.546+01:00,15060,630860.8128160001,3.075003428906423,-3.052157019321344,0.0224313937063065,0.0290989521890878,0.2026294022798538,-0.1890491992235184,0.0050184726715087,-0.0655164048075676,-0.053421139717102,XArbitraryCorrectedZVertical,-0.998400600627639,0.032752010509659,-0.0443023636680262,-0.0126860378360116,0.9916550517082214,-0.1080676093697548,0.0702973380684852,45.24658203125,9.795211791992188,-5.393814086914062,-1,2,13191
2025-11-20T22:24:58.581+01:00,15061,630860.847732,3.080165149785356,-3.045769893420805,0.0223711802226515,-0.001871621934697,0.165936604142189,-0.0800852552056312,0.0114097595214843,-0.0416237935423851,-0.0479024723172187,XArbitraryCorrectedZVertical,-0.9983353753827364,0.0301363167901643,-0.0475243736429921,-0.0126379040720979,0.9917182326316832,-0.1029379740357399,0.0768026337027549,45.018310546875,10.03457641601562,-5.303329467773438,-1,2,13192
2025-11-20T22:24:58.616+01:00,15062,630860.882649,3.080027283948822,-3.04057138374472,0.0228338391133386,-0.021612836048007,0.1396397650241852,0.0739658251404762,-0.0060976147651672,-0.0318517237901687,-0.0575826242566108,XArbitraryCorrectedZVertical,-0.9982041691684862,0.0301604235413549,-0.0501110226540549,-0.0129505541540426,0.9912965297698976,-0.1030665189027786,0.081905148923397,45.09246826171875,10.0921630859375,-4.831558227539062,-1,2,13193
2025-11-20T22:24:58.651+01:00,15063,630860.917566,3.076416074044364,-3.035811619392914,0.0235455545026426,-0.0375048406422138,0.1221044436097145,0.1146884560585022,-0.0414985418319702,-0.0256507024168968,-0.0620113611221313,XArbitraryCorrectedZVertical,-0.9980225608782958,0.0319126746487038,-0.0524510942223439,-0.0134721846201313,0.9905341863632202,-0.10664302110672,0.0864254310727119,45.1441650390625,9.810897827148438,-4.499130249023438,-1,2,13194
2025-11-20T22:24:58.690+01:00,15064,630860.952482,3.071765075023634,-3.031183423575063,0.0244045249714551,-0.0285185743123292,0.1679195761680603,0.1320308148860931,-0.0440228581428527,-0.0031928643584251,-0.0474605560302734,XArbitraryCorrectedZVertical,-0.9978173544410568,0.0341780759029324,-0.0547135712086209,-0.0141018351804599,0.9896405339241028,-0.1112480759620667,0.0907496511936187,45.10955810546875,9.74676513671875,-4.437408447265625,-1,2,13195
2025-11-20T22:24:58.721+01:00,15065,630860.9873990001,3.067962204471455,-3.024195008963003,0.0234839335274466,0.0383240804076194,0.1834120154380798,0.1385802626609802,0.085514485836029,-0.0455566644668579,-0.0237586572766304,XArbitraryCorrectedZVertical,-0.9975578584721472,0.0360526219943781,-0.0581898943386659,-0.0138726647958461,0.9885516166687012,-0.1150420978665352,0.0976263582706451,45.06500244140625,9.396881103515623,-3.865676879882812,-1,2,13196
2025-11-20T22:24:58.756+01:00,15066,630861.0223160001,3.060876011093637,-3.019322736656215,0.0214945604652194,0.0219112690538168,0.0861509293317794,0.2625997364521027,0.0982922315597534,-0.0270725414156913,0.0221108347177505,XArbitraryCorrectedZVertical,-0.9972880433626088,0.0396135959096195,-0.0606108151426293,-0.0131832173348236,0.987218141555786,-0.1221126616001129,0.1024161651730537,45.146484375,9.197036743164062,-3.956558227539062,-1,2,13197
2025-11-20T22:24:58.790+01:00,15067,630861.057232,3.052473163452137,-3.016753971025004,0.0203314621596097,0.00633196067065,0.0642821416258812,0.1682104915380478,0.0078295469284057,-0.0001485347747802,0.0332083851099014,XArbitraryCorrectedZVertical,-0.9970386510077082,0.0438224768159489,-0.0618617474995966,-0.0129142092050377,0.9858992099761964,-0.1304667294025421,0.1047920435667038,45.01593017578125,8.603836059570312,-3.8719482421875,-1,2,13198
2025-11-20T22:24:58.826+01:00,15068,630861.092149,3.049532813673571,-3.016829430371337,0.0204172399575747,-0.0388680286705493,-0.0612569227814674,0.0200328007340431,0.0990342497825622,-0.0470566004514694,0.0616301298141479,XArbitraryCorrectedZVertical,-0.9969751467315566,0.0452860473349155,-0.0618030784529018,-0.0130461906751753,0.9855299592018129,-0.1333786249160767,0.1045990660786629,45.02685546875,8.722930908203125,-3.717025756835938,-1,2,13199
2025-11-20T22:24:58.860+01:00,15069,630861.127066,3.049589400695389,-3.020235543201415,0.0211582560072009,0.0045016324147582,-0.1248675510287285,-0.0339463874697685,0.0611430406570434,0.0062028020620346,0.050465703010559,XArbitraryCorrectedZVertical,-0.9970774043016776,0.0452573657416558,-0.0600882078328288,-0.0133367506203708,0.9858997464179992,-0.133308544754982,0.1011455655097961,44.942138671875,8.537109375,-3.912933349609375,-1,2,13200
