loggingTime(txt),loggingSample(N),motionTimestamp_sinceReboot(s),motionYaw(rad),motionRoll(rad),motionPitch(rad),motionRotationRateX(rad/s),motionRotationRateY(rad/s),motionRotationRateZ(rad/s),motionUserAccelerationX(G),motionUserAccelerationY(G),motionUserAccelerationZ(G),motionAttitudeReferenceFrame(txt),motionQuaternionX(R),motionQuaternionY(R),motionQuaternionZ(R),motionQuaternionW(R),motionGravityX(G),motionGravityY(G),motionGravityZ(G),motionMagneticFieldX(µT),motionMagneticFieldY(µT),motionMagneticFieldZ(µT),motionHeading(°),motionMagneticFieldCalibrationAccuracy(Z),SampleIndex
2025-11-20T22:24:11.828+01:00,13722,630814.0945642916,0.9212150568654986,0.913535453031297,-1.330151172155728,-0.3892011642456055,0.0318169854581356,-0.0776130333542823,-0.0049740672111511,0.0453390926122665,-0.0228284634649753,XArbitraryCorrectedZVertical,-0.6503927065301558,0.064696567661723,0.0700875933737463,0.7535856885962875,0.9786678552627563,-0.1991934478282928,0.0503095723688602,41.70330810546875,-20.21702575683594,-11.02976989746094,-1,2,4003
2025-11-20T22:24:11.863+01:00,13723,630814.1294802917,0.9543037848769644,0.9475695050262382,-1.337761768966354,-0.2334435880184174,0.0669600740075111,-0.0105079747736454,-0.0056902766227722,0.0414245277643203,-0.025095347315073,XArbitraryCorrectedZVertical,-0.6545543406826169,0.0645458773763962,0.069275435762267,0.7500622397584606,0.9788652658462524,-0.1983001083135605,0.0499976985156536,41.7767333984375,-19.8150634765625,-11.58480834960938,-1,2,4004
2025-11-20T22:24:11.898+01:00,13724,630814.1643962917,0.9784359662152978,0.9731570608214232,-1.341121742842667,-0.1220950782299042,0.0454893931746482,0.0308572724461555,-0.0095448493957519,0.0162357240915298,-0.0090812370181083,XArbitraryCorrectedZVertical,-0.657032199977736,0.0652459144524061,0.0689540725734424,0.7478617288993631,0.9786763787269592,-0.199036031961441,0.0507682897150516,41.78265380859375,-19.82107543945312,-11.80152893066406,-1,2,4005
2025-11-20T22:24:11.933+01:00,13725,630814.1993132917,0.9920684558736966,0.9879689924086106,-1.341612151392199,-0.0299623887985944,0.0347566418349742,0.0325778611004352,-0.022096574306488,-0.0052627176046371,-0.004202127456665,XArbitraryCorrectedZVertical,-0.6581064543114945,0.0661551349660544,0.0690348792217392,0.7468290864641215,0.978334367275238,-0.2004715204238892,0.0517027713358402,41.8812255859375,-19.84725952148438,-11.69541931152344,-1,2,4006
2025-11-20T22:24:11.970+01:00,13726,630814.2342292917,0.9936197809745496,0.9904040232829092,-1.341302173193623,0.0381422378122806,0.0107127912342548,-0.0150627447292208,-0.025863766670227,-0.0327522903680801,-0.0032961368560791,XArbitraryCorrectedZVertical,-0.658169786454027,0.0666449178338845,0.0689038470640173,0.7467417942309857,0.9781952500343324,-0.2009207904338837,0.0525819659233093,41.75,-19.70750427246094,-11.719482421875,-1,2,4007
2025-11-20T22:24:12.002+01:00,13727,630814.2691462917,0.9841989111722808,0.981342049475628,-1.341762450602108,0.0604809410870075,-0.0009713084436953,-0.0685276091098785,-0.0100884437561035,-0.0557273030281066,-0.0054824352264404,XArbitraryCorrectedZVertical,-0.6576538108494806,0.0662243140569946,0.0682311877607201,0.7472953901234427,0.9785026907920836,-0.1993080973625183,0.0529983341693878,41.9002685546875,-19.87216186523438,-11.5101318359375,-1,2,4008
2025-11-20T22:24:12.038+01:00,13728,630814.3040622917,0.970607451365452,0.9686716008368274,-1.342516502518813,0.0764532163739204,0.031618345528841,-0.0511056780815124,-0.0028031468391418,-0.0567855387926101,-0.0130203887820243,XArbitraryCorrectedZVertical,-0.6569554229529404,0.0657351745483688,0.067095119744573,0.7480554236616698,0.9789385199546814,-0.1968918591737747,0.0539750382304191,41.76214599609375,-19.76277160644531,-11.62979125976562,-1,2,4009
2025-11-20T22:24:12.072+01:00,13729,630814.3389792917,0.96001972412557,0.9597484985702016,-1.341641290687891,0.0864102467894554,0.0367220267653465,0.0247222427278757,0.0369555950164794,-0.0731824338436126,-0.0176731348037719,XArbitraryCorrectedZVertical,-0.6560985322610806,0.0661239926257208,0.0663145205323934,0.7488422802317865,0.978989839553833,-0.1961199343204498,0.0558200627565383,41.984619140625,-19.7781982421875,-11.61543273925781,-1,2,4010
2025-11-20T22:24:12.107+01:00,13730,630814.3738952917,0.9558101500408904,0.9560002031576198,-1.337561547761456,0.0975349172949791,-0.0301067940890789,0.1315861493349075,0.0579712390899658,-0.1036254614591599,-0.0207091569900512,XArbitraryCorrectedZVertical,-0.6548425123663917,0.0672713225196037,0.0671378474660713,0.7497655774451512,0.9784209728240968,-0.1986663937568665,0.0567809417843818,41.970703125,-20.026611328125,-11.58830261230469,-1,2,4011
2025-11-20T22:24:12.142+01:00,13731,630814.4088112917,0.960960058134806,0.9598854415488411,-1.332573972387078,0.0330813936889171,-0.0188584197312593,0.1044236943125725,-0.0450761914253234,-0.1008356362581253,-0.0145733430981636,XArbitraryCorrectedZVertical,-0.6539355774585305,0.0684758449250938,0.0692303297852261,0.7502575447851518,0.9775253534317015,-0.2032262086868286,0.0560619346797466,41.74835205078125,-20.11119079589844,-11.53057861328125,-1,2,4012
2025-11-20T22:24:12.177+01:00,13732,630814.4437282917,0.9637743301003702,0.9626646509905912,-1.330875891974976,-0.0010045228991657,0.0089902458712458,0.0119872037321329,-0.0476107597351074,-0.0905041098594665,-0.0168864727020263,XArbitraryCorrectedZVertical,-0.6537162440421198,0.0690876277498382,0.0698666500826636,0.7503337539770334,0.9771609306335448,-0.2049365490674973,0.0561931133270263,41.5030517578125,-20.19903564453125,-11.23371887207031,-1,2,4013
2025-11-20T22:24:12.212+01:00,13733,630814.4786442918,0.9674631688396862,0.9662766855180698,-1.330972000865225,-0.0284693893045187,-0.0151451583951711,0.0214692130684852,-0.0576088428497314,-0.0849227458238601,-0.015214554965496,XArbitraryCorrectedZVertical,-0.6539933506278104,0.06920883436286,0.07004177989389,0.7500647651813492,0.977073073387146,-0.2053910046815872,0.0560623556375503,41.52801513671875,-20.170166015625,-11.54106140136719,-1,2,4014
2025-11-20T22:24:12.250+01:00,13734,630814.5135612917,0.975359484480285,0.9732279801676788,-1.33150609837568,-0.055933654308319,-0.0249133557081222,-0.0019516558386385,-0.0565448999404907,-0.0955985337495803,-0.0181292220950126,XArbitraryCorrectedZVertical,-0.654639193840552,0.06907663743552,0.0705730629998619,0.7494634859493833,0.9769856333732604,-0.2060982584953308,0.0549792312085628,41.37408447265625,-20.18278503417969,-11.55583190917969,-1,2,4015
2025-11-20T22:24:12.282+01:00,13735,630814.5484772917,0.981954047574993,0.978842712020234,-1.333034318538746,-0.0476095974445343,-0.0222187638282775,-0.0096889147534966,-0.0319344997406005,-0.0876869112253189,-0.0245567560195922,XArbitraryCorrectedZVertical,-0.6554288385547986,0.0685750383091364,0.0707595554388307,0.7488015014822507,0.977109670639038,-0.2058311551809311,0.0537620969116687,41.32061767578125,-20.21363830566406,-11.61274719238281,-1,2,4016
2025-11-20T22:24:12.317+01:00,13736,630814.5833942917,0.9878636482545556,0.9842679674862672,-1.333866587388967,-0.022786634042859,0.0051081455312669,-0.0067673437297344,-0.065260112285614,-0.0572333335876464,-0.0299090072512626,XArbitraryCorrectedZVertical,-0.6560202423514345,0.0684247842890717,0.0709494926157785,0.7482792059079948,0.9771101474761964,-0.2059960514307022,0.0531176291406154,41.241943359375,-20.10734558105469,-11.92341613769531,-1,2,4017
2025-11-20T22:24:12.352+01:00,13737,630814.6183102917,0.9900064165548432,0.9871473334638278,-1.334470720713036,0.0039877048693597,0.0337877944111824,-0.0170799382030963,-0.029360294342041,-0.0582534372806549,-0.0320427417755127,XArbitraryCorrectedZVertical,-0.6563376492979595,0.0686217913483572,0.0706293699435591,0.7480130522026113,0.977114200592041,-0.2058151662349701,0.0537407621741294,41.1199951171875,-20.100341796875,-11.98994445800781,-1,2,4018
2025-11-20T22:24:12.387+01:00,13738,630814.6532262918,0.9940111995420404,0.993054549522612,-1.334406790836349,-0.014476953074336,0.0805776342749595,0.0295236557722091,-0.0271037817001342,-0.0289406776428222,-0.0205196142196655,XArbitraryCorrectedZVertical,-0.6566690177005107,0.0695348133785115,0.070206547435503,0.7476776204943082,0.976887047290802,-0.2064108848571777,0.055553812533617,40.9620361328125,-20.15679931640625,-12.05317687988281,-1,2,4019
2025-11-20T22:24:12.421+01:00,13739,630814.6881429167,1.006919332362485,1.009145977249452,-1.332095714333997,-0.0288955047726631,0.1190973147749901,0.1985110342502594,-0.0023205876350402,-0.0354364365339279,-0.0252958461642265,XArbitraryCorrectedZVertical,-0.6571567559699829,0.0719910616521173,0.0704277872870731,0.7469955653827932,0.9759382009506226,-0.2099859416484833,0.0587430782616138,40.8509521484375,-20.24238586425781,-11.626220703125,-1,2,4020
2025-11-20T22:24:12.457+01:00,13740,630814.7230589167,1.03425498525314,1.040010515498095,-1.324650334654668,-0.0497641526162624,0.1124979928135872,0.3306418657302856,-0.0141654014587402,-0.0822802186012268,-0.0155603885650634,XArbitraryCorrectedZVertical,-0.6575977450610117,0.0767553624855646,0.0727163779032495,0.7459130384869732,0.9735769629478456,-0.2196149080991745,0.062587946653366,40.70513916015625,-20.64070129394531,-11.80372619628906,-1,2,4021
2025-11-20T22:24:12.491+01:00,13741,630814.7579759167,1.065773534595778,1.074181552445255,-1.316578054204755,-0.0846101939678192,0.0887485072016716,0.2613242268562317,-0.0482469201087951,-0.1198920756578445,-0.014458067715168,XArbitraryCorrectedZVertical,-0.6583569620330384,0.0815780629781365,0.0756806774477666,0.744435017642415,0.9708999991416932,-0.2303581237792969,0.0654834881424903,40.50750732421875,-21.14506530761719,-11.81814575195312,-1,2,4022
2025-11-20T22:24:12.526+01:00,13742,630814.7928919167,1.090410748744346,1.100784197504702,-1.313022921691178,-0.1024749651551247,0.0687808468937873,0.0728222429752349,-0.0988826155662536,-0.1376491636037827,-0.0280195549130439,XArbitraryCorrectedZVertical,-0.6596513069478632,0.0844517530970147,0.0771774894862112,0.7428133125873078,0.9693048000335692,-0.2364810407161713,0.0672651976346969,40.2032470703125,-21.38058471679688,-12.06852722167969,-1,2,4023
2025-11-20T22:24:12.561+01:00,13743,630814.8278089167,1.104620921644659,1.117286822691199,-1.315541546802547,-0.1323039084672928,0.0850794464349746,-0.0791149139404296,-0.0778367519378662,-0.1587487608194351,-0.0378125980496406,XArbitraryCorrectedZVertical,-0.6613983710856625,0.0850938476643713,0.0762106052820793,0.7412847894243343,0.9692703485488892,-0.2361486554145813,0.0689100325107574,40.2984619140625,-21.40472412109375,-11.96061706542969,-1,2,4024
2025-11-20T22:24:12.596+01:00,13744,630814.8627249167,1.122071781178356,1.137533384222275,-1.320367718250004,-0.1636802852153778,0.099369965493679,-0.0384463407099247,0.0384353399276733,-0.170169472694397,-0.0511365011334419,XArbitraryCorrectedZVertical,-0.6638563281623449,0.0852836086601058,0.074436306697426,0.7392433010947356,0.9696211218833924,-0.2341578900814056,0.0707439631223678,40.14447021484375,-21.13723754882812,-12.14193725585938,-1,2,4025
2025-11-20T22:24:12.631+01:00,13745,630814.8976409168,1.148408331165615,1.167132172199561,-1.323573388503387,-0.2133786380290985,0.1196746975183487,0.0191130805760622,0.0542844533920288,-0.1549805402755737,-0.0535904243588447,XArbitraryCorrectedZVertical,-0.66668648976429,0.0864220856219446,0.0732835442807369,0.7366748758887923,0.9693971276283264,-0.2343932092189789,0.0729996114969253,40.13238525390625,-21.04707336425781,-12.31600952148438,-1,2,4026
2025-11-20T22:24:12.666+01:00,13746,630814.9325579167,1.186518237051801,1.208501333701629,-1.324544108131849,-0.2442458271980286,0.0965645611286163,0.146895706653595,0.1935253143310547,-0.2011938393115997,-0.0544924810528755,XArbitraryCorrectedZVertical,-0.670041399053693,0.0885761186896386,0.0731497106327639,0.7333811516519264,0.9684618711471558,-0.2375573664903641,0.0751528292894363,40.16632080078125,-21.11265563964844,-12.59928894042969,-1,2,4027
2025-11-20T22:24:12.701+01:00,13747,630814.9674739167,1.232964179074847,1.256208895413786,-1.321108773833589,-0.2469644695520401,0.0547664575278759,0.1929833889007568,0.2222472429275513,-0.2091772109270096,-0.0428809002041816,XArbitraryCorrectedZVertical,-0.6733404427107911,0.091559430277117,0.0752512232045894,0.7297716956831632,0.9665648937225342,-0.245076909661293,0.0754278749227523,39.849365234375,-21.21385192871094,-12.4249267578125,-1,2,4028
2025-11-20T22:24:12.736+01:00,13748,630815.0023909167,1.268418312903995,1.291543651788422,-1.319952792115548,-0.2170640379190445,-0.0214574020355939,0.0362251885235309,0.3075797557830811,-0.2129736840724945,0.0038590431213378,XArbitraryCorrectedZVertical,-0.6761427452618385,0.0928517793121599,0.0766285031495383,0.726868383795993,0.965583086013794,-0.2492302805185318,0.0743879601359367,39.33819580078125,-21.14862060546875,-12.97598266601562,-1,2,4029
2025-11-20T22:24:12.771+01:00,13749,630815.0373069167,1.294982890563571,1.314011754251191,-1.321849594065951,-0.1930360943078995,-0.1280648410320282,-0.0815383195877075,0.258493959903717,-0.1545693278312683,0.0333667993545532,XArbitraryCorrectedZVertical,-0.6785015107343016,0.0913700135349301,0.0780188787781293,0.724707036885567,0.9658406972885132,-0.2496359795331955,0.0695232599973678,39.1700439453125,-21.14778137207031,-13.42054748535156,-1,2,4030
2025-11-20T22:24:12.810+01:00,13750,630815.0722239166,1.311320311753828,1.327041500327077,-1.331333234619041,-0.1515927165746689,-0.041731834411621,-0.3635548651218414,0.0297683477401733,0.0560023933649063,0.0849172994494438,XArbitraryCorrectedZVertical,-0.6809946184900222,0.0873197099298402,0.0762828507523576,0.7230508327850379,0.9680495262145996,-0.2421138286590576,0.0652749165892601,39.09930419921875,-20.56278991699219,-13.75547790527344,-1,2,4031
2025-11-20T22:24:12.841+01:00,13751,630815.1071399167,1.326338489899063,1.341616761879594,-1.344413979069208,-0.2303209751844406,0.0507576949894428,-0.3002046942710876,-0.0665405988693237,0.2053534239530563,0.1399731636047363,XArbitraryCorrectedZVertical,-0.6838234741700967,0.0830054162010826,0.0722712850993129,0.7212991500697824,0.9708679914474488,-0.2309881895780563,0.0637163817882537,39.11859130859375,-19.89567565917969,-14.0137939453125,-1,2,4032
2025-11-20T22:24:12.876+01:00,13752,630815.1420559167,1.35851333681563,1.37443681123577,-1.356121539892804,-0.3040657043457031,0.0339972749352455,-0.254339724779129,0.1056113839149475,0.083872377872467,0.1358242034912109,XArbitraryCorrectedZVertical,-0.6876444860588223,0.0797748474023144,0.0685801689540666,0.7183855109551731,0.973032295703888,-0.2219033539295197,0.0629825070500373,39.2657470703125,-18.93617248535156,-14.57003784179688,-1,2,4033
2025-11-20T22:24:12.910+01:00,13753,630815.1769729167,1.402349456395716,1.418974087716945,-1.365479283384627,-0.3202159702777863,0.0636175274848938,-0.2034638971090317,0.0960372686386108,0.047412946820259,0.116154320538044,XArbitraryCorrectedZVertical,-0.69180536305574,0.077382878994908,0.0656895141668105,0.7149141477965086,0.9745957851409912,-0.2151375859975815,0.0622819364070892,39.4107666015625,-18.55960083007812,-14.94438171386719,-1,2,4034
2025-11-20T22:24:12.945+01:00,13754,630815.2118889167,1.451429188027923,1.469939414846043,-1.37398281190081,-0.3076556026935577,0.0806742832064628,-0.213506668806076,0.0695904493331909,0.0443483889102935,0.1042720153927803,XArbitraryCorrectedZVertical,-0.6960213469932995,0.0755639367920786,0.0625387400687052,0.7112899691032558,0.975941836833954,-0.2087923884391785,0.0627964287996292,39.32659912109375,-17.8626708984375,-14.95144653320312,-1,2,4035
2025-11-20T22:24:12.980+01:00,13755,630815.2468059167,1.507156127200391,1.526598288570707,-1.382057104925632,-0.3435631990432739,0.0161768086254596,-0.2057972401380539,0.0845594406127929,0.0109826177358627,0.0944558382034301,XArbitraryCorrectedZVertical,-0.7003363049000152,0.0733768799940927,0.0596905818852787,0.707518212417849,0.9773149490356444,-0.2023888528347015,0.0624045245349407,39.404052734375,-17.05265808105469,-15.13351440429688,-1,2,4036
2025-11-20T22:24:13.015+01:00,13756,630815.2817219167,1.571266398355774,1.589685159480682,-1.386742217960652,-0.3265675902366638,-0.0051513966172933,-0.0626643672585487,-0.0142903923988342,0.053546667098999,0.0428714714944362,XArbitraryCorrectedZVertical,-0.7047137693605035,0.0714624861358668,0.0584937497341045,0.7034558319630903,0.9782184958457948,-0.1986882537603378,0.0600947849452495,39.4600830078125,-16.5841064453125,-15.31300354003906,-1,2,4037
2025-11-20T22:24:13.051+01:00,13757,630815.3166389167,1.626790955164358,1.644303804183184,-1.385308666960431,-0.2545722424983978,-0.0100130196660757,0.0764162093400955,-0.0863623023033142,0.0572581589221954,0.0111573822796344,XArbitraryCorrectedZVertical,-0.7082782271931379,0.0715133999087232,0.0591833235105202,0.6998035473385924,0.9780246615409852,-0.200232982635498,0.0580870136618614,39.26678466796875,-16.19915771484375,-15.41017150878906,-1,2,4038
2025-11-20T22:24:13.090+01:00,13758,630815.3515549167,1.664108916579931,1.680164299513723,-1.38178822267276,-0.1693281531333923,-0.0483106486499309,0.0662739500403404,-0.1979959607124329,0.0461957603693008,-0.0069036521017551,XArbitraryCorrectedZVertical,-0.7106792220616145,0.0720336890157183,0.060731599122801,0.697178482117844,0.9774910807609558,-0.2034528255462646,0.0558385215699672,39.18878173828125,-15.97389221191406,-15.76249694824219,-1,2,4039
2025-11-20T22:24:13.120+01:00,13759,630815.3864709167,1.691501410225316,1.704817010346892,-1.380009405650075,-0.1365196257829666,-0.0714806169271469,-0.0080594420433044,-0.2512299418449402,0.0535955876111984,0.0170909240841865,XArbitraryCorrectedZVertical,-0.7124311858035094,0.0714922781178559,0.0621196024484712,0.6953215114358499,0.9773805737495422,-0.2048559933900833,0.0525501854717731,39.2198486328125,-15.888916015625,-15.83621215820312,-1,2,4040
2025-11-20T22:24:13.155+01:00,13760,630815.4213879167,1.709488020457436,1.720551745541906,-1.380848989672205,-0.048745185136795,-0.04384421184659,-0.0672200098633766,-0.1956429481506348,0.0493050962686538,0.0343482568860054,XArbitraryCorrectedZVertical,-0.7135468745201433,0.0702536175471128,0.0624656775851518,0.6942718794195719,0.9777474999427797,-0.2037393152713776,0.050002321600914,39.0263671875,-15.69662475585938,-15.82034301757812,-1,2,4041
2025-11-20T22:24:13.190+01:00,13761,630815.4563039168,1.716527421952531,1.725989599085842,-1.384106851992946,-0.0093086017295718,-0.0578293576836586,-0.1312501728534698,-0.1787371039390564,0.0648440867662429,0.0675877407193183,XArbitraryCorrectedZVertical,-0.7138999766770211,0.0684952901464056,0.0618336724843419,0.6941411528151281,0.9785113334655762,-0.2004337161779404,0.0483943000435829,38.9647216796875,-15.53840637207031,-15.87600708007812,-1,2,4042
2025-11-20T22:24:13.225+01:00,13762,630815.4912209167,1.718595448550715,1.725188314294135,-1.389163881148257,0.0362165756523609,-0.1011280044913292,-0.1738026440143585,-0.0341498851776123,0.0329277515411377,0.1023414134979248,XArbitraryCorrectedZVertical,-0.7138416971598646,0.065719075440476,0.061076435478925,0.6945362701879616,0.979645311832428,-0.1954643428325653,0.0456993207335472,38.99139404296875,-15.1298828125,-15.92018127441406,-1,2,4043
2025-11-20T22:24:13.259+01:00,13763,630815.5261369167,1.714261553450928,1.717393431515017,-1.397404427687989,0.0846509337425231,-0.0943648666143417,-0.246821328997612,0.0886679887771606,0.0179149806499481,0.1120424270629883,XArbitraryCorrectedZVertical,-0.7132988739965176,0.0616869979706612,0.0594807438568351,0.6956015649383847,0.9813392758369446,-0.1875011473894119,0.0426207035779953,39.01214599609375,-14.64804077148438,-15.89532470703125,-1,2,4044
2025-11-20T22:24:13.295+01:00,13764,630815.5610539167,1.691684384561767,1.692618597530779,-1.402556569287744,0.1902601569890976,-0.0797476470470428,0.0263247620314359,0.3271836638450623,0.012608453631401,0.0521825551986694,XArbitraryCorrectedZVertical,-0.7117986096715925,0.0593039655963084,0.0586457130777328,0.6974141808040489,0.9822950959205629,-0.1828049868345261,0.0409723222255706,38.9825439453125,-14.22572326660156,-15.80369567871094,-1,2,4045
2025-11-20T22:24:13.331+01:00,13765,630815.5959699167,1.65160306513949,1.649856980060137,-1.399808508770195,0.1977217048406601,-0.0988565906882286,0.0810690969228744,0.2012634873390198,0.0436398237943649,0.0219017267227172,XArbitraryCorrectedZVertical,-0.7093451255704766,0.0595719137232684,0.0608020727237138,0.6997026698156432,0.9817962050437928,-0.1858974993228912,0.0389655828475952,38.87750244140625,-14.31330871582031,-15.67658996582031,-1,2,4046
2025-11-20T22:24:13.370+01:00,13766,630815.6308869167,1.603965882312316,1.599313272079783,-1.39825954979879,0.2731702029705048,-0.0854973420500755,0.046566080302,0.0924881100654602,0.132149800658226,-0.0618290938436985,XArbitraryCorrectedZVertical,-0.7063541244216912,0.0592573742469705,0.0625350289498333,0.7025964082003185,0.981562614440918,-0.1875391751527786,0.0369267240166664,38.82843017578125,-14.55917358398438,-15.25540161132812,-1,2,4047
2025-11-20T22:24:13.399+01:00,13767,630815.6658029167,1.549647268742713,1.543408549347287,-1.397130800590322,0.2375428378582001,-0.0849378407001495,0.0052848369814455,0.0096207857131958,0.1288000345230103,-0.0363161601126194,XArbitraryCorrectedZVertical,-0.7029512108873451,0.0591073204152859,0.0635021335215541,0.7059272900506176,0.9814373850822448,-0.1883092820644379,0.0363314598798751,38.8433837890625,-14.66499328613281,-15.33038330078125,-1,2,4048
2025-11-20T22:24:13.434+01:00,13768,630815.700719375,1.51004223905955,1.500053684253869,-1.396349987696811,0.1823882162570953,-0.1700433939695358,0.0196020603179931,0.2112283706665039,-0.036028116941452,-0.0595307350158691,XArbitraryCorrectedZVertical,-0.7003628502982671,0.0579468665563271,0.0649829619977425,0.7084569823137319,0.9815053939819336,-0.1885049641132355,0.033361867070198,38.4775390625,-14.65887451171875,-15.03819274902344,-1,2,4049
2025-11-20T22:24:13.469+01:00,13769,630815.735636375,1.480859833728252,1.465145157546392,-1.394274101047476,0.1268701255321503,-0.1568165868520737,0.0407609939575195,0.098917543888092,-0.0326025635004043,-0.0675884485244751,XArbitraryCorrectedZVertical,-0.6982469422570974,0.0564969873802658,0.0675655743792599,0.7104183412724664,0.9813894033432008,-0.1899316161870956,0.0282970070838928,38.2294921875,-14.78352355957031,-15.25271606445312,-1,2,4050
2025-11-20T22:24:13.504+01:00,13770,630815.770552375,1.452957835862134,1.435253075741381,-1.393000449789979,0.1733287274837494,0.0159908570349216,-0.0210246797651052,-0.0395712256431579,0.0009849220514297,-0.099123477935791,XArbitraryCorrectedZVertical,-0.6963548196414748,0.0560398468489808,0.0685094034702179,0.7122191092912213,0.9813284277915956,-0.1904532909393311,0.026873143389821,38.155029296875,-14.68821716308594,-15.27861022949219,-1,2,4051
2025-11-20T22:24:13.539+01:00,13771,630815.805469375,1.415985919201505,1.401270586645601,-1.392723825268754,0.1807888746261597,0.0942100808024406,-0.0187336467206478,-0.0325897336006164,-0.0144054144620895,-0.0690908432006835,XArbitraryCorrectedZVertical,-0.6941350962937967,0.056868080851944,0.0672320820512672,0.7144384921921723,0.9813963770866394,-0.1895587891340256,0.0304709002375602,38.07159423828125,-14.58372497558594,-15.00167846679688,-1,2,4052
2025-11-20T22:24:13.574+01:00,13772,630815.8403853751,1.385965815321549,1.375510071140594,-1.391509938209111,0.1406262665987015,0.1139875128865242,0.0285760797560215,-0.1174904108047485,-0.00433811545372,-0.0405590534210205,XArbitraryCorrectedZVertical,-0.6922990394833309,0.0584809083614858,0.0658445158550151,0.7162168639965271,0.9812293648719788,-0.1896010935306549,0.0352184511721134,38.0771484375,-14.42318725585938,-14.18441772460938,-1,2,4053
2025-11-20T22:24:13.610+01:00,13773,630815.8753023751,1.363500483133294,1.357533799283787,-1.388950088090746,0.1207579970359802,0.1272553205490112,0.0582248121500015,-0.2025546431541443,0.0163902193307876,-0.0335685051977634,XArbitraryCorrectedZVertical,-0.6907814102188514,0.060688647500483,0.0648902964833843,0.7175842306107354,0.9807527661323548,-0.1910880506038666,0.0401145666837692,38.1556396484375,-14.52828979492188,-13.92662048339844,-1,2,4054
2025-11-20T22:24:13.650+01:00,13774,630815.910218375,1.344979329822702,1.344502264229088,-1.385931274015398,0.1014206185936928,0.1687304079532623,0.0576809905469417,-0.2820005416870117,0.0261541306972503,-0.0279161930084228,XArbitraryCorrectedZVertical,-0.6894596274448251,0.0634383494094884,0.0637742456550902,0.7187168697497598,0.9801054000854492,-0.1930852830410004,0.0459520891308784,38.19854736328125,-14.642333984375,-13.53523254394531,-1,2,4055
2025-11-20T22:24:13.678+01:00,13775,630815.945134375,1.32852054799439,1.333687668879109,-1.383964067328395,0.0874715596437454,0.1303689032793045,0.0104314647614955,-0.2177363038063049,0.0008119791746139,-0.0344093963503837,XArbitraryCorrectedZVertical,-0.6883623368657933,0.0658925805320172,0.0622548094637688,0.7196804430795521,0.9796077609062196,-0.1941103339195251,0.0518654584884643,38.307373046875,-14.78810119628906,-13.27540588378906,-1,2,4056
2025-11-20T22:24:13.714+01:00,13776,630815.980051375,1.314723774502659,1.325044922971234,-1.383811241384758,0.0502913743257522,0.1431906223297119,-0.0234315991401672,-0.243818998336792,0.0465747117996215,-0.0324333943426609,XArbitraryCorrectedZVertical,-0.6876191174720788,0.0675789449111059,0.0603126958270866,0.7203994741804093,0.9794299006462096,-0.1935168355703354,0.0571679174900054,38.4500732421875,-14.68104553222656,-12.91732788085938,-1,2,4057
2025-11-20T22:24:13.748+01:00,13777,630816.0149673751,1.317830921862006,1.333424487474914,-1.385482592873394,-0.1085132956504822,0.1713467687368393,-0.0905918255448341,-0.2333962321281433,0.0748711824417114,-0.0232897996902465,XArbitraryCorrectedZVertical,-0.6881723008029509,0.0689577287703936,0.0579788230166632,0.7199321062014877,0.9793983697891236,-0.1921197026968002,0.062199730426073,38.51995849609375,-14.3460693359375,-12.43148803710938,-1,2,4058
2025-11-20T22:24:13.783+01:00,13778,630816.0498843751,1.336751639412981,1.35871911468555,-1.39146641065793,-0.1294896751642227,0.2099638134241104,-0.1388196647167206,0.0553071498870849,0.0106707066297531,-0.0523759052157402,XArbitraryCorrectedZVertical,-0.6902166866215037,0.0694847792929485,0.0540141435890826,0.7182307945011878,0.9799254536628724,-0.1874590516090393,0.0678635835647583,38.62274169921875,-13.99005126953125,-12.29658508300781,-1,2,4059
2025-11-20T22:24:13.818+01:00,13779,630816.084800375,1.36061711338887,1.389257694258293,-1.395903268435804,-0.1632255464792252,0.160908117890358,-0.1074628084897995,0.1937154531478882,-0.0090663284063339,-0.0189704820513725,XArbitraryCorrectedZVertical,-0.6923144862813556,0.070661731517701,0.0504878572509791,0.7163509439471374,0.9800822138786316,-0.1843540966510773,0.0738410726189613,39.087158203125,-13.61416625976562,-12.00177001953125,-1,2,4060
2025-11-20T22:24:13.853+01:00,13780,630816.119717375,1.398475869530143,1.430752516066445,-1.400612282190979,-0.265465259552002,0.1063192114233971,-0.0865068212151527,0.3107880353927612,0.009863868355751,0.0583341121673584,XArbitraryCorrectedZVertical,-0.695108703996045,0.0707349073664624,0.0479954364547774,0.7138045552571396,0.9804258942604064,-0.1813573837280273,0.0766450688242912,38.96160888671875,-13.33457946777344,-11.80557250976562,-1,2,4061
2025-11-20T22:24:13.889+01:00,13781,630816.154633375,1.467666858636902,1.500418995858502,-1.403892601598508,-0.4390832483768463,-0.0122833214700222,-0.0363059230148792,0.2923871874809265,0.0450539886951446,0.1258440017700195,XArbitraryCorrectedZVertical,-0.6994445766843017,0.0702581622214125,0.0471805319120528,0.7096584524227322,0.9806840419769288,-0.180262103676796,0.0759229958057403,39.32110595703125,-12.90660095214844,-11.77886962890625,-1,2,4062
2025-11-20T22:24:13.931+01:00,13782,630816.1895493751,1.563918501903127,1.595458723172742,-1.405631274721297,-0.4455182254314423,0.0575340911746025,-0.0450611338019371,0.1641419529914856,0.0894660800695419,0.0987313911318779,XArbitraryCorrectedZVertical,-0.7051280042875084,0.0694386502126433,0.0472132735075056,0.7040906598900656,0.9809232354164124,-0.1801032572984695,0.073158822953701,39.185302734375,-12.59115600585938,-11.67341613769531,-1,2,4063
2025-11-20T22:24:13.958+01:00,13783,630816.2244663751,1.647614796315569,1.681201911319146,-1.40595978379413,-0.3510119915008545,0.0970295593142509,-0.03300741314888,0.1655995845794678,0.0754934698343277,0.0938471555709838,XArbitraryCorrectedZVertical,-0.7100486054995824,0.0697918005162707,0.0461238523977684,0.699165744487523,0.9809152483940125,-0.1798788458108902,0.0738164186477661,39.42535400390625,-12.37870788574219,-11.60905456542969,-1,2,4064
2025-11-20T22:24:13.993+01:00,13784,630816.259382375,1.710736991318847,1.746484150428109,-1.406121281353365,-0.2298722565174103,0.0635139048099517,-0.049803864210844,0.1540862321853638,0.0390506833791732,0.1023683547973633,XArbitraryCorrectedZVertical,-0.7137384200931822,0.0700281181026027,0.0448380333397795,0.6954589356891108,0.9809845685958862,-0.1790347993373871,0.0749387517571449,39.39056396484375,-11.92912292480469,-11.52899169921875,-1,2,4065
2025-11-20T22:24:14.028+01:00,13785,630816.294299375,1.746146394965026,1.78266843057654,-1.406490593046694,-0.096640259027481,-0.0078681651502847,-0.049251090735197,0.1097113490104675,0.0377613455057144,0.0973664373159408,XArbitraryCorrectedZVertical,-0.715768772531835,0.0698094334053114,0.0440729860825333,0.693440124050281,0.9811545610427856,-0.1780048459768295,0.0751646608114242,39.39349365234375,-11.86360168457031,-11.23091125488281,-1,2,4066
2025-11-20T22:24:14.063+01:00,13786,630816.329215375,1.759413276110694,1.793604356344306,-1.406450527394479,-0.0330735109746456,-0.1171367987990379,0.0363023951649665,0.0388736724853515,0.0308910310268402,0.0788149759173393,XArbitraryCorrectedZVertical,-0.7164732598940813,0.0688628551513064,0.0447688645363699,0.692762366346852,0.9813899397850036,-0.1777415871620178,0.0726742818951606,39.5233154296875,-11.83421325683594,-11.54718017578125,-1,2,4067
2025-11-20T22:24:14.097+01:00,13787,630816.364132375,1.755135233881825,1.784229008130427,-1.40243598901358,0.0122987087816,-0.1675851047039032,0.2069021910429001,-0.0491194725036621,0.0141176581382751,0.0415630340576171,XArbitraryCorrectedZVertical,-0.7162751128796861,0.0685316325339218,0.0480327968707735,0.6927815569372353,0.9810194969177246,-0.181750699877739,0.0675830766558647,39.3267822265625,-12.07890319824219,-11.36328125,-1,2,4068
2025-11-20T22:24:14.133+01:00,13788,630816.3990483751,1.739655086517109,1.763403081380974,-1.393031414006711,0.0131051782518625,-0.1728655397891998,0.3146893680095673,-0.2349498271942139,0.0068273842334747,0.0214298889040947,XArbitraryCorrectedZVertical,-0.715548193423539,0.0701071019317097,0.0533814145757715,0.6929835218470307,0.979563295841217,-0.1912603229284286,0.0622493401169776,39.310546875,-12.25978088378906,-11.51202392578125,-1,2,4069
2025-11-20T22:24:14.170+01:00,13789,630816.4339653751,1.733829502781489,1.750992299698238,-1.382781678430486,-0.0800206139683723,-0.2189550846815109,0.2608498334884644,-0.341313898563385,-0.0076838433742523,0.0312361679971218,XArbitraryCorrectedZVertical,-0.7152938221033815,0.0714414119772393,0.0593592156379936,0.6926235293684525,0.9779410362243652,-0.2013615518808365,0.0555405505001545,39.091064453125,-12.89181518554688,-11.52398681640625,-1,2,4070
2025-11-20T22:24:14.202+01:00,13790,630816.468881375,1.761134335306503,1.770701440624443,-1.375193067417853,-0.2852809131145477,-0.1576837152242661,0.067950814962387,-0.4467999935150146,-0.0385465174913406,0.0223755799233913,XArbitraryCorrectedZVertical,-0.7171066660098282,0.0711020717591947,0.0643694607010916,0.6903325896424696,0.97698175907135,-0.2080202400684357,0.0472655445337295,38.8248291015625,-12.85137939453125,-11.68440246582031,-1,2,4071
2025-11-20T22:24:14.237+01:00,13791,630816.503797375,1.821558783365652,1.827790139562641,-1.373732508754935,-0.3639595508575439,0.057167362421751,-0.108203113079071,-0.4114511013031006,0.0055359899997711,0.0013650692999362,XArbitraryCorrectedZVertical,-0.7211443325729099,0.069522854174414,0.065137997970116,0.686203022070987,0.9773386120796204,-0.207333505153656,0.0426870696246624,38.81085205078125,-12.77030944824219,-11.88784790039062,-1,2,4072
2025-11-20T22:24:14.272+01:00,13792,630816.538714375,1.887992400622178,1.897225517421259,-1.374657802405473,-0.3402537405490875,0.152774304151535,-0.1111539155244827,-0.2606475353240967,0.0127041190862655,0.0152867995202541,XArbitraryCorrectedZVertical,-0.7255995328830533,0.0689286208005161,0.062431216072826,0.6818037886147146,0.97810035943985,-0.2033473998308182,0.0443750247359275,38.70947265625,-12.38261413574219,-11.84330749511719,-1,2,4073
2025-11-20T22:24:14.307+01:00,13793,630816.5736303751,1.939829215068867,1.953506411738775,-1.371958012267945,-0.244642972946167,0.1321907639503479,0.0554689913988113,-0.1157786846160889,0.0093095153570175,0.0274479389190673,XArbitraryCorrectedZVertical,-0.7293621126852471,0.0700963404674998,0.0604729322736449,0.6778351610681443,0.9780527949333192,-0.2028519958257675,0.0475795269012451,38.82318115234375,-12.02812194824219,-11.72994995117188,-1,2,4074
2025-11-20T22:24:14.342+01:00,13794,630816.6085473751,1.965826048863865,1.982340039232618,-1.368270199966666,-0.1151453331112862,0.0755442082881927,-0.059219978749752,0.0456032752990722,-0.0448256283998489,0.0550147220492363,XArbitraryCorrectedZVertical,-0.7315129039019507,0.0715554780849888,0.059938275666157,0.6754080523142552,0.9776052236557008,-0.2045182138681412,0.0495995469391346,39.12701416015625,-12.08908081054688,-11.57817077636719,-1,2,4075
2025-11-20T22:24:14.377+01:00,13795,630816.643463375,1.986834258061005,2.004256270986893,-1.374413785247402,0.0475929901003837,-0.0170229896903038,-0.2886458933353424,0.3502767086029053,-0.1326467096805573,0.0701805353164672,XArbitraryCorrectedZVertical,-0.7322403516409285,0.0692904911376749,0.0570307619306522,0.6751077146629522,0.9790078997612,-0.1974314153194427,0.0506385490298271,39.11572265625,-11.90629577636719,-11.27444458007812,-1,2,4076
2025-11-20T22:24:14.412+01:00,13796,630816.678380375,1.976589108102795,1.993138318417024,-1.380964112197501,0.2028805911540985,-0.0248340163379907,0.0365916602313518,0.5110861659049988,-0.0897563844919204,0.0733346939086914,XArbitraryCorrectedZVertical,-0.730862515204945,0.0671764724644149,0.0555272183028861,0.6769372719063426,0.9800636768341064,-0.1921650022268295,0.0504750832915306,39.1802978515625,-11.72624206542969,-11.21505737304688,-1,2,4077
2025-11-20T22:24:14.449+01:00,13797,630816.713296,1.924933948832267,1.940587327688194,-1.379902967059323,0.2835870683193207,-0.1124983429908752,0.2078867703676224,0.4443048238754272,-0.0582708269357681,0.0603923723101615,XArbitraryCorrectedZVertical,-0.7277298505575968,0.0685309915113068,0.0575128740532368,0.6800036800409647,0.9792332649230956,-0.196383073925972,0.050355851650238,39.3524169921875,-11.76884460449219,-10.87150573730469,-1,2,4078
2025-11-20T22:24:14.482+01:00,13798,630816.748212,1.857524915026967,1.868601600848076,-1.375090029996737,0.3064301311969757,-0.2081713676452637,0.2389569282531738,0.0757112503051757,0.0596267431974411,-0.0041528977453708,XArbitraryCorrectedZVertical,-0.7236175511245367,0.0700500490475134,0.0622551585580919,0.6838090925657865,0.9777554273605348,-0.2044631540775299,0.0467859879136085,39.03948974609375,-12.22589111328125,-10.78805541992188,-1,2,4079
2025-11-20T22:24:14.516+01:00,13799,630816.783129,1.81539107769337,1.820804939117766,-1.376257968092538,0.1880701929330826,-0.158448338508606,-0.2507740557193756,-0.2080910205841064,0.1495879590511322,-0.0203379467129707,XArbitraryCorrectedZVertical,-0.7205716861893375,0.068486902918179,0.0646768255639051,0.6869518089356063,0.9778204560279846,-0.2051604241132736,0.0421427004039287,39.02032470703125,-12.52720642089844,-10.97561645507812,-1,2,4080
2025-11-20T22:24:14.552+01:00,13800,630816.8180450001,1.799705368849181,1.799812733759963,-1.391026738788412,0.1890793889760971,-0.1630989611148834,-0.3808804452419281,0.1164612770080566,0.1369845271110535,-0.0745414569973945,XArbitraryCorrectedZVertical,-0.7186584262506969,0.0618536807877089,0.0617780688216065,0.6898460262288444,0.9807522296905518,-0.1915346682071686,0.0379355810582637,39.091552734375,-12.16154479980469,-10.71900939941406,-1,2,4081
2025-11-20T22:24:14.586+01:00,13801,630816.8529620001,1.774317876661451,1.769192515209312,-1.398496445179751,0.1523203104734421,-0.1613058596849442,-0.0121000222861766,0.171246349811554,0.1331900656223297,-0.0703358650207519,XArbitraryCorrectedZVertical,-0.7166266779563386,0.0578121739461214,0.0614229073186099,0.6923374997078783,0.9821501970291138,-0.1850852072238922,0.0335316583514213,39.0306396484375,-12.06771850585938,-10.69737243652344,-1,2,4082
2025-11-20T22:24:14.621+01:00,13802,630816.887878,1.737502480956818,1.728111024315617,-1.394707141636346,0.1987624913454056,-0.1016928479075432,0.2847862839698792,0.0678167343139648,0.1028999537229538,-0.1059126853942871,XArbitraryCorrectedZVertical,-0.7143893354558811,0.0580548900427814,0.0646699062180483,0.6943308628736651,0.9813928008079528,-0.1896766722202301,0.0298476181924343,38.97735595703125,-12.29243469238281,-10.67481994628906,-1,2,4083
2025-11-20T22:24:14.656+01:00,13803,630816.922795,1.681261111885412,1.670419563154205,-1.383518198467146,0.2859112024307251,-0.0399109572172164,0.3870213627815247,-0.0669289827346801,0.0544756948947906,-0.0886441469192504,XArbitraryCorrectedZVertical,-0.7109309839051928,0.0619354139529176,0.0695679243952366,0.6970663154080915,0.9790382981300354,-0.2015704065561295,0.0292111542075872,38.72149658203125,-12.88459777832031,-10.76652526855469,-1,2,4084
2025-11-20T22:24:14.691+01:00,13804,630816.957711,1.614309616797196,1.603536625962498,-1.371287073721788,0.4013648927211761,-0.0230689197778701,0.3472548425197601,-0.1714764833450317,-0.014195367693901,-0.0764272212982177,XArbitraryCorrectedZVertical,-0.7062655201776528,0.0665794150040839,0.074159163472925,0.7008970955982161,0.9763623476028442,-0.2139692902565002,0.0305593442171812,38.52203369140625,-13.31784057617188,-10.61894226074219,-1,2,4085
2025-11-20T22:24:14.730+01:00,13805,630816.9926270001,1.537896710292421,1.528847151693885,-1.362800657529556,0.4749467670917511,0.024729810655117,0.0987660959362983,-0.2511066794395447,-0.0508661121129989,-0.0690952539443969,XArbitraryCorrectedZVertical,-0.7005326248643543,0.0701716804289638,0.0765360898201812,0.70602572203607,0.9745259284973145,-0.2216711342334747,0.0340763889253139,38.57977294921875,-13.91050720214844,-10.21232604980469,-1,2,4086
2025-11-20T22:24:14.761+01:00,13806,630817.0275440001,1.458352894884635,1.453252119218063,-1.36226121145064,0.4577908515930176,0.104681670665741,-0.1297377943992615,-0.2672776579856873,-0.1003986746072769,-0.0582240782678127,XArbitraryCorrectedZVertical,-0.694819886764175,0.0713153365090757,0.0749025372686819,0.7117086406803441,0.974614143371582,-0.2203105688095093,0.0398830212652683,38.6466064453125,-14.22764587402344,-9.790725708007812,-1,2,4087
2025-11-20T22:24:14.796+01:00,13807,630817.06246,1.383932405508521,1.384739798490574,-1.366244403503989,0.3425928354263306,0.1427416205406189,-0.171937495470047,-0.2834579944610596,-0.0673067271709442,-0.0291485711932182,XArbitraryCorrectedZVertical,-0.690028133462362,0.0712268379559365,0.0706589083512209,0.7167952096403009,0.9757798910140992,-0.2135923355817795,0.0472454614937305,38.72076416015625,-13.95529174804688,-9.323287963867188,-1,2,4088
2025-11-20T22:24:14.831+01:00,13808,630817.097377,1.331302141333788,1.338547247153207,-1.367436481883995,0.2506296932697296,0.1654293537139893,-0.0018075639382004,-0.1181904673576355,-0.072846919298172,-0.0264515802264213,XArbitraryCorrectedZVertical,-0.6866767990833067,0.0723359912860698,0.0672394002911801,0.7202232606815064,0.9762227535247804,-0.2097764015197754,0.0546193532645702,38.70770263671875,-13.79322814941406,-9.196502685546877,-1,2,4089
2025-11-20T22:24:14.866+01:00,13809,630817.132293,1.297351611746867,1.311488244346874,-1.364542609681154,0.1549157500267029,0.1759744435548782,0.0093306768685579,-0.1287775039672852,-0.0748509615659713,-0.0302403010427951,XArbitraryCorrectedZVertical,-0.684170743124128,0.0751966512079166,0.065253733123123,0.7224941535880764,0.9756249189376832,-0.2104425877332687,0.0622074082493782,38.86553955078125,-14.03140258789062,-8.2537841796875,-1,2,4090
2025-11-20T22:24:14.901+01:00,13810,630817.16721,1.280631676870028,1.300041910901097,-1.365185051802135,0.0195516012609005,0.1138946264982224,-0.066308706998825,-0.0710669159889221,-0.0680186599493026,-0.0195835903286933,XArbitraryCorrectedZVertical,-0.6832540401083796,0.0765574238594201,0.0629049958354748,0.7234264248168985,0.9756230711936952,-0.2087604999542236,0.0676640719175338,39.21661376953125,-13.99282836914062,-8.143630981445312,-1,2,4091
2025-11-20T22:24:14.936+01:00,13811,630817.2021260001,1.28301756112729,1.305891064823559,-1.368889819502826,-0.1097739338874817,0.0944124236702919,-0.1792423129081726,0.0310018062591552,-0.0827393531799316,-0.0274270847439765,XArbitraryCorrectedZVertical,-0.6840171350839532,0.0766054862063731,0.0605141770698381,0.7229040162694794,0.9760934710502625,-0.2054991573095322,0.070792481303215,39.25250244140625,-13.6859130859375,-8.004776000976562,-1,2,4092
2025-11-20T22:24:14.971+01:00,13812,630817.237042,1.296669411332818,1.323511590635225,-1.379378150636223,-0.1613603681325912,0.1620248407125473,-0.311373382806778,0.2093049287796021,-0.1115856617689133,-0.0274561643600463,XArbitraryCorrectedZVertical,-0.6863893235048869,0.0747364040456599,0.0558435513069831,0.7212251640817869,0.9776915311813354,-0.196626603603363,0.0738733857870101,39.457275390625,-13.19657897949219,-7.845794677734375,-1,2,4093
2025-11-20T22:24:15.011+01:00,13813,630817.271959,1.315712574476185,1.349760910135732,-1.391480440023376,-0.2131892442703247,0.2664676010608673,-0.4077575504779816,0.199622631072998,-0.0505090951919555,0.0459861680865287,XArbitraryCorrectedZVertical,-0.6892343467264525,0.073516110201303,0.0495381602984847,0.719094782104653,0.9792101979255676,-0.1863835752010345,0.0800514072179794,39.97442626953125,-12.79478454589844,-7.41796875,-1,2,4094
2025-11-20T22:24:15.040+01:00,13814,630817.306875,1.341143118946566,1.382103406033821,-1.413312293005867,-0.3283299207687378,0.1422852128744125,-0.6943450570106506,0.0843122005462646,0.010246992111206,0.1495853662490845,XArbitraryCorrectedZVertical,-0.6932181120266487,0.0688447832910686,0.039973247800868,0.7163177645657302,0.9822311997413636,-0.1669852584600449,0.0856593996286392,40.15802001953125,-12.13273620605469,-6.8502197265625,-1,2,4095
2025-11-20T22:24:15.075+01:00,13815,630817.341792,1.418107596465875,1.4619098596955,-1.434489115107191,-0.451714962720871,0.0339928232133388,-0.3882626295089722,0.1627753376960754,0.1363050937652588,0.1662577390670776,XArbitraryCorrectedZVertical,-0.6990159302738246,0.0631925374587931,0.0322940354710029,0.7115760797487048,0.98496013879776,-0.1492750495672226,0.0870076641440391,40.48956298828125,-11.05793762207031,-6.939132690429688,-1,2,4096
2025-11-20T22:24:15.110+01:00,13816,630817.3767080001,1.539013406575744,1.581379470011357,-1.443114563317561,-0.4524574279785156,-0.0245387274771928,-0.1328526884317398,0.1343782544136047,0.1197435706853867,0.1108716800808907,XArbitraryCorrectedZVertical,-0.7050297867418879,0.0600566144375235,0.0301625458583216,0.7059862512966592,0.9861357808113098,-0.1429674476385117,0.084242507815361,40.720458984375,-10.48748779296875,-7.014541625976562,-1,2,4097
2025-11-20T22:24:15.145+01:00,13817,630817.4116250001,1.661651904398013,1.702674730654389,-1.446256422093715,-0.4049631953239441,-0.0101357549428939,-0.1044562384486198,0.0885529518127441,0.0976834744215011,0.0913491323590278,XArbitraryCorrectedZVertical,-0.710478240613629,0.0582055959558254,0.0292563224056501,0.700697523804714,0.9867645502090454,-0.1400571316480637,0.081731267273426,40.71435546875,-10.16787719726562,-7.006072998046875,-1,2,4098
2025-11-20T22:24:15.180+01:00,13818,630817.446541,1.763874811997096,1.803094772463034,-1.445940007503276,-0.3303086459636688,-0.0500469766557216,-0.0209433156996965,0.1275460124015808,0.0376131236553192,0.0605604574084281,XArbitraryCorrectedZVertical,-0.7149057109603474,0.0569588430352665,0.0292819455981547,0.6962815421425165,0.9871236085891724,-0.1390993148088455,0.0789811685681343,40.8309326171875,-10.02943420410156,-7.517471313476562,-1,2,4099
2025-11-20T22:24:15.215+01:00,13819,630817.481458,1.847317288877203,1.883809420550196,-1.443126623295103,-0.2700622081756592,-0.0556022711098194,0.0188114829361438,0.0844467282295227,0.0138120651245117,0.0515568181872367,XArbitraryCorrectedZVertical,-0.718653558332521,0.0560367346260896,0.0302868882346403,0.6924446642606205,0.9872999787330629,-0.1398191303014755,0.0754267573356628,40.87188720703125,-9.828536987304688,-7.602066040039062,-1,2,4100
2025-11-20T22:24:15.250+01:00,13820,630817.516374,1.897140735810837,1.932402691221339,-1.438164277090646,-0.1803741902112961,-0.0090856868773698,0.1144712567329407,0.0201401710510253,-0.0273212045431137,0.0291885137557983,XArbitraryCorrectedZVertical,-0.7212449980546369,0.0565525115092706,0.031674631953882,0.6896407036782841,0.9870009422302246,-0.1429058462381363,0.0735335946083068,40.7520751953125,-9.972503662109377,-7.57061767578125,-1,2,4101
2025-11-20T22:24:15.290+01:00,13821,630817.5512900001,1.923184147825345,1.957399596981267,-1.430933873379339,-0.1692213863134384,-0.0308479722589254,0.1844623386859894,-0.0997158885002136,-0.0193284302949905,0.0372877120971679,XArbitraryCorrectedZVertical,-0.7231189608148446,0.0581409440099239,0.0340072754480965,0.6874315739139345,0.9862667322158812,-0.1487013548612595,0.071873664855957,40.62652587890625,-10.09970092773438,-7.535247802734375,-1,2,4102
2025-11-20T22:24:15.320+01:00,13822,630817.5862070001,1.943091707973868,1.97535462975533,-1.422445333106602,-0.1763913780450821,-0.0733853504061698,0.1829662919044495,-0.2021775245666504,-0.0509722530841827,0.022330641746521,XArbitraryCorrectedZVertical,-0.7249170512667039,0.0598732423519051,0.0371236249703461,0.6852243161876871,0.9853653311729432,-0.1557538062334061,0.0692525655031204,40.740234375,-10.30686950683594,-7.599685668945312,-1,2,4103
2025-11-20T22:24:15.354+01:00,13823,630817.621123,1.966277475702177,1.995103758932848,-1.415128280256527,-0.1873712539672852,-0.0882023945450782,0.0951476991176605,-0.2886650562286377,-0.0287671089172363,0.0213177278637886,XArbitraryCorrectedZVertical,-0.7268036347753739,0.0605876132079994,0.0402667605056713,0.6829819386849892,0.9847405552864076,-0.1613726615905762,0.0651538074016571,40.6495361328125,-10.643798828125,-7.60321044921875,-1,2,4104
2025-11-20T22:24:15.390+01:00,13824,630817.65604,2.005274054526834,2.031090275958565,-1.4124138069453,-0.1934934109449387,-0.061583824455738,-0.0780322849750518,-0.2699756622314453,-0.0193130373954772,0.0248264148831367,XArbitraryCorrectedZVertical,-0.7290315617971739,0.0595317338085757,0.0413346147137194,0.6806324859252905,0.9849262833595276,-0.1616409569978714,0.0615840852260589,40.83892822265625,-10.66477966308594,-7.567642211914062,-1,2,4105
2025-11-20T22:24:15.424+01:00,13825,630817.690956625,2.049492069516756,2.073378388293521,-1.412509713982705,-0.1594410389661789,-0.0230987388640642,-0.0891109928488731,-0.1790064573287964,-0.0160578042268753,0.0205588340759277,XArbitraryCorrectedZVertical,-0.7311847749286697,0.0577281145680564,0.0408912008013219,0.6785015127422189,0.9855402708053588,-0.1587468832731247,0.0592446662485599,40.62213134765625,-10.45791625976562,-7.66058349609375,-1,2,4106
2025-11-20T22:24:15.459+01:00,13826,630817.725873625,2.084910202986471,2.108065528912932,-1.412440372721455,-0.1115284711122513,0.00335707468912,-0.0635506138205528,-0.0898970365524292,-0.0100845098495483,0.0286307409405708,XArbitraryCorrectedZVertical,-0.7329100691775695,0.0565382506122522,0.0402166157995419,0.6767784148767082,0.985984742641449,-0.1563583761453629,0.0581917576491832,40.86614990234375,-10.29617309570312,-7.748489379882812,-1,2,4107
2025-11-20T22:24:15.494+01:00,13827,630817.760789625,2.09388359550606,2.117211660705976,-1.413144488084766,0.0742989107966423,0.0160644128918647,-0.0202955901622772,0.0183715224266052,-0.0127525925636291,0.0221039019525051,XArbitraryCorrectedZVertical,-0.7332395327929322,0.0561293195276824,0.0396854792184699,0.6764867820683114,0.986175537109375,-0.1550940573215485,0.0583403967320919,40.88836669921875,-10.26014709472656,-7.56854248046875,-1,2,4108
2025-11-20T22:24:15.529+01:00,13828,630817.7957056251,2.068232474944664,2.092698668530759,-1.416942966085232,0.2231313735246658,0.0354122668504715,-0.0728475302457809,0.0555058717727661,-0.0152265727519989,0.0624223947525024,XArbitraryCorrectedZVertical,-0.7314755726392009,0.0560595912679947,0.0388109722871727,0.6784501021807366,0.9863184094429016,-0.1535508930683136,0.0599836483597755,40.92218017578125,-10.07650756835938,-7.636886596679688,-1,2,4109
2025-11-20T22:24:15.570+01:00,13829,630817.8306226251,2.024432069427555,2.051630602955957,-1.424525093898584,0.3233182430267334,0.0690034627914428,-0.1020197346806526,0.2212059497833252,-0.0579706579446792,0.068402774631977,XArbitraryCorrectedZVertical,-0.7284239886296803,0.0557210483985573,0.0365407757483523,0.6818786991019447,0.9867103695869446,-0.1495183706283569,0.0636162534356117,41.13134765625,-10.22291564941406,-7.288742065429688,-1,2,4110
2025-11-20T22:24:15.599+01:00,13830,630817.865538625,1.949196359150155,1.977593825547199,-1.429811115523474,0.3224473297595978,-0.0306889433413744,0.0480194017291069,0.2710313200950623,-0.02166149020195,0.0638765096664428,XArbitraryCorrectedZVertical,-0.7243343156966078,0.0560301487611007,0.0360006484914677,0.6862247570296051,0.9867048263549804,-0.1485960781574249,0.0658231973648071,41.057373046875,-10.26719665527344,-6.917083740234375,-1,2,4111
2025-11-20T22:24:15.634+01:00,13831,630817.900455625,1.879563741811184,1.90528448898806,-1.434539307144701,0.2475399225950241,-0.1470987200737,-0.1290259659290314,0.1244531273841858,0.0469275712966918,0.0169228315353393,XArbitraryCorrectedZVertical,-0.7206247265145168,0.0547410359351423,0.0365964094246582,0.6901914268615682,0.9870580434799194,-0.1469946950674057,0.0641013383865356,41.0704345703125,-10.30940246582031,-6.723663330078125,-1,2,4112
2025-11-20T22:24:15.669+01:00,13832,630817.935371625,1.833906546365702,1.854577583462583,-1.442193341342156,0.208546444773674,-0.1458432823419571,-0.1514688730239868,0.0396960377693176,0.1457298099994659,-0.0629035234451293,XArbitraryCorrectedZVertical,-0.7178780128829851,0.0510417873322232,0.0364556216621613,0.6933375372693994,0.9881817102432252,-0.1411063969135284,0.059882316738367,41.13238525390625,-10.22444152832031,-6.917434692382812,-1,2,4113
2025-11-20T22:24:15.704+01:00,13833,630817.970288625,1.791751096221667,1.807833186154969,-1.448830693619112,0.1808220446109772,-0.1390069425106049,-0.1489601135253906,0.0687406659126281,0.1106438040733337,-0.0923826694488525,XArbitraryCorrectedZVertical,-0.7155520437738289,0.0476450977079622,0.036294602187813,0.6959870607297565,0.9891664385795592,-0.1357139945030212,0.0559599548578262,41.12554931640625,-10.20468139648438,-7.000259399414062,-1,2,4114
2025-11-20T22:24:15.739+01:00,13834,630818.0052046251,1.749757514791152,1.761895624380094,-1.45602898031962,0.1773649603128433,-0.103055015206337,-0.1738131195306778,0.0661920309066772,0.076213002204895,-0.1092977523803711,XArbitraryCorrectedZVertical,-0.7133909249980334,0.044146586668853,0.0355778254792825,0.6984688884044745,0.9901891946792604,-0.1294509172439575,0.0526113919913768,41.038330078125,-9.982833862304688,-7.060028076171875,-1,2,4115
2025-11-20T22:24:15.773+01:00,13835,630818.040120625,1.698738742537668,1.709332488509467,-1.461957618946248,0.2115862518548965,0.0046700392849743,-0.1017522364854813,-0.0022315382957458,0.1201661825180054,-0.1108212545514107,XArbitraryCorrectedZVertical,-0.7111594958968165,0.0418601776230826,0.0343803927150063,0.7009406868829844,0.9909093976020812,-0.1242402642965317,0.0516018383204937,41.00738525390625,-9.946197509765623,-7.030380249023438,-1,2,4116
2025-11-20T22:24:15.810+01:00,13836,630818.075037625,1.619797691658051,1.632681401870251,-1.46435604280969,0.289593517780304,0.0731265991926193,0.0266803260892629,-0.0171551704406738,0.099216379225254,-0.0915516689419746,XArbitraryCorrectedZVertical,-0.7081753713294996,0.0421050578243042,0.0330078612112097,0.7040065324182392,0.9910014867782592,-0.1222571283578873,0.0544881112873554,41.1051025390625,-9.766464233398438,-6.506988525390625,-1,2,4117
2025-11-20T22:24:15.850+01:00,13837,630818.109953625,1.517570954030025,1.533234452995812,-1.46060170782901,0.3346031904220581,0.0374096035957336,0.191651925444603,-0.0553390979766845,0.063230961561203,-0.0610032081604003,XArbitraryCorrectedZVertical,-0.7042450882994157,0.044429337235905,0.0333704911571574,0.7077791441979459,0.9903976321220398,-0.1254868060350418,0.058012455701828,40.97711181640625,-10.14505004882812,-6.63262939453125,-1,2,4118
2025-11-20T22:24:15.878+01:00,13838,630818.144870625,1.420551418276115,1.436806990873227,-1.451046963562943,0.3419596552848816,-0.0311204530298709,0.2847104966640472,-0.1705681085586548,0.0226598680019378,-0.0297212675213813,XArbitraryCorrectedZVertical,-0.6998232785788709,0.0476226600517054,0.0361489578191846,0.7118094371144695,0.9892935752868652,-0.1332555562257767,0.059506356716156,41.034912109375,-10.52117919921875,-6.116622924804688,-1,2,4119
2025-11-20T22:24:15.913+01:00,13839,630818.1797866251,1.342269055554369,1.358016944316201,-1.439889452839193,0.3099425435066223,-0.0139222517609596,0.2223298251628876,-0.2755275368690491,0.018509641289711,-0.0163792371749877,XArbitraryCorrectedZVertical,-0.6954482153827882,0.0506841173014277,0.0395726387684605,0.7156933547852196,0.988082468509674,-0.1417548656463623,0.0599888563156127,40.97833251953125,-11.00462341308594,-6.197616577148438,-1,2,4120
2025-11-20T22:24:15.948+01:00,13840,630818.2147036251,1.280252959492672,1.297326179131107,-1.432615319671382,0.2522027790546417,0.0426938869059085,0.0887909308075904,-0.2639040946960449,0.0071094036102294,-0.0155283138155937,XArbitraryCorrectedZVertical,-0.6918094096707239,0.0529093174278991,0.0408656794284062,0.7189787550782692,0.9873080849647522,-0.1461475044488907,0.0621591806411743,40.877685546875,-11.25630187988281,-6.244094848632812,-1,2,4121
2025-11-20T22:24:15.983+01:00,13841,630818.249619625,1.239500442037282,1.258470848680489,-1.427225848789231,0.1423559337854385,0.0352788046002388,0.1310556679964066,-0.1940778493881226,0.0079874843358993,-0.0156148746609687,XArbitraryCorrectedZVertical,-0.6892131936481968,0.0548022764311157,0.04142292019938,0.7212946586587398,0.9866955280303956,-0.149161770939827,0.0646718591451644,41.19146728515625,-11.37690734863281,-6.061630249023438,-1,2,4122
2025-11-20T22:24:16.018+01:00,13842,630818.284535625,1.235848692238865,1.255275014760799,-1.420724270732298,0.0104985078796744,-0.0072861928492784,0.2157003879547119,-0.0759328603744506,-0.0268285125494003,-0.0329336002469062,XArbitraryCorrectedZVertical,-0.6881459003420649,0.0570785301306655,0.0433809133827366,0.7220216995371216,0.985753297805786,-0.1549341678619385,0.0654653087258338,41.08453369140625,-11.70872497558594,-5.97381591796875,-1,2,4123
2025-11-20T22:24:16.053+01:00,13843,630818.319452625,1.2562906510838,1.275907804814545,-1.412952738818399,-0.0328702628612518,0.0369068570435047,0.2431052029132843,-0.0285549759864807,-0.0425425469875335,-0.0681982040405273,XArbitraryCorrectedZVertical,-0.6881470976585676,0.0600944865600767,0.046266465094592,0.7215966366465811,0.9843960404396056,-0.1632069498300552,0.0657872781157493,41.08428955078125,-11.97406005859375,-5.872879028320312,-1,2,4124
2025-11-20T22:24:16.090+01:00,13844,630818.3543686251,1.279091328255782,1.30103194316063,-1.406959249644707,-0.0441899187862873,0.1022994294762611,0.146885946393013,0.11576908826828,-0.0723936557769775,-0.0828418806195259,XArbitraryCorrectedZVertical,-0.6886622816632362,0.0633261652356353,0.0478641429595472,0.720723954806731,0.9830924272537231,-0.1699921935796738,0.0680560916662216,41.0677490234375,-12.1507568359375,-5.6385498046875,-1,2,4125
2025-11-20T22:24:16.123+01:00,13845,630818.3892856251,1.295953705298684,1.321494362744608,-1.403052371677254,-0.0625740215182304,0.1105395182967186,0.1174960881471634,0.2904549241065979,-0.1062250286340714,-0.0682797580957412,XArbitraryCorrectedZVertical,-0.6892165398097142,0.0662120457376528,0.0482160440225726,0.719910833446824,0.9820516109466552,-0.1745214015245438,0.0715298429131507,41.09686279296875,-12.44172668457031,-5.93927001953125,-1,2,4126
2025-11-20T22:24:16.158+01:00,13846,630818.424201625,1.315900407612082,1.343174121203143,-1.399105344098514,-0.0825400054454803,0.0055254828184843,0.1590975970029831,0.4002611637115479,-0.1362380236387253,-0.0091181993484497,XArbitraryCorrectedZVertical,-0.6899519056027064,0.0684785593103489,0.0492647465639758,0.7189228866555514,0.9810864329338074,-0.179237425327301,0.0730983391404151,41.138916015625,-12.56080627441406,-5.636306762695312,-1,2,4127
2025-11-20T22:24:16.192+01:00,13847,630818.459118625,1.339039126714933,1.365220605024892,-1.393739708818928,-0.0686386078596115,-0.0488573126494884,0.177450567483902,0.2949358820915222,-0.0709102898836135,0.0377218723297119,XArbitraryCorrectedZVertical,-0.690715554204262,0.0702487613555848,0.0518086875308736,0.7178391806234473,0.9800274968147278,-0.1854220926761627,0.0718667283654213,41.14532470703125,-12.79316711425781,-5.584991455078125,-1,2,4128
2025-11-20T22:24:16.228+01:00,13848,630818.494034625,1.359536909299362,1.382532368872958,-1.388362013401053,-0.0968872532248497,-0.1060718819499016,0.1508058458566666,0.0233575701713562,0.039781242609024,0.0981882885098457,XArbitraryCorrectedZVertical,-0.6913390136250864,0.0712263857051332,0.0550340993883473,0.7169020585451368,0.9790991544723512,-0.1914688795804977,0.0685903206467628,41.06976318359375,-13.18975830078125,-5.709182739257812,-1,2,4129
2025-11-20T22:24:16.262+01:00,13849,630818.528950625,1.38875306647654,1.408435911511295,-1.389509234288079,-0.2019331753253937,-0.0466656535863876,-0.1985338777303696,-0.146228551864624,0.0555315762758255,0.1169643327593803,XArbitraryCorrectedZVertical,-0.6932020803134089,0.0699904624731912,0.0561299499744659,0.7151374763434967,0.9793277978897096,-0.1916247010231018,0.0647831410169601,41.1502685546875,-13.36056518554688,-5.723724365234375,-1,2,4130
2025-11-20T22:24:16.297+01:00,13850,630818.5638676251,1.426484606412767,1.444209026384886,-1.39999360996937,-0.2584770619869232,-0.036199115216732,-0.23225037753582,0.047690212726593,0.0591498017311096,0.0992207527160644,XArbitraryCorrectedZVertical,-0.6963574763497347,0.0660056286796056,0.0535184109105201,0.7126466723614108,0.9811793565750122,-0.1828985810279846,0.0619272887706756,41.38800048828125,-12.93254089355469,-5.737045288085938,-1,2,4131
2025-11-20T22:24:16.332+01:00,13851,630818.598783625,1.476666584065385,1.491878646073734,-1.403884100480234,-0.2341153770685196,-0.0730113983154296,0.0539434850215911,0.1030816435813904,0.0464773625135421,0.0789623260498046,XArbitraryCorrectedZVertical,-0.6995316559032648,0.06408299995771,0.0533639887736704,0.7097190706358519,0.981833517551422,-0.1804800480604172,0.0585650987923145,41.38134765625,-12.72433471679688,-6.082290649414062,-1,2,4132
2025-11-20T22:24:16.371+01:00,13852,630818.633700625,1.51969380931093,1.531525034884624,-1.399853718825468,-0.1600982248783112,-0.0816336572170257,0.1386141330003738,-0.0236111879348754,0.0350958108901977,0.0506690740585327,XArbitraryCorrectedZVertical,-0.7017864669718488,0.0644698822773916,0.0561345304971229,0.7072399343070753,0.9811764359474182,-0.1852422803640366,0.0545707382261753,41.3421630859375,-12.86972045898438,-6.341705322265625,-1,2,4133
2025-11-20T22:24:16.402+01:00,13853,630818.668616625,1.544085168520375,1.552978035534397,-1.396895139357197,-0.0803241953253746,-0.0575770698487758,0.0527633726596832,-0.0628760457038879,-0.0106650590896606,0.0476759672164917,XArbitraryCorrectedZVertical,-0.703061409299366,0.0645230166078046,0.0582585863621181,0.7057955983255092,0.9807379245758056,-0.1884773969650269,0.0512772388756275,41.29193115234375,-13.02644348144531,-6.537872314453125,-1,2,4134
2025-11-20T22:24:16.437+01:00,13854,630818.703533625,1.553938592464617,1.56106905633617,-1.394176314995308,-0.0396510921418666,-0.0458724573254585,0.1103508397936821,-0.1184056997299194,-0.0211969465017318,0.0529472827911377,XArbitraryCorrectedZVertical,-0.7035178855475941,0.0648693949857288,0.0598470537911844,0.7051758699668457,0.980298399925232,-0.1912511736154556,0.0493781901895999,41.46832275390625,-13.08026123046875,-6.723541259765625,-1,2,4135
2025-11-20T22:24:16.472+01:00,13855,630818.7384496251,1.566069671393108,1.57105292514871,-1.390546403860693,-0.0846332535147666,-0.0607935935258865,0.0722037851810455,-0.2000420093536377,-0.0223186165094375,0.0513232946395874,XArbitraryCorrectedZVertical,-0.7040925521384234,0.0653963220303521,0.0618869340437941,0.7043770532652347,0.9796897768974304,-0.1949207633733749,0.0470501296222209,41.197265625,-13.39918518066406,-6.834274291992188,-1,2,4136
2025-11-20T22:24:16.507+01:00,13856,630818.7733656251,1.586455731986258,1.588730373150646,-1.388975105153871,-0.1311893314123154,-0.0724245086312294,0.0477678999304771,-0.2289476990699768,0.0012516230344772,0.0363204441964626,XArbitraryCorrectedZVertical,-0.7052645295571929,0.0649867835401032,0.0633850116915586,0.7031080844919579,0.9794968962669371,-0.1965946108102798,0.044001780450344,41.2958984375,-13.35658264160156,-6.993408203125,-1,2,4137
2025-11-20T22:24:16.542+01:00,13857,630818.808282625,1.614037293868923,1.613916118869111,-1.386711109774137,-0.1561638712882996,-0.0327058136463165,0.0539111830294132,-0.2400875091552734,0.0139100253582,0.0226045809686183,XArbitraryCorrectedZVertical,-0.7069191574393142,0.0648888403818553,0.064974161352545,0.701308131223996,0.9791621565818788,-0.1988770365715027,0.0411008149385452,41.23675537109375,-13.4710693359375,-6.936355590820312,-1,2,4138
2025-11-20T22:24:16.577+01:00,13858,630818.843198625,1.642753330596234,1.641352181357287,-1.385325789656794,-0.1567108929157257,-0.0060350527055561,0.0219585783779621,-0.1572003364562988,-0.0120048373937606,0.0299083031713962,XArbitraryCorrectedZVertical,-0.708730189376025,0.0648207070311967,0.0658072120473308,0.6994064476373748,0.9789777994155884,-0.2001533955335617,0.0392597541213035,41.52520751953125,-13.51589965820312,-7.224563598632812,-1,2,4139
2025-11-20T22:24:16.611+01:00,13859,630818.878115625,1.670524887641933,1.668949678682305,-1.383506525503992,-0.1387633681297302,0.0022143714595586,0.0633430927991867,-0.0592398643493652,-0.0353676825761795,0.0406179465353488,XArbitraryCorrectedZVertical,-0.7105397176377308,0.0652425396649667,0.0663515002990961,0.6974770933313966,0.9786887764930724,-0.2017081528902054,0.0384989008307457,41.47821044921875,-13.62535095214844,-7.165145874023438,-1,2,4140
2025-11-20T22:24:16.650+01:00,13860,630818.9130316251,1.688392221589647,1.686820263271001,-1.379877963240649,-0.0516927279531955,0.029674507677555,0.1066520065069199,0.0070762634277343,-0.0279882252216339,0.0401152335107326,XArbitraryCorrectedZVertical,-0.7117420605633167,0.0663848807657392,0.0674913624614335,0.6960324862800947,0.9780157804489136,-0.2050287276506424,0.0380555801093578,41.67449951171875,-13.76551818847656,-7.328414916992188,-1,2,4141
2025-11-20T22:24:16.681+01:00,13861,630818.9479486251,1.685250407584331,1.685055666680021,-1.376978508104668,0.0680744871497154,0.0251937229186296,0.0701839551329612,0.0830689668655395,-0.0379168540239334,0.0599043369293212,XArbitraryCorrectedZVertical,-0.7115960248961558,0.0679024623726065,0.0680395188944558,0.6959820728532161,0.9773557782173156,-0.2079022377729416,0.0393998809158802,41.51751708984375,-13.93037414550781,-7.23565673828125,-1,2,4142
2025-11-20T22:24:16.716+01:00,13862,630818.982864625,1.662804548506011,1.662319042449399,-1.374613593455863,0.1389151215553284,-0.0538603253662586,0.0777338296175003,0.2386098504066467,-0.1047704070806503,0.0716820955276489,XArbitraryCorrectedZVertical,-0.71005345874439,0.0687879521492494,0.0691296065049609,0.6973618431271938,0.9767985343933104,-0.2104762047529221,0.0395544357597827,41.7392578125,-14.11968994140625,-7.175048828125,-1,2,4143
2025-11-20T22:24:16.751+01:00,13863,630819.017780625,1.634132819970303,1.633749370591376,-1.373205213156349,0.1951548457145691,0.0444857217371463,0.0356693267822265,0.2699245810508728,-0.0903023928403854,0.0297054052352905,XArbitraryCorrectedZVertical,-0.7080598263822028,0.0694715194299103,0.0697413369233212,0.699257564176748,0.9764285087585448,-0.2120505124330521,0.0402714498341083,41.6229248046875,-14.24705505371094,-7.17681884765625,-1,2,4144
2025-11-20T22:24:16.786+01:00,13864,630819.052697625,1.597321305259273,1.599910091709215,-1.371726075474842,0.2004525810480118,0.0624015517532825,0.0562575086951255,0.2084693908691406,0.0037538707256317,0.0039014816284179,XArbitraryCorrectedZVertical,-0.705560832647792,0.0711494960105389,0.0693280083696264,0.7016518822027924,0.9759483337402344,-0.213516429066658,0.0439958646893501,41.58843994140625,-14.43548583984375,-7.135986328125,-1,2,4145
2025-11-20T22:24:16.821+01:00,13865,630819.087613625,1.567036550120404,1.570543063945183,-1.370552708830848,0.134852722287178,-0.0262012910097837,0.0001793028786778,0.0514962673187255,0.0976568758487701,-0.0120930559933185,XArbitraryCorrectedZVertical,-0.7034226494366269,0.0719123640651384,0.0694453027348224,0.7037064430034757,0.9756645560264589,-0.2144782096147537,0.0455861538648605,41.836181640625,-14.50775146484375,-6.907882690429688,-1,2,4146
2025-11-20T22:24:16.856+01:00,13866,630819.1225306251,1.542666624472512,1.546038634079127,-1.372849750481396,0.1436401754617691,0.0022061220370233,-0.137041911482811,0.0119028091430664,0.1411264687776566,-0.0691540241241455,XArbitraryCorrectedZVertical,-0.7017978689330305,0.0710325043314521,0.0686598033554971,0.7054927515522296,0.9761953353881836,-0.2119577527046204,0.0460064113140106,41.69921875,-14.58061218261719,-6.832748413085938,-1,2,4147
2025-11-20T22:24:16.891+01:00,13867,630819.1574466251,1.508797912418744,1.513407317814634,-1.376055009055538,0.217486098408699,0.0321773774921894,-0.009958392009139,0.1089941263198853,0.1222635954618454,-0.0821949243545532,XArbitraryCorrectedZVertical,-0.6996544050107553,0.0702423950629953,0.0669984949198348,0.7078566382873834,0.9768975377082824,-0.2082621157169342,0.0479388944804668,41.92645263671875,-14.44769287109375,-6.967514038085938,-1,2,4148
2025-11-20T22:24:16.931+01:00,13868,630819.192363625,1.467138207743117,1.472833087043363,-1.37195367456368,0.2440053373575211,-0.0292066652327776,0.193060889840126,0.0550757646560668,0.0808522701263427,-0.060313943773508,XArbitraryCorrectedZVertical,-0.6965485854235413,0.0718328632667365,0.067825866592027,0.7106755537515247,0.9761588573455812,-0.2112233340740204,0.0499837808310985,41.9625244140625,-14.78387451171875,-6.546096801757812,-1,2,4149
2025-11-20T22:24:16.961+01:00,13869,630819.227279625,1.429164293868794,1.433985801602533,-1.363185551582272,0.2545622587203979,-0.0555732771754264,0.2121491432189941,-0.05851811170578,0.0433436781167984,-0.0628603622317314,XArbitraryCorrectedZVertical,-0.693130563923673,0.0742565807530024,0.0708656156540971,0.713466342720569,0.9745643138885498,-0.2184077799320221,0.0502260364592075,41.693115234375,-15.066162109375,-6.787826538085938,-1,2,4150
2025-11-20T22:24:16.996+01:00,13870,630819.262195625,1.389836318279195,1.394067616737915,-1.355844886588937,0.2831956744194031,-0.0280522219836711,0.1330442875623703,-0.1606525778770447,0.025089606642723,-0.0572016276419162,XArbitraryCorrectedZVertical,-0.6895319797505451,0.076128130164744,0.0731534161563163,0.7165184848235174,0.9733203649520874,-0.2237437516450882,0.0508539155125618,41.62310791015625,-15.72584533691406,-6.721710205078125,-1,2,4151
2025-11-20T22:24:17.031+01:00,13871,630819.2971126251,1.3464762550511,1.350830228283077,-1.349527932733704,0.3002079725265503,-0.0319047309458255,0.125886857509613,-0.1852626800537109,0.0070169568061828,-0.0471267700195312,XArbitraryCorrectedZVertical,-0.6855814775522595,0.0776822695859133,0.074622370487328,0.7199826466658648,0.9723872542381288,-0.2274301648139954,0.0523300468921661,41.74957275390625,-15.778076171875,-6.537872314453125,-1,2,4152
2025-11-20T22:24:17.066+01:00,13872,630819.3320286251,1.306334499336663,1.310846144222668,-1.343453460209127,0.2748535871505737,-0.0037012542597949,0.0657877922058105,-0.2622929811477661,-0.022883340716362,-0.0331014394760131,XArbitraryCorrectedZVertical,-0.6817514841327285,0.0790484340706077,0.0758788108299711,0.7233317044982683,0.9715672135353088,-0.2305651307106018,0.053822923451662,41.67327880859375,-16.14286804199219,-6.5394287109375,-1,2,4153
2025-11-20T22:24:17.100+01:00,13873,630819.366945625,1.269967829927473,1.276648801535432,-1.341368685514423,0.2011151313781738,0.0735210254788398,-0.0809265375137329,-0.2975448966026306,-0.0284456461668014,-0.0244359895586967,XArbitraryCorrectedZVertical,-0.6787311149993414,0.0797288048107179,0.0750357031301431,0.72617986159083,0.9715561866760254,-0.2298551648855209,0.0569677427411079,41.5458984375,-16.22897338867188,-6.322967529296875,-1,2,4154
2025-11-20T22:24:17.135+01:00,13874,630819.401861625,1.242888465426331,1.253584567376368,-1.343737112102844,0.0880996957421302,0.10511115193367,-0.1273121982812881,-0.2394910454750061,-0.0352389514446258,-0.0067293643951416,XArbitraryCorrectedZVertical,-0.6771516419531258,0.0797313673747291,0.0722168069591261,0.7279377654930864,0.9722943305969238,-0.225564256310463,0.0613557994365692,41.75372314453125,-16.14616394042969,-6.088455200195312,-1,2,4155
2025-11-20T22:24:17.171+01:00,13875,630819.436778625,1.235340912738919,1.249626121908358,-1.346663092618288,-0.045437291264534,0.0826155245304107,-0.0640623345971107,-0.1764952540397644,-0.0433219522237777,-0.0048159509897232,XArbitraryCorrectedZVertical,-0.6771551479911385,0.0798722728916529,0.0698345518831108,0.7281513058989293,0.97282075881958,-0.2223029881715775,0.0648134499788284,41.85009765625,-16.16227722167969,-5.9051513671875,-1,2,4156
2025-11-20T22:24:17.211+01:00,13876,630819.471694625,1.245963340346561,1.261969540454353,-1.348808835148937,-0.1033583581447601,0.0275253113359212,0.0028512177523225,-0.0699668526649475,-0.061208426952362,-0.0480346754193306,XArbitraryCorrectedZVertical,-0.678331041118562,0.0800491345380328,0.0688008068800713,0.7271351470753549,0.9729818105697632,-0.2212164700031281,0.0661010667681694,42.010986328125,-15.89118957519531,-5.807373046875,-1,2,4157
2025-11-20T22:24:17.240+01:00,13877,630819.5066106251,1.265393072614151,1.281560437095442,-1.347427862740399,-0.1134961694478989,0.0240155570209026,0.1029850989580154,-0.0591259598731994,-0.0335639268159866,-0.0714871883392334,XArbitraryCorrectedZVertical,-0.6795907056884496,0.0810313617542897,0.069670657465902,0.725766129370921,0.9723644256591796,-0.2239739149808884,0.0659024342894554,42.08966064453125,-15.94851684570312,-5.871475219726562,-1,2,4158
2025-11-20T22:24:17.275+01:00,13878,630819.541527625,1.287470007625077,1.304374734045517,-1.349133756154116,-0.179032102227211,0.0526400282979011,-0.1471205502748489,0.0672788619995117,-0.1286284625530243,-0.0512236431241035,XArbitraryCorrectedZVertical,-0.681515280135427,0.0812130698224522,0.069333104168295,0.7239711388702861,0.9723480343818665,-0.2240173667669296,0.0659941583871841,42.13128662109375,-15.88006591796875,-6.16265869140625,-1,2,4159
2025-11-20T22:24:17.310+01:00,13879,630819.576443625,1.311102845472699,1.329785696643669,-1.357693348421385,-0.2251422703266144,0.0797043889760971,-0.1933757215738297,0.2695151567459106,-0.1587027162313461,-0.0403035953640937,XArbitraryCorrectedZVertical,-0.6844353212620546,0.0794242193106847,0.0662885607395958,0.7216965317353022,0.9737403392791748,-0.2176705449819565,0.0667013153433799,42.3311767578125,-15.628173828125,-5.939422607421875,-1,2,4160
2025-11-20T22:24:17.345+01:00,13880,630819.611360625,1.349126332114567,1.369190654796717,-1.364587001744135,-0.3074595034122467,0.0192266851663589,-0.1039320454001427,0.396090567111969,-0.1605940610170364,0.0072592571377754,XArbitraryCorrectedZVertical,-0.6880285198532936,0.0782094364841964,0.0640974010861285,0.7186040291180995,0.9746675491333008,-0.2134293913841248,0.0668679699301719,42.74163818359375,-15.52037048339844,-6.18878173828125,-1,2,4161
2025-11-20T22:24:17.380+01:00,13881,630819.646276625,1.411552568903458,1.428957622361135,-1.370651271579161,-0.4775026738643646,-0.0916952639818191,-0.1319390386343002,0.287372887134552,-0.0983090549707412,0.0573960542678833,XArbitraryCorrectedZVertical,-0.6929477083957357,0.075967772722236,0.0637222703142433,0.7141371675045944,0.975566565990448,-0.2105746120214462,0.0626753270626068,42.75714111328125,-15.14117431640625,-6.340225219726562,-1,2,4162
2025-11-20T22:24:17.415+01:00,13882,630819.6811926251,1.508926874525402,1.521809543830243,-1.378488274370075,-0.6326039433479309,-0.0078986380249261,-0.234460636973381,-0.0228382349014282,0.0459093302488327,0.0830767229199409,XArbitraryCorrectedZVertical,-0.7000649594461973,0.0723160537504745,0.0632487722593315,0.7075868557019765,0.976970374584198,-0.2058977633714676,0.0559918358922004,42.91229248046875,-14.84239196777344,-6.971710205078125,-1,2,4163
2025-11-20T22:24:17.449+01:00,13883,630819.7161086667,1.629456494607933,1.64307895509707,-1.389856345201477,-0.6367588043212891,0.1452261209487915,-0.3740707039833069,-0.0401046872138977,0.0578911155462265,0.0683871507644653,XArbitraryCorrectedZVertical,-0.7083782791240376,0.068544517266871,0.0589514502230605,0.7000190436993213,0.9791458249092102,-0.1957695335149765,0.054293468594551,43.1463623046875,-14.42131042480469,-7.278656005859375,-1,2,4164
2025-11-20T22:24:17.487+01:00,13884,630819.7510246667,1.75291208624781,1.769972008340823,-1.396897989225369,-0.5352619290351868,0.1623406559228897,-0.1651596575975418,0.1065927743911743,0.0659594386816024,0.0484890900552272,XArbitraryCorrectedZVertical,-0.7160457142774218,0.0663011033504575,0.0542836336337655,0.69277412009044,0.9807484745979308,-0.1871905028820038,0.0556063055992126,43.37548828125,-13.88612365722656,-7.14349365234375,-1,2,4165
2025-11-20T22:24:17.519+01:00,13885,630819.7859416667,1.844134595863392,1.86392479408164,-1.396228828213764,-0.3620339930057526,0.0606399364769458,-0.0250927880406379,0.1073108911514282,0.0040709525346755,0.0315023586153984,XArbitraryCorrectedZVertical,-0.7216066431232299,0.0661547112191445,0.0522144278843137,0.6871542959492025,0.9811136722564696,-0.1849181056022644,0.0567545145750045,43.5885009765625,-13.81904602050781,-7.489944458007812,-1,2,4166
2025-11-20T22:24:17.554+01:00,13886,630819.8208576667,1.896962837054737,1.917249174368883,-1.39447180564653,-0.1875818222761154,0.0234584026038646,-0.1223631426692009,-0.0703631043434143,-0.0108315348625183,0.0250862836837768,XArbitraryCorrectedZVertical,-0.7248703038996888,0.0659160360794039,0.0516273834773326,0.683778328959306,0.9812670350074768,-0.1842368245124817,0.0563193038105964,43.5504150390625,-13.72329711914062,-7.628082275390625,-1,2,4167
2025-11-20T22:24:17.589+01:00,13887,630819.8557746666,1.941101661523218,1.961251130403955,-1.400905383214704,-0.0848071724176406,0.0188837498426437,-0.3315947651863098,-0.0873342156410217,-0.0154837220907211,0.0309876091778278,XArbitraryCorrectedZVertical,-0.7267952775879101,0.0628031352995024,0.0486069256385341,0.6822475163954719,0.9828113317489624,-0.1759224981069565,0.0559722520411014,43.65924072265625,-13.26751708984375,-7.590866088867188,-1,2,4168
2025-11-20T22:24:17.624+01:00,13888,630819.8906906667,1.976618009100177,1.997271705266724,-1.410263837951059,-0.0249513536691665,0.0226829145103693,-0.2563038170337677,-0.0619786381721496,-0.0044675022363662,0.0368273258209228,XArbitraryCorrectedZVertical,-0.7277114528654545,0.0591357971623182,0.0445787035844239,0.6818737692589057,0.98461651802063,-0.1652865260839462,0.0566632449626922,43.79351806640625,-12.9036865234375,-7.2301025390625,-1,2,4169
2025-11-20T22:24:17.659+01:00,13889,630819.9256066667,1.99999820676457,2.019917260129938,-1.41484466757345,-0.0747249498963356,-0.0466924011707305,-0.0832352563738822,-0.1407057642936707,0.0244543701410293,0.0474541112780571,XArbitraryCorrectedZVertical,-0.7283427021693007,0.056875422658587,0.0428335577397286,0.6815037183708217,0.9855694770812988,-0.1597387790679932,0.0560004264116287,44.04229736328125,-12.53594970703125,-7.88214111328125,-1,2,4170
2025-11-20T22:24:17.694+01:00,13890,630819.9605236667,2.02759744088674,2.044378940240445,-1.414950056272244,-0.1365916281938553,-0.1025724485516548,-0.0560489445924758,-0.2331557869911194,0.0047894418239593,0.0161511972546577,XArbitraryCorrectedZVertical,-0.7296289308858459,0.0551103874323217,0.0432802168316392,0.6802436599511391,0.9860397577285768,-0.157972440123558,0.0526353754103183,43.8878173828125,-12.342529296875,-7.895462036132812,-1,2,4171
2025-11-20T22:24:17.730+01:00,13891,630819.9954396667,2.060583158962452,2.074666280885066,-1.415521281784817,-0.083633929491043,-0.0066446438431739,-0.1191031858325005,-0.2865390777587891,0.0202392935752868,-0.0253793001174926,XArbitraryCorrectedZVertical,-0.7310996950595349,0.0531766092451008,0.0432484142442048,0.6788189399367998,0.9866123199462892,-0.1553253531455994,0.0497018359601497,44.10516357421875,-12.34797668457031,-8.288955688476562,-1,2,4172
2025-11-20T22:24:17.769+01:00,13892,630820.0303566667,2.084329041307745,2.099667849088535,-1.418657532904933,0.0009136111475527,0.0794503316283226,-0.1106057092547417,-0.2061758637428284,0.0130194723606109,-0.0109922885894775,XArbitraryCorrectedZVertical,-0.7317983357520933,0.0520097252323804,0.0411950182116192,0.6782840530890745,0.987227499485016,-0.1509436666965485,0.0509703159332275,44.2183837890625,-12.10749816894531,-8.248779296875,-1,2,4173
2025-11-20T22:24:17.798+01:00,13893,630820.0652726667,2.088289772949394,2.10641853014692,-1.421131664714721,0.0286621507257223,0.0675052553415298,-0.0286368057131767,-0.121262788772583,-0.036296933889389,0.0067883804440498,XArbitraryCorrectedZVertical,-0.7316670184074694,0.0520960299723963,0.0393131032860661,0.6785308226606579,0.9874433279037476,-0.1485022753477097,0.0538806170225143,44.3892822265625,-12.06051635742188,-7.984344482421875,-1,2,4174
2025-11-20T22:24:17.834+01:00,13894,630820.1001896667,2.087862662784791,2.108107334001383,-1.422115536771405,0.0222796723246574,0.0525699183344841,-0.042053498327732,-0.1719876527786255,-0.0009995549917221,0.0362069495022296,XArbitraryCorrectedZVertical,-0.7315397701735014,0.0525250540443055,0.0382496952225919,0.6786954946753243,0.9874476790428162,-0.147666797041893,0.0560476407408714,44.44854736328125,-11.92008972167969,-7.948150634765625,-1,2,4175
2025-11-20T22:24:17.868+01:00,13895,630820.1351056667,2.091807763575678,2.112297442071826,-1.423456596253513,0.0250347834080457,-0.0520053952932357,0.0028866131324321,-0.037494957447052,-0.0494224429130554,0.0504056215286254,XArbitraryCorrectedZVertical,-0.731518976790258,0.0520966354297993,0.0376477909832434,0.6787846948458767,0.9876444935798644,-0.1462257504463196,0.05636016279459,44.35406494140625,-11.77082824707031,-8.073410034179688,-1,2,4176
2025-11-20T22:24:17.904+01:00,13896,630820.1700216667,2.08277396035989,2.100404365174621,-1.421903842514254,0.039202120155096,-0.0948058441281318,0.0915685817599296,0.0296100974082946,-0.1103176325559616,0.0377719402313232,XArbitraryCorrectedZVertical,-0.731289391243379,0.0518364231171263,0.0394045328723384,0.678952251011864,0.9875102043151855,-0.1481967717409134,0.0534908361732959,44.45703125,-11.75862121582031,-8.175827026367188,-1,2,4177
2025-11-20T22:24:17.938+01:00,13897,630820.2049386667,2.073421619056851,2.089151241113997,-1.420403248973841,0.0469540320336818,-0.0420571938157081,0.0017618329729884,0.0890218615531921,-0.1417111903429031,0.0306813642382621,XArbitraryCorrectedZVertical,-0.731042281296464,0.0518944492936192,0.0408034754289082,0.6791311760701617,0.987317681312561,-0.150143638253212,0.0515787750482559,44.5482177734375,-12.04737854003906,-8.5775146484375,-1,2,4178
2025-11-20T22:24:17.973+01:00,13898,630820.2398546668,2.074175910629916,2.087593214236731,-1.420812376508325,-0.0039563551545143,-0.0833159312605857,0.0522394441068172,0.3088606595993042,-0.1748207211494446,0.0239377096295356,XArbitraryCorrectedZVertical,-0.7309702773325218,0.0509644174223832,0.0415036815512483,0.6792368506239946,0.9874956011772156,-0.1497337371110916,0.0493197664618492,44.68426513671875,-12.15789794921875,-8.458755493164062,-1,2,4179
2025-11-20T22:24:18.010+01:00,13899,630820.2747716667,2.064345444114531,2.075714432112051,-1.416362451850082,0.0234948340803384,-0.0503889583051204,0.171438530087471,0.3418363332748413,-0.1541764289140701,-0.0025729015469551,XArbitraryCorrectedZVertical,-0.7311025376572458,0.0518963350788011,0.0438812465107635,0.678874214970052,0.9868988394737244,-0.1543257534503937,0.0470522381365299,44.60906982421875,-12.344970703125,-8.56640625,-1,2,4180
2025-11-20T22:24:18.050+01:00,13900,630820.3096876667,2.045475602468067,2.054882256197979,-1.411613361006535,0.0554764457046985,-0.090552844107151,0.1551523804664612,0.2926543951034546,-0.0630562156438827,-0.0020184554159641,XArbitraryCorrectedZVertical,-0.7307909908479844,0.0531982292398849,0.0465678029393766,0.6789299430454956,0.9861235618591307,-0.1598136425018311,0.0449414663016796,44.60028076171875,-12.37596130371094,-8.801712036132812,-1,2,4181
2025-11-20T22:24:18.078+01:00,13901,630820.3446046667,2.025336553866696,2.032964580720406,-1.40805378588167,0.0671065896749496,-0.0171412043273448,0.0666198879480361,0.0222136378288269,0.094675675034523,-0.0023170746862888,XArbitraryCorrectedZVertical,-0.7301929569147171,0.0542302436853235,0.0488542745002294,0.6793309792455281,0.9854614734649658,-0.1643320173025131,0.043134331703186,44.4937744140625,-12.7939453125,-8.864028930664062,-1,2,4182
2025-11-20T22:24:18.113+01:00,13902,630820.3795206667,2.021949277394626,2.029640608660894,-1.40963084786641,0.0584296248853206,-0.0085914013907313,-0.1235202550888062,-0.0291703939437866,0.1503251940011978,0.0054650269448757,XArbitraryCorrectedZVertical,-0.7298206291861502,0.0538385279509939,0.0484175976072264,0.6797933324932084,0.9856522083282472,-0.1631273031234741,0.0433478876948356,44.60247802734375,-12.58781433105469,-8.720245361328125,-1,2,4183
2025-11-20T22:24:18.148+01:00,13903,630820.4144366668,2.031257199992443,2.038856136687385,-1.415118888483645,0.0671883895993232,-0.0067263762466609,-0.1778300553560257,0.0411051511764526,0.1061214655637741,-0.0029965676367282,XArbitraryCorrectedZVertical,-0.7295806267951983,0.0518431005209134,0.0464861245566593,0.6803406328750814,0.9865436553955078,-0.1575893461704254,0.0435544326901435,44.5306396484375,-12.64866638183594,-8.998092651367188,-1,2,4184
2025-11-20T22:24:18.183+01:00,13904,630820.4493536667,2.035018773387341,2.042690296179303,-1.421823423663335,0.1096447259187698,0.0296633206307888,-0.1667571812868118,-0.0117174983024597,0.1185181438922882,-0.0112836360931396,XArbitraryCorrectedZVertical,-0.7288812735700386,0.0496665696396756,0.0442570367265973,0.6814005725060378,0.9875017404556274,-0.1513245403766632,0.0440595261752605,44.82574462890625,-12.52864074707031,-8.622573852539062,-1,2,4185
2025-11-20T22:24:18.218+01:00,13905,630820.4842696667,2.025538773708099,2.034845591099923,-1.428956065156555,0.1645595878362656,0.0258774105459451,-0.1519834101200104,0.0302237272262573,0.0469357371330261,-0.0185102261602878,XArbitraryCorrectedZVertical,-0.7275389704142599,0.0481931993355418,0.0416288530534931,0.6831042868147463,0.9882850646972656,-0.1454464495182037,0.046235479414463,44.79730224609375,-12.23304748535156,-8.896469116210938,-1,2,4186
2025-11-20T22:24:18.253+01:00,13906,630820.5191866667,2.005396174819723,2.015072568854503,-1.434782369821935,0.1455151587724686,-0.0046610948629677,-0.0834921002388,-0.0290894508361816,0.0054108351469039,-0.0269016064703464,XArbitraryCorrectedZVertical,-0.7259064412554844,0.0468990702457958,0.0400726691839936,0.6850215388641553,0.9888519644737244,-0.1412445604801178,0.0471347942948341,44.97686767578125,-12.05882263183594,-8.721054077148438,-1,2,4187
2025-11-20T22:24:18.291+01:00,13907,630820.5541026667,1.981397802759821,1.991618731209021,-1.438280518659387,0.1361469030380249,0.0311925746500492,-0.0153442537412047,-0.0871305465698242,-0.0102322548627853,-0.0550477504730224,XArbitraryCorrectedZVertical,-0.724452789461081,0.0464356365011699,0.039224236185863,0.6866392404778863,0.9890928268432616,-0.1392275840044022,0.0480744652450084,44.92620849609375,-11.98558044433594,-8.488418579101562,-1,2,4188
2025-11-20T22:24:18.323+01:00,13908,630820.5890186667,1.948206412296031,1.961275475922851,-1.439868923016858,0.1329754441976547,0.111007496714592,0.011391706764698,-0.1961132287979126,-0.0008054226636886,-0.0541968382894992,XArbitraryCorrectedZVertical,-0.7229040218422113,0.0474997467650074,0.0382783828674586,0.6882501971548076,0.9889293313026428,-0.1392549872398376,0.0512519255280494,45.06103515625,-12.10818481445312,-8.425094604492188,-1,2,4189
2025-11-20T22:24:18.357+01:00,13909,630820.6239356668,1.92432766265001,1.942032935485642,-1.440596578661746,0.0800467208027839,0.1328220069408417,0.0294229853898286,-0.198905885219574,-0.0115926861763,-0.0328055620193481,XArbitraryCorrectedZVertical,-0.7218886005566025,0.0492592113843274,0.0367663721643269,0.6892740403331691,0.9886245131492616,-0.139560878276825,0.0560752674937248,45.06719970703125,-12.11566162109375,-8.06744384765625,-1,2,4190
2025-11-20T22:24:18.392+01:00,13910,630820.6588516667,1.910703340529215,1.934108642360299,-1.440627939649924,0.0636906176805496,0.1792639791965485,-0.0413425862789154,-0.2432307600975037,-0.0123585909605026,-0.025374412536621,XArbitraryCorrectedZVertical,-0.7214004463644774,0.051432833932463,0.0349182007146524,0.6897222894623877,0.9882105588912964,-0.1400614380836487,0.0618276745080947,45.17999267578125,-12.25401306152344,-8.169509887695312,-1,2,4191
2025-11-20T22:24:18.427+01:00,13911,630820.6937695,1.904484496799302,1.935015106656895,-1.445229696346631,0.1086186841130257,0.2116930186748505,-0.1573610603809357,-0.248845636844635,0.0195404887199401,-0.0125221014022827,XArbitraryCorrectedZVertical,-0.7208006166050829,0.0524642185037871,0.0309191832637264,0.6904622041751997,0.9883018136024476,-0.1359345316886902,0.0691474080085754,45.24627685546875,-12.13206481933594,-7.58209228515625,-1,2,4192
2025-11-20T22:24:18.462+01:00,13912,630820.7286855,1.893357479521553,1.930145768568057,-1.450717609632879,0.081607349216938,0.1101134270429611,-0.0866391360759735,-0.1052511930465698,-0.0131054818630218,0.0320631265640258,XArbitraryCorrectedZVertical,-0.7199009888636543,0.0529689841441349,0.0270040662601832,0.6915256269195391,0.9884756207466124,-0.1311053335666656,0.075679212808609,45.2691650390625,-11.92512512207031,-7.472671508789062,-1,2,4193
2025-11-20T22:24:18.497+01:00,13913,630820.7636025001,1.890915749087603,1.929093133682247,-1.452229842773004,-0.0265250019729137,-0.0128795579075813,-0.0314708054065704,-0.0932785272598266,-0.0378116816282272,0.0280846357345581,XArbitraryCorrectedZVertical,-0.7196761927551111,0.0529811331940755,0.026034702495777,0.6917957903619238,0.988542139530182,-0.1297450810670853,0.0771399289369583,45.27569580078125,-11.93365478515625,-7.08563232421875,-1,2,4194
2025-11-20T22:24:18.532+01:00,13914,630820.7985185,1.912888328338785,1.950222008356905,-1.452890479049423,-0.0828324034810066,-0.0105619169771671,-0.0475742444396019,-0.0640056729316711,-0.0070873498916625,-0.0375257655978202,XArbitraryCorrectedZVertical,-0.7204615569074271,0.0521563532001277,0.0258048305524457,0.6910493116936847,0.9887952208518982,-0.1283801943063736,0.0761762857437133,45.4381103515625,-11.85787963867188,-7.250686645507812,-1,2,4195
2025-11-20T22:24:18.567+01:00,13915,630820.8334345,1.952262557736807,1.98919553188493,-1.452422086713781,-0.1861248016357422,0.0004383060149848,-0.0292750038206577,0.0481597185134887,-0.042560651898384,-0.0698964670300483,XArbitraryCorrectedZVertical,-0.7220339551237476,0.0515607160262289,0.0254923688432718,0.6894625588929503,0.9889801144599916,-0.1273612082004547,0.0754811763763427,45.5223388671875,-11.81010437011719,-7.459548950195312,-1,2,4196
2025-11-20T22:24:18.602+01:00,13916,630820.8683515,2.007962780211563,2.044829095506301,-1.449451963172123,-0.1928635686635971,0.0021206787787377,0.0461030229926109,0.3573945760726929,-0.1860190033912659,-0.156713604927063,XArbitraryCorrectedZVertical,-0.7245512229167506,0.0515119835142029,0.0254929831595027,0.6868204474608846,0.9889800548553468,-0.1277169585227966,0.0748807489871978,45.4600830078125,-11.83981323242188,-7.412322998046875,-1,2,4197
2025-11-20T22:24:18.637+01:00,13917,630820.9032675,2.04790463706391,2.085631898442101,-1.443232290606952,-0.1922611594200134,0.0769661590456962,0.0629882663488388,0.3303138017654419,-0.1633271723985672,-0.138886570930481,XArbitraryCorrectedZVertical,-0.7269917845874756,0.0529503710758694,0.0263289841124091,0.6840950720521952,0.9884880781173706,-0.1313505619764328,0.0750895664095878,45.47613525390625,-11.7423095703125,-7.7498779296875,-1,2,4198
2025-11-20T22:24:18.672+01:00,13918,630820.9381845001,2.077483806173795,2.119876640270096,-1.440306666204699,-0.0592251010239124,0.1996872425079346,-0.001491020899266,0.2961638569831848,-0.0427168309688568,-0.0481263473629951,XArbitraryCorrectedZVertical,-0.7286658089696905,0.0547817545805041,0.0248715149479147,0.6822217375452475,0.9880310297012328,-0.1323014497756958,0.0793152526021003,45.54571533203125,-11.84835815429688,-7.337997436523438,-1,2,4199
2025-11-20T22:24:18.706+01:00,13919,630820.9731005001,2.083783390680289,2.133341354276247,-1.439432170876196,-0.0382095538079738,0.1711599975824356,0.0733100622892379,0.145847499370575,0.0888800770044326,0.0901911333203315,XArbitraryCorrectedZVertical,-0.7291380744702971,0.0573422499660987,0.0223786050759814,0.6815928586858546,0.9873923063278198,-0.1327033340930939,0.086291991174221,45.467529296875,-11.73609924316406,-6.963333129882812,-1,2,4200
2025-11-20T22:24:18.742+01:00,13920,630821.0080165,2.084179678902831,2.138140198293804,-1.431843183484687,-0.1608154028654099,0.0748529359698295,0.2466496974229813,0.0633331537246704,0.121981605887413,0.206351637840271,XArbitraryCorrectedZVertical,-0.7303972034407015,0.0611233391216641,0.0230641684328611,0.6798910569033985,0.9861356616020204,-0.1393613517284393,0.0900809019804,45.35821533203125,-11.81413269042969,-6.856918334960938,-1,2,4201
2025-11-20T22:24:18.776+01:00,13921,630821.0429335,2.098056028384228,2.1521662111399,-1.422614028113607,-0.1916371732950211,-0.0407488271594047,0.1036704853177071,0.056866705417633,0.0666260421276092,0.2046380043029785,XArbitraryCorrectedZVertical,-0.7324600041788508,0.0635812090176601,0.0254291292546668,0.6773576045873686,0.9851560592651368,-0.1465363353490829,0.0894141569733619,45.3751220703125,-12.22088623046875,-6.916595458984375,-1,2,4202
2025-11-20T22:24:18.811+01:00,13922,630821.0778495,2.134019825171114,2.185114016981551,-1.418596832773757,-0.1778294146060944,-0.1231880560517311,-0.057133637368679,0.058771014213562,0.0349679589271545,0.1535855531692505,XArbitraryCorrectedZVertical,-0.7346845479637858,0.0627173605219111,0.0266967918509761,0.6749758829044535,0.9853420853614808,-0.147409975528717,0.0858553051948547,45.47955322265625,-12.24943542480469,-6.747268676757812,-1,2,4203
2025-11-20T22:24:18.850+01:00,13923,630821.1127665,2.179163830631584,2.224501410977903,-1.417323000673598,-0.1631264239549637,-0.1612999886274338,-0.127943754196167,0.0595864653587341,0.037477046251297,0.1093989610671997,XArbitraryCorrectedZVertical,-0.7368264124800107,0.059749055572128,0.0277876195672788,0.6728631185100661,0.986220359802246,-0.144929438829422,0.0797795429825782,45.49945068359375,-12.13485717773438,-7.012466430664062,-1,2,4204
2025-11-20T22:24:18.881+01:00,13924,630821.1476825001,2.225995975663698,2.265736332714153,-1.419151667447779,-0.0948381125926971,-0.1234564781188965,-0.1733387261629105,0.0238014459609985,0.0785318315029144,0.0589075088500976,XArbitraryCorrectedZVertical,-0.7384104046271768,0.0558238866828356,0.0278057873104408,0.6714615706835239,0.987444281578064,-0.1394754201173782,0.0741644129157066,45.7139892578125,-11.97724914550781,-7.140304565429688,-1,2,4205
2025-11-20T22:24:18.916+01:00,13925,630821.1825995,2.260647117360546,2.29603514815547,-1.421275356370755,-0.0662266612052917,-0.1104570329189301,-0.1127064451575279,-0.0186883807182312,0.0725261569023132,0.0598900243639946,XArbitraryCorrectedZVertical,-0.7393490228442694,0.0526127678879464,0.0276608514205053,0.6706935067471084,0.9884148240089417,-0.134720966219902,0.0699012577533721,45.88348388671875,-11.71591186523438,-7.452224731445312,-1,2,4206
2025-11-20T22:24:18.951+01:00,13926,630821.2175155,2.293756992193658,2.324831413580652,-1.422658817913245,-0.0919607654213905,-0.1120091676712036,-0.1633519232273102,-0.0815116763114929,0.05155049264431,0.0523560047149658,XArbitraryCorrectedZVertical,-0.7403081401215243,0.049650571972017,0.0277387587025463,0.6698576759653836,0.9892569780349731,-0.130621537566185,0.0656402632594108,45.856689453125,-11.3778076171875,-7.592864990234375,-1,2,4207
2025-11-20T22:24:18.986+01:00,13927,630821.2524315,2.343715129405497,2.370005501361195,-1.424882582252074,-0.1181931048631668,-0.1283678263425827,-0.1937135756015778,-0.0959721803665161,0.0647428855299949,0.0386378727853298,XArbitraryCorrectedZVertical,-0.7416350903532686,0.0456917773682903,0.0271516682419648,0.6686945456737745,0.9903812408447266,-0.1242063716053963,0.0609715431928634,45.9486083984375,-11.17623901367188,-7.891647338867188,-1,2,4208
2025-11-20T22:24:19.021+01:00,13928,630821.2873485,2.385939652948224,2.407148764822784,-1.425070982272828,-0.1167856901884079,-0.1332747787237167,-0.0549319759011268,-0.1344178318977356,0.1128466948866844,0.0160595141351223,XArbitraryCorrectedZVertical,-0.7430287109402434,0.0423796829050398,0.0274226493142986,0.6673531927839316,0.9912139773368835,-0.1198809891939163,0.0558856837451458,46.00238037109375,-10.93719482421875,-7.94677734375,-1,2,4209
2025-11-20T22:24:19.056+01:00,13929,630821.3222645001,2.401004734001171,2.417528276535621,-1.422161338972606,-0.075717881321907,-0.1220998764038086,0.0679558590054512,-0.1421012282371521,0.0975224450230598,0.0072779655456542,XArbitraryCorrectedZVertical,-0.7441727014828611,0.040928858397614,0.0292773271205694,0.6660891448665541,0.9914206862449646,-0.1203648522496223,0.0509648397564888,46.1588134765625,-10.916015625,-7.959884643554688,-1,2,4210
2025-11-20T22:24:19.091+01:00,13930,630821.3571815001,2.390910433321928,2.404480758617781,-1.419173290691214,0.0034024522174149,-0.0428747721016407,0.0732906609773635,-0.1983145475387573,0.0807767286896705,0.0134878233075141,XArbitraryCorrectedZVertical,-0.7444678238839483,0.0410499861090935,0.0314819443027177,0.6656512660327187,0.991191864013672,-0.1235166043043137,0.0477762706577777,46.240478515625,-10.97477722167969,-8.360305786132812,-1,2,4211
2025-11-20T22:24:19.130+01:00,13931,630821.3920975,2.372325064361276,2.385213959630308,-1.418598219049817,0.0534937940537929,-0.0232366733253002,0.1138485595583916,-0.1618419289588928,0.0837639570236206,0.044508934020996,XArbitraryCorrectedZVertical,-0.743906975493513,0.0416888639948983,0.0326014754915186,0.6661844007253834,0.9909281730651855,-0.1258782148361206,0.0470743626356124,46.23516845703125,-11.015380859375,-8.429489135742188,-1,2,4212
2025-11-20T22:24:19.161+01:00,13932,630821.4270145,2.343189127446636,2.354507586972684,-1.416050050260177,0.0252909492701292,-0.0983277112245559,0.1432090550661087,-0.0311504602432251,0.0152025669813156,0.0823875665664672,XArbitraryCorrectedZVertical,-0.7433432517212103,0.0429208314997786,0.0349414528876006,0.6666167338940546,0.99037903547287,-0.1307421326637268,0.0453436970710754,46.32171630859375,-11.44058227539062,-8.38006591796875,-1,2,4213
2025-11-20T22:24:19.195+01:00,13933,630821.4619305,2.315515851063351,2.323138492303475,-1.413645383758349,0.0708210170269012,-0.1193056479096413,0.1275666356086731,0.0568412542343139,-0.0095644295215606,0.056466456502676,XArbitraryCorrectedZVertical,-0.7426938848649879,0.0433538841858159,0.0379805075609683,0.6671459183474278,0.9899267554283142,-0.1353482753038406,0.0415407754480838,46.12255859375,-11.75210571289062,-8.578216552734375,-1,2,4214
2025-11-20T22:24:19.230+01:00,13934,630821.4968465001,2.277952812831648,2.282209376459747,-1.412798415590364,0.1534862369298935,-0.090176023542881,0.1709390431642532,0.1559648513793945,-0.0184699743986129,0.019129391759634,XArbitraryCorrectedZVertical,-0.7412436201243248,0.0438448147293478,0.0408443590220374,0.6685561086653978,0.9894512891769408,-0.1397178769111633,0.0382741801440715,46.0882568359375,-11.73130798339844,-8.758804321289062,-1,2,4215
2025-11-20T22:24:19.265+01:00,13935,630821.5317635001,2.215137201497525,2.219186093220199,-1.411467996379837,0.2795048654079437,0.0200503971427679,0.2205813080072403,0.2527017593383789,-0.0343219488859176,-0.0214896239340305,XArbitraryCorrectedZVertical,-0.7387544774057694,0.0463473263949609,0.043493409284387,0.6709710104404367,0.9884480834007264,-0.1466472744941711,0.0382742322981357,46.09515380859375,-12.22903442382812,-8.904373168945312,-1,2,4216
2025-11-20T22:24:19.300+01:00,13936,630821.5666795,2.118089621880375,2.124499821141721,-1.410325563230213,0.4045013189315796,0.0592097528278827,0.3297356367111206,0.1359078884124756,0.0444710403680801,-0.0285797156393528,XArbitraryCorrectedZVertical,-0.7344751151760607,0.0505601574317285,0.0460420537095738,0.6751814590124188,0.9869404435157776,-0.1557228565216064,0.0412139445543289,46.05303955078125,-12.82853698730469,-8.918853759765625,-1,2,4217
2025-11-20T22:24:19.335+01:00,13937,630821.6015965,2.016214972856947,2.025531794365832,-1.409967949673619,0.3343007564544678,0.030862521380186,0.0599307604134082,-0.0981310009956359,0.1265345811843872,0.0168690681457519,XArbitraryCorrectedZVertical,-0.7295242320349528,0.0544270898397409,0.0478604137639974,0.6801040538590926,0.9855668544769288,-0.1631861925125122,0.0450358092784881,46.18243408203125,-13.29017639160156,-8.459304809570312,-1,2,4218
2025-11-20T22:24:19.370+01:00,13938,630821.6365125,1.963669429693474,1.974228491867003,-1.41770606239605,0.2868276536464691,-0.0240899100899696,-0.1804646849632263,0.100212037563324,0.0813830643892288,0.0024275854229927,XArbitraryCorrectedZVertical,-0.7259913897432384,0.0535655667372444,0.0461210775719165,0.6840615270605416,0.9861222505569458,-0.1591265946626663,0.0473465919494628,46.37451171875,-13.15765380859375,-8.34136962890625,-1,2,4219
2025-11-20T22:24:19.410+01:00,13939,630821.6714295,1.919006911576432,1.927146433745585,-1.424545013760126,0.2188522517681122,-0.1479844599962234,-0.0146161671727895,0.1442054510116577,0.0881498306989669,0.0028389692306518,XArbitraryCorrectedZVertical,-0.7230364769598306,0.0513590528831224,0.0456189386867627,0.6873859401472078,0.9868674874305724,-0.154891774058342,0.045836616307497,46.59930419921875,-13.05239868164062,-8.26177978515625,-1,2,4220
2025-11-20T22:24:19.440+01:00,13940,630821.7063452917,1.867344929104174,1.870282405330482,-1.422966077562456,0.1850483268499374,-0.1402247995138168,0.2388110756874084,-0.005590796470642,0.0960581749677658,-0.0434401035308837,XArbitraryCorrectedZVertical,-0.7205079390743503,0.0509524050399812,0.0488809676669516,0.6898426412286147,0.9865020513534546,-0.1584818810224533,0.0411970578134059,46.47491455078125,-13.27549743652344,-8.518646240234375,-1,2,4221
2025-11-20T22:24:19.475+01:00,13941,630821.7412612917,1.805774073567302,1.806338884881142,-1.415732222061862,0.2087399512529373,-0.0376624725759029,0.2572979032993317,-0.1020479202270508,0.0365563482046127,-0.0692807435989379,XArbitraryCorrectedZVertical,-0.7177488328240043,0.0534588175408724,0.0530606354622668,0.6922162074433734,0.9850891828536988,-0.167492002248764,0.0393125116825103,46.55908203125,-13.64846801757812,-8.3660888671875,-1,2,4222
2025-11-20T22:24:19.510+01:00,13942,630821.7761782916,1.753254592033701,1.754169756141736,-1.410621160908863,0.1916119903326035,0.0049246572889387,0.1194846108555794,-0.1471027731895447,-0.0258698910474777,-0.072514533996582,XArbitraryCorrectedZVertical,-0.7151301582701086,0.0559487667644823,0.0553037222401643,0.694550285525641,0.98395574092865,-0.1738218516111374,0.0402116663753986,46.5103759765625,-14.13941955566406,-8.316802978515625,-1,2,4223
2025-11-20T22:24:19.544+01:00,13943,630821.8110942917,1.713076221391111,1.714915752946209,-1.409889775979034,0.1716402620077133,0.0262056328356266,-0.0234230142086744,-0.1789886951446533,-0.0128035247325897,-0.0712697505950927,XArbitraryCorrectedZVertical,-0.7129291839723473,0.0568942771632213,0.0555977395472423,0.6967093341223203,0.9836302995681764,-0.1753068119287491,0.0416981689631938,46.6072998046875,-14.41505432128906,-8.276748657226562,-1,2,4224
2025-11-20T22:24:19.580+01:00,13944,630821.8460112917,1.672581369853932,1.676966560084713,-1.413163278527802,0.213024839758873,0.0898919627070426,-0.0778054520487785,-0.1815996766090393,0.027191162109375,-0.0650653839111328,XArbitraryCorrectedZVertical,-0.7106883620285509,0.0569189366691015,0.0538277675323957,0.6991315095023398,0.9839677214622498,-0.1726074069738388,0.0448780469596386,46.76617431640625,-14.34735107421875,-8.316329956054688,-1,2,4225
2025-11-20T22:24:19.614+01:00,13945,630821.8809272917,1.625378532886173,1.633693866073605,-1.414377374948189,0.1941919475793839,0.0834919363260269,0.057029616087675,-0.1370785236358643,0.020509660243988,-0.0434913672506809,XArbitraryCorrectedZVertical,-0.7081824871839522,0.0580816102465442,0.0522197723117226,0.7016958998484009,0.9839106798171996,-0.1716784685850143,0.0494575016200542,46.79937744140625,-14.29934692382812,-8.119430541992188,-1,2,4226
2025-11-20T22:24:19.651+01:00,13946,630821.9158442917,1.589700663181052,1.600328387107052,-1.410441144764401,0.1129330769181252,0.026149246841669,0.1608996838331223,-0.1595256924629211,-0.0149818807840347,-0.0267089679837226,XArbitraryCorrectedZVertical,-0.7061966802826236,0.060362037496563,0.0528712790120176,0.7034537956168458,0.983088195323944,-0.1755240857601166,0.0522369295358657,46.7630615234375,-14.42539978027344,-7.856460571289062,-1,2,4227
2025-11-20T22:24:19.689+01:00,13947,630821.9507602917,1.575599158310109,1.587117169949256,-1.405739421797353,0.0134845543652772,0.025471206754446,0.0820227116346359,-0.1994759440422058,-0.038029134273529,-0.0365310944616794,XArbitraryCorrectedZVertical,-0.7053040664445034,0.0623453403247989,0.0542286410263127,0.7040727966717194,0.9822059273719788,-0.1800799816846848,0.0533157624304294,46.739990234375,-14.68232727050781,-7.941726684570312,-1,2,4228
2025-11-20T22:24:19.719+01:00,13948,630821.9856772918,1.58464839471979,1.596921591221013,-1.404304495817864,-0.1035476550459862,0.0172414742410183,0.0343432277441024,-0.0861990451812744,-0.0632419288158416,-0.0526373423635959,XArbitraryCorrectedZVertical,-0.7058200095091228,0.0631083151376859,0.054459961794727,0.7034696952051976,0.981905162334442,-0.1815395504236221,0.0539038144052028,46.89166259765625,-14.91319274902344,-8.08355712890625,-1,2,4229
2025-11-20T22:24:19.754+01:00,13949,630822.0205932917,1.614376267875731,1.627016460377967,-1.402070869444815,-0.1702875047922134,0.0493157692253589,0.0629950389266014,-0.0016495585441589,-0.0553952008485794,-0.0779515504837036,XArbitraryCorrectedZVertical,-0.7075498790465332,0.0639617461657534,0.0550556265295494,0.7016060166711194,0.9814926385879515,-0.1838015615940094,0.0537510775029659,46.81329345703125,-14.751953125,-8.159591674804688,-1,2,4230
2025-11-20T22:24:19.789+01:00,13950,630822.0555092917,1.64377781162075,1.660283323569704,-1.400626983896497,-0.1090432181954384,0.1946337968111038,-0.0049068201333284,0.1149827241897583,-0.0501497238874435,-0.1020390912890434,XArbitraryCorrectedZVertical,-0.7094009271299353,0.0657080094265288,0.0540792010694312,0.699648772853953,0.9810561537742616,-0.1851408183574677,0.0570257119834423,47.04339599609375,-14.78504943847656,-7.98828125,-1,2,4231
2025-11-20T22:24:19.824+01:00,13951,630822.0904262917,1.664477212546111,1.688510728320087,-1.400646604696044,-0.118986614048481,0.2239561229944229,0.0025576201733201,0.2982622981071472,-0.0731569975614547,-0.0479750707745552,XArbitraryCorrectedZVertical,-0.7108374986628145,0.068215321324573,0.0512829299190162,0.6981595586047459,0.9806530475616456,-0.1849759072065353,0.0640578120946884,47.13397216796875,-14.68019104003906,-7.835479736328125,-1,2,4232
2025-11-20T22:24:19.859+01:00,13952,630822.1253422917,1.691321303330125,1.720800619424447,-1.398265456598917,-0.1451604962348938,0.1135283410549164,0.113810122013092,0.4174906611442566,-0.079603761434555,0.0247337743639946,XArbitraryCorrectedZVertical,-0.712616495590442,0.0707501617265486,0.0499834024769456,0.6961851894223053,0.9799396395683287,-0.1870130449533463,0.0688788518309593,47.2882080078125,-14.80165100097656,-7.263198852539062,-1,2,4233
2025-11-20T22:24:19.894+01:00,13953,630822.1602592918,1.712597343844703,1.74496721526955,-1.392517793240416,-0.1148930191993713,0.059595875442028,0.1771118938922882,0.2276533246040344,0.0329401642084121,0.0571678876876831,XArbitraryCorrectedZVertical,-0.7141106480144002,0.0735622870994896,0.0507652004434634,0.6943036345362414,0.9787523150444032,-0.1923029571771622,0.071158543229103,47.4127197265625,-14.86581420898438,-7.131332397460938,-1,2,4234
2025-11-20T22:24:19.930+01:00,13954,630822.1951752917,1.729206243249381,1.762532569732459,-1.385757580183044,-0.1224891245365143,0.0260163899511098,0.0988726466894149,-0.002634048461914,0.0870571583509445,0.1030926629900932,XArbitraryCorrectedZVertical,-0.7153636281454079,0.0760607911585767,0.0525973921949929,0.6926060272891686,0.977472186088562,-0.1985683590173721,0.071544162929058,47.32025146484375,-15.22605895996094,-7.350784301757812,-1,2,4235
2025-11-20T22:24:19.970+01:00,13955,630822.2300922917,1.75253184209982,1.785454625897094,-1.384173122799833,-0.1475604325532913,-0.0422761812806129,-0.0196158904582262,0.0393567085266113,0.0298505425453186,0.1152440384030342,XArbitraryCorrectedZVertical,-0.7169082378470091,0.076184806375217,0.0530072014408731,0.6909622512006813,0.9773365259170532,-0.1995588093996048,0.0706385150551796,47.4188232421875,-15.32412719726562,-7.49102783203125,-1,2,4236
2025-11-20T22:24:19.999+01:00,13956,630822.2650082917,1.78033290947892,1.810077124441253,-1.383231306605768,-0.1339301615953445,-0.1193235516548157,-0.005885639693588,0.0789933204650878,-0.0199105888605117,0.0741709396243095,XArbitraryCorrectedZVertical,-0.718656923303088,0.0750262696186064,0.0540871297851207,0.689186362846345,0.9775709509849548,-0.1996786296367645,0.0669575557112693,47.37890625,-15.19197082519531,-7.706512451171875,-1,2,4237
2025-11-20T22:24:20.033+01:00,13957,630822.2999252917,1.80482568021141,1.828811536211832,-1.382011371210006,-0.1284516602754593,-0.1702873855829239,-0.0249242782592773,0.0045523047447204,0.0028314590454101,0.0471074655652046,XArbitraryCorrectedZVertical,-0.7201400189675884,0.0730823194414567,0.0561976613038977,0.6876767482068041,0.977900207042694,-0.2000360786914825,0.0608027353882789,47.54827880859375,-14.97703552246094,-7.93951416015625,-1,2,4238
2025-11-20T22:24:20.068+01:00,13958,630822.3348412917,1.833541811736769,1.851969312458449,-1.384821200667925,-0.1214064806699753,-0.0964155122637748,-0.2025305777788162,-0.068229854106903,-0.0330311954021453,0.0051982477307319,XArbitraryCorrectedZVertical,-0.7216589254326474,0.0697314118929254,0.0567576751857738,0.6863851904305892,0.9790117740631104,-0.1962473839521408,0.0549824759364128,47.55499267578125,-14.92848205566406,-8.126754760742188,-1,2,4239
2025-11-20T22:24:20.103+01:00,13959,630822.3697572917,1.865117087831679,1.88268690411916,-1.391562419244996,-0.0816844627261161,0.0704828724265098,-0.247905433177948,-0.1036698222160339,-0.0032773166894912,-0.0099737755954265,XArbitraryCorrectedZVertical,-0.7231313625400111,0.0665857593560826,0.0542120401805077,0.685352695472376,0.9805922508239746,-0.1884798556566238,0.0539800859987735,47.89532470703125,-14.5888671875,-8.528366088867188,-1,2,4240
2025-11-20T22:24:20.138+01:00,13960,630822.4046742917,1.895062767598168,1.916377867928053,-1.397862028704942,-0.0783592015504837,0.1506847739219666,-0.1783330142498016,-0.1262423992156982,0.0127071291208267,0.0186500623822212,XArbitraryCorrectedZVertical,-0.7244971520309283,0.0651802984518102,0.0501648345229813,0.6843530082756099,0.981772243976593,-0.1811336576938629,0.0575675405561924,48.09136962890625,-14.04469299316406,-8.629486083984375,-1,2,4241
2025-11-20T22:24:20.173+01:00,13961,630822.4395902917,1.920037165662101,1.945695615759621,-1.401896062309132,-0.0773643031716346,0.1027691289782524,-0.1418284326791763,-0.1433524489402771,-0.0057469606399536,0.0384091101586818,XArbitraryCorrectedZVertical,-0.7256554710038544,0.0648163410041144,0.0467382320554336,0.6834021575826381,0.9824331998825072,-0.1761072725057602,0.0617342889308929,48.40997314453125,-13.79412841796875,-8.149032592773438,-1,2,4242
2025-11-20T22:24:20.208+01:00,13962,630822.4745072917,1.948827672681121,1.976626837443193,-1.406151244879733,-0.0804016962647438,0.0708961933851242,-0.1827533543109894,-0.2157389521598816,0.0374650508165359,0.0441954135894775,XArbitraryCorrectedZVertical,-0.7268539340529522,0.0635310626942693,0.0439412849426381,0.6824341287287486,0.9832712411880492,-0.1706285029649734,0.0637452751398086,48.6790771484375,-13.59986877441406,-8.2886962890625,-1,2,4243
2025-11-20T22:24:20.243+01:00,13963,630822.5094232917,1.973923059685964,2.003823231069738,-1.41056192350204,-0.045471291989088,0.0538707934319973,-0.126331090927124,-0.1609930992126465,0.043918490409851,0.0344798639416694,XArbitraryCorrectedZVertical,-0.7277360269936549,0.0622540021338021,0.0411799848664484,0.681783718591629,0.9840675592422484,-0.1651648432016373,0.0658161342144012,48.708251953125,-13.24217224121094,-8.382415771484375,-1,2,4244
2025-11-20T22:24:20.278+01:00,13964,630822.5443402918,1.993222073526087,2.023198938083001,-1.413170678429967,-0.059320293366909,-0.0298144072294235,-0.1015044748783112,-0.1471364498138428,0.0190247744321823,0.061899296939373,XArbitraryCorrectedZVertical,-0.7284149678857091,0.0609950390356523,0.039864784625643,0.6812503378163159,0.9846454858779908,-0.1616639196872711,0.0658625438809394,49.024658203125,-12.85951232910156,-8.336456298828125,-1,2,4245
2025-11-20T22:24:20.312+01:00,13965,630822.5792562917,2.018813887843958,2.046793927751434,-1.415666328306266,-0.0648774355649948,-0.0607052035629749,-0.1081442385911942,-0.1123189330101013,0.013305440545082,0.0685881376266479,XArbitraryCorrectedZVertical,-0.7293350034691257,0.0589097934232948,0.0391850455055113,0.6804885370898381,0.9853962659835817,-0.1578672081232071,0.0638123229146003,49.083984375,-12.54957580566406,-8.340423583984375,-1,2,4246
2025-11-20T22:24:20.347+01:00,13966,630822.6141732917,2.032381349817091,2.058238851790503,-1.416538720981899,-0.0144988223910331,-0.0603150203824043,0.0032921200618147,-0.0115343332290649,-0.0008930265903472,0.06488848477602,XArbitraryCorrectedZVertical,-0.7298399345935883,0.0575793398325207,0.0393501844824799,0.6800514315673337,0.9857928156852722,-0.1562419980764389,0.0616526119410991,49.143798828125,-12.40542602539062,-8.482315063476562,-1,2,4247
2025-11-20T22:24:20.382+01:00,13967,630822.6490892917,2.032863394085598,2.056145616837643,-1.416890454324867,0.0304877329617738,-0.0830691158771514,-0.0630327612161636,0.0622920989990234,-0.0489084273576736,0.061272382736206,XArbitraryCorrectedZVertical,-0.7297649957418033,0.0565813189647304,0.0401673906016877,0.6801677968574684,0.9860019087791444,-0.1558950394392014,0.059134691953659,49.30364990234375,-12.32716369628906,-8.628952026367188,-1,2,4248
2025-11-20T22:24:20.417+01:00,13968,630822.6840052917,2.030652564427776,2.052487964652534,-1.422087294744831,0.1666436940431595,-0.0135941952466964,-0.1608464866876602,0.31349116563797,-0.1042797714471817,0.0257478952407836,XArbitraryCorrectedZVertical,-0.7289365999078306,0.0545126913032387,0.0391156944131376,0.6812854351495838,0.9867712259292604,-0.1513507217168808,0.0580991618335247,49.51702880859375,-12.21321105957031,-8.59320068359375,-1,2,4249
2025-11-20T22:24:20.452+01:00,13969,630822.7189225417,1.992732439949306,2.013827939240008,-1.428314197860644,0.2196971476078033,-0.0538065880537033,-0.1032295003533363,0.30186527967453,-0.0198078453540802,0.0346026420593261,XArbitraryCorrectedZVertical,-0.7263696625511895,0.0531376525283554,0.0382589929387672,0.6841781943918495,0.9873039722442628,-0.1478252112865448,0.0581250302493572,49.768310546875,-11.92909240722656,-8.805892944335938,-1,2,4250
2025-11-20T22:24:20.487+01:00,13970,630822.7538385417,1.968908321772036,1.985167353929899,-1.437796531150869,0.1384550929069519,-0.1950291991233826,-0.2395126670598984,0.1464363932609558,0.1085680574178696,0.0042444467544555,XArbitraryCorrectedZVertical,-0.7240883066889631,0.0488994655399722,0.0374281295009162,0.6869528059021806,0.9886344075202942,-0.1402605473995209,0.0541203841567039,49.8990478515625,-11.77162170410156,-8.950164794921875,-1,2,4251
2025-11-20T22:24:20.522+01:00,13971,630822.7887555417,1.947966183918415,1.95872633015234,-1.444229621954297,0.1585932672023773,-0.1298459619283676,-0.0766311958432197,0.0855214595794677,0.1704380363225937,-0.0525994375348091,XArbitraryCorrectedZVertical,-0.7223738332748602,0.0452823138931033,0.0376890096921876,0.6889884201069043,0.9895974397659302,-0.1351902186870575,0.0491967536509037,50.0948486328125,-11.62889099121094,-9.202804565429688,-1,2,4252
2025-11-20T22:24:20.557+01:00,13972,630822.8236715418,1.906516288927242,1.914386229051783,-1.448012426245151,0.1947581619024277,-0.0433765687048435,-0.0535436496138572,0.0108609199523925,0.1273487210273743,-0.0748451948165893,XArbitraryCorrectedZVertical,-0.7202228917824588,0.043682084434093,0.038127694419719,0.6913155135157311,0.9899782538414,-0.1332233250141144,0.0468453094363212,50.23699951171875,-11.53489685058594,-9.376510620117188,-1,2,4253
2025-11-20T22:24:20.592+01:00,13973,630822.8585885417,1.861966855382436,1.870105214092683,-1.452457145079701,0.1691465824842453,0.0218658205121755,-0.0726643353700637,0.0123567581176757,0.0618301928043365,-0.0621268786489963,XArbitraryCorrectedZVertical,-0.7180303209465717,0.0428779091902369,0.037133307046097,0.6936966690811526,0.9903134703636168,-0.1304184198379517,0.0476462468504905,50.36505126953125,-11.60897827148438,-9.33245849609375,-1,2,4254
2025-11-20T22:24:20.627+01:00,13974,630822.8935045417,1.819641086528584,1.829829708037625,-1.455269259320734,0.1463814824819565,0.0826857313513755,-0.0016872119158506,-0.0377494692802429,0.0487562865018844,-0.0652430057525634,XArbitraryCorrectedZVertical,-0.716173571526949,0.0431092240938104,0.0359168283090434,0.6956629648894652,0.990401327610016,-0.1288191378116608,0.0501062385737896,50.4525146484375,-11.69441223144531,-9.212448120117188,-1,2,4255
2025-11-20T22:24:20.662+01:00,13975,630822.9284215417,1.778847322158641,1.792978680410946,-1.455559633330656,0.1268078684806824,0.124015599489212,0.0501168854534626,-0.0836685299873352,0.0397301763296127,-0.0510133579373359,XArbitraryCorrectedZVertical,-0.7146078064019907,0.0447689352503352,0.0347932223377353,0.6972236370811715,0.9901015162467957,-0.129406064748764,0.0543397888541221,50.56304931640625,-11.63868713378906,-9.133941650390623,-1,2,4256
2025-11-20T22:24:20.697+01:00,13976,630822.9633375417,1.736820814753812,1.755948537644252,-1.454047197967951,0.1170497685670853,0.1423069536685944,0.0823517069220542,-0.154840350151062,0.0195626318454742,-0.0334798097610473,XArbitraryCorrectedZVertical,-0.7130765871709958,0.0473705367542215,0.0338684363928461,0.69866358537291,0.9895113706588744,-0.131592646241188,0.0595875680446624,50.71112060546875,-11.75175476074219,-8.746871948242188,-1,2,4257
2025-11-20T22:24:20.731+01:00,13977,630822.9982545417,1.696996242772293,1.721181740933665,-1.453080021426054,0.1407423317432404,0.1322221457958221,0.0101357279345393,-0.1841139197349548,-0.0139738917350769,-0.0381886959075927,XArbitraryCorrectedZVertical,-0.7115646886527088,0.0497338598220463,0.0326621589882248,0.7000967580501697,0.98898446559906,-0.1330292820930481,0.0649068802595138,50.80841064453125,-12.01150512695312,-8.52862548828125,-1,2,4258
2025-11-20T22:24:20.770+01:00,13978,630823.0331705417,1.652560384082083,1.681579169464318,-1.45526913240886,0.1545263081789017,0.107364185154438,-0.0939428135752677,-0.2101898789405823,-0.0254481881856918,-0.0121043995022773,XArbitraryCorrectedZVertical,-0.7097771611669701,0.0508754536991116,0.0303910161924287,0.7019290845411984,0.9888762831687928,-0.1311832666397095,0.0701030641794204,50.91827392578125,-12.22383117675781,-8.262298583984375,-1,2,4259
2025-11-20T22:24:20.801+01:00,13979,630823.0680875417,1.615906303417147,1.647184673313703,-1.458936680984829,0.1012949720025063,0.0124597689136862,-0.065224640071392,-0.1748228669166565,-0.0217756479978561,0.0042659118771553,XArbitraryCorrectedZVertical,-0.7083145697995794,0.0504962007491338,0.0284145342709364,0.7035150236727706,0.989154040813446,-0.1276384145021439,0.0726841911673545,50.9178466796875,-12.08198547363281,-8.030502319335938,-1,2,4260
2025-11-20T22:24:20.837+01:00,13980,630823.1030035417,1.589940666943374,1.621256980905551,-1.460128526518842,0.0729008540511131,-0.0092175435274839,-0.0075839143246412,-0.1520105004310608,-0.0087505877017974,-0.0204477235674858,XArbitraryCorrectedZVertical,-0.7072987246363719,0.0501382446500249,0.0280290609195205,0.7045772793464328,0.9892908334732056,-0.1264270395040512,0.0729379430413246,50.963134765625,-12.1180419921875,-8.17279052734375,-1,2,4261
2025-11-20T22:24:20.871+01:00,13981,630823.1379195417,1.569851862018186,1.600741710344622,-1.459522271271687,0.0513737276196479,-0.0265605561435222,0.0602511391043663,-0.0869295001029968,-0.024427130818367,-0.0406595394015312,XArbitraryCorrectedZVertical,-0.7064985700386713,0.0502213279092544,0.0284135699390857,0.7053583717884184,0.9892427921295166,-0.1269553154706955,0.0726724341511726,51.18353271484375,-12.09765625,-7.890350341796875,-1,2,4262
2025-11-20T22:24:20.906+01:00,13982,630823.1728365417,1.560911110786424,1.590961738666663,-1.456244901444374,0.0133626814931631,-0.0056499959900975,0.1053561419248581,0.0129019021987915,-0.060049295425415,-0.0616049915552139,XArbitraryCorrectedZVertical,-0.7060756533018119,0.0510837450409687,0.0298703853435675,0.7056594675523644,0.9888831973075868,-0.1301514804363251,0.0719046965241432,51.22540283203125,-12.23391723632812,-8.111175537109375,-1,2,4263
2025-11-20T22:24:20.941+01:00,13983,630823.2077525418,1.557301406017364,1.588271005639281,-1.455939446289616,0.000928638735786,0.04145198315382,-0.1298734992742538,0.1151347756385803,-0.0951223969459533,-0.0548378229141235,XArbitraryCorrectedZVertical,-0.7059371913597744,0.0515167317426063,0.029654892710263,0.7057757086109218,0.9887775778770448,-0.1304330080747604,0.0728431940078735,51.35772705078125,-12.31364440917969,-7.936767578125,-1,2,4264
2025-11-20T22:24:20.976+01:00,13984,630823.2426695417,1.571806581288999,1.603727924860413,-1.463879143476718,-0.093156561255455,0.0007147155702114,-0.2517215013504028,0.3953142166137695,-0.1453457772731781,-0.0197093486785888,XArbitraryCorrectedZVertical,-0.7066478681498104,0.0490469851560136,0.0265083884560652,0.7053655424747847,0.9897107481956482,-0.1226443350315094,0.0736949816346168,51.508056640625,-11.95335388183594,-7.968124389648438,-1,2,4265
2025-11-20T22:24:21.011+01:00,13985,630823.2775855417,1.614894099547839,1.64540534093797,-1.467886532583212,-0.1575031280517578,-0.0237131360918283,-0.0049452777020633,0.4493735432624817,-0.0868713408708572,-0.0040833950042724,XArbitraryCorrectedZVertical,-0.7082460458819498,0.0470768631946239,0.0255315466228069,0.7039314619150726,0.990308403968811,-0.1187560930848122,0.0720155462622642,51.70513916015625,-11.7852783203125,-8.14215087890625,-1,2,4266
2025-11-20T22:24:21.051+01:00,13986,630823.3125025417,1.674698544923753,1.704040993310062,-1.467124165127441,-0.2403789907693863,-0.0111928060650825,0.0199246853590011,0.0780808925628662,0.0984270796179771,0.0897983387112617,XArbitraryCorrectedZVertical,-0.7104150661692931,0.0467402378854121,0.026020602077501,0.7017469917975998,0.9903548955917358,-0.1193163692951202,0.0704342499375343,51.85791015625,-11.8603515625,-8.067153930664062,-1,2,4267
2025-11-20T22:24:21.081+01:00,13987,630823.3474185417,1.767080153404007,1.796540882674713,-1.465523434887749,-0.2933079600334167,-0.0020448905415833,-0.0501618720591068,0.0150729417800903,0.0678550899028778,0.0918151214718818,XArbitraryCorrectedZVertical,-0.7138430490751332,0.0467789547945747,0.0259766690827208,0.6982587060557655,0.9903287291526794,-0.119857057929039,0.0698822140693664,51.938232421875,-11.75776672363281,-8.3875732421875,-1,2,4268
2025-11-20T22:24:21.116+01:00,13988,630823.3823355417,1.878995889221421,1.907196903682665,-1.464922045284763,-0.3319503366947174,-0.0407523103058338,-0.0776381343603134,0.021254539489746,0.0395179986953735,0.085604541003704,XArbitraryCorrectedZVertical,-0.7178970205716998,0.0454441318668116,0.0255316045723817,0.6941950212631531,0.9906929135322572,-0.1179786771535873,0.0678835809230804,52.01007080078125,-11.57966613769531,-8.806930541992188,-1,2,4269
2025-11-20T22:24:21.150+01:00,13989,630823.4172515417,1.980422616373428,2.006186482159456,-1.462925144125876,-0.2578535974025726,-0.0668728649616241,-0.0421400964260101,0.0269132256507873,0.0322791934013366,0.0534160137176513,XArbitraryCorrectedZVertical,-0.7216510427906087,0.0438633404638226,0.0256725235983185,0.690388878901208,0.9910768270492554,-0.1164924576878548,0.0647785738110542,52.14031982421875,-11.49504089355469,-8.889999389648438,-1,2,4270
2025-11-20T22:24:21.186+01:00,13990,630823.4521685417,2.050654660448969,2.073729155435907,-1.460884207407431,-0.1985846906900406,-0.0690824016928672,-0.0809130147099494,-0.0550084114074707,0.0239477977156639,0.0451370403170585,XArbitraryCorrectedZVertical,-0.7243192840672394,0.0423900086629468,0.0260988717466704,0.6876652508186121,0.9914096593856812,-0.1153631806373596,0.0616286508738994,52.17547607421875,-11.42170715332031,-8.898818969726562,-1,2,4271
2025-11-20T22:24:21.220+01:00,13991,630823.4870845417,2.123322195556348,2.143581745842356,-1.460851002625087,-0.1866487413644791,-0.0543288551270961,-0.1172306016087532,-0.0782556533813476,0.0373674109578132,0.041467897593975,XArbitraryCorrectedZVertical,-0.7267273073028994,0.0400143958515709,0.0257106181653183,0.6852774612894179,0.992012858390808,-0.1117539927363396,0.0584923848509788,52.51727294921875,-11.28892517089844,-8.994003295898438,-1,2,4272
2025-11-20T22:24:21.256+01:00,13992,630823.5220015417,2.175367446900346,2.19372203175052,-1.458960568891344,-0.1612045168876648,-0.0406915731728076,0.0315999947488308,-0.0702781677246093,0.0378513485193252,0.0320453606545925,XArbitraryCorrectedZVertical,-0.7287324319759566,0.0387859296612099,0.0258277456582857,0.683211257951181,0.9922903776168824,-0.1104221418499947,0.0562724396586418,52.4573974609375,-11.21658325195312,-9.20892333984375,-1,2,4273
2025-11-20T22:24:21.290+01:00,13993,630823.5569175417,2.206326976652339,2.223295964291136,-1.453837973627275,-0.1864791214466095,-0.0331146717071533,0.0606849826872348,-0.1327870488166809,0.0068631172180175,0.0254995785653591,XArbitraryCorrectedZVertical,-0.7306860935808756,0.0390383250765314,0.0270600938431088,0.6810591683856428,0.9921314716339112,-0.1127438470721245,0.0544412024319171,52.60626220703125,-11.309814453125,-9.406402587890623,-1,2,4274
2025-11-20T22:24:21.327+01:00,13994,630823.5918345418,2.240261380359004,2.255598604247466,-1.447814000579337,-0.198682576417923,-0.0311625115573406,0.0736356228590011,-0.1406506896018982,-0.0148535221815109,0.0004898272454738,XArbitraryCorrectedZVertical,-0.7329758367535517,0.0392785742325173,0.0284541229278815,0.6785233736648578,0.9919537305831908,-0.1153039410710335,0.0522750839591026,52.697998046875,-11.43896484375,-9.6922607421875,-1,2,4275
2025-11-20T22:24:21.360+01:00,13995,630823.6267505417,2.262806416588414,2.27843039268038,-1.441972034440416,-0.1342082917690277,0.0626491755247116,0.06267049908638,-0.1941174864768982,0.0162226259708404,-0.0102361440658569,XArbitraryCorrectedZVertical,-0.7349343180973181,0.0403294982536756,0.029304694718416,0.676303502918866,0.9916180968284608,-0.118258148431778,0.0520452633500099,52.654052734375,-11.714599609375,-9.707626342773438,-1,2,4276
2025-11-20T22:24:21.395+01:00,13996,630823.6616665417,2.280622638998982,2.299069308938366,-1.43909675527918,-0.0764529556035995,0.0821839869022369,-0.0160760171711444,-0.1052596569061279,-0.0084595680236816,0.0203889571130275,XArbitraryCorrectedZVertical,-0.7361915996328078,0.0415176776757282,0.0285023676121432,0.6748968909444605,0.9913832545280457,-0.1190886348485947,0.0545622296631336,52.56878662109375,-11.73747253417969,-9.655975341796877,-1,2,4277
2025-11-20T22:24:21.430+01:00,13997,630823.696582875,2.291223410276244,2.311220055260364,-1.436964497243819,-0.0654410421848297,0.0116147678345441,0.077578917145729,-0.0470476150512695,-0.0045573338866233,0.0521513298153877,XArbitraryCorrectedZVertical,-0.7370347589622871,0.0422737347888394,0.0281658407879921,0.6739432692806726,0.9912157654762268,-0.1198628470301628,0.0558961294591426,52.73565673828125,-11.76338195800781,-9.457229614257812,-1,2,4278
2025-11-20T22:24:21.465+01:00,13998,630823.7314988751,2.27464339993457,2.295358310474365,-1.432307672063604,-0.0020543583668768,0.0212220977991819,0.1649470329284668,-0.0560212135314941,0.0158565565943718,0.0558725595474243,XArbitraryCorrectedZVertical,-0.7374206005565791,0.044274035237453,0.0296617382754306,0.6733282552672382,0.9905762672424316,-0.1248653382062912,0.0562795214354991,52.81390380859375,-12.02462768554688,-9.387100219726562,-1,2,4279
2025-11-20T22:24:21.500+01:00,13999,630823.766415875,2.243921071289539,2.265143852023529,-1.429929397378863,0.0909217000007629,0.0030796059872955,0.070824347436428,0.0433135628700256,-0.0322446823120117,0.0615233182907104,XArbitraryCorrectedZVertical,-0.7367488669448711,0.0460618781620665,0.0310925880639945,0.6738788891621582,0.9899810552597046,-0.1293153762817383,0.0567017793655395,52.8140869140625,-12.56851196289062,-9.502548217773438,-1,2,4280
2025-11-20T22:24:21.535+01:00,14000,630823.801331875,2.220520676948176,2.242597780743081,-1.433290691227162,0.1631487160921097,0.0469559803605079,-0.0830706804990768,0.1665381789207458,-0.0476959347724914,0.0677955150604248,XArbitraryCorrectedZVertical,-0.7352062271009325,0.0461400349957526,0.0305663546696543,0.6755802763062795,0.9900169968605042,-0.128497302532196,0.0579216405749321,52.8404541015625,-12.60525512695312,-9.399932861328123,-1,2,4281
2025-11-20T22:24:21.570+01:00,14001,630823.836248875,2.192435119625125,2.217134847893417,-1.439604895727766,0.2673426270484924,0.0001338669098913,-0.0084889028221368,0.392702043056488,-0.0808555483818054,0.0494898483157157,XArbitraryCorrectedZVertical,-0.7329881581292212,0.0460563566456824,0.0286290195527721,0.678076327350539,0.9902170896530152,-0.1254280060529709,0.0611362978816032,52.95233154296875,-12.62025451660156,-9.148086547851562,-1,2,4282
2025-11-20T22:24:21.611+01:00,14002,630823.871164875,2.129422942225395,2.154374024226155,-1.440367508090375,0.2089359909296036,-0.0408031828701496,0.191912904381752,0.1617479920387268,0.0654369741678237,0.0133105479180812,XArbitraryCorrectedZVertical,-0.7304582580014569,0.0475707098237781,0.0299655896582246,0.6806392910566229,0.9897106885910034,-0.1290661096572876,0.0617626681923866,52.9571533203125,-13.0391845703125,-9.181472778320312,-1,2,4283
2025-11-20T22:24:21.639+01:00,14003,630823.9060818751,2.066664547548132,2.090408091944613,-1.437688341531898,0.161325141787529,-0.0353573001921176,0.1305070072412491,-0.032723069190979,0.1420123428106308,-0.0229613780975341,XArbitraryCorrectedZVertical,-0.7283558723473855,0.0494694156419033,0.0327177552952023,0.6826273381972269,0.9889455437660216,-0.1352526992559433,0.060772705823183,53.05621337890625,-13.61370849609375,-8.904815673828125,-1,2,4284
2025-11-20T22:24:21.675+01:00,14004,630823.9409978751,2.025887342958997,2.048855964276878,-1.440517146381541,0.1673059612512589,-0.0481934323906898,-0.0906303226947784,-0.0199788212776184,0.0732255280017852,-0.0458574332296848,XArbitraryCorrectedZVertical,-0.7262654404322678,0.0492116044878847,0.0330051367688767,0.6848557564856179,0.9890034198760986,-0.1349625736474991,0.0604753009974956,53.14739990234375,-13.73785400390625,-8.9266357421875,-1,2,4285
2025-11-20T22:24:21.709+01:00,14005,630823.975914875,1.995420985108206,2.015725324985029,-1.444822635450419,0.1537588536739349,-0.1225079223513603,0.0033684994559735,0.0516926050186157,0.0427752137184143,-0.0502128675580024,XArbitraryCorrectedZVertical,-0.7244156838245277,0.0475321897004572,0.0332035734296099,0.6869207152229506,0.9894602298736572,-0.1325426548719406,0.058315310627222,53.23272705078125,-13.83511352539062,-8.885009765625,-1,2,4286
2025-11-20T22:24:21.744+01:00,14006,630824.010830875,1.952073095574232,1.968242789475061,-1.444844336321431,0.1395975798368454,-0.1234376132488251,0.0852644518017768,-0.0688556432723999,0.0456090569496154,-0.0629874467849731,XArbitraryCorrectedZVertical,-0.7225746433587199,0.0468760371333817,0.0354651251204755,0.6887893636142151,0.98941832780838,-0.1344457268714905,0.0545492731034755,53.11712646484375,-14.05780029296875,-9.24420166015625,-1,2,4287
2025-11-20T22:24:21.779+01:00,14007,630824.045747875,1.906856329816833,1.920470119482229,-1.445159620034947,0.1663248091936111,-0.0347444750368595,0.0117762014269828,-0.1593778133392334,0.0245415568351745,-0.076719157397747,XArbitraryCorrectedZVertical,-0.720619237270199,0.0466103070721139,0.0370029625995478,0.6907722360722366,0.9893339276313782,-0.1359154582023621,0.052396684885025,52.94921875,-14.4847412109375,-9.349288940429688,-1,2,4288
2025-11-20T22:24:21.814+01:00,14008,630824.0806638751,1.864935188626016,1.879440285309202,-1.447715522763276,0.16153883934021,0.0686902180314064,-0.0443736612796783,-0.2011653780937195,0.0218877792358398,-0.0601906888186931,XArbitraryCorrectedZVertical,-0.7186590008467557,0.0466461447179297,0.0364090015142579,0.6928402712380384,0.9894036650657654,-0.13487908244133,0.0537362024188041,52.87689208984375,-14.68087768554688,-8.941909790039062,-1,2,4289
2025-11-20T22:24:21.851+01:00,14009,630824.1155798751,1.82053428304874,1.839109385824772,-1.450606574901695,0.1816602796316147,0.1321100443601608,-0.0102355675771832,-0.1720384955406189,0.0247084945440292,-0.0521686077117919,XArbitraryCorrectedZVertical,-0.7166776433722094,0.0476068421111506,0.0344961561459216,0.6949221994660805,0.989360213279724,-0.133320540189743,0.0582415796816349,52.992919921875,-14.73724365234375,-8.602188110351562,-1,2,4290
2025-11-20T22:24:21.886+01:00,14010,630824.150496875,1.76660896380271,1.790209922254102,-1.451697410736122,0.1895883530378342,0.1204187050461769,0.0238279234617948,-0.1813940405845642,0.019460991024971,-0.0243933200836181,XArbitraryCorrectedZVertical,-0.7144786197486606,0.0495085979742564,0.0328501662104124,0.6971299121765675,0.9890111684799194,-0.133413627743721,0.0636999309062957,53.1009521484375,-14.86717224121094,-8.344818115234375,-1,2,4291
2025-11-20T22:24:21.919+01:00,14011,630824.185412875,1.710319919823065,1.737479569306119,-1.451929572655304,0.1845497041940689,0.0549148693680763,0.0340366028249263,-0.1576689481735229,0.0040175318717956,-0.0148671865463256,XArbitraryCorrectedZVertical,-0.7121986285035654,0.0510950961253325,0.0319248192813851,0.6993878008414639,0.9886625409126282,-0.1340224146842957,0.067708320915699,53.0682373046875,-15.03919982910156,-8.31317138671875,-1,2,4292
2025-11-20T22:24:21.954+01:00,14012,630824.220329875,1.663867672119322,1.69201675005656,-1.451242688842147,0.1192782893776894,-0.0110518988221883,0.0474807694554328,-0.12175053358078,-0.0174464881420135,-0.0190037414431572,XArbitraryCorrectedZVertical,-0.7102914802385845,0.0519356950735593,0.0320674952374075,0.7012563820342527,0.9884192943572998,-0.1351108849048615,0.0690830871462822,53.22216796875,-15.2503662109375,-8.13336181640625,-1,2,4293
2025-11-20T22:24:21.988+01:00,14013,630824.255245875,1.631562833016883,1.659395000741829,-1.448505171655748,0.0912813171744346,-0.0105877947062254,0.146568164229393,-0.0800253748893737,-0.0018911212682724,-0.0543782711029052,XArbitraryCorrectedZVertical,-0.7089409969001006,0.0529106945524888,0.0332677917705377,0.7024930137544316,0.9880301356315612,-0.1379556804895401,0.0690267458558082,53.2325439453125,-15.65638732910156,-8.106704711914062,-1,2,4294
2025-11-20T22:24:22.024+01:00,14014,630824.2901628751,1.602957631520505,1.631119999246702,-1.44173678091579,0.0777516812086105,0.0353653617203235,0.2292685359716415,-0.0212262868881225,-0.0361450612545013,-0.0813747569918632,XArbitraryCorrectedZVertical,-0.7076729045501403,0.0554852567193465,0.0356135576576736,0.7034573590016354,0.9870314598083496,-0.1446716040372849,0.0695644244551658,53.09063720703125,-15.88307189941406,-8.0267333984375,-1,2,4295
2025-11-20T22:24:22.058+01:00,14015,630824.3250788751,1.580983846085309,1.612136946875202,-1.436090567134409,0.0689170286059379,0.1024495959281921,0.0538954213261604,0.0641306638717651,-0.0996228009462356,-0.0652635022997856,XArbitraryCorrectedZVertical,-0.7066438903786989,0.0585631333969384,0.0365853983559656,0.7041920370975054,0.9859793186187744,-0.1501940935850143,0.0727098360657692,53.0714111328125,-16.37054443359375,-7.803451538085938,-1,2,4296
2025-11-20T22:24:22.093+01:00,14016,630824.359995875,1.572071143335224,1.606734661064981,-1.43881568621775,-0.0070713302120566,0.0861531719565391,-0.1940845847129822,0.251792848110199,-0.1260259002447128,-0.0113437175750732,XArbitraryCorrectedZVertical,-0.7063292808294082,0.058848512801985,0.0343922778781751,0.7045942212419599,0.9861221313476562,-0.1474573761224747,0.0762850567698478,53.31573486328125,-16.49896240234375,-7.63421630859375,-1,2,4297
2025-11-20T22:24:22.131+01:00,14017,630824.394911875,1.595757401443457,1.632027791656588,-1.446174977724319,-0.1271191239356995,0.0117475884035229,-0.1380122005939484,0.4402754902839661,-0.1438073068857193,0.0192913934588432,XArbitraryCorrectedZVertical,-0.7075154822118126,0.0567887692469541,0.0311929065815232,0.70372143287801,0.9870620369911194,-0.1402655392885208,0.0776781514286994,53.5767822265625,-16.11952209472656,-7.741180419921875,-1,2,4298
2025-11-20T22:24:22.171+01:00,14018,630824.429828875,1.647415082930745,1.684959956716928,-1.446239614391881,-0.2064812034368515,0.0822667926549911,0.0594674199819564,0.2028918266296387,0.0528362691402435,0.0514013841748237,XArbitraryCorrectedZVertical,-0.7098033049481915,0.0570569073374178,0.0305616932979385,0.7014199151854923,0.987019181251526,-0.1401470750570297,0.0784356519579887,53.52197265625,-16.14411926269531,-7.638290405273438,-1,2,4299
2025-11-20T22:24:22.198+01:00,14019,630824.4647448751,1.713144837406625,1.755803878913347,-1.442566506612086,-0.2523436546325684,0.2334036529064178,0.0351048186421394,0.0159871578216552,0.1435956507921219,0.090274691581726,XArbitraryCorrectedZVertical,-0.7128757916823307,0.0597497513638974,0.0296495120613346,0.6981110379614949,0.9862253665924072,-0.1432141661643982,0.0827600210905075,53.5887451171875,-16.26589965820312,-7.418319702148438,-1,2,4300
2025-11-20T22:24:22.233+01:00,14020,630824.4996618751,1.777966960598188,1.828016293881448,-1.440884224102598,-0.2410218715667725,0.1980767548084259,-0.0029576076194643,0.1131390929222107,0.0520400404930114,0.1208636835217476,XArbitraryCorrectedZVertical,-0.7159566206036987,0.0623231374723447,0.0270112253775526,0.6948326926305869,0.9855700731277466,-0.1437606364488602,0.0893566682934761,53.6025390625,-16.38360595703125,-7.047012329101562,-1,2,4301
2025-11-20T22:24:22.268+01:00,14021,630824.534577875,1.834411504827697,1.889169281614213,-1.437587745254399,-0.1929123103618622,0.0898099392652511,0.0349144302308559,0.0736817717552185,0.0500009208917617,0.1188902854919434,XArbitraryCorrectedZVertical,-0.7187767135935246,0.0643975311700019,0.0257686116120375,0.6917723541852051,0.9849424958229064,-0.1455361992120743,0.0933136865496635,53.44952392578125,-16.58781433105469,-6.941436767578125,-1,2,4302
2025-11-20T22:24:22.303+01:00,14022,630824.569494875,1.872743541127958,1.928015910460758,-1.434321697847102,-0.1554637998342514,-0.0392417721450328,0.017641756683588,0.0032848119735717,0.0273729413747787,0.098129041492939,XArbitraryCorrectedZVertical,-0.7207961911603882,0.0651128983050944,0.0261253329215485,0.6895874226432896,0.984660804271698,-0.1474443674087524,0.0932924374938011,53.27227783203125,-16.71087646484375,-7.0380859375,-1,2,4303
2025-11-20T22:24:22.338+01:00,14023,630824.604410875,1.916815405064709,1.969423295031992,-1.433958753807743,-0.1665655821561813,-0.0752263888716697,-0.107036218047142,-0.03391033411026,-0.0133664608001709,0.0744845941662788,XArbitraryCorrectedZVertical,-0.7227941811505445,0.063583813251685,0.0264757198305786,0.6876225758467557,0.9851433038711548,-0.1461184173822403,0.090233989059925,53.27337646484375,-16.822265625,-7.115676879882812,-1,2,4304
2025-11-20T22:24:22.373+01:00,14024,630824.639327875,1.964467091159627,2.014844983717744,-1.434636487977666,-0.1509731560945511,-0.028095107525587,-0.0545690469443798,-0.0561644434928894,-0.0119678527116775,0.0410970449447631,XArbitraryCorrectedZVertical,-0.7248092207635204,0.0617125168600412,0.0261762423214677,0.6856806845141018,0.985775589942932,-0.1433971375226974,0.0876566246151924,53.23883056640625,-16.67996215820312,-7.246170043945312,-1,2,4305
2025-11-20T22:24:22.411+01:00,14025,630824.6742438751,1.997228407684073,2.046577234868384,-1.431517406515818,-0.1696937680244446,-0.0242434181272983,0.0955265760421752,-0.1151175498962402,-0.0013868063688278,0.0469647720456123,XArbitraryCorrectedZVertical,-0.7266287456741353,0.0616843896956716,0.0268775999113473,0.6837275727730248,0.985723078250885,-0.1446550637483597,0.0861681401729583,53.25933837890625,-16.77702331542969,-7.521697998046875,-1,2,4306
2025-11-20T22:24:22.451+01:00,14026,630824.7091603751,2.027386718261619,2.074085984956548,-1.425169578479654,-0.2231741845607758,-0.1121652722358704,0.082606017589569,-0.1744513511657715,-0.0382651090621948,0.0415853187441825,XArbitraryCorrectedZVertical,-0.7287925904848926,0.0620947990373559,0.0291639342458458,0.6812891770465132,0.9853947758674622,-0.1487618386745453,0.0828653275966644,53.07867431640625,-16.86306762695312,-7.716583251953125,-1,2,4307
2025-11-20T22:24:22.477+01:00,14027,630824.744077375,2.075571484562843,2.11834235485584,-1.420894128516345,-0.2250873297452927,-0.0605933926999568,-0.08658929169178,-0.2969732880592346,0.008897066116333,0.0229814052581787,XArbitraryCorrectedZVertical,-0.7315521754860927,0.0608653296805177,0.0307089608053877,0.6783685045440346,0.9856481552124025,-0.1495678424835205,0.078275941312313,53.10986328125,-17.17530822753906,-7.922225952148438,-1,2,4308
2025-11-20T22:24:22.513+01:00,14028,630824.778993375,2.130934231988112,2.172318641157581,-1.420703252000605,-0.1780766993761063,0.0001658448018133,-0.1267025619745255,-0.2523999810218811,0.0625102818012237,0.032955527305603,XArbitraryCorrectedZVertical,-0.7340565073249348,0.0589113204256752,0.0297325686244334,0.6758746258516556,0.9863476753234864,-0.1458385288715363,0.0764805451035499,53.0621337890625,-16.93205261230469,-8.235061645507812,-1,2,4309
2025-11-20T22:24:22.547+01:00,14029,630824.813910375,2.170464936227928,2.210060800235941,-1.419135204022191,-0.167564794421196,-0.0868630930781364,0.0172057636082172,-0.1381621956825256,0.0302314162254333,0.0568385198712348,XArbitraryCorrectedZVertical,-0.7360388520193134,0.0575735214534572,0.0296572906292198,0.673834285641638,0.9867645502090454,-0.1441230326890945,0.0743260160088539,53.20416259765625,-16.85452270507812,-8.435806274414062,-1,2,4310
2025-11-20T22:24:22.582+01:00,14030,630824.8488263751,2.190254197607401,2.225381594318366,-1.412900239541762,-0.1724153608083725,-0.1329253762960434,0.1498197764158249,-0.135277271270752,0.0415669530630111,0.0580266639590263,XArbitraryCorrectedZVertical,-0.7379658319766234,0.0572093284456733,0.0324491489401504,0.6716253211637289,0.9866107702255248,-0.1476613134145737,0.0692468807101249,52.8934326171875,-17.17997741699219,-8.751449584960938,-1,2,4311
2025-11-20T22:24:22.617+01:00,14031,630824.8837433751,2.194594301352664,2.225729211178797,-1.405334939020128,-0.1186772584915161,-0.0992638245224952,0.134348139166832,-0.0824244618415832,0.0024743229150772,0.0550260543823242,XArbitraryCorrectedZVertical,-0.7394689422537891,0.0578605504351258,0.0359210289474053,0.6697369089857367,0.986034631729126,-0.1535058170557022,0.0645876005291938,53.06231689453125,-17.09561157226562,-9.052001953125,-1,2,4312
2025-11-20T22:24:22.652+01:00,14032,630824.918659375,2.195123869099926,2.222840132288409,-1.401252985901642,-0.0128234717994928,-0.0822646468877792,0.0851578190922737,0.1007937788963318,-0.0339720994234085,0.050972580909729,XArbitraryCorrectedZVertical,-0.7401674404962998,0.0578507789733724,0.0383234175076069,0.6688324477290969,0.9857540130615234,-0.156808540225029,0.0608286038041114,52.94793701171875,-17.48193359375,-9.5537109375,-1,2,4313
2025-11-20T22:24:22.689+01:00,14033,630824.953576375,2.171182695565502,2.197681785439135,-1.399238681324096,0.1200819090008736,-0.0236271135509014,0.1259025037288666,0.2301251292228699,-0.0051204413175582,0.056353323161602,XArbitraryCorrectedZVertical,-0.7393299082248739,0.058862158771615,0.0401939156092358,0.6695602568791238,0.9852067828178406,-0.1606662720441818,0.0596135184168815,52.90167236328125,-17.80964660644531,-9.400711059570312,-1,2,4314
2025-11-20T22:24:22.722+01:00,14034,630824.988492375,2.123883169888412,2.14991139443154,-1.397074641902402,0.2117543816566467,-0.0930371582508087,0.3239079713821411,0.4789646863937378,-0.0161980986595153,0.0495957024395465,XArbitraryCorrectedZVertical,-0.7372820585764293,0.0609403355821125,0.0426055126457318,0.6714805251939504,0.984230935573578,-0.166632667183876,0.0593520179390907,52.6929931640625,-18.40962219238281,-9.256927490234377,-1,2,4315
2025-11-20T22:24:22.757+01:00,14035,630825.023409375,2.04215481369258,2.065793043288319,-1.385260291230836,0.1756380647420883,-0.1211667433381081,0.5665673613548279,0.2590400576591492,0.0665606409311294,0.0229356363415718,XArbitraryCorrectedZVertical,-0.7344495799098377,0.0663258173092991,0.0496833164831125,0.6735847549955423,0.9813622236251832,-0.1835650354623795,0.0568525344133377,52.34613037109375,-18.97750854492188,-9.534515380859377,-1,2,4316
2025-11-20T22:24:22.792+01:00,14036,630825.0583253751,1.992976918846432,2.013036091090056,-1.375621616870233,0.0435786768794059,-0.1164739727973938,0.0947983190417289,-0.0708392858505249,0.0728926211595535,-0.0480353869497776,XArbitraryCorrectedZVertical,-0.7325657963656508,0.0696178599780127,0.0555016058163636,0.6748483293857817,0.979179620742798,-0.1958936899900436,0.0532233156263828,52.0899658203125,-20.12211608886719,-9.634628295898438,-1,2,4317
2025-11-20T22:24:22.826+01:00,14037,630825.0932423751,2.000780193559338,2.018411694885158,-1.379733864412857,0.0010133960749953,-0.0061416532844305,-0.2346167415380478,0.0042017102241516,0.0675811171531677,-0.1021393537521362,XArbitraryCorrectedZVertical,-0.732510859714737,0.0672635273573877,0.0548531780773907,0.6751997248895754,0.9801427125930786,-0.1916045546531677,0.0510681793093681,52.04705810546875,-20.10127258300781,-9.922744750976562,-1,2,4318
2025-11-20T22:24:22.862+01:00,14038,630825.128158375,2.008053277480792,2.027655598639287,-1.384633643629794,0.0719706565141677,0.1072507724165916,-0.0322058126330375,0.1022114157676697,0.1083726435899734,-0.1090251281857491,XArbitraryCorrectedZVertical,-0.7324251027992023,0.066164563691363,0.0523638559361536,0.675598757018583,0.9809793829917908,-0.1866502165794373,0.053299993276596,52.2548828125,-19.90669250488281,-9.524551391601562,-1,2,4319
2025-11-20T22:24:22.896+01:00,14039,630825.163075375,1.981935710624607,2.006102053540448,-1.384976033566485,0.1898368000984192,0.1292684376239777,0.1063272058963776,0.0390526056289672,0.0940237492322921,-0.0838589668273925,XArbitraryCorrectedZVertical,-0.7309487642163526,0.0683217917747297,0.0513077234750304,0.6770624354993775,0.9804174900054932,-0.1881399303674698,0.0581784285604953,52.00787353515625,-19.96742248535156,-9.386749267578123,-1,2,4320
2025-11-20T22:24:22.932+01:00,14040,630825.197991375,1.934059709846209,1.963282749302811,-1.385956269867579,0.2798381745815277,0.1023769080638885,0.0325459614396095,-0.0828373432159423,0.0334669947624206,-0.0470420122146606,XArbitraryCorrectedZVertical,-0.7280905399779918,0.0709414099031711,0.0503665190139813,0.6799372800549758,0.9796573519706726,-0.1902205348014832,0.0639335066080093,52.07122802734375,-20.28094482421875,-8.95928955078125,-1,2,4321
2025-11-20T22:24:22.971+01:00,14041,630825.2329073751,1.881940862216825,1.91436396393679,-1.389330810577966,0.2820241153240204,0.026686917990446,0.0110019855201244,-0.0987308621406555,-0.016664519906044,-0.028058536350727,XArbitraryCorrectedZVertical,-0.7247066710582986,0.0720830358618863,0.0492517467330788,0.6835046067847457,0.9794527888298036,-0.1898173987865448,0.0681281015276908,51.9986572265625,-20.57643127441406,-8.55389404296875,-1,2,4322
2025-11-20T22:24:23.001+01:00,14042,630825.2678243751,1.831474267695181,1.864370500030446,-1.390202724235881,0.2275739312171936,-0.035244382917881,0.1039664745330811,-0.1890535950660706,-0.0253414362668991,-0.0277012661099433,XArbitraryCorrectedZVertical,-0.7215757777555827,0.0729125410206855,0.049747203365129,0.6866857699550015,0.9790925979614258,-0.1911807656288147,0.0694798082113266,52.0675048828125,-20.77690124511719,-8.430313110351562,-1,2,4323
2025-11-20T22:24:23.036+01:00,14043,630825.302740375,1.787638037469322,1.82005112943092,-1.388047752444596,0.1777644008398056,-0.0302674565464258,0.1176072135567665,-0.2788727283477783,-0.0207917541265487,-0.0379238203167915,XArbitraryCorrectedZVertical,-0.7189653307277013,0.0741887051167664,0.0513658017438501,0.6891635683240237,0.9783660173416138,-0.1947996467351913,0.0696620941162109,51.93804931640625,-21.06430053710938,-8.37396240234375,-1,2,4324
2025-11-20T22:24:23.071+01:00,14044,630825.337657375,1.753895981288717,1.786202507754542,-1.385760696132085,0.134753093123436,-0.0064391288906335,0.0898417606949806,-0.3473719358444214,-0.0059350878000259,-0.0433440208435058,XArbitraryCorrectedZVertical,-0.7169214226668535,0.0754071146113976,0.0526616349604572,0.6910602671556678,0.9776971936225892,-0.1979833692312241,0.0700774192810058,51.8597412109375,-21.40615844726562,-8.275070190429688,-1,2,4325
2025-11-20T22:24:23.106+01:00,14045,630825.372573375,1.731473316899866,1.764988408679026,-1.385075041649109,0.1079339161515236,0.0415174961090087,-0.0020122085697948,-0.3015421032905579,-0.0215192586183548,-0.0408668518066406,XArbitraryCorrectedZVertical,-0.7155344856388021,0.0763364472908551,0.0527409071719093,0.6923883082506449,0.9773385524749756,-0.1991838663816452,0.0716591030359268,51.843505859375,-21.72958374023438,-8.141708374023438,-1,2,4326
2025-11-20T22:24:23.141+01:00,14046,630825.407490375,1.711637877776953,1.746853544668111,-1.385637375721444,0.0953124463558197,0.0363898687064647,0.0091899372637271,-0.1451693773269653,-0.0598790347576141,-0.0491736084222793,XArbitraryCorrectedZVertical,-0.7142840628191138,0.0769476718235723,0.052154356579175,0.6936549224069872,0.9772157073020936,-0.1990320533514023,0.0737249255180358,51.9097900390625,-21.7606201171875,-8.10369873046875,-1,2,4327
2025-11-20T22:24:23.176+01:00,14047,630825.4424063751,1.700049223299859,1.736727495027404,-1.386643870548926,0.0307663790881633,0.0412245206534862,-0.021484799683094,-0.0516786575317382,-0.0774009376764297,-0.0539891645312309,XArbitraryCorrectedZVertical,-0.7135540891103042,0.0772213451906357,0.0513971963755634,0.6944320947222203,0.9772464036941528,-0.1982491165399551,0.0754125118255615,51.81268310546875,-21.72853088378906,-7.850540161132812,-1,2,4328
2025-11-20T22:24:23.211+01:00,14048,630825.4773233751,1.698011557199776,1.736759242124698,-1.385247806290422,-0.0087684635072946,0.0777743011713028,0.0952874422073364,0.0758075714111328,-0.0815759599208831,-0.0723620653152465,XArbitraryCorrectedZVertical,-0.713502075005342,0.0784443985078299,0.0511651795999736,0.6943654983685175,0.9768046736717224,-0.1996435075998306,0.0774279460310936,51.8792724609375,-21.92849731445312,-7.704269409179688,-1,2,4329
2025-11-20T22:24:23.250+01:00,14049,630825.512239375,1.699856571575627,1.741720736841287,-1.381653816847527,-0.0550742745399475,0.0953826233744621,0.0733495131134986,0.0929626822471618,-0.0592539310455322,-0.0556849241256713,XArbitraryCorrectedZVertical,-0.7137706787087027,0.0807568106870315,0.0512888041072533,0.6938150366248166,0.9758543968200684,-0.2031209468841553,0.0803126543760299,51.901611328125,-21.95185852050781,-7.750656127929688,-1,2,4330
2025-11-20T22:24:23.281+01:00,14050,630825.547156375,1.715411086963481,1.760327288403882,-1.380551679548744,-0.1217809617519379,0.0931684449315071,-0.0402053780853748,0.2187297344207764,-0.0862285196781158,-0.040820837020874,XArbitraryCorrectedZVertical,-0.714901179872672,0.0820323682695355,0.0504180536794853,0.6925641294868707,0.9754688739776612,-0.2039173543453217,0.0829351469874382,51.7034912109375,-22.11422729492188,-7.553024291992188,-1,2,4331
2025-11-20T22:24:23.315+01:00,14051,630825.582072375,1.747951328374827,1.795583043774014,-1.381545436128365,-0.2012609541416168,0.0801954716444015,-0.0610296837985515,0.332291841506958,-0.1141671687364578,-0.0289149358868598,XArbitraryCorrectedZVertical,-0.7170805565445926,0.082229150321612,0.0487022886248478,0.6904070415239248,0.9756456613540648,-0.2022237926721573,0.0849757045507431,51.7452392578125,-21.96293640136719,-7.454666137695312,-1,2,4332
2025-11-20T22:24:23.350+01:00,14052,630825.6169893751,1.788711955964362,1.836929298678558,-1.37940388772219,-0.2579554915428162,0.0095811681821942,0.0605812557041645,0.3684559464454651,-0.0611658841371536,0.0090452432632446,XArbitraryCorrectedZVertical,-0.7198599683554912,0.0825628928171331,0.0486273650469157,0.6874739422017093,0.9754923582077026,-0.2031010687351227,0.0846436992287635,51.79327392578125,-22.05085754394531,-7.629913330078125,-1,2,4333
2025-11-20T22:24:23.385+01:00,14053,630825.6519053751,1.828676049043119,1.876113923030641,-1.374125543309682,-0.265326201915741,0.0124533968046307,0.0978239998221397,0.1286894679069519,0.0753167867660522,0.0601797103881835,XArbitraryCorrectedZVertical,-0.7227844999482702,0.0833765877525195,0.0499981228159846,0.6842011030173668,0.9749024510383606,-0.2066644430160522,0.0827951431274414,51.8759765625,-21.9599609375,-7.491500854492188,-1,2,4334
2025-11-20T22:24:23.420+01:00,14054,630825.686822375,1.867566075223169,1.916953063715303,-1.369155558792321,-0.2226915508508682,0.1090888306498528,0.0184685997664928,0.018558382987976,0.1015748530626297,0.0875165462493896,XArbitraryCorrectedZVertical,-0.7257881373458609,0.084894924609175,0.0501539130535465,0.6808150085144139,0.9742089509963988,-0.209591805934906,0.0835954993963241,51.8958740234375,-22.18702697753906,-7.918075561523438,-1,2,4335
2025-11-20T22:24:23.455+01:00,14055,630825.7217381668,1.898989631020575,1.95120419374727,-1.365074540326494,-0.1879140585660934,0.0768451169133186,0.0901022478938102,0.0917965173721313,0.0583195388317108,0.11087965965271,XArbitraryCorrectedZVertical,-0.7283190148598586,0.0864569238701121,0.0497349694852134,0.6779403271575271,0.9735873937606812,-0.2117314040660858,0.0854246690869331,51.93817138671875,-22.24424743652344,-7.632598876953125,-1,2,4336
2025-11-20T22:24:23.490+01:00,14056,630825.7566551667,1.92356736972925,1.976771975519716,-1.360133432080341,-0.1800982356071472,0.0067283674143254,0.0299484338611364,0.0425883531570434,0.0166751742362976,0.1146800443530083,XArbitraryCorrectedZVertical,-0.7304710428802115,0.087761010004813,0.0503525963903337,0.6754069938359448,0.9728991985321044,-0.2148410379886627,0.0854999795556068,51.8868408203125,-22.39427185058594,-7.697769165039062,-1,2,4337
2025-11-20T22:24:23.530+01:00,14057,630825.7915711667,1.946953327825809,1.999078155077905,-1.358044336715797,-0.126552015542984,-0.0288200676441192,-0.0413599349558353,0.0524420738220214,-0.0101266801357269,0.0856698751449585,XArbitraryCorrectedZVertical,-0.73226099927606,0.0874086799852696,0.0507633430211776,0.6734810722719644,0.972963809967041,-0.2152151167392731,0.0838095024228096,51.7138671875,-22.35752868652344,-8.116317749023438,-1,2,4338
2025-11-20T22:24:23.560+01:00,14058,630825.8264871667,1.972306788509716,2.021966117477765,-1.359073127139042,-0.1332864016294479,-0.0748650580644607,-0.1192496865987778,0.0175734758377075,-0.0256551653146743,0.0794378519058227,XArbitraryCorrectedZVertical,-0.7338296776681803,0.0854848832878293,0.0505705894333412,0.6720335226757975,0.97380530834198,-0.2124582231044769,0.0810235664248466,51.73834228515625,-22.14875793457031,-8.203414916992188,-1,2,4339
2025-11-20T22:24:23.595+01:00,14059,630825.8614041667,1.996815384483554,2.043151615644197,-1.360169266901855,-0.1058728992938995,-0.0816864445805549,-0.0485282316803932,0.0180976390838623,-0.0478938668966293,0.0471390560269355,XArbitraryCorrectedZVertical,-0.7352772455057353,0.0832471066787873,0.0506668766323135,0.6707236987165961,0.974715530872345,-0.2095982134342194,0.0774489119648933,51.940185546875,-21.89730834960938,-8.4007568359375,-1,2,4340
2025-11-20T22:24:23.630+01:00,14060,630825.8963201666,2.013461409003992,2.056592226750538,-1.35842553757057,-0.1189626827836037,-0.0816848501563072,0.0326398350298404,-0.1404554843902588,-0.0179214477539062,0.0337992832064628,XArbitraryCorrectedZVertical,-0.7365153620273581,0.0821738295833412,0.0518498637147649,0.6694058309516651,0.9749432802200316,-0.2098312228918076,0.0738667473196983,51.92364501953125,-21.90980529785156,-8.655319213867188,-1,2,4341
2025-11-20T22:24:23.665+01:00,14061,630825.9312371667,2.029311705747021,2.069431305999199,-1.355461313270142,-0.1343361735343933,-0.0800507664680481,0.019889572635293,-0.2360276579856873,-0.0087210088968276,0.0213411971926689,XArbitraryCorrectedZVertical,-0.7378632000704894,0.08154989073693,0.05334721430266,0.6678783980621877,0.9749191403388976,-0.2111428529024124,0.0703641399741172,51.765869140625,-21.90650939941406,-8.78802490234375,-1,2,4342
2025-11-20T22:24:23.700+01:00,14062,630825.9661531667,2.053747425988716,2.090698753221753,-1.353824145610699,-0.1579250544309616,-0.0701542049646377,-0.1184438616037369,-0.272270679473877,-0.0026446878910064,0.0090175867080688,XArbitraryCorrectedZVertical,-0.7396309300680676,0.0801228496503491,0.0541493957396592,0.666028760059166,0.9753345847129822,-0.2104137688875198,0.0666964724659919,51.7034912109375,-21.68882751464844,-9.113876342773438,-1,2,4343
2025-11-20T22:24:23.734+01:00,14063,630826.0010701667,2.085004252643812,2.11878256568664,-1.35640371018353,-0.0977055951952934,-0.0557006523013114,-0.1538573354482651,-0.2441494464874268,0.0325748175382614,-0.0009281709790229,XArbitraryCorrectedZVertical,-0.7412649312317491,0.0771061391292384,0.053359498391503,0.6646304485555568,0.9766627550125122,-0.205212727189064,0.0633823946118354,52.0086669921875,-21.32695007324219,-9.213775634765623,-1,2,4344
2025-11-20T22:24:23.770+01:00,14064,630826.0359861667,2.103741874781299,2.135629116960668,-1.358640046865129,-0.0407248474657535,-0.0439745299518108,-0.07716004550457,-0.2478147745132446,0.087769791483879,0.0251650810241699,XArbitraryCorrectedZVertical,-0.7421044162706281,0.0750803078168753,0.0526603097978058,0.6639811234164735,0.9775663614273072,-0.2014477550983429,0.0615048594772815,52.03558349609375,-20.99514770507812,-9.32159423828125,-1,2,4345
2025-11-20T22:24:23.810+01:00,14065,630826.0709031667,2.108684222115275,2.138497446685367,-1.358704148575589,-0.0141445575281977,-0.0870974883437156,0.0381149053573608,-0.1762945652008057,0.0644713640213012,0.0401631593704223,XArbitraryCorrectedZVertical,-0.7423553814182304,0.0741790923317932,0.053217156729074,0.6637574567994676,0.9778082370758056,-0.2009001970291138,0.0594157017767429,52.0439453125,-21.07044982910156,-9.434616088867188,-1,2,4346
2025-11-20T22:24:23.840+01:00,14066,630826.1058191668,2.108159760053483,2.133800797387519,-1.356709150337221,-0.0413497611880302,-0.1400160789489746,0.0410764291882515,-0.1533399224281311,0.0206999629735946,0.0538197755813598,XArbitraryCorrectedZVertical,-0.7425009451254041,0.0734116053787658,0.0553849224779365,0.6635025411874805,0.9776959419250488,-0.202661007642746,0.0551279447972774,51.8994140625,-21.10496520996094,-9.864486694335938,-1,2,4347
2025-11-20T22:24:23.874+01:00,14067,630826.1407361667,2.116796805303154,2.138258044560289,-1.354790490948684,-0.1023446843028069,-0.0811654776334762,-0.0053941728547215,-0.0742747783660888,-0.0091080516576766,0.0570465251803398,XArbitraryCorrectedZVertical,-0.7432225401846569,0.0722540669108222,0.0571673925576104,0.6626699322889916,0.9777780771255492,-0.2034163326025009,0.0507109798491001,51.9141845703125,-21.13716125488281,-10.09593200683594,-1,2,4348
2025-11-20T22:24:23.909+01:00,14068,630826.1756521667,2.132115055623579,2.150395747150975,-1.351755964936193,-0.1539929062128067,-0.0774840489029884,0.068146713078022,0.1538451910018921,-0.0721480846405029,0.056081898510456,XArbitraryCorrectedZVertical,-0.7445778084003962,0.0714740482495563,0.0586252683578045,0.6611040383054634,0.9777619242668152,-0.2043717205524445,0.0470522716641426,51.7366943359375,-20.99114990234375,-10.50157165527344,-1,2,4349
2025-11-20T22:24:23.944+01:00,14069,630826.2105691667,2.143871181444014,2.159723573095212,-1.345615483459508,-0.146401509642601,-0.0573302842676639,0.1182597726583481,0.1997368931770325,-0.0740234553813934,0.0389165878295898,XArbitraryCorrectedZVertical,-0.7462121198843139,0.0719787207263486,0.0608404738879523,0.659003088116994,0.97709721326828,-0.2082336246967316,0.0438165962696075,51.6944580078125,-21.30828857421875,-10.80929565429688,-1,2,4350
2025-11-20T22:24:23.979+01:00,14070,630826.2454851667,2.142987678630442,2.157555116915264,-1.338362931908489,-0.0413762368261814,-0.0371352210640907,0.2483977079391479,0.3763796091079712,-0.0749672651290893,-0.0064312182366847,XArbitraryCorrectedZVertical,-0.74721641885852,0.07372325703512,0.0634920932130434,0.657420271085024,0.9758543372154236,-0.214400440454483,0.0417247414588928,51.457275390625,-21.46098327636719,-11.061279296875,-1,2,4351
2025-11-20T22:24:24.014+01:00,14071,630826.2804021667,2.109495257647279,2.122046996941932,-1.330021186183501,0.1139256656169891,-0.0950038284063339,0.3416422307491302,0.3857689499855042,-0.054621934890747,-0.0335643291473388,XArbitraryCorrectedZVertical,-0.7459980092634455,0.0770253116517258,0.0682141877149895,0.6579520696076581,0.9734991788864136,-0.2252852916717529,0.0393169447779655,51.1715087890625,-21.7841796875,-10.97616577148438,-1,2,4352
2025-11-20T22:24:24.049+01:00,14072,630826.3153181667,2.081614008964557,2.091039097833731,-1.327867140455117,0.0908205807209014,-0.1339907050132751,-0.0778314545750618,0.1218946576118469,0.0094787925481796,-0.0272347964346408,XArbitraryCorrectedZVertical,-0.7441278257178762,0.0778497297516631,0.0712343128411161,0.6596505624020156,0.9724503755569458,-0.2302276790142059,0.0365426763892173,50.89794921875,-22.05426025390625,-11.06158447265625,-1,2,4353
2025-11-20T22:24:24.090+01:00,14073,630826.3502351667,2.095362520988628,2.100322532852378,-1.33542943910035,-0.0192982871085405,-0.0981578230857849,-0.3255555629730225,0.0951539874076843,0.104315310716629,-0.0519617795944213,XArbitraryCorrectedZVertical,-0.7439728362616084,0.0734979091988402,0.0700149129735703,0.6604547237407675,0.9744412899017334,-0.222235232591629,0.0327967070043087,50.89398193359375,-21.74766540527344,-11.51669311523438,-1,2,4354
2025-11-20T22:24:24.119+01:00,14074,630826.3851511667,2.117362282738155,2.119843708058265,-1.34187082780336,-0.0233793761581182,0.0222594421356916,-0.0868174135684967,0.1179325580596924,0.1995410323143005,-0.0760014057159423,XArbitraryCorrectedZVertical,-0.7445406346767678,0.0698145074413996,0.0680713570917368,0.66041763585018,0.9762750864028932,-0.2143420428037643,0.0307285897433757,51.14874267578125,-21.14590454101562,-11.40849304199219,-1,2,4355
2025-11-20T22:24:24.153+01:00,14075,630826.4200681667,2.117421888179641,2.122139485892279,-1.342049865883139,0.0044859200716018,0.079217255115509,0.0609200708568096,0.0400888919830322,0.1503566354513168,-0.063875675201416,XArbitraryCorrectedZVertical,-0.7445949075275686,0.0704969530299127,0.0671829043229049,0.6603750434203777,0.9762381315231324,-0.2141841799020767,0.0329308696091175,51.18988037109375,-20.81364440917969,-11.49104309082031,-1,2,4356
2025-11-20T22:24:24.189+01:00,14076,630826.4549841667,2.108243789999429,2.11659718737973,-1.33970765693353,0.0338547006249427,0.1240171492099762,0.0957483872771263,-0.1078852415084839,0.1020057946443558,-0.0567046403884887,XArbitraryCorrectedZVertical,-0.7444119968709749,0.0727865007197783,0.0669191575223447,0.6603596211148546,0.9754542112350464,-0.2171791344881058,0.0363646633923053,51.2237548828125,-20.8052978515625,-11.48081970214844,-1,2,4357
2025-11-20T22:24:24.223+01:00,14077,630826.4899001668,2.096751170406032,2.110766218191074,-1.338380798168936,0.0546486377716064,0.1773378551006317,0.047307189553976,-0.2116678357124329,0.1052963733673096,-0.044248703867197,XArbitraryCorrectedZVertical,-0.7439766512305185,0.0755369123381557,0.0656936986832542,0.6606641925089327,0.9746987223625184,-0.2195541709661484,0.0419293753802776,51.0711669921875,-20.86180114746094,-10.8875732421875,-1,2,4358
2025-11-20T22:24:24.258+01:00,14078,630826.5248171667,2.086132892010878,2.106682309282885,-1.337709901518528,0.0201244670897722,0.1663201153278351,0.0856619104743003,-0.2603746652603149,0.0976936221122741,-0.0177350044250488,XArbitraryCorrectedZVertical,-0.7435273583898714,0.078339506013972,0.0639076940363959,0.6610187952216815,0.9740129709243774,-0.2212592959403992,0.0484051294624805,51.3848876953125,-21.05033874511719,-10.62625122070312,-1,2,4359
2025-11-20T22:24:24.293+01:00,14079,630826.5597331667,2.078280369648836,2.104108372279737,-1.332891842475782,-0.054461658000946,0.1318795830011368,0.2044048011302948,-0.2794584631919861,0.0713558495044708,-0.0122267007827758,XArbitraryCorrectedZVertical,-0.7437755850983648,0.0818722691198107,0.0637386695056458,0.6603274092969775,0.9726194739341736,-0.2262478172779083,0.0531354658305645,51.21612548828125,-21.05787658691406,-10.14698791503906,-1,2,4360
2025-11-20T22:24:24.330+01:00,14080,630826.5946501667,2.067308636985337,2.098369080084095,-1.324651301416307,-0.0447187013924121,0.1422047019004822,0.2464657872915268,-0.3205471038818359,0.0639877915382385,-0.028997428715229,XArbitraryCorrectedZVertical,-0.7442049856549008,0.0865706284768221,0.0647745816182973,0.659142391754559,0.9704035520553588,-0.2345505058765411,0.0574702657759189,51.038330078125,-21.31993103027344,-10.1446533203125,-1,2,4361
2025-11-20T22:24:24.363+01:00,14081,630826.6295661667,2.054972633087039,2.091134868685394,-1.317170792931339,-0.0195939391851425,0.1277785450220108,0.2099948972463608,-0.2572916746139526,0.0114775896072387,-0.0370013825595378,XArbitraryCorrectedZVertical,-0.7443661390497779,0.0910670765523344,0.0657032309379908,0.6582619998619883,0.9682137370109558,-0.2423735409975052,0.0617815777659416,50.8033447265625,-21.89376831054688,-9.896957397460938,-1,2,4362
2025-11-20T22:24:24.398+01:00,14082,630826.6644831666,2.047939418681274,2.088386837807481,-1.311246917941123,-0.0618932135403156,0.099160611629486,0.1255318522453308,-0.1361697912216187,-0.0665247738361358,-0.0355479717254638,XArbitraryCorrectedZVertical,-0.7446767063431957,0.0945995600064263,0.0662413462097988,0.6573580953444456,0.9664767980575562,-0.2482945621013641,0.0653636381030082,50.69439697265625,-21.98989868164062,-9.796066284179688,-1,2,4363
2025-11-20T22:24:24.433+01:00,14083,630826.6993996251,2.05032046221146,2.09367863501037,-1.306106379796613,-0.1196947619318962,0.0866113826632499,0.1351770311594009,-0.0428287982940673,-0.0776269137859344,-0.0520225688815116,XArbitraryCorrectedZVertical,-0.7455919068703083,0.0970269722795969,0.0666385893607856,0.6559252671325606,0.9652379155158995,-0.2525122761726379,0.0674797445535659,50.5501708984375,-22.15098571777344,-9.68359375,-1,2,4364
2025-11-20T22:24:24.468+01:00,14084,630826.734316625,2.057153284432797,2.103891557640592,-1.300090581565613,-0.1360348463058472,0.1224176436662674,0.0807600766420364,-0.0293422937393188,-0.05271577835083,-0.0678671523928642,XArbitraryCorrectedZVertical,-0.7470057600883229,0.0996593880182876,0.0669156838469389,0.6538905161945234,0.9638974070549012,-0.2569613754749298,0.0698050037026405,50.4510498046875,-22.3897705078125,-9.583282470703123,-1,2,4365
2025-11-20T22:24:24.502+01:00,14085,630826.769232625,2.073052426405509,2.123769821955731,-1.297260850139136,-0.1668370813131332,0.1233373284339905,-0.06263267993927,-0.0396732687950134,-0.0236863195896148,-0.0502115488052368,XArbitraryCorrectedZVertical,-0.74881753699958,0.1010597056817858,0.0655357846250193,0.6517394813685693,0.9635165929794312,-0.2575331628322601,0.0728861540555954,50.3499755859375,-22.55535888671875,-9.55035400390625,-1,2,4366
2025-11-20T22:24:24.538+01:00,14086,630826.804149625,2.100709939081306,2.15343796931977,-1.296420469864593,-0.2121282070875168,0.0377640128135681,-0.0970996469259262,0.0658715367317199,-0.0259273648262023,-0.0428667068481445,XArbitraryCorrectedZVertical,-0.7512814625950579,0.1005872766503667,0.0636575094795512,0.6491580146021783,0.9641424417495728,-0.2548343539237976,0.0740861892700195,50.3690185546875,-22.19676208496094,-9.537506103515623,-1,2,4367
2025-11-20T22:24:24.572+01:00,14087,630826.839065625,2.129122383253157,2.181370741605539,-1.294236702929106,-0.2085514068603516,0.0179788321256637,-0.0456488057971,0.0214326977729797,0.0256075859069824,-0.0496354177594184,XArbitraryCorrectedZVertical,-0.7538948753813866,0.0995834305661673,0.0629950797461462,0.6463414730131251,0.9647427797317504,-0.2529482543468475,0.0727219507098197,50.29168701171875,-21.86978149414062,-9.563522338867188,-1,2,4368
2025-11-20T22:24:24.610+01:00,14088,630826.8739826251,2.147392579290714,2.199861960343744,-1.290475729643777,-0.1614934504032135,0.0308118388056755,0.0709136128425598,0.0309203267097473,0.0570235550403595,-0.0553019046783447,XArbitraryCorrectedZVertical,-0.7559400162574657,0.0997386033923133,0.0630051883158665,0.6439233723112096,0.9646393060684204,-0.2535414695739746,0.0720255672931671,50.1610107421875,-21.81887817382812,-10.02229309082031,-1,2,4369
2025-11-20T22:24:24.642+01:00,14089,630826.908898625,2.155632378754616,2.208106565193184,-1.284096340236121,-0.1768272370100021,-0.0238719396293163,0.1343907564878464,0.0237769484519958,0.0329474508762359,-0.0423280075192451,XArbitraryCorrectedZVertical,-0.7575712667984921,0.1010962675658943,0.0643762100801334,0.6416549399619489,0.9636497497558594,-0.2575873136520386,0.0709077268838882,49.97442626953125,-21.93061828613281,-9.9302978515625,-1,2,4370
2025-11-20T22:24:24.677+01:00,14090,630826.943815625,2.166442294574203,2.21622304897501,-1.274820053017098,-0.3045302629470825,-0.0706439465284347,0.1661431938409805,0.014913260936737,-0.0109050869941711,-0.0100176334381103,XArbitraryCorrectedZVertical,-0.7597866083339446,0.1022299930999708,0.0674180266064946,0.6385359539453366,0.9623510837554932,-0.2635089755058289,0.0666582360863685,49.71240234375,-22.0767822265625,-10.25831604003906,-1,2,4371
2025-11-20T22:24:24.712+01:00,14091,630826.978731625,2.190019863120639,2.235880463145619,-1.264726864075439,-0.3334596455097198,-0.1065177470445633,0.083357386291027,0.1748897433280945,-0.1199477314949036,-0.0320373773574829,XArbitraryCorrectedZVertical,-0.7632169273062795,0.1023423987787314,0.0702958513378347,0.6341013362401002,0.9615390300750732,-0.2678543925285339,0.0608001835644245,49.38238525390625,-22.10731506347656,-10.56520080566406,-1,2,4372
2025-11-20T22:24:24.747+01:00,14092,630827.013648625,2.210915438426859,2.254054993428241,-1.253946327228213,-0.3110767304897308,-0.0188110545277595,0.1278215497732162,0.0551359057426452,-0.012349933385849,-0.0125530995428562,XArbitraryCorrectedZVertical,-0.7666344716945995,0.1030722129185407,0.072952281802507,0.6295440224377247,0.9604432582855223,-0.2727910280227661,0.0559796057641506,49.43096923828125,-22.03472900390625,-10.96951293945312,-1,2,4373
2025-11-20T22:24:24.782+01:00,14093,630827.0485646251,2.228441558236933,2.268254709697395,-1.242979491071601,-0.342866450548172,-0.0943381264805793,0.1997449398040771,0.0080526471138,0.0400303602218627,0.0470908842980861,XArbitraryCorrectedZVertical,-0.769823088080589,0.10378211875273,0.0760091254028962,0.6251594156341411,0.9592171907424928,-0.2781132161617279,0.0505501069128513,49.1046142578125,-22.2095947265625,-11.38352966308594,-1,2,4374
2025-11-20T22:24:24.817+01:00,14094,630827.0834816251,2.243582793871585,2.280518456472221,-1.229641977355287,-0.3626805543899536,-0.0181373227387666,0.14079949259758,-0.0806922316551208,0.0110793709754943,0.0419844388961792,XArbitraryCorrectedZVertical,-0.7732467130043226,0.105346954073814,0.0796100020907422,0.620204653438854,0.9573553800582886,-0.2853713631629944,0.0450975038111209,48.86859130859375,-22.48178100585938,-11.61317443847656,-1,2,4375
2025-11-20T22:24:24.852+01:00,14095,630827.118397625,2.264731086721502,2.301670558080173,-1.220315752610392,-0.2843460142612457,0.083854004740715,0.007439259905368,-0.0103569626808166,0.0113446116447448,0.02974808588624,XArbitraryCorrectedZVertical,-0.7767414070314399,0.1061570906251808,0.0804384330742865,0.6155755493058637,0.9566461443901062,-0.2880627810955048,0.0429905802011489,48.6871337890625,-22.38916015625,-11.96426391601562,-1,2,4376
2025-11-20T22:24:24.890+01:00,14096,630827.153314625,2.27843440499832,2.316393867944516,-1.216728834917086,-0.2381901293992996,0.0604227259755134,-0.0397330112755298,0.0238572359085083,0.0331723988056182,0.0584321022033691,XArbitraryCorrectedZVertical,-0.7786599126762955,0.1062863392118691,0.0798660454742911,0.6131993798520287,0.9567183256149292,-0.2878110706806183,0.0430693812668323,48.75787353515625,-22.38954162597656,-11.8175048828125,-1,2,4377
2025-11-20T22:24:24.921+01:00,14097,630827.188230625,2.284917435124514,2.322085615313878,-1.216516837156983,-0.2184340208768845,0.0230130143463611,-0.0508057177066803,-0.0157997608184814,0.0484890639781951,0.0566637516021728,XArbitraryCorrectedZVertical,-0.7792662859391689,0.1055602638718521,0.079691140335288,0.6125769462286063,0.9571296572685242,-0.2865719497203827,0.0421826392412185,48.654296875,-22.25611877441406,-12.12786865234375,-1,2,4378
2025-11-20T22:24:24.957+01:00,14098,630827.2231466251,2.297125241731553,2.333093182582775,-1.215428688379242,-0.2400500774383545,0.0504984557628631,-0.0945288836956024,-0.0486350655555725,0.0630506873130798,0.0535557270050048,XArbitraryCorrectedZVertical,-0.7805320800616883,0.1044462406819921,0.0794148389907238,0.6111906384323943,0.9577537178993224,-0.2846998572349548,0.0406673364341259,48.52215576171875,-21.81101989746094,-12.42424011230469,-1,2,4379
2025-11-20T22:24:24.991+01:00,14099,630827.2580636251,2.310255223013716,2.346851830859569,-1.215639690558753,-0.2269361764192581,0.1049036607146263,-0.0890698656439781,-0.0320011973381042,0.0635144114494323,0.0528265200555324,XArbitraryCorrectedZVertical,-0.7817190079825003,0.103465165808057,0.0779958238230054,0.6100220949087005,0.9586368203163148,-0.2816387712955475,0.041167639195919,48.59814453125,-21.34548950195312,-12.4888916015625,-1,2,4380
2025-11-20T22:24:25.026+01:00,14100,630827.292979625,2.321422221038706,2.359941675437942,-1.215305856580846,-0.1620329171419144,0.1045395582914352,-0.0744114741683006,-0.0370181202888488,0.0793983936309814,0.051961064338684,XArbitraryCorrectedZVertical,-0.7828606064819317,0.1031694489601367,0.0763628631105484,0.6088136984083975,0.959228813648224,-0.2793648242950439,0.0428417548537254,48.5157470703125,-21.30973815917969,-12.44265747070312,-1,2,4381
2025-11-20T22:24:25.061+01:00,14101,630827.327896625,2.325479540222798,2.365593811535758,-1.217353859460715,-0.0972544476389884,0.082356221973896,-0.0844185650348663,-0.0485262274742126,0.0933475494384765,0.0723820924758911,XArbitraryCorrectedZVertical,-0.7829135641812565,0.1027940835169627,0.0748726480855431,0.6089942164336545,0.9598269462585448,-0.277002364397049,0.0447444021701812,48.44256591796875,-20.96022033691406,-12.3917236328125,-1,2,4382
2025-11-20T22:24:25.096+01:00,14102,630827.362812625,2.329227364274235,2.370856265209857,-1.220528091780735,-0.024901008233428,0.0843210965394973,-0.1019073203206062,-0.0170548558235168,0.0660521388053894,0.080965518951416,XArbitraryCorrectedZVertical,-0.7827218820533123,0.1021462948329848,0.0731625902108486,0.6095570462230606,0.9606124758720398,-0.2739225924015045,0.0467962771654129,48.5452880859375,-20.87358093261719,-12.1766357421875,-1,2,4383
2025-11-20T22:24:25.131+01:00,14103,630827.397729625,2.32749494543962,2.371144237043292,-1.226605688050092,0.0311802625656127,0.0929167196154594,-0.1337879747152328,-0.0059897899627685,0.0540569722652435,0.0869807004928588,XArbitraryCorrectedZVertical,-0.7815284667081822,0.1014133832303092,0.0710070149246081,0.6114626859911928,0.9615561366081238,-0.2700298428535461,0.049936406314373,48.70867919921875,-20.56660461425781,-12.27003479003906,-1,2,4384
2025-11-20T22:24:25.170+01:00,14104,630827.4326456251,2.327078423251749,2.372178235506662,-1.232971486327864,0.0248371958732605,0.0432157702744007,-0.1091618984937668,0.0169253945350647,0.0596451461315155,0.1013870239257812,XArbitraryCorrectedZVertical,-0.7803675785022947,0.1003221826526719,0.0688883237809407,0.6133647160146876,0.9626429677009584,-0.2656235098838806,0.0525588877499103,48.778076171875,-20.50617980957031,-12.21281433105469,-1,2,4385
2025-11-20T22:24:25.201+01:00,14105,630827.4675626251,2.322344836888808,2.367210505669688,-1.238156788763459,0.0023334750439971,-0.0058460682630538,-0.0384726300835609,0.0337705016136169,0.0494908392429351,0.0915027856826782,XArbitraryCorrectedZVertical,-0.7790004087751837,0.0993589330915451,0.0680745124026086,0.6153471397820136,0.963330328464508,-0.2629612684249878,0.0533488579094409,48.88067626953125,-20.32473754882812,-12.16107177734375,-1,2,4386
2025-11-20T22:24:25.236+01:00,14106,630827.502478625,2.313486040096668,2.35780988277222,-1.239397224785118,-0.0045897369273006,0.0039908876642584,0.0811681523919105,0.0246586203575134,0.0447377264499664,0.0617250129580497,XArbitraryCorrectedZVertical,-0.7780097701471728,0.0996030227559095,0.0686931481420228,0.6164910619986872,0.963073194026947,-0.263945460319519,0.0531279295682907,48.6925048828125,-20.26148986816406,-12.17013549804688,-1,2,4387
2025-11-20T22:24:25.271+01:00,14107,630827.537395625,2.297533468871201,2.341912708567361,-1.23860910656779,-0.0193836353719234,0.0092655420303344,0.1513709276914597,0.0152525305747985,0.0397294759750366,0.0526093319058418,XArbitraryCorrectedZVertical,-0.7768004094919135,0.1010982215722999,0.0701517437432733,0.6176076563990488,0.9619966745376588,-0.2678331434726715,0.0531799010932445,48.68365478515625,-20.26318359375,-12.2431640625,-1,2,4388
2025-11-20T22:24:25.306+01:00,14108,630827.572311625,2.279467780439829,2.324843915210782,-1.236004957577733,-0.0002696067094802,0.0331849679350853,0.1623393446207047,0.0103522539138793,0.0129691362380981,0.030269868671894,XArbitraryCorrectedZVertical,-0.7757297780403276,0.1035029469626613,0.0718683727529284,0.618357116326049,0.9603814482688904,-0.2734366953372955,0.0538518019020557,48.53570556640625,-20.68418884277344,-12.23258972167969,-1,2,4389
2025-11-20T22:24:25.340+01:00,14109,630827.607228625,2.260188120884813,2.307070881364349,-1.234908565419543,0.025773536413908,0.0501027256250381,0.1098083257675171,-0.013407826423645,0.0226767659187316,0.025111548602581,XArbitraryCorrectedZVertical,-0.7742649075720568,0.1057580987692474,0.0730763966668367,0.6196683467858296,0.958949089050293,-0.2781241238117218,0.0553480051457881,48.36541748046875,-20.99125671386719,-12.30552673339844,-1,2,4390
2025-11-20T22:24:25.376+01:00,14110,630827.6421446251,2.24714548788919,2.295973025720412,-1.235288217212976,0.0327508077025413,0.0566490031778812,0.0312233734875917,-0.0097638368606567,0.0232512354850769,0.0290995836257934,XArbitraryCorrectedZVertical,-0.7731010006707804,0.1072618682981928,0.0732236282806172,0.6208447165866121,0.9581586122512816,-0.2804076075553894,0.05747876688838,48.30108642578125,-20.8670654296875,-12.079345703125,-1,2,4391
2025-11-20T22:24:25.410+01:00,14111,630827.677061625,2.237355627668192,2.287925984467805,-1.237590237086869,0.0165370814502239,0.0596195273101329,-0.0039323698729276,0.0044547319412231,0.0238393247127533,0.0343687608838081,XArbitraryCorrectedZVertical,-0.7719015235352438,0.1079300652403728,0.0726702853006271,0.6222848122979244,0.9579782485961914,-0.2805532217025757,0.059732224792242,48.33807373046875,-20.98905944824219,-11.75614929199219,-1,2,4392
2025-11-20T22:24:25.450+01:00,14112,630827.7119774166,2.23099405420491,2.28330215572631,-1.238837452986166,-0.0130200227722525,0.056106261909008,0.0195379890501499,-0.0023316740989685,0.0326561629772186,0.0423324182629585,XArbitraryCorrectedZVertical,-0.7711861479933732,0.1086106995036523,0.0721357517175061,0.623114925540629,0.957776129245758,-0.2808098793029785,0.0617325268685817,48.14312744140625,-21.01557922363281,-11.80047607421875,-1,2,4393
2025-11-20T22:24:25.480+01:00,14113,630827.7468944167,2.223688696924979,2.277028500693886,-1.239211817999807,-0.035666074603796,0.0341120660305023,0.0511480383574962,-0.003156840801239,0.0264618694782257,0.0398523807525634,XArbitraryCorrectedZVertical,-0.770501102213314,0.1093698392764874,0.072174486909204,0.6238246307634311,0.957380473613739,-0.2818939983844757,0.0629154965281486,48.14154052734375,-20.99063110351562,-11.59233093261719,-1,2,4394
2025-11-20T22:24:25.515+01:00,14114,630827.7818104167,2.218912918769889,2.272529870641283,-1.23840271920032,-0.0664942115545272,0.000563349109143,0.0147644504904747,0.0081065893173217,-0.0024051070213317,0.040046103298664,XArbitraryCorrectedZVertical,-0.7702059263237616,0.11002470969275,0.0726386627432713,0.6240201905865416,0.9569203853607178,-0.2834073007106781,0.0631186068058013,48.17938232421875,-20.971435546875,-11.52267456054688,-1,2,4395
2025-11-20T22:24:25.550+01:00,14115,630827.8167274167,2.220342521039145,2.272670776058618,-1.238743193596607,-0.1069195866584778,-0.007380832452327,-0.051444299519062,-0.0057084560394287,-0.0038648545742034,0.0323321744799614,XArbitraryCorrectedZVertical,-0.7702350391381866,0.109425773303259,0.0729370764260104,0.6240546000095352,0.9571548700332642,-0.2828782796859741,0.0619213730096817,48.01397705078125,-21.09403991699219,-11.93904113769531,-1,2,4396
2025-11-20T22:24:25.585+01:00,14116,630827.8516434167,2.229116796763741,2.280828427729818,-1.239782224182801,-0.1049590408802032,0.0341791212558746,-0.0968855693936348,-0.010825514793396,0.0255722105503082,0.0188645124435424,XArbitraryCorrectedZVertical,-0.7708416063781826,0.108309696257529,0.0722477349436321,0.6235804455453423,0.957908034324646,-0.2804397642612457,0.0613662265241146,48.21197509765625,-21.07205200195312,-11.65548706054688,-1,2,4397
2025-11-20T22:24:25.620+01:00,14117,630827.8865604167,2.237820685908348,2.289369729512928,-1.241373809249898,-0.1367540508508682,0.0281492099165916,-0.0877439454197883,0.0102993845939636,0.0190376341342926,0.0275254249572753,XArbitraryCorrectedZVertical,-0.7713567265284833,0.1071901051583029,0.0712367318699738,0.6232531767911343,0.9587404727935792,-0.2775825560092926,0.0613570474088192,48.2626953125,-20.8587646484375,-11.87261962890625,-1,2,4398
2025-11-20T22:24:25.655+01:00,14118,630827.9214764168,2.251172322222638,2.302169933059428,-1.241267469447499,-0.163535088300705,0.0221509486436843,-0.0841540843248367,0.0072816610336303,0.0246548950672149,0.0178568363189697,XArbitraryCorrectedZVertical,-0.7725396755171023,0.1060499268055992,0.0704813932569779,0.6220677284725898,0.9594999551773072,-0.27511265873909,0.0606038235127925,48.37420654296875,-20.53837585449219,-11.97065734863281,-1,2,4399
2025-11-20T22:24:25.690+01:00,14119,630827.9563934167,2.264609323390482,2.31502604404123,-1.241554943493529,-0.1577734053134918,0.0276448000222444,-0.1007894650101662,-0.0076827406883239,0.0354217588901519,0.0086150094866752,XArbitraryCorrectedZVertical,-0.7736492264693834,0.1047755921234961,0.0696112839855763,0.6210017342840601,0.9603497982025146,-0.2722839117050171,0.059912234544754,48.3883056640625,-20.19599914550781,-12.01994323730469,-1,2,4400
