loggingTime(txt),loggingSample(N),motionTimestamp_sinceReboot(s),motionYaw(rad),motionRoll(rad),motionPitch(rad),motionRotationRateX(rad/s),motionRotationRateY(rad/s),motionRotationRateZ(rad/s),motionUserAccelerationX(G),motionUserAccelerationY(G),motionUserAccelerationZ(G),motionAttitudeReferenceFrame(txt),motionQuaternionX(R),motionQuaternionY(R),motionQuaternionZ(R),motionQuaternionW(R),motionGravityX(G),motionGravityY(G),motionGravityZ(G),motionMagneticFieldX(µT),motionMagneticFieldY(µT),motionMagneticFieldZ(µT),motionHeading(°),motionMagneticFieldCalibrationAccuracy(Z),SampleIndex
2025-11-20T22:17:34.760+01:00,2350,630417.0256412918,0.2463404465576292,0.0190977061485204,-0.0716889733890547,-0.0307071916759014,-0.037959273904562,0.0024042180739343,-0.0501373410224914,-0.0765171200037002,-0.044547438621521,XArbitraryCorrectedZVertical,-0.0367360860179274,0.0050676061696425,0.1224349055249938,0.9917834959238406,0.9788786768913268,-0.2034358233213425,0.0202554408460855,40.566650390625,-21.20211791992188,7.477874755859375,-1,2,481
2025-11-20T22:17:34.796+01:00,2351,630417.0605572917,0.2465671090171297,0.0178901460549824,-0.0738402627858567,-0.0904175117611885,-0.0321949459612369,0.0080320853739976,-0.0707072615623474,-0.070967674255371,-0.0536528825759887,XArbitraryCorrectedZVertical,-0.037729348420021,0.004332103336274,0.1225551039636051,0.9917348966200804,0.9788646697998048,-0.2036600112915039,0.0186187010258436,40.6697998046875,-21.28125,7.480148315429688,-1,2,482
2025-11-20T22:17:34.830+01:00,2352,630417.0954742917,0.2470040229835102,0.0171434299257763,-0.0773070747009613,-0.1033229157328606,-0.0173748359084129,0.0078587625175714,-0.0816463828086853,-0.0667238235473632,-0.0692406892776489,XArbitraryCorrectedZVertical,-0.0394032996793167,0.0037396659842148,0.1227630404824442,0.9916463987199936,0.9788020253181458,-0.2040890902280807,0.0171470716595649,40.69073486328125,-21.29939270019531,7.0968017578125,-1,2,483
2025-11-20T22:17:34.865+01:00,2353,630417.1303902917,0.2471690854980025,0.0166602118886414,-0.0811956739374781,-0.1193687468767166,-0.0108409542590379,-0.0017476724460721,-0.0571135282516479,-0.0793650448322296,-0.080899953842163,XArbitraryCorrectedZVertical,-0.0413017363582917,0.0032567111615996,0.1228288439413974,0.9915627009638156,0.978790044784546,-0.2042500227689743,0.0158669259399175,40.78826904296875,-21.37467956542969,7.131515502929688,-1,2,484
2025-11-20T22:17:34.900+01:00,2354,630417.1653062917,0.2473638129422462,0.0169067023620703,-0.0857608114459757,-0.1368153393268585,0.0357735864818096,0.0184833761304616,-0.0396757125854492,-0.0798506438732147,-0.0891029834747314,XArbitraryCorrectedZVertical,-0.0435801827501849,0.0030927567410113,0.1228894157591298,0.9914581756208048,0.9787624478340148,-0.204435795545578,0.0151588674634695,40.9344482421875,-21.49461364746094,7.350204467773438,-1,2,485
2025-11-20T22:17:34.935+01:00,2355,630417.2002232918,0.249071468798144,0.0196143955934746,-0.0901436687391163,-0.1080044656991959,0.1061753183603287,0.0831300169229507,0.0231825113296508,-0.0878835618495941,-0.0941791534423828,XArbitraryCorrectedZVertical,-0.0459224157008931,0.0041248153754351,0.1236435074525158,0.9912550051539076,0.9783891439437866,-0.2060922384262085,0.0167560670524835,40.9635009765625,-21.857177734375,7.43414306640625,-1,2,486
2025-11-20T22:17:34.971+01:00,2356,630417.2351392917,0.2527791883801052,0.0244517775094463,-0.0929077253602485,-0.0588273294270038,0.1422980427742004,0.1119361445307732,0.0567054748535156,-0.1143703460693359,-0.08283531665802,XArbitraryCorrectedZVertical,-0.0476027159940973,0.0062618607921801,0.1253447671770942,0.990950864643394,0.9775505065917968,-0.2096957713365555,0.0205641444772481,41.00543212890625,-21.98373413085938,7.196945190429688,-1,2,487
2025-11-20T22:17:35.012+01:00,2357,630417.2700552917,0.2566943465045859,0.0291289743159195,-0.0942939236106017,-0.0334325656294822,0.0938148945569992,0.113002672791481,0.1138784289360046,-0.1569676697254181,-0.0492110252380371,XArbitraryCorrectedZVertical,-0.0485989357048831,0.0083964258870531,0.1271585496498618,0.9906555124303088,0.9766366481781006,-0.2135004103183746,0.0244611911475658,41.23077392578125,-22.04322814941406,7.539077758789062,-1,2,488
2025-11-20T22:17:35.040+01:00,2358,630417.3049722917,0.2602208937392962,0.0317935037995798,-0.0962416917824439,-0.0905626118183136,0.0429700128734111,0.0586814917623996,0.0909219980239868,-0.1639697253704071,-0.0252555571496486,XArbitraryCorrectedZVertical,-0.0497496938261832,0.0095032998526723,0.1288189101430031,0.9903739091993112,0.9758352637290956,-0.2169201672077179,0.0262930635362863,41.26263427734375,-22.35768127441406,7.406509399414062,-1,2,489
2025-11-20T22:17:35.075+01:00,2359,630417.3398875,0.2610743036602948,0.0329139606019173,-0.1002833069090906,-0.1337569952011108,0.0248600840568542,-0.0114025995135307,0.0756329298019409,-0.1408229321241379,-0.0280840396881103,XArbitraryCorrectedZVertical,-0.05182685503512,0.0097725655004701,0.1291677549424113,0.9902193063141982,0.9756518602371216,-0.2177280485630035,0.0264207683503627,41.36041259765625,-22.62332153320312,7.37261962890625,-1,2,490
2025-11-20T22:17:35.110+01:00,2360,630417.3748035,0.2597187991911226,0.0339897240526712,-0.1057466008689077,-0.1733902096748352,0.0313439145684242,-0.0670547559857368,0.0334017872810363,-0.1052620857954025,-0.0136443376541137,XArbitraryCorrectedZVertical,-0.0545936829666074,0.0099847718010299,0.1284045340499916,0.9901677504381372,0.975951850414276,-0.2163778841495514,0.0264310967177152,41.692138671875,-22.66903686523438,7.270706176757812,-1,2,491
2025-11-20T22:17:35.145+01:00,2361,630417.4097205,0.2591049213699581,0.0343940742189547,-0.1122912839351471,-0.1922454982995987,-0.0027283155359327,0.0406613275408744,0.0369570851325988,-0.0469312518835067,0.0043181180953979,XArbitraryCorrectedZVertical,-0.0578557368207223,0.0097766185648072,0.1280108231567984,0.9900355486985728,0.9761196970939636,-0.2157334983348846,0.0254822224378585,41.7083740234375,-22.63755798339844,7.054916381835938,-1,2,492
2025-11-20T22:17:35.179+01:00,2362,630417.4446365001,0.262188205040922,0.0343823097185172,-0.1190775932420245,-0.2055878490209579,0.0030334659386426,0.100892499089241,-0.0751698017120361,0.0235476791858673,0.035485029220581,XArbitraryCorrectedZVertical,-0.0612274528494167,0.0092355065131257,0.1294539207749454,0.989650250934478,0.975514590740204,-0.2186618000268936,0.0236274823546409,42.01934814453125,-22.76258850097656,7.000839233398438,-1,2,493
2025-11-20T22:17:35.215+01:00,2363,630417.4795525001,0.2649677239433375,0.0348566605708137,-0.1257563606073314,-0.1888686418533325,-0.0192498192191124,0.054175142198801,-0.0598710179328918,0.0241064578294754,0.0630114078521728,XArbitraryCorrectedZVertical,-0.0645742016112297,0.0089413271445943,0.1307300792297861,0.9892724532861568,0.974955916404724,-0.2212805300951004,0.0222699008882045,42.1087646484375,-22.93692016601562,6.79693603515625,-1,2,494
2025-11-20T22:17:35.251+01:00,2364,630417.5144695,0.2662606713758132,0.0339857011785877,-0.1323232201716046,-0.1858439743518829,-0.0234732422977685,-0.0308612659573555,-0.1101348400115967,0.0374050885438919,0.0686776638031005,XArbitraryCorrectedZVertical,-0.0677694090166528,0.0080303784146396,0.131314420261896,0.9889891192573712,0.9747436046600342,-0.2224483788013458,0.0197927858680486,42.2342529296875,-23.089599609375,6.7401123046875,-1,2,495
2025-11-20T22:17:35.284+01:00,2365,630417.5493855,0.2628688054261455,0.0329959376130136,-0.1388611177684398,-0.1792959868907928,0.0007313122041523,-0.1502984315156937,-0.0348238348960876,0.0026192665100097,0.0677294731140136,XArbitraryCorrectedZVertical,-0.0709239199697482,0.0072247601677342,0.1295881326506,0.9890018163474424,0.9755433797836304,-0.2190804183483124,0.0178569834679365,42.650390625,-22.83416748046875,6.253799438476562,-1,2,496
2025-11-20T22:17:35.319+01:00,2366,630417.5843015,0.2574802810329455,0.0324353097573989,-0.144630348349425,-0.1544782966375351,-0.0024892655201256,-0.1332046985626221,0.0238146185874939,-0.0127126276493072,0.0684083700180053,XArbitraryCorrectedZVertical,-0.0737213812784262,0.0067658448715473,0.1268704163393609,0.9891527799531744,0.9767345786094666,-0.213788777589798,0.0168424490839242,42.7918701171875,-22.75057983398438,6.173675537109375,-1,2,497
2025-11-20T22:17:35.354+01:00,2367,630417.6192185,0.2551094738685082,0.0316910873410233,-0.1501701538111883,-0.1499292403459549,-0.0153705086559057,-0.0175037905573844,-0.0281499624252319,0.0066095888614654,0.0591988563537597,XArbitraryCorrectedZVertical,-0.0764057123839757,0.0061305377127122,0.1256558409128209,0.989108304234445,0.9772771000862122,-0.2114130258560181,0.0152944521978497,43.2252197265625,-23.0145263671875,6.342926025390625,-1,2,498
2025-11-20T22:17:35.389+01:00,2368,630417.6541345001,0.2566045536707242,0.0313312887685626,-0.1545592467334498,-0.0925233140587806,-0.0262577123939991,0.0902012288570404,-0.0291715264320373,-0.0059033632278442,0.036817193031311,XArbitraryCorrectedZVertical,-0.0785571240728549,0.0056129579097829,0.126353577163701,0.9888539801757192,0.9770017862319946,-0.212785616517067,0.0137809198349714,43.3013916015625,-22.83346557617188,6.266494750976562,-1,2,499
2025-11-20T22:17:35.424+01:00,2369,630417.6890505,0.2615392184333841,0.0303389808290458,-0.1565533492123097,-0.0390042029321193,-0.082154281437397,0.1729733049869537,-0.0881410241127014,-0.0161162465810775,0.0327532291412353,XArbitraryCorrectedZVertical,-0.0794921106938386,0.0047978755699643,0.1288069449298014,0.9884668891834082,0.9759888648986816,-0.2175110429525375,0.0116040976718068,43.2242431640625,-23.03817749023438,5.843368530273438,-1,2,500
2025-11-20T22:17:35.459+01:00,2370,630417.7239675,0.2683794888062105,0.0273713500778588,-0.1574348439748906,-0.0219025574624538,-0.1411982178688049,0.2013742178678513,-0.1057521104812622,-0.0524522066116333,0.0253771543502807,XArbitraryCorrectedZVertical,-0.079747164493647,0.0030006812995859,0.132294125030861,0.9879927344959564,0.97454172372818,-0.224082812666893,0.0074292044155299,43.260986328125,-23.21229553222656,5.90081787109375,-1,2,501
2025-11-20T22:17:35.494+01:00,2371,630417.7588835,0.274767574654219,0.0238689349559149,-0.1576668894482653,-0.0004678715486079,-0.0940697118639946,0.1343672573566437,-0.18217933177948,-0.0442388355731964,0.018119215965271,XArbitraryCorrectedZVertical,-0.079633562573687,0.001000570589193,0.1355859681051069,0.9875596813465216,0.9731340408325196,-0.2302209883928299,0.0029531395994126,43.11505126953125,-23.45195007324219,5.790390014648438,-1,2,502
2025-11-20T22:17:35.532+01:00,2372,630417.7937995,0.277714829685802,0.0223925636474836,-0.1570012299472455,0.0332074426114559,-0.028831273317337,0.0555023178458213,-0.1537500023841858,-0.0287446677684783,0.0358420610427856,XArbitraryCorrectedZVertical,-0.0792052209165912,0.0002005775372915,0.1371071613988001,0.987384584743923,0.972460389137268,-0.2330656349658966,0.0012062732130289,43.1766357421875,-23.53585815429688,5.605026245117188,-1,2,503
2025-11-20T22:17:35.564+01:00,2373,630417.8287165001,0.2788557357774181,0.0213535690239178,-0.155397490862184,0.0543803535401821,-0.0520163178443908,0.0023771650157868,-0.09302419424057,-0.0446908473968505,0.0629469156265258,XArbitraryCorrectedZVertical,-0.0783422635678234,-0.0002457518344386,0.1377286711862782,0.987366916957516,0.9721899032592772,-0.2341940402984619,0.0003922787436749,43.25421142578125,-23.51142883300781,5.868545532226562,-1,2,504
2025-11-20T22:17:35.598+01:00,2374,630417.8636325,0.2781591203339686,0.0183962449628213,-0.1531403637193222,0.0843843966722488,-0.1134586036205292,-0.0202753543853759,0.0019354224205017,-0.0734213590621948,0.0636765956878662,XArbitraryCorrectedZVertical,-0.077024931849625,-0.0015217424391937,0.1375227579364361,0.9874980686926976,0.9723381996154784,-0.2335701882839203,-0.0018480443395674,43.17962646484375,-23.42092895507812,5.527862548828125,-1,2,505
2025-11-20T22:17:35.634+01:00,2375,630417.8985485,0.2777978656387474,0.0129477741269609,-0.1492699309822709,0.1294570118188858,-0.1968266665935516,0.0056609925813972,0.1008564233779907,-0.1047151237726212,0.0605553984642028,XArbitraryCorrectedZVertical,-0.0747398309578946,-0.0039299636212696,0.1375863231214716,0.9876581282117688,0.9723857045173644,-0.2332975268363953,-0.0061883819289505,43.26007080078125,-23.32821655273438,5.353744506835938,-1,2,506
2025-11-20T22:17:35.668+01:00,2376,630417.9334655,0.2775131840057158,0.0053304579648391,-0.1454117288371728,0.0793162807822227,-0.2120480090379715,-0.0397190675139427,0.0902960896492004,-0.1222828179597855,0.0470170974731445,XArbitraryCorrectedZVertical,-0.0723110444340219,-0.0074145456335136,0.1377541132878437,0.9877955599146676,0.9723718762397766,-0.2330943644046783,-0.0126543380320072,43.3245849609375,-23.24398803710938,5.210235595703125,-1,2,507
2025-11-20T22:17:35.703+01:00,2377,630417.9683815,0.2743343541274567,-0.000121873910993,-0.1437220499053059,0.0374497398734092,-0.0464813075959682,-0.1522129327058792,0.2071508765220642,-0.1451646983623505,-0.005768833681941,XArbitraryCorrectedZVertical,-0.0711164959621437,-0.0098778478727027,0.1363888832150319,0.9880500558844704,0.9730247855186462,-0.2300641387701035,-0.0171193443238735,43.29949951171875,-23.08345031738281,4.998336791992188,-1,2,508
2025-11-20T22:17:35.738+01:00,2378,630418.0032975001,0.2695688083266714,-0.0028134415383094,-0.1412581266217239,0.0510497912764549,-0.0704840496182441,-0.0425864122807979,0.3541674613952637,-0.1202369183301926,-0.0039398074150085,XArbitraryCorrectedZVertical,-0.069741677180896,-0.0108734864953112,0.134139885059826,0.988445432467322,0.9740642905235292,-0.2255119383335114,-0.0185211356729269,43.376708984375,-22.71710205078125,4.983795166015625,-1,2,509
2025-11-20T22:17:35.773+01:00,2379,630418.0382135,0.2693480512713883,-0.0062475551046379,-0.1404877824244671,-0.0455542132258415,-0.0989658907055854,-0.0063985991291701,-0.0104535222053527,0.0379027128219604,-0.0033312421292066,XArbitraryCorrectedZVertical,-0.0691318911224616,-0.0125115116233422,0.1341527918176969,0.9884670977193178,0.9740458726882936,-0.2253111004829407,-0.0216626320034265,43.501953125,-22.74740600585938,4.905517578125,-1,2,510
2025-11-20T22:17:35.812+01:00,2380,630418.0731305,0.2685043006648972,-0.0081173940051565,-0.142626094516052,-0.0533479303121566,-0.0072125471197068,-0.024735327810049,-0.1013420820236206,0.1022559404373169,-0.0392755903303623,XArbitraryCorrectedZVertical,-0.0700690065497956,-0.0135489674977978,0.1337945002982604,0.9884361391084756,0.9741907119750975,-0.2244635820388794,-0.0238500405102968,43.43170166015625,-22.63809204101562,4.753082275390625,-1,2,511
2025-11-20T22:17:35.843+01:00,2381,630418.1080465,0.2680426237550766,-0.0091048039487959,-0.1434658578067048,-0.0210104770958423,-0.0689987614750862,-0.0076166498474776,-0.0352278351783752,0.0764219015836715,-0.0295215249061584,XArbitraryCorrectedZVertical,-0.0704212512055387,-0.0140766288368874,0.1335987930750608,0.9884301533816836,0.9742689728736876,-0.2240048795938492,-0.0249371696263551,43.22027587890625,-22.60519409179688,4.4466552734375,-1,2,512
2025-11-20T22:17:35.878+01:00,2382,630418.1429625,0.2669353495237923,-0.014237639366737,-0.144953757955629,-0.0665711909532547,-0.2033607810735703,-0.0274389963597059,0.0091780424118041,0.0280276983976364,-0.0497307181358337,XArbitraryCorrectedZVertical,-0.0708227875748456,-0.0166728652117869,0.1332299589123739,0.9884108440229036,0.9743729829788208,-0.222912922501564,-0.0301185306161642,43.4029541015625,-22.61734008789062,4.0794677734375,-1,2,513
2025-11-20T22:17:35.913+01:00,2383,630418.1778795001,0.2661042768320286,-0.0214522471635458,-0.1469154762319062,-0.0379704423248767,-0.1690539419651031,-0.0089819580316543,-0.0550884008407592,0.0529661029577255,-0.1029871702194214,XArbitraryCorrectedZVertical,-0.0713197815585103,-0.0203380237625926,0.1330747848110914,0.988327355809754,0.9743083119392396,-0.2220792323350906,-0.0374700315296649,43.29937744140625,-22.57765197753906,3.802017211914062,-1,2,514
2025-11-20T22:17:35.948+01:00,2384,630418.2127955001,0.2662424813294804,-0.0234655318562145,-0.1464590450825522,0.0827477946877479,0.0561697371304035,0.0116924401372671,-0.1304827332496643,0.0744234472513198,-0.123111367225647,XArbitraryCorrectedZVertical,-0.0709587087267364,-0.0213078088165166,0.1332143678454621,0.9883141835528352,0.974202275276184,-0.2222200632095337,-0.0393489599227905,43.12945556640625,-22.58285522460938,3.721649169921875,-1,2,515
2025-11-20T22:17:35.983+01:00,2385,630418.2477115,0.2672164101082458,-0.0195983869396904,-0.141821375749618,0.1648140549659729,0.1221901029348373,0.0371041819453239,-0.0567588806152343,0.0157754123210907,-0.0859858989715576,XArbitraryCorrectedZVertical,-0.0689143905264445,-0.0191250141420087,0.1335579702262209,0.9884571307183976,0.9741479158401488,-0.2232338935136795,-0.0346806049346923,43.04815673828125,-22.65885925292969,3.795059204101562,-1,2,516
2025-11-20T22:17:36.017+01:00,2386,630418.2826285,0.2690488123976487,-0.0157419849802744,-0.1361572581761711,0.1578341722488403,0.0822758600115776,0.0675465539097785,-0.0626553893089294,-0.0113472938537597,-0.0683867931365966,XArbitraryCorrectedZVertical,-0.0663561691655485,-0.0169050353725611,0.1343347865157555,0.9885673201761696,0.9738798141479492,-0.2250876128673553,-0.0298951063305139,42.84808349609375,-22.79336547851562,4.021621704101562,-1,2,517
2025-11-20T22:17:36.052+01:00,2387,630418.3175445,0.2726020430951555,-0.0126764092522352,-0.1312802336426436,0.1313807815313339,0.0724224746227264,0.1150814518332481,-0.1263220310211182,-0.0182855278253555,-0.0601562298834323,XArbitraryCorrectedZVertical,-0.0641239603183144,-0.015178408790289,0.1359959090661815,0.9885155509768438,0.9731696248054504,-0.228586420416832,-0.0262542907148599,42.75506591796875,-22.84017944335938,3.913330078125,-1,2,518
2025-11-20T22:17:36.091+01:00,2388,630418.3524606667,0.2766003850465155,-0.009281616271672,-0.1269274185310836,0.1184708997607231,0.0934180319309234,0.1096421778202057,-0.1610115170478821,-0.0170231163501739,-0.0557007789611816,XArbitraryCorrectedZVertical,-0.062176391504643,-0.0133303519576243,0.1378722421735386,0.9884065864126196,0.97233647108078,-0.2325037866830826,-0.0224394612014293,42.624755859375,-23.06503295898438,4.308822631835938,-1,2,519
2025-11-20T22:17:36.122+01:00,2389,630418.3873776667,0.2801005516310465,-0.0053274221494063,-0.12395534311518,0.0414652675390243,0.1067998930811882,0.0844055637717247,-0.1588253974914551,-0.0309876799583435,-0.0376039743423461,XArbitraryCorrectedZVertical,-0.0609602228491841,-0.0112786360338787,0.1394877473370451,0.9882812982132148,0.97160005569458,-0.2359189987182617,-0.0183195453137159,42.56280517578125,-23.27592468261719,4.33587646484375,-1,2,520
2025-11-20T22:17:36.157+01:00,2390,630418.4222936668,0.2827393283105165,-0.0006454747266788,-0.1241050761995352,-0.0453238040208816,0.1455205976963043,0.0633965879678726,-0.1263687014579773,-0.0384864062070846,-0.0469429492950439,XArbitraryCorrectedZVertical,-0.0613486923836464,-0.0090564486514632,0.1406478748334901,0.9881156145952614,0.971049427986145,-0.2384605556726456,-0.0141227422282099,42.29302978515625,-23.45030212402344,4.601348876953125,-1,2,521
2025-11-20T22:17:36.192+01:00,2391,630418.4572096667,0.2845820008626399,0.0052428024534692,-0.1268811453013449,-0.104699932038784,0.1715033650398254,0.0386494733393192,-0.0092082023620605,-0.0674356967210769,-0.0555088520050048,XArbitraryCorrectedZVertical,-0.0631280861059028,-0.0064008415723428,0.1413610514958503,0.9879225553502404,0.9706797003746032,-0.2401967197656631,-0.0092952465638518,42.162353515625,-23.85694885253906,4.69854736328125,-1,2,522
2025-11-20T22:17:36.227+01:00,2392,630418.4921266667,0.2860627867398224,0.0114046667862729,-0.1305763393164468,-0.1042284443974495,0.1650293916463852,0.0536814667284488,0.0775383114814758,-0.0830792337656021,-0.0561238527297973,XArbitraryCorrectedZVertical,-0.0653856249508831,-0.00366764047725,0.1418699681652928,0.9877166516610668,0.9703742265701294,-0.2415667176246643,-0.0043925363570451,42.287841796875,-23.890869140625,4.851242065429688,-1,2,523
2025-11-20T22:17:36.262+01:00,2393,630418.5270426667,0.2888792878668642,0.0170668032450584,-0.1344258294958389,-0.1356217265129089,0.1660952270030975,0.0774611607193946,0.1303606033325195,-0.0825391411781311,-0.0194327235221862,XArbitraryCorrectedZVertical,-0.0676860072838431,-0.001241480701306,0.1430405431671169,0.9873989008404638,0.969721794128418,-0.2442125529050827,-0.0002053721837,42.22564697265625,-24.37115478515625,5.24822998046875,-1,2,524
2025-11-20T22:17:36.297+01:00,2394,630418.5619586667,0.2881013583758495,0.0229242595836855,-0.1399785162087188,-0.16822449862957,0.1385181844234467,-0.1488896757364273,0.3834232091903687,-0.2174618095159531,-0.0137654542922973,XArbitraryCorrectedZVertical,-0.0708446351723341,0.0012770837099061,0.1423989014931039,0.987269899215226,0.9699244499206544,-0.2433688044548035,0.0042286128737032,42.16131591796875,-24.43724060058594,4.92431640625,-1,2,525
2025-11-20T22:17:36.332+01:00,2395,630418.5968746667,0.2814977307279682,0.0245223618081523,-0.1454695522047365,-0.1470805704593658,0.0183960422873497,-0.1697701662778854,0.2658832669258118,-0.0431960672140121,0.0360779762268066,XArbitraryCorrectedZVertical,-0.0736620956446715,0.0019137212348117,0.1390209939632827,0.9875440823909756,0.9715127944946288,-0.2369247227907181,0.0054106973111629,42.45562744140625,-24.47140502929688,4.751571655273438,-1,2,526
2025-11-20T22:17:36.367+01:00,2396,630418.6317916667,0.2797080742479424,0.0234981777994106,-0.1506272652845853,-0.1309890002012253,-0.0196736603975296,0.0736095085740089,-0.011956512928009,0.1506348997354507,0.0962815284729003,XArbitraryCorrectedZVertical,-0.0761357982375124,0.0011131602011827,0.1381184496954181,0.9874843648374576,0.971963107585907,-0.2351075261831284,0.0034651232417672,42.47442626953125,-24.57777404785156,4.596054077148438,-1,2,527
2025-11-20T22:17:36.402+01:00,2397,630418.6667076667,0.2864280336032584,0.0254819594132965,-0.153056159934929,-0.0454277954995632,0.0604819133877754,0.2617504596710205,-0.0817042589187622,0.0863265842199325,0.0981261730194091,XArbitraryCorrectedZVertical,-0.0774776427635803,0.0016623707831866,0.1413315770619825,0.9869244723557438,0.97039133310318,-0.241508424282074,0.0037872579414397,42.43408203125,-24.92788696289062,4.270553588867188,-1,2,528
2025-11-20T22:17:36.436+01:00,2398,630418.7016236667,0.2949881671343089,0.0290381888454501,-0.1551777303898842,-0.092423602938652,0.0721814110875129,0.1742913872003555,-0.1013753414154053,0.02637779712677,0.1150696277618408,XArbitraryCorrectedZVertical,-0.0787886103873421,0.0029279298250182,0.1453891834374741,0.9862280500654542,0.9683186411857604,-0.2496596276760101,0.0053831879049539,42.28656005859375,-25.31570434570312,4.275100708007812,-1,2,529
2025-11-20T22:17:36.471+01:00,2399,630418.7365406667,0.2987322228999316,0.0324530359447656,-0.158402525882845,-0.0891379043459892,0.072445809841156,0.0380689986050128,-0.0367170572280883,-0.0215567946434021,0.0838572978973388,XArbitraryCorrectedZVertical,-0.0806342679611497,0.0042226652804258,0.1470558501437366,0.985826952072882,0.9673961997032166,-0.2531623840332031,0.0072834016755223,42.10455322265625,-25.44825744628906,4.009719848632812,-1,2,530
2025-11-20T22:17:36.506+01:00,2400,630418.7714566668,0.2983823006622643,0.0343273498507184,-0.1615187381130861,-0.0938763916492462,0.0408727377653121,-0.052556712180376,-0.1101798415184021,0.0280816555023193,0.0801810026168823,XArbitraryCorrectedZVertical,-0.0823064736527144,0.0049277372038053,0.1467628747485224,0.9857291447160595,0.967494785785675,-0.2527520060539246,0.0083657158538699,42.3741455078125,-25.59208679199219,4.17919921875,-1,2,531
2025-11-20T22:17:36.541+01:00,2401,630418.8063726667,0.2961257395509415,0.034564830623809,-0.164562052161085,-0.0725075826048851,-0.0200105495750904,-0.052270658314228,-0.0344825387001037,0.0219296813011169,0.0611624717712402,XArbitraryCorrectedZVertical,-0.0838176264890443,0.004911846422626,0.1455966314840746,0.985774824310036,0.9680761098861694,-0.2505215108394623,0.0082039469853043,42.504638671875,-25.56300354003906,3.723373413085938,-1,2,532
2025-11-20T22:17:36.576+01:00,2402,630418.8412896667,0.2959909119112076,0.0324944523964959,-0.167148290772462,-0.0731840878725051,-0.0877702757716178,0.044361688196659,-0.0884609818458557,0.0260835587978363,0.0492191314697265,XArbitraryCorrectedZVertical,-0.0849407564439729,0.003705303542521,0.14558035530981,0.9856864337516956,0.9681453704833984,-0.2503266930580139,0.0055751157924532,42.572265625,-25.68516540527344,3.5751953125,-1,2,533
2025-11-20T22:17:36.611+01:00,2403,630418.8762056667,0.2997422740163537,0.0300111282300527,-0.1689111782366478,-0.0295139607042074,-0.0796351954340934,0.1550914794206619,-0.1428222060203552,0.0128911435604095,0.014464259147644,XArbitraryCorrectedZVertical,-0.0856326643283549,0.0021901961217089,0.1475102263230492,0.9853440671524268,0.9672391414642334,-0.2538578808307648,0.0020914752967655,42.7115478515625,-25.99911499023438,3.507720947265625,-1,2,534
2025-11-20T22:17:36.651+01:00,2404,630418.9111216667,0.3054278482382561,0.0288950627215813,-0.1686389141356285,0.0417394116520881,-0.0353405736386776,0.1380299478769302,-0.1564149260520935,-0.0188263654708862,0.0093888044357299,XArbitraryCorrectedZVertical,-0.0854206145354899,0.0014179327990881,0.1503621837638391,0.9849328240979868,0.9658021926879884,-0.2592803239822388,0.0001173999626189,42.7015380859375,-26.14381408691406,3.485519409179688,-1,2,535
2025-11-20T22:17:36.681+01:00,2405,630418.9460386666,0.3080405195454814,0.0283804081173777,-0.1660157227224041,0.0936902612447738,-0.0316437035799026,0.0036550825461745,-0.1468284726142883,-0.0375993847846984,0.0420668721199035,XArbitraryCorrectedZVertical,-0.0840922052956716,0.0012549702804209,0.1517058319358237,0.984841256481985,0.9651114940643312,-0.2618390321731567,-0.0001357029686914,42.50897216796875,-26.25782775878906,3.58795166015625,-1,2,536
2025-11-20T22:17:36.716+01:00,2406,630418.9809546667,0.3057992533099302,0.0267107869702981,-0.1627948819106883,0.0871099457144737,-0.0336609855294227,-0.1207149177789688,-0.1322599053382874,-0.0284921824932098,0.069736361503601,XArbitraryCorrectedZVertical,-0.082379144592846,0.0007730781702898,0.1507135597557408,0.9851388478263686,0.9656643867492676,-0.2597920596599579,-0.0005377874476835,42.8302001953125,-26.32760620117188,3.260040283203125,-1,2,537
2025-11-20T22:17:36.751+01:00,2407,630419.0158706667,0.3002474857376273,0.0244729786521619,-0.1602985508447751,0.0611519590020179,-0.059275597333908,-0.156270369887352,0.0500189065933227,-0.0573727786540985,0.0785214900970459,XArbitraryCorrectedZVertical,-0.0809812271555697,8.628242408880716e-05,0.148100539458737,0.985651240438186,0.96705561876297,-0.2545625865459442,-0.0011594687821343,42.7344970703125,-25.97589111328125,3.489913940429688,-1,2,538
2025-11-20T22:17:36.786+01:00,2408,630419.0507866667,0.2968394117813954,0.0203071450533432,-0.1582732410121681,0.0698942020535469,-0.1381649076938629,-0.0157432723790407,0.1574196219444275,-0.068192183971405,0.0583499073982238,XArbitraryCorrectedZVertical,-0.079677628262927,-0.0016791997540658,0.1466111442043319,0.985978693068734,0.9678856134414672,-0.2513573467731476,-0.0041355062276124,42.96331787109375,-25.70663452148438,3.29425048828125,-1,2,539
2025-11-20T22:17:36.821+01:00,2409,630419.0857036667,0.297648444788302,0.0155917784245737,-0.155382329778149,0.0741889551281929,-0.1201183497905731,0.0137973856180906,0.0725499391555786,-0.0349262058734893,0.0327095389366149,XArbitraryCorrectedZVertical,-0.0779052120078744,-0.003821376868195,0.1472253269774263,0.9860227791601164,0.9676416516304016,-0.2521983981132507,-0.0080971391871571,43.13763427734375,-25.65447998046875,3.329574584960938,-1,2,540
2025-11-20T22:17:36.855+01:00,2410,630419.1206196668,0.2933809043296219,0.013416004977435,-0.15280119021483,0.1544215679168701,-0.0603209920227527,-0.2768268287181854,0.3754571080207825,-0.1965425610542297,-0.0244320631027221,XArbitraryCorrectedZVertical,-0.0764824697175348,-0.0045394224663259,0.1452287766546136,0.986427147545444,0.9686743021011353,-0.2481748163700104,-0.0089084431529045,43.1925048828125,-25.60148620605469,3.085174560546875,-1,2,541
2025-11-20T22:17:36.892+01:00,2411,630419.1555356667,0.2852759974385153,0.0079135987048585,-0.1486734093505056,0.0652534887194633,-0.1745066195726395,-0.1776415258646011,0.17924964427948,-0.0087141543626785,0.0005139112472534,XArbitraryCorrectedZVertical,-0.0740743726914231,-0.0066517193049062,0.1414702378588384,0.9871448178360536,0.9705763459205629,-0.2404923737049103,-0.0120343277230858,43.37713623046875,-25.08554077148438,3.158477783203125,-1,2,542
2025-11-20T22:17:36.932+01:00,2412,630419.1904526667,0.2803034455814555,0.0007897858473417,-0.1493994279670666,-0.0585877522826194,-0.153165191411972,-0.097965732216835,-0.0200669765472412,0.1277320384979248,-0.039565086364746,XArbitraryCorrectedZVertical,-0.0739535011998462,-0.010035419508268,0.1392745891885834,0.9874374916298272,0.971650779247284,-0.2357032150030136,-0.0184030570089817,43.56768798828125,-24.95561218261719,3.007156372070312,-1,2,543
2025-11-20T22:17:36.960+01:00,2413,630419.2253686667,0.2807872321114278,-0.0036506423785048,-0.1508045732412482,-0.0394032225012779,-0.135796919465065,0.10073521733284,0.0259163975715637,0.0985370278358459,-0.0898724794387817,XArbitraryCorrectedZVertical,-0.0743348558105242,-0.0123434709781423,0.1396711812164156,0.987326650641484,0.9714437127113342,-0.2361407428979874,-0.0231188386678695,43.699951171875,-24.68424987792969,2.481719970703125,-1,2,544
2025-11-20T22:17:36.995+01:00,2414,630419.2602846667,0.2843220384636063,-0.009187782100858,-0.152809974687011,-0.0611933581531047,-0.1944676339626312,0.0926307812333107,-0.0275637507438659,0.067191481590271,-0.0971317291259765,XArbitraryCorrectedZVertical,-0.0749108869349514,-0.0153488844963744,0.1416149400122821,0.9869640039988248,0.9704499840736388,-0.2394936829805374,-0.0294857453554868,43.55218505859375,-24.78140258789062,2.39453125,-1,2,545
2025-11-20T22:17:37.030+01:00,2415,630419.2952016667,0.2877457068344756,-0.0140663775800039,-0.1539301968943818,0.0114837083965539,-0.1080754995346069,0.0941560044884681,-0.0975851416587829,0.0588083863258361,-0.1167479753494263,XArbitraryCorrectedZVertical,-0.0750874345174467,-0.0179637185145515,0.1434842079717061,0.9866365421326908,0.96945720911026,-0.2427530735731125,-0.0349854454398155,43.46881103515625,-24.74282836914062,1.915847778320312,-1,2,546
2025-11-20T22:17:37.065+01:00,2416,630419.3301176667,0.2902447586137233,-0.0143169539593162,-0.1519813561446375,0.1147314831614494,0.0790417268872261,0.0434548370540142,-0.1836218237876892,0.0832172334194183,-0.1072052121162415,XArbitraryCorrectedZVertical,-0.0740853942719157,-0.0180411523237062,0.1447302271459578,0.9865287672537912,0.9688390493392944,-0.2451892495155334,-0.0351135730743408,43.3660888671875,-24.80168151855469,1.760498046875,-1,2,547
2025-11-20T22:17:37.100+01:00,2417,630419.3650335417,0.2915422318191768,-0.0097590008308897,-0.1465995883993478,0.1786307245492935,0.1501238793134689,0.0363889411091804,-0.1130747199058533,0.0339737236499786,-0.0692579746246337,XArbitraryCorrectedZVertical,-0.071749734762078,-0.0154522995400065,0.1452171952550949,0.986673801785881,0.968680739402771,-0.2465438693761826,-0.0295580048114061,43.41156005859375,-24.84146118164062,2.184417724609375,-1,2,548
2025-11-20T22:17:37.135+01:00,2418,630419.3999505417,0.2923351609843101,-0.0039398066270107,-0.1410679340920338,0.13622185587883,0.1710357218980789,-0.0115947853773832,-0.1224233508110046,-0.0068910717964172,-0.0495866537094116,XArbitraryCorrectedZVertical,-0.0694376489128118,-0.0122086210214149,0.1454225737175205,0.986854424477352,0.9686452746391296,-0.2474118769168854,-0.022663751617074,42.99188232421875,-24.81869506835938,2.531875610351562,-1,2,549
2025-11-20T22:17:37.170+01:00,2419,630419.4348665416,0.2916139330273897,0.0016300196368221,-0.1365655999274512,0.1220092996954918,0.1468650996685028,-0.0227170083671808,-0.0837247967720031,-0.0172055810689926,-0.046975553035736,XArbitraryCorrectedZVertical,-0.0676238728924719,-0.009108672236324,0.1448972219531268,0.9870911866090216,0.9689329862594604,-0.2468019872903824,-0.0160585455596447,43.0362548828125,-24.74366760253906,2.98065185546875,-1,2,550
2025-11-20T22:17:37.204+01:00,2420,630419.4697825417,0.2903112482924074,0.0056841967466241,-0.1328042150500108,0.089668869972229,0.0986737236380577,-0.048373382538557,-0.1126304268836975,-0.0146232992410659,-0.0391685366630554,XArbitraryCorrectedZVertical,-0.0660654366804048,-0.006791723190052,0.1441404609567669,0.9873260845359152,0.9693045616149902,-0.2456153184175491,-0.0110329361632466,43.07977294921875,-24.70158386230469,3.291397094726562,-1,2,551
2025-11-20T22:17:37.240+01:00,2421,630419.5046995417,0.2892095401219824,0.0087920064052066,-0.1303615663612547,0.0430102795362472,0.0917464196681976,-0.0032080835662782,-0.0930108428001403,-0.0251945108175277,-0.0382071733474731,XArbitraryCorrectedZVertical,-0.0650863238376849,-0.0050450272017392,0.1435106006488943,0.9874933182334034,0.9695976972579956,-0.2445961087942123,-0.0072793131694197,43.1461181640625,-24.68771362304688,3.212127685546875,-1,2,552
2025-11-20T22:17:37.274+01:00,2422,630419.5396155417,0.2900512013872237,0.01201470420943,-0.1308350276915353,-0.0722250342369079,0.0828996673226356,0.0381061024963855,-0.079321801662445,-0.0454502254724502,-0.034896969795227,XArbitraryCorrectedZVertical,-0.065549750227357,-0.0035155410838068,0.143817450053439,0.9874247133670296,0.9694127440452576,-0.2453975230455399,-0.0043791397474706,42.77105712890625,-24.55024719238281,3.481613159179688,-1,2,553
2025-11-20T22:17:37.309+01:00,2423,630419.5745315417,0.2912995002025286,0.0157131975474869,-0.1346492637000159,-0.1231274008750916,0.1196710988879204,0.0080407988280057,-0.0330820083618164,-0.0454739332199096,-0.0631359815597534,XArbitraryCorrectedZVertical,-0.0676971009616162,-0.0020077810714426,0.1442791308197713,0.9872165421795402,0.9691322445869446,-0.2465334385633469,-0.0018969982629641,42.89398193359375,-24.57014465332031,3.747116088867188,-1,2,554
2025-11-20T22:17:37.344+01:00,2424,630419.6094485417,0.2909803068075666,0.0199931634940408,-0.1384943092833593,-0.0875649601221084,0.1206436529755592,-0.0204369779676199,0.0663551092147827,-0.0520888566970825,-0.0668079853057861,XArbitraryCorrectedZVertical,-0.0699031680009348,-0.0001636518871555,0.1439383677134132,0.9871146785677836,0.9692285060882568,-0.2461594194173813,0.0013477473985403,42.72369384765625,-24.56147766113281,3.914596557617188,-1,2,555
2025-11-20T22:17:37.379+01:00,2425,630419.6443645417,0.2903932912334742,0.023339542756218,-0.1416956488543185,-0.1269280314445496,0.0945353657007217,-0.0380108803510665,0.1278496384620667,-0.0656657069921493,-0.0216940641403198,XArbitraryCorrectedZVertical,-0.0717231151285431,0.001276258344684,0.1434968336057135,0.9870475484726488,0.9693793654441832,-0.2455372512340546,0.0038870084099471,42.53631591796875,-24.41085815429688,4.040695190429688,-1,2,556
2025-11-20T22:17:37.414+01:00,2426,630419.6792805417,0.285412310878645,0.0255561956224893,-0.1476865586294322,-0.1870893090963364,0.0110579710453748,-0.2591173052787781,0.4370545148849487,-0.2095985114574432,-0.0117616653442382,XArbitraryCorrectedZVertical,-0.0748326010014721,0.0021216323774901,0.1408900073438237,0.9871907586026756,0.9705992341041564,-0.2406425476074219,0.0053071398288011,42.64276123046875,-24.44873046875,4.0078125,-1,2,557
2025-11-20T22:17:37.452+01:00,2427,630419.7141975417,0.2770573653120071,0.0212760445017329,-0.1548558391433786,-0.2021432369947433,-0.1355680078268051,-0.1626114100217819,0.2369169592857361,0.0134529471397399,0.0434061288833618,XArbitraryCorrectedZVertical,-0.0780697697472494,-0.0001760811388207,0.1368495693583354,0.9875107377795904,0.972601592540741,-0.232477605342865,0.0007222713320516,42.771240234375,-24.06558227539062,3.928787231445312,-1,2,558
2025-11-20T22:17:37.484+01:00,2428,630419.7491135417,0.2735607295957875,0.0176607704973991,-0.1609889351487019,-0.1033524796366692,-0.0218566693365573,-0.0525944605469703,-0.064683973789215,0.1691940128803253,0.0618872046470642,XArbitraryCorrectedZVertical,-0.0808536083625576,-0.0022440130426366,0.1352040571259492,0.9875108619649026,0.973421275615692,-0.2289932072162628,-0.0036597168073058,42.881591796875,-23.70065307617188,3.6920166015625,-1,2,559
2025-11-20T22:17:37.519+01:00,2429,630419.7840295417,0.2737289951369977,0.0193082620356457,-0.1624090244948177,-0.0073648048564791,0.0840276703238487,0.0470421239733696,-0.047811210155487,0.1016377806663513,0.0907261967658996,XArbitraryCorrectedZVertical,-0.0816658329053578,-0.0015344706839417,0.1352058981829629,0.9874451286193218,0.9733941555023192,-0.2291249632835388,-0.0024083389434963,42.88836669921875,-23.831787109375,3.477569580078125,-1,2,560
2025-11-20T22:17:37.554+01:00,2430,630419.8189465418,0.2756801578105512,0.0209909551281864,-0.1643319793816916,-0.1052166074514389,-0.0030412166379392,0.0638556629419326,-0.0215163230895996,0.0472255498170852,0.1196036338806152,XArbitraryCorrectedZVertical,-0.0827278620198346,-0.0009159509951476,0.1360796877387952,0.987237298003323,0.9729626774787904,-0.2309565842151642,-0.001531099085696,42.8590087890625,-23.83509826660156,3.637710571289062,-1,2,561
2025-11-20T22:17:37.589+01:00,2431,630419.8538625417,0.2791046562557412,0.021404350978327,-0.1679687447583728,-0.100508525967598,0.0036290017887949,0.1055398508906364,-0.0833707451820373,0.0504728108644485,0.0725188851356506,XArbitraryCorrectedZVertical,-0.084548814322761,-0.0011072377676357,0.1377125890190931,0.9868563348542588,0.9721950888633728,-0.2341580539941788,-0.0025420836172997,42.56341552734375,-23.79515075683594,3.442581176757812,-1,2,562
2025-11-20T22:17:37.624+01:00,2432,630419.8887785417,0.2816876289636286,0.0219729468463857,-0.1709079861874888,-0.0696858689188957,0.0044051776640117,0.0314312502741813,-0.1183705925941467,0.0469253063201904,0.0549360513687133,XArbitraryCorrectedZVertical,-0.086036388135478,-0.0011428218120233,0.1389295490688237,0.9865571812091798,0.971611499786377,-0.2365614920854568,-0.0031172460876405,42.51837158203125,-24.03584289550781,3.140716552734375,-1,2,563
2025-11-20T22:17:37.659+01:00,2433,630419.9236955417,0.281852541745342,0.0217173552837241,-0.1728224648087122,-0.0535459071397781,-0.0400446951389312,-0.0147647652775049,-0.0586181282997131,0.0023886263370513,0.0437790751457214,XArbitraryCorrectedZVertical,-0.0869626032012934,-0.0014108268806239,0.1390001042207759,0.986465637713777,0.9715818762779236,-0.2366720288991928,-0.0038468050770461,42.5189208984375,-24.05427551269531,3.254501342773438,-1,2,564
2025-11-20T22:17:37.694+01:00,2434,630419.9586115417,0.2821679955057088,0.0191412372145103,-0.1753812002347303,-0.0805683359503746,-0.0921534374356269,0.0392865575850009,-0.0926765799522399,0.0082104355096817,0.0308288931846618,XArbitraryCorrectedZVertical,-0.088044720142255,-0.0028754044158394,0.1392398769092809,0.9863326314608384,0.971506416797638,-0.2369091063737869,-0.0070099956355988,42.31695556640625,-24.09358215332031,3.1658935546875,-1,2,565
2025-11-20T22:17:37.732+01:00,2435,630419.9935275418,0.2851564387621423,0.0171034442458106,-0.1771634750036469,-0.0034156872425228,-0.0481301695108413,0.1108976453542709,-0.1328551173210144,0.018603891134262,-0.0093672275543212,XArbitraryCorrectedZVertical,-0.0887754452843436,-0.0041385083222371,0.1407844834019869,0.9860434022246916,0.970791518688202,-0.2397189736366272,-0.0099351787939667,42.25238037109375,-24.16738891601562,2.839309692382812,-1,2,566
2025-11-20T22:17:37.763+01:00,2436,630420.0284445417,0.2893205366405108,0.0171403329725647,-0.1752466215082611,0.1136553511023521,0.008579634130001,0.1156443059444427,-0.1733379364013672,0.0344265550374984,0.0049732318148016,XArbitraryCorrectedZVertical,-0.0878246696255598,-0.0041668141924536,0.1428557786089428,0.985830523515044,0.9697858095169068,-0.2437466084957123,-0.0101612480357289,42.06207275390625,-24.31495666503906,2.981246948242188,-1,2,567
2025-11-20T22:17:37.798+01:00,2437,630420.0633605417,0.2925670911425812,0.0182847812306983,-0.1692983257646632,0.2111562341451645,0.009685062803328,0.0722661092877388,-0.163560688495636,0.0269710719585418,0.0448279976844787,XArbitraryCorrectedZVertical,-0.0849694280345622,-0.0033111819129163,0.1444696860570145,0.9858487993284868,0.968980610370636,-0.2470027506351471,-0.0081459144130349,41.9930419921875,-24.41679382324219,3.2132568359375,-1,2,568
2025-11-20T22:17:37.833+01:00,2438,630420.0982765417,0.2943290918757088,0.0176744903696559,-0.1614109631811729,0.2245761752128601,-0.0722925886511802,0.0414174869656562,-0.0807818174362182,-0.0066403895616531,0.0717982649803161,XArbitraryCorrectedZVertical,-0.0810349738406771,-0.0031077008652281,0.1454461948204676,0.986037107242725,0.968507707118988,-0.2488832771778107,-0.0070705502294003,41.99493408203125,-24.61404418945312,3.6171875,-1,2,569
2025-11-20T22:17:37.868+01:00,2439,630420.1331935417,0.2956798528576826,0.0133939683200526,-0.1539478056991924,0.1991913765668869,-0.1747648119926453,0.0501040704548358,0.0563056468963623,-0.0604419410228729,0.0720176100730896,XArbitraryCorrectedZVertical,-0.0770409263776955,-0.0047226935605261,0.1463531516553083,0.9862165403120622,0.968108296394348,-0.2503490149974823,-0.0095634562894701,41.718505859375,-24.47549438476562,3.5250244140625,-1,2,570
2025-11-20T22:17:37.903+01:00,2440,630420.1681095418,0.2989474661080811,0.0071472888460696,-0.1470767681093298,0.1881940960884094,-0.1927504986524582,0.1487328708171844,0.109036922454834,-0.0881716907024383,0.0505376458168029,XArbitraryCorrectedZVertical,-0.07318314926907,-0.0074169939111039,0.1482546816627194,0.9862098327733486,0.967195987701416,-0.2536251246929169,-0.0143590709194541,41.65692138671875,-24.51518249511719,3.497482299804688,-1,2,571
2025-11-20T22:17:37.938+01:00,2441,630420.2030255417,0.3053070043755062,0.0020014184844451,-0.1408273967082067,0.1644739955663681,-0.1401828229427338,0.1818904280662537,0.0873833894729614,-0.0957535803318023,0.0212255120277404,XArbitraryCorrectedZVertical,-0.0696891206499151,-0.0097117257442202,0.1516148290589888,0.9859321202732624,0.9654729962348938,-0.2598372101783752,-0.0186162870377302,41.5645751953125,-24.97056579589844,3.40899658203125,-1,2,572
2025-11-20T22:17:37.973+01:00,2442,630420.2379425417,0.308314129133082,0.0007380635585073,-0.1357296649154756,0.1658488661050797,0.0452301278710365,-0.0694572106003761,0.2559807300567627,-0.1732364892959595,-0.0274670720100402,XArbitraryCorrectedZVertical,-0.0670651072551574,-0.01004864110136,0.1531690150639529,0.9858704887106132,0.9646613597869872,-0.2628138959407806,-0.0189044475555419,41.42510986328125,-24.97817993164062,3.437774658203125,-1,2,573
2025-11-20T22:17:38.012+01:00,2443,630420.2728585417,0.3043118316034118,-0.000369066088008,-0.1278061328683213,0.2029700875282288,-0.0399808101356029,-0.0904722958803176,0.1986207962036133,-0.0602214336395263,-0.0089391451328992,XArbitraryCorrectedZVertical,-0.0630938746826091,-0.0098611932456116,0.1512717677646039,0.9864272697333388,0.965685784816742,-0.259129673242569,-0.0173975490033626,41.34423828125,-24.70048522949219,3.750900268554688,-1,2,574
2025-11-20T22:17:38.043+01:00,2444,630420.3077755417,0.300623179619787,-0.0027386203377224,-0.1235247379433924,0.0280822943896055,-0.0522496365010738,-0.1424980312585831,-0.0678529739379882,0.1043422222137451,0.0008819717913866,XArbitraryCorrectedZVertical,-0.0608224342538392,-0.0105940823298361,0.1495441225591393,0.9868256890253454,0.9665955305099488,-0.2556635439395905,-0.0181396529078483,41.74444580078125,-24.788818359375,3.74310302734375,-1,2,575
2025-11-20T22:17:38.078+01:00,2445,630420.3426923751,0.2970407137461504,-0.0036998132030661,-0.1223514438665698,0.0495147332549095,-0.0110119860619306,-0.0212063398212194,0.0694667696952819,0.1039274334907532,-0.0670543909072876,XArbitraryCorrectedZVertical,-0.0601911778307497,-0.0108729280079025,0.1478097191569622,0.987122726000728,0.9674900770187378,-0.2522428631782532,-0.0183490682393312,41.78192138671875,-24.56120300292969,4.014541625976562,-1,2,576
2025-11-20T22:17:38.112+01:00,2446,630420.377608375,0.2973037561320275,-0.0060497634521026,-0.1217466902253194,-0.0258483570069074,-0.1123746633529663,0.0021727953571826,0.0313854813575744,0.0714131593704223,-0.0481637679040432,XArbitraryCorrectedZVertical,-0.0597173967252369,-0.0119960178199122,0.1480120145349987,0.9871080277079838,0.9673783779144288,-0.2525043785572052,-0.0205008462071418,41.67901611328125,-24.54110717773438,3.974884033203125,-1,2,577
2025-11-20T22:17:38.148+01:00,2447,630420.412525375,0.2967078180512864,-0.0094180566925433,-0.1226295504294193,0.0062592858448624,-0.0539716370403766,-0.0247881673276424,-0.0463560819625854,0.0676692128181457,-0.0933053493499755,XArbitraryCorrectedZVertical,-0.0599078801650773,-0.0137057112690105,0.1478163028950621,0.9871036607840732,0.967452883720398,-0.2519190609455109,-0.0239127147942781,41.9173583984375,-24.49482727050781,3.6453857421875,-1,2,578
2025-11-20T22:17:38.182+01:00,2448,630420.447441375,0.2966085632726934,-0.0095198124968726,-0.1209857330290898,0.0858791172504425,0.0617812201380729,0.0151558285579085,-0.1280629634857178,0.0929732024669647,-0.0744062662124633,XArbitraryCorrectedZVertical,-0.0590896369807575,-0.0136319762974198,0.1477738938180659,0.987160344513438,0.9674794673919678,-0.2518477141857147,-0.023585706949234,42.08843994140625,-24.46229553222656,3.923324584960938,-1,2,579
2025-11-20T22:17:38.217+01:00,2449,630420.482358375,0.2978204702240744,-0.0053601013781507,-0.1171734686022593,0.1116846576333046,0.1522479057312012,0.0445904992520809,-0.0827615857124328,0.0217267572879791,-0.0523084960877895,XArbitraryCorrectedZVertical,-0.0575080996178005,-0.011332797746933,0.1482606356693943,0.9872097425959078,0.967267632484436,-0.2530651688575745,-0.0187365040183067,42.26007080078125,-24.44149780273438,4.077972412109375,-1,2,580
2025-11-20T22:17:38.252+01:00,2450,630420.5172743751,0.2990987127741866,0.0002815397926833,-0.1142820734419349,0.0387501120567321,0.1634036749601364,0.0209632907062768,-0.1070942878723145,-0.0136890113353729,-0.0268775206059217,XArbitraryCorrectedZVertical,-0.0564934458829895,-0.0083699856198174,0.1487414200636915,0.9872255581856748,0.9670336842536926,-0.2543315291404724,-0.0126885902136564,42.2657470703125,-24.3646240234375,4.387542724609375,-1,2,581
2025-11-20T22:17:38.289+01:00,2451,630420.552190375,0.2995654124597358,0.0060540465408747,-0.1141245653295456,-0.0299534611403942,0.1452435553073883,0.015630554407835,-0.1356735825538635,-0.0214631855487823,-0.0149157047271728,XArbitraryCorrectedZVertical,-0.0568434772496743,-0.0055221055935436,0.1488090079474609,0.987215416957284,0.9669723510742188,-0.2547819018363953,-0.0071180453523993,42.18658447265625,-24.26484680175781,4.719085693359375,-1,2,582
2025-11-20T22:17:38.322+01:00,2452,630420.587107375,0.3007584219734465,0.0100720015360217,-0.1159751831746489,-0.076658584177494,0.0935951098799705,0.0582365170121192,-0.1323137283325195,-0.0160847902297973,-0.0202223062515258,XArbitraryCorrectedZVertical,-0.058053499827755,-0.0037115458807605,0.149270807380654,0.9870836814152428,0.966694712638855,-0.2559030652046204,-0.003840853460133,42.29833984375,-24.23832702636719,5.089645385742188,-1,2,583
2025-11-20T22:17:38.357+01:00,2453,630420.622023375,0.3030166734897539,0.0141945370347481,-0.1190196406117102,-0.0985052436590194,0.12775819003582,0.0493720471858978,-0.1619227528572083,-0.0279834270477294,-0.0357347130775451,XArbitraryCorrectedZVertical,-0.059861188183005,-0.0019727634903663,0.1502411146404662,0.9868335716733976,0.9661372900009156,-0.2580273151397705,-0.0009016575640998,42.150146484375,-24.13165283203125,5.320236206054688,-1,2,584
2025-11-20T22:17:38.392+01:00,2454,630420.656939375,0.3029674534296593,0.0185728745844331,-0.1229677182893231,-0.1345774978399277,0.1190373003482819,-0.0599586516618728,-0.1240918636322021,-0.0485065281391143,-0.0358089208602905,XArbitraryCorrectedZVertical,-0.0621375617208234,-0.0001093667336775,0.1500493418036238,0.9867238746439382,0.9661632180213928,-0.2579204142093658,0.0023158004041761,42.2454833984375,-23.98820495605469,5.552291870117188,-1,2,585
2025-11-20T22:17:38.427+01:00,2455,630420.6918563751,0.3009610583916141,0.022783414120126,-0.1291063136595519,-0.2172065675258636,0.1480015367269516,-0.0353383272886276,-0.005921185016632,-0.0465932190418243,-0.0445371866226196,XArbitraryCorrectedZVertical,-0.0654793685284856,0.0015692432519742,0.1488647552867247,0.9866860247660264,0.9666907787322998,-0.2558969855308533,0.0050627212040126,42.2330322265625,-23.67837524414062,5.618087768554688,-1,2,586
2025-11-20T22:17:38.462+01:00,2456,630420.726772375,0.3011429838122335,0.0281600449351786,-0.1376542373584671,-0.2670136094093323,0.1537956744432449,0.0288639143109321,0.0943393111228942,-0.0610081851482391,-0.0522078275680542,XArbitraryCorrectedZVertical,-0.0700948978739612,0.0035721815856882,0.1486758552041161,0.9863921601797851,0.966665267944336,-0.2559168040752411,0.0080488808453083,42.18304443359375,-23.46218872070312,5.725814819335938,-1,2,587
2025-11-20T22:17:38.497+01:00,2457,630420.761689375,0.3031166015590078,0.0332668771220026,-0.1465805854833092,-0.2512581646442413,0.1020402684807777,0.0721973776817321,0.1076475381851196,-0.0438762903213501,-0.041398286819458,XArbitraryCorrectedZVertical,-0.0748797489282995,0.0053440280636601,0.1493486554050485,0.9859307500722044,0.9661896228790284,-0.2576220631599426,0.0104076908901333,42.180908203125,-23.34577941894531,5.797607421875,-1,2,588
2025-11-20T22:17:38.532+01:00,2458,630420.796605375,0.3043240253335901,0.0374125986325783,-0.1563534664366212,-0.3062044680118561,0.1249562501907349,-0.1014079377055168,0.214111328125,-0.1375382840633392,-0.0288712978363037,XArbitraryCorrectedZVertical,-0.0800078541816455,0.0065970708513602,0.1496421865655289,0.9854757370618846,0.9659270644187928,-0.258549302816391,0.011705114506185,42.10369873046875,-23.11956787109375,6.063995361328125,-1,2,589
2025-11-20T22:17:38.571+01:00,2459,630420.831521375,0.295863023571058,0.038481434198845,-0.1668773314947421,-0.2819766700267792,0.0168264005333185,-0.3152998387813568,0.3566142320632935,-0.1303730309009552,0.0018448820337653,XArbitraryCorrectedZVertical,-0.0852422689685259,0.0066814950339935,0.145266643838323,0.9856909808787132,0.9681232571601868,-0.250211626291275,0.0114607522264123,42.17315673828125,-22.71879577636719,5.739303588867188,-1,2,590
2025-11-20T22:17:38.601+01:00,2460,630420.8664383751,0.2874413005290259,0.0369804915785651,-0.1760107004639824,-0.2180029600858688,0.0371304154396057,-0.1395997554063797,0.0455282926559448,0.1364480257034302,0.0459308624267578,XArbitraryCorrectedZVertical,-0.0896086542796419,0.0056414792249228,0.1410394310168445,0.9859240467744972,0.9702491164207458,-0.2419319450855255,0.0092296311631798,42.61859130859375,-21.96308898925781,5.735870361328125,-1,2,591
2025-11-20T22:17:38.636+01:00,2461,630420.9013543751,0.2861236113733596,0.0414273197471304,-0.1810057334909463,-0.0785817950963974,0.2154669314622879,0.052689928561449,-0.0651625990867614,0.1339253187179565,0.0511404275894165,XArbitraryCorrectedZVertical,-0.0923778124663342,0.0075336730423155,0.1401075178633668,0.985788745504238,0.970557987689972,-0.2405384182929993,0.0125802140682935,42.478759765625,-21.57363891601562,5.8507080078125,-1,2,592
2025-11-20T22:17:38.671+01:00,2462,630420.936271375,0.2897726148387317,0.0496419030994885,-0.1840373407800846,-0.1313201487064362,0.1846741139888763,0.1021037846803665,0.0090494751930236,0.0231379717588424,0.0978555679321289,XArbitraryCorrectedZVertical,-0.0944661915211381,0.0111916434088536,0.1414681667565286,0.9853617222811676,0.969603419303894,-0.2439326196908951,0.0191334709525108,42.15557861328125,-21.37892150878906,6.542495727539062,-1,2,593
2025-11-20T22:17:38.706+01:00,2463,630420.971187375,0.2920233582233521,0.0563010088747882,-0.189806603924324,-0.1881300956010818,0.1860111951828003,-0.000147373881191,-0.0407809019088745,-0.0100171416997909,0.0915219783782959,XArbitraryCorrectedZVertical,-0.0977921790304694,0.013940345562916,0.1421424921019888,0.9849049714834256,0.969003438949585,-0.2459032088518143,0.0237428955733776,42.063720703125,-21.20710754394531,6.893264770507812,-1,2,594
2025-11-20T22:17:38.744+01:00,2464,630421.006103375,0.2908560938361197,0.0616698629205896,-0.1968882238730814,-0.2105910629034042,0.1193656474351883,-0.0754966288805007,-0.066395878791809,0.0398729592561721,0.0987436771392822,XArbitraryCorrectedZVertical,-0.1016475813109879,0.0161205866566068,0.1411476202617349,0.9846244660787428,0.9692432284355164,-0.2445696145296097,0.0274464190006256,41.85833740234375,-21.17897033691406,7.129043579101562,-1,2,595
2025-11-20T22:17:38.776+01:00,2465,630421.0410203751,0.2878387384729406,0.0628723845110907,-0.2041604868832981,-0.1924068480730057,-0.0289911571890115,-0.1035707965493202,-0.0221906304359436,0.0542992353439331,0.0768787860870361,XArbitraryCorrectedZVertical,-0.1052841581390628,0.0163361111531414,0.1394361440883962,0.9844825949545452,0.970020830631256,-0.2414634972810745,0.0274759791791439,41.83929443359375,-20.70339965820312,7.041229248046875,-1,2,596
2025-11-20T22:17:38.812+01:00,2466,630421.0759363751,0.2853361764520005,0.0592950068033171,-0.2105095472980372,-0.1440234333276749,-0.1293733417987823,-0.050584927201271,-0.0796955227851867,0.0800427794456481,0.044349081814289,XArbitraryCorrectedZVertical,-0.1081389021445111,0.0142481829306346,0.1382528894262435,0.984372536011089,0.970778465270996,-0.2388715445995331,0.0230184625834226,41.826171875,-20.50930786132812,7.052032470703125,-1,2,597
2025-11-20T22:17:38.851+01:00,2467,630421.110853375,0.2856768600851399,0.0544993607717315,-0.2132133224315082,0.0006062355823814,-0.1404387205839157,0.0709573477506637,-0.1138399243354797,0.0803174525499343,-0.0061688423156738,XArbitraryCorrectedZVertical,-0.1091386884086238,0.0116742772622877,0.1386228879993484,0.9842439655766668,0.970834493637085,-0.2391003668308258,0.0176434498280286,41.59222412109375,-20.20257568359375,6.741470336914062,-1,2,598
2025-11-20T22:17:38.880+01:00,2468,630421.145769375,0.2899224583164819,0.0508906131068796,-0.2098959646831915,0.1776605248451233,-0.1130400896072388,0.1531470417976379,-0.1625214815139771,0.0620451420545578,-0.0143738985061645,XArbitraryCorrectedZVertical,-0.1072782097133413,0.0099097411472801,0.1409754774682689,0.9841337327774898,0.969864010810852,-0.2432432174682617,0.0140229351818561,41.19415283203125,-20.25657653808594,6.534271240234375,-1,2,599
2025-11-20T22:17:38.916+01:00,2469,630421.180685375,0.2943150277855701,0.0484955830479188,-0.2007371776606731,0.3231273889541626,-0.078983299434185,0.0971400439739227,-0.1874008774757385,0.0238191783428192,0.0059249391779303,XArbitraryCorrectedZVertical,-0.1026251834265837,0.0091749405127112,0.1434430119655494,0.984280443616832,0.968742311000824,-0.2477265894412994,0.01302638836205,40.96630859375,-20.17546081542969,6.779815673828125,-1,2,600
2025-11-20T22:17:38.950+01:00,2470,630421.215602375,0.2953468815183152,0.0459118220654606,-0.1883364881779274,0.3677428066730499,-0.0847743451595306,-0.0060449331067502,-0.1579425930976868,-0.0008138716220855,0.044907808303833,XArbitraryCorrectedZVertical,-0.096343626798862,0.0087719288885014,0.1443119520803381,0.9847919028551468,0.9683825969696044,-0.2491098195314407,0.01339603215456,40.57916259765625,-20.08467102050781,6.954803466796875,-1,2,601
2025-11-20T22:17:38.985+01:00,2471,630421.2505183751,0.2931686514347732,0.0418764966596391,-0.1757166863246748,0.3500594198703766,-0.1329276412725449,-0.075372390449047,-1.353025436401367e-05,-0.0624853074550628,0.0811545848846435,XArbitraryCorrectedZVertical,-0.0898315429930259,0.0078190271724757,0.1436472906010366,0.9855123885239264,0.9688245058059692,-0.2474053800106049,0.0130226444453001,40.4752197265625,-19.78909301757812,7.320327758789062,-1,2,602
2025-11-20T22:17:39.020+01:00,2472,630421.2854353751,0.2907687148391148,0.0347987557328617,-0.1647845233064724,0.2685139179229736,-0.2592012882232666,-0.0026824562810361,0.1645177602767944,-0.1311734765768051,0.0851953029632568,XArbitraryCorrectedZVertical,-0.0839305305828677,0.0052354653702724,0.1429426525987962,0.986151990693884,0.9693780541419984,-0.24539814889431,0.0092717809602618,40.26641845703125,-19.61770629882812,6.846054077148438,-1,2,603
2025-11-20T22:17:39.055+01:00,2473,630421.320351375,0.2929735738577713,0.0252592281277683,-0.1571027728468579,0.1841555833816528,-0.278365433216095,0.116217702627182,0.1136505603790283,-0.1080852150917053,0.0377148389816284,XArbitraryCorrectedZVertical,-0.079461745855997,0.0010025615794987,0.1445213461098372,0.9863054333966635,0.9688383340835572,-0.2476886510848999,0.0015613071154803,39.90728759765625,-19.59623718261719,6.953567504882812,-1,2,604
2025-11-20T22:17:39.092+01:00,2474,630421.3552676667,0.2959106395818201,0.0175686226735782,-0.1516056118518209,0.1341192126274109,-0.1549414247274399,-0.0017726281657814,0.0423799157142639,-0.075839877128601,0.0089983344078063,XArbitraryCorrectedZVertical,-0.076191166011684,-0.0025001459140771,0.1463291320908136,0.9862943516414988,0.9680723547935486,-0.250621885061264,-0.0049700755625963,39.84210205078125,-19.76821899414062,6.723831176757812,-1,2,605
2025-11-20T22:17:39.129+01:00,2475,630421.3901846667,0.2900930761041173,0.0127740077404074,-0.1459043640241371,0.2194422483444214,-0.1554493308067322,-0.2367586046457291,0.3916617631912231,-0.1721290051937103,-0.0310310125350952,XArbitraryCorrectedZVertical,-0.0730413433421092,-0.0042317485580629,0.1436904429832055,0.9869144911403144,0.969452738761902,-0.2451683282852173,-0.0073448615148663,39.4993896484375,-19.144775390625,6.820236206054688,-1,2,606
2025-11-20T22:17:39.160+01:00,2476,630421.4251006667,0.285253147958867,0.0057220450046956,-0.1386551078594337,0.1945257484912872,-0.21818608045578,-0.0431595928966999,0.1560017466545105,0.0079288482666015,-0.0150616755709052,XArbitraryCorrectedZVertical,-0.0689740673782772,-0.0070213647296205,0.1416052961124198,0.9874923681555702,0.9705393314361572,-0.240655854344368,-0.011748056858778,39.38873291015625,-19.15733337402344,6.615020751953125,-1,2,607
2025-11-20T22:17:39.195+01:00,2477,630421.4600166667,0.2844280616108509,-0.0025286807073262,-0.133411701749045,0.153985470533371,-0.2436081022024155,-0.0406338833272457,-0.0497432947158813,0.080449491739273,-0.0484770536422729,XArbitraryCorrectedZVertical,-0.0658046132601303,-0.0106963373517875,0.1415032287189092,0.9876903462499892,0.9706112146377563,-0.2399495840072632,-0.0183870308101177,39.204833984375,-19.03866577148438,6.305038452148438,-1,2,608
2025-11-20T22:17:39.230+01:00,2478,630421.4949336667,0.279504940482125,-0.0124658364255989,-0.1277126568476044,0.158829540014267,-0.306249737739563,-0.2666959762573242,-0.0278337597846984,0.0435825139284133,-0.0676961541175842,XArbitraryCorrectedZVertical,-0.0623231110899595,-0.0150483734027533,0.1394052563934381,0.9881576538118004,0.9715745449066162,-0.2352938801050186,-0.0260691177099943,39.25018310546875,-18.98851013183594,6.284988403320312,-1,2,609
2025-11-20T22:17:39.265+01:00,2479,630421.5298496668,0.2689675605757248,-0.025442971412903,-0.1236394846690043,0.0780637040734291,-0.3158231973648071,-0.2744258344173431,0.0089860558509826,0.0609128922224044,-0.1090089082717896,XArbitraryCorrectedZVertical,-0.0595152075370911,-0.020864964274966,0.1345906395084131,0.9888922964262876,0.9736341238021852,-0.2251736968755722,-0.0365141853690147,39.3170166015625,-18.36959838867188,6.039505004882812,-1,2,610
2025-11-20T22:17:39.300+01:00,2480,630421.5647666667,0.2632348020069082,-0.0338476662895186,-0.1204720131499037,0.0934998616576194,-0.0815761908888816,-0.0616060681641101,-0.0879546403884887,0.1076772511005402,-0.1297256350517273,XArbitraryCorrectedZVertical,-0.0574534586347408,-0.0246455556283999,0.1319908962789248,0.9892775597424892,0.9746122360229492,-0.2196614593267441,-0.043354857712984,39.1982421875,-18.12413024902344,5.522125244140625,-1,2,611
2025-11-20T22:17:39.335+01:00,2481,630421.5996826667,0.2622447376829663,-0.0310377474930718,-0.1162530253294728,0.1463980227708817,0.2190688401460648,-0.0359955020248889,-0.1537815928459167,0.0673308372497558,-0.1173980236053467,XArbitraryCorrectedZVertical,-0.0555626240210168,-0.0229537271984347,0.1314042042668359,0.9895043317070966,0.9749789834022522,-0.2187437415122986,-0.0395844802260398,38.9290771484375,-18.13969421386719,5.690521240234375,-1,2,612
2025-11-20T22:17:39.371+01:00,2482,630421.6345986667,0.2611550450017221,-0.021216511991997,-0.1107110991185148,0.1605553478002548,0.3325916230678558,-0.0278452914208173,-0.1040958762168884,0.0240400582551956,-0.0804635286331176,XArbitraryCorrectedZVertical,-0.0534740620048857,-0.0177052198181076,0.1305819300595859,0.9898360701093316,0.9755863547325134,-0.2177350968122482,-0.0286826007068157,38.77435302734375,-18.136474609375,6.295135498046875,-1,2,613
2025-11-20T22:17:39.411+01:00,2483,630421.6695156667,0.2604613068506261,-0.0089787161849343,-0.1055440866011151,0.1377452909946442,0.3555794656276703,-0.0114085897803306,-0.1565065383911133,0.0094584673643112,-0.0410789251327514,XArbitraryCorrectedZVertical,-0.0517181664838524,-0.0112950066736779,0.1299155413338974,0.990110985340668,0.976025640964508,-0.21710005402565,-0.0155465239658951,38.6314697265625,-18.29322814941406,6.689437866210938,-1,2,614
2025-11-20T22:17:39.439+01:00,2484,630421.7044316668,0.2612503323961686,0.0022459985067859,-0.1012329084025074,0.1039496958255768,0.2732846736907959,0.0446388535201549,-0.1396617889404297,-0.0095692873001098,-0.0235350728034973,XArbitraryCorrectedZVertical,-0.0503098623526237,-0.0054781702753145,0.1300307644386565,0.990217657720913,0.9759654402732848,-0.2178934663534164,-0.0037324225995689,38.38580322265625,-18.25334167480469,7.163833618164062,-1,2,615
2025-11-20T22:17:39.474+01:00,2485,630421.7393486667,0.2630500489678148,0.0103288953987823,-0.0988002696929987,0.036615289747715,0.1807814538478851,0.0509779341518878,-0.1243557333946228,-0.0560104846954345,-0.0181809663772583,XArbitraryCorrectedZVertical,-0.0496293641040322,-0.0013623414781243,0.1307315862075504,0.9901739432120352,0.9755672812461852,-0.2196547538042068,0.0045090317726135,38.01788330078125,-18.54698181152344,7.58477783203125,-1,2,616
2025-11-20T22:17:39.509+01:00,2486,630421.7742646667,0.2639711419053041,0.0162307719292166,-0.0990913294378362,-0.0592150650918483,0.1611615568399429,-0.0199694950133562,-0.1503880023956299,-0.0664552897214889,-0.0284972190856933,XArbitraryCorrectedZVertical,-0.0501597191693369,0.0015173811034874,0.131038461584959,0.990106371979988,0.9753238558769226,-0.2205472141504288,0.0101104015484452,37.89361572265625,-18.9085693359375,7.701858520507812,-1,2,617
2025-11-20T22:17:39.544+01:00,2487,630421.8091806667,0.2618227651576394,0.0215382173234714,-0.1030014019874578,-0.1576559543609619,0.1643981784582138,-0.0781796500086784,-0.0354331731796264,-0.0618503093719482,-0.0490128993988037,XArbitraryCorrectedZVertical,-0.0524383853810545,0.0039431722193383,0.1298075325681722,0.990143728970334,0.9757406711578368,-0.2184383124113083,0.0146501120179891,37.70196533203125,-18.92979431152344,7.872482299804688,-1,2,618
2025-11-20T22:17:39.579+01:00,2488,630421.8440976667,0.2602517953957373,0.0272955038787711,-0.1096635073619782,-0.215479776263237,0.168327197432518,-0.0104861939325928,0.1094632744789124,-0.0762085318565368,-0.0572744607925415,XArbitraryCorrectedZVertical,-0.0561040825449442,0.0064009257882445,0.1288102855782215,0.990060266893766,0.9760164618492126,-0.2168669849634171,0.0189900826662778,37.716796875,-19.01412963867188,7.747894287109375,-1,2,619
2025-11-20T22:17:39.614+01:00,2489,630421.8790136667,0.261051561201139,0.0331309741587009,-0.1175709154916637,-0.2373688369989395,0.1476665884256363,0.0335164852440357,0.1297542452812195,-0.0531311631202697,-0.035706877708435,XArbitraryCorrectedZVertical,-0.0603961172960577,0.0087496593074295,0.1289478947057895,0.989771744048334,0.9757753610610962,-0.2175749391317368,0.0228741653263568,37.64849853515625,-19.39024353027344,7.651092529296875,-1,2,620
2025-11-20T22:17:39.652+01:00,2490,630421.9139306667,0.2607870980500749,0.0390028498315693,-0.1269515910766867,-0.2856523990631104,0.1977482438087463,-0.1217506378889084,0.2009366750717163,-0.0826451033353805,-0.0082736015319824,XArbitraryCorrectedZVertical,-0.0654131141388322,0.0110494195195004,0.1285113688534287,0.9894866847741048,0.9757600426673888,-0.2172205746173859,0.0265993922948837,37.53765869140625,-19.65158081054688,7.6119384765625,-1,2,621
2025-11-20T22:17:39.684+01:00,2491,630421.9488466667,0.2529716850507507,0.0427049054499114,-0.1369225402175191,-0.2901108264923096,0.057112667709589,-0.2614848911762238,0.3919873833656311,-0.0635391920804977,0.0568684339523315,XArbitraryCorrectedZVertical,-0.0705329163971666,0.0125030513930165,0.1243757441280132,0.9896461718428202,0.977366864681244,-0.2095320522785187,0.0291605312377214,37.79241943359375,-19.66813659667969,7.5574951171875,-1,2,622
2025-11-20T22:17:39.719+01:00,2492,630421.9837626667,0.2482216097543986,0.0416549403339958,-0.1468382594487707,-0.2732090055942535,-0.0351973697543144,0.0031290433835238,0.1237660050392151,0.1441619247198105,0.1046141386032104,XArbitraryCorrectedZVertical,-0.0753443307934339,0.0115315010442739,0.1219162579453319,0.9896093473405938,0.9784373044967652,-0.2048003226518631,0.0267791878432035,37.81292724609375,-19.71147155761719,7.4034423828125,-1,2,623
2025-11-20T22:17:39.754+01:00,2493,630422.0186796667,0.2529913746412807,0.0437131980727345,-0.1536859300946963,-0.1273225098848343,0.1071922034025192,0.214012399315834,-0.0477988719940185,0.1476650983095169,0.1025301218032837,XArbitraryCorrectedZVertical,-0.0788848520946832,0.0119337119254565,0.1240919432431452,0.9890581082315472,0.9774863123893738,-0.2093105763196945,0.0266355741769075,37.66290283203125,-20.04983520507812,6.936141967773438,-1,2,624
2025-11-20T22:17:39.788+01:00,2494,630422.0535956667,0.2613002281719105,0.0492060907840532,-0.156611089341354,-0.0937282219529151,0.091370403766632,0.2183811366558075,0.0081786513328552,0.0348303020000457,0.1309999227523804,XArbitraryCorrectedZVertical,-0.0807304964875789,0.0141281201167962,0.1279322298878619,0.98839078079778,0.97564697265625,-0.2172796130180359,0.0300413463264703,37.63787841796875,-20.64263916015625,7.0618896484375,-1,2,625
2025-11-20T22:17:39.823+01:00,2495,630422.0885116667,0.267831149701226,0.0517015341229494,-0.1608930397898046,-0.1587262004613876,-0.0057536223903298,0.1450813561677933,-0.0282928347587585,-0.0169910341501236,0.1292142868041992,XArbitraryCorrectedZVertical,-0.0830536155158444,0.0148079138843123,0.1309808678459136,0.98778892416052,0.9742310047149658,-0.2234874814748764,0.0304536484181881,37.69390869140625,-21.11048889160156,7.014511108398438,-1,2,626
2025-11-20T22:17:39.858+01:00,2496,630422.1234286667,0.2725509204146175,0.0508432317964989,-0.1669725198795627,-0.1997369676828384,-0.0802092626690864,0.0947248265147209,-0.109636127948761,0.0051168650388717,0.1005624532699585,XArbitraryCorrectedZVertical,-0.0860307313538131,0.0137703883503196,0.1332371263927448,0.9872471806185272,0.9732988476753236,-0.2278951555490494,0.0274435635656118,37.7572021484375,-21.47164916992188,6.532012939453125,-1,2,627
2025-11-20T22:17:39.893+01:00,2497,630422.1583446667,0.2741527526413904,0.0475891094857984,-0.1739734442210128,-0.2006615102291107,-0.1215028017759323,-0.0105416812002658,-0.1293702721595764,-0.0027544647455215,0.0542641878128051,XArbitraryCorrectedZVertical,-0.0892766436531425,0.0116118434043236,0.1340446993114257,0.9868772739298838,0.9731048345565796,-0.2292706221342087,0.0223958995193243,38.02752685546875,-21.82745361328125,6.075393676757812,-1,2,628
2025-11-20T22:17:39.932+01:00,2498,630422.1932616667,0.2734684841053143,0.0422641269887219,-0.1807720401864204,-0.1897716969251633,-0.1788015961647034,-0.0351478829979896,-0.1265959739685059,-0.0120918154716491,0.0333651266992092,XArbitraryCorrectedZVertical,-0.0922690735525326,0.0085469431032532,0.1338323512129272,0.9866621330176432,0.9734280705451964,-0.2284476459026337,0.0157833360135555,38.173583984375,-21.90925598144531,5.729248046875,-1,2,629
2025-11-20T22:17:39.963+01:00,2499,630422.2281776667,0.2729745754741711,0.0355721504091432,-0.1869883891111573,-0.1535565704107285,-0.1877115517854691,-0.0011541559360921,-0.1630035042762756,-0.0096134841442108,-0.0022369613870978,XArbitraryCorrectedZVertical,-0.0948845324128683,0.0048421336360601,0.133803290846118,0.9864432611628828,0.9736725091934204,-0.227813258767128,0.0079437624663114,38.50811767578125,-22.08845520019531,5.267425537109375,-1,2,630
2025-11-20T22:17:39.998+01:00,2500,630422.2630936668,0.2733661315706989,0.0297841726275397,-0.1911004568796765,-0.0747286677360534,-0.1439112275838852,-0.0042671374976634,-0.1831457614898682,3.315508365631104e-05,-0.0057525634765625,XArbitraryCorrectedZVertical,-0.0965244409755684,0.0016871303598819,0.1342138090921315,0.9862388436546352,0.9736427068710328,-0.2280757427215576,0.0012969762319698,38.81329345703125,-22.06382751464844,4.798049926757812,-1,2,631
2025-11-20T22:17:40.033+01:00,2501,630422.2980106667,0.2731282804521805,0.0256712338456198,-0.192279238847377,0.0067968484945595,-0.090292751789093,-0.0048379208892583,-0.14845871925354,0.0096608102321624,0.0175791978836059,XArbitraryCorrectedZVertical,-0.0968293517283313,-0.0004101781596095,0.1342796017464621,0.9862013127044466,0.9736999273300172,-0.2278157025575638,-0.0029307680670171,39.314453125,-21.98786926269531,4.126815795898438,-1,2,632
2025-11-20T22:17:40.068+01:00,2502,630422.3329266667,0.2726848735620118,0.0231084445103723,-0.1907844128997134,0.0681292563676834,-0.0544845052063465,-0.0338574759662151,-0.1173812747001648,0.0009472221136093,0.0449642539024353,XArbitraryCorrectedZVertical,-0.0959206536414165,-0.0015505266955138,0.134203150552563,0.98629938009265,0.973780870437622,-0.2274334281682968,-0.0050014979206025,39.52349853515625,-21.92636108398438,4.125106811523438,-1,2,633
2025-11-20T22:17:40.103+01:00,2503,630422.3678423751,0.2709598277395866,0.0211246404381471,-0.1878339045572935,0.1016256734728813,-0.0549622513353824,-0.0697200670838356,0.0338395237922668,-0.0369384437799453,0.062398076057434,XArbitraryCorrectedZVertical,-0.0943347320044842,-0.0022464081319064,0.133481687433055,0.9865487823536074,0.9741407036781312,-0.2258636206388474,-0.0059406128711998,39.89501953125,-22.04632568359375,3.793258666992188,-1,2,634
2025-11-20T22:17:40.138+01:00,2504,630422.402759375,0.2685561827052665,0.0169064513034885,-0.1835453908515619,0.1459794640541077,-0.1572444885969162,-0.0368706695735454,0.1856372356414795,-0.0734916478395462,0.056083858013153,XArbitraryCorrectedZVertical,-0.0919426194146902,-0.0039266047204399,0.132539093398139,0.986896475543109,0.9746259450912476,-0.2236732542514801,-0.0086443070322275,40.3701171875,-21.80043029785156,3.491363525390625,-1,2,635
2025-11-20T22:17:40.173+01:00,2505,630422.437675375,0.2688590727683089,0.0118097903106768,-0.1778098480022289,0.1894038468599319,-0.1176489815115929,0.0418391451239585,0.1008613705635071,-0.0212419331073761,0.027151882648468,XArbitraryCorrectedZVertical,-0.0887735426547804,-0.0060711094013219,0.1329738151031922,0.9871171980905794,0.9744864702224731,-0.2241041213274002,-0.0123814409598708,40.6632080078125,-21.7467041015625,3.409347534179688,-1,2,636
2025-11-20T22:17:40.212+01:00,2506,630422.472591375,0.2696213396099165,0.0099683873646948,-0.1705741330285029,0.2297658920288086,0.0113692265003919,-0.02305275388062,0.1989727020263672,-0.0460236370563507,0.0023818025365471,XArbitraryCorrectedZVertical,-0.0850772225136846,-0.0065277793564125,0.1334917999606929,0.9873698442624212,0.974275529384613,-0.2250029146671295,-0.0126814963296055,40.99200439453125,-21.69664001464844,3.33642578125,-1,2,637
2025-11-20T22:17:40.242+01:00,2507,630422.507508375,0.268843612211549,0.0071302202951873,-0.1606184292715974,0.2727494239807129,-0.1526752561330795,0.0633471086621284,0.335878312587738,-0.0476889163255691,0.0111452350392937,XArbitraryCorrectedZVertical,-0.0799749641931776,-0.0072296398168958,0.133301138750372,0.987817059453399,0.9743938446044922,-0.2244667857885361,-0.0130831217393279,41.65167236328125,-21.57080078125,3.503219604492188,-1,2,638
2025-11-20T22:17:40.277+01:00,2508,630422.5424243751,0.2712407445106864,0.0004185239569064,-0.1534042612450915,0.100030355155468,-0.2122162729501724,0.0467405542731285,0.0127387046813964,0.0742944926023483,0.0026889462023973,XArbitraryCorrectedZVertical,-0.075951536310201,-0.0101536158913309,0.1347915970478607,0.9879066191529569,0.9737419486045836,-0.2269128561019897,-0.0183597654104232,41.80859375,-21.50016784667969,3.017837524414062,-1,2,639
2025-11-20T22:17:40.312+01:00,2509,630422.577341375,0.272500432619611,-0.0057640887559681,-0.1507121309737758,0.0624343082308769,-0.1611934155225754,0.0404195562005043,0.0186941623687744,0.0862531512975692,-0.0944569706916809,XArbitraryCorrectedZVertical,-0.074196389061501,-0.0130730443355769,0.1356579798820063,0.9878870475750652,0.9733253121376038,-0.2281750738620758,-0.0239512752741575,42.07379150390625,-21.48994445800781,2.86859130859375,-1,2,640
2025-11-20T22:17:40.347+01:00,2510,630422.612257375,0.2724506740689542,-0.0112093259926675,-0.1491308482715346,0.0207437947392463,-0.1515947133302689,-0.062331773340702,-0.0205594301223754,0.0634067803621292,-0.1019460558891296,XArbitraryCorrectedZVertical,-0.0730460061031133,-0.0156540520683685,0.1358385602004045,0.9879105234956754,0.9731961488723756,-0.2281558811664581,-0.028882822021842,42.39337158203125,-21.47323608398438,2.624862670898438,-1,2,641
2025-11-20T22:17:40.382+01:00,2511,630422.647173375,0.2699908055229712,-0.0158762183901881,-0.1479851133533015,0.0658434703946113,-0.0771711692214012,-0.0446107871830463,-0.0390182137489318,0.0762406587600708,-0.1222867891192436,XArbitraryCorrectedZVertical,-0.0721847584019718,-0.0177932314051455,0.1347947611622618,0.9880804704545364,0.9736188650131226,-0.225807249546051,-0.0328188650310039,42.8927001953125,-21.37759399414062,2.108154296875,-1,2,642
2025-11-20T22:17:40.417+01:00,2512,630422.682090375,0.2698902995532186,-0.0162131539380282,-0.1442318641074654,0.146334171295166,0.0681103244423866,0.0090722907334566,-0.1461451649665833,0.1034137159585953,-0.0934773683547973,XArbitraryCorrectedZVertical,-0.070308254973631,-0.0177053706047374,0.1347606504486222,0.9882220636063656,0.9736445546150208,-0.2257739156484604,-0.0322855524718761,43.12835693359375,-21.2713623046875,2.190597534179688,-1,2,643
2025-11-20T22:17:40.452+01:00,2513,630422.7170063751,0.2702000742836454,-0.0121640925144588,-0.1376663623445885,0.2153420448303223,0.1413108259439468,0.0109371654689312,-0.0925655961036682,0.0292005538940429,-0.0545505285263061,XArbitraryCorrectedZVertical,-0.0673336134623852,-0.0152759290205806,0.1347824999805472,0.9884667463161348,0.9737148284912108,-0.2261762320995331,-0.0269009601324796,43.701416015625,-20.99900817871094,2.207382202148438,-1,2,644
2025-11-20T22:17:40.491+01:00,2514,630422.751922375,0.2709451891747773,-0.0075567910476502,-0.1305386077466825,0.183007538318634,0.1144132763147354,0.0167950056493282,-0.1104052066802979,-0.0071182996034622,-0.0228670239448547,XArbitraryCorrectedZVertical,-0.0641156952008178,-0.012544655637921,0.1350142297276622,0.988687499015829,0.9736711382865906,-0.2269972711801529,-0.0208952166140079,44.00347900390625,-20.90748596191406,2.625320434570312,-1,2,645
2025-11-20T22:17:40.522+01:00,2515,630422.786839375,0.2713478114888696,-0.0038983422729243,-0.1250145013338221,0.1366081535816193,0.0905769169330596,0.0170631483197212,-0.1529910564422607,-0.0218099951744079,-0.0143904704600572,XArbitraryCorrectedZVertical,-0.0616292620559787,-0.0103765718527767,0.1351142718777372,0.9888571726694408,0.973654568195343,-0.2274575680494308,-0.0161271207034587,44.2735595703125,-20.97309875488281,2.887130737304688,-1,2,646
2025-11-20T22:17:40.557+01:00,2516,630422.821755375,0.2724911982083906,-0.0011059802364307,-0.1209628742238119,0.0920223444700241,0.072184070944786,0.040136806666851,-0.1747300624847412,-0.021114557981491,-0.0139446835964918,XArbitraryCorrectedZVertical,-0.0598094459789125,-0.0087567151797178,0.1356092237443515,0.9889166908285548,0.9734359979629515,-0.2286107242107391,-0.0126209249719977,44.67401123046875,-20.73574829101562,3.14697265625,-1,2,647
2025-11-20T22:17:40.592+01:00,2517,630422.856671375,0.2736789413244785,0.0018299782117267,-0.119003998145794,0.017664685845375,0.0855739191174507,0.0251680128276348,-0.1410890221595764,-0.0452131330966949,-0.0270922780036926,XArbitraryCorrectedZVertical,-0.0590355684394832,-0.0072072096070493,0.1361174327068202,0.9889059949859512,0.9731966257095336,-0.2297807633876801,-0.0094525702297687,44.86553955078125,-20.47052001953125,3.249435424804688,-1,2,648
2025-11-20T22:17:40.626+01:00,2518,630422.8915883751,0.2743251501659597,0.0051876434581303,-0.1201089214926481,-0.0873423963785171,0.105906218290329,0.0041247620247304,-0.1133347749710083,-0.0517881959676742,-0.0381778478622436,XArbitraryCorrectedZVertical,-0.0598084979639277,-0.0056416333253232,0.1363317344298288,0.9888400602865224,0.973075807094574,-0.2303925156593323,-0.0065151369199156,44.9659423828125,-20.32525634765625,3.48541259765625,-1,2,649
2025-11-20T22:17:40.661+01:00,2519,630422.9265043751,0.2745605168884681,0.0093591664111299,-0.1246752971423426,-0.161177471280098,0.1359786242246628,0.0269336719065904,-0.0064520835876464,-0.0583148598670959,-0.0565983653068542,XArbitraryCorrectedZVertical,-0.0623496534269189,-0.0038987192810756,0.1362933738316744,0.9886969005870888,0.9730506539344788,-0.2305645346641541,-0.0035365116782486,45.008056640625,-20.13304138183594,3.582427978515625,-1,2,650
2025-11-20T22:17:40.696+01:00,2520,630422.961421375,0.2765375384924211,0.0144277382928537,-0.1304854359532613,-0.1723541617393494,0.1309157460927963,0.0758203864097595,0.0815470218658447,-0.0698367953300476,-0.0608039498329162,XArbitraryCorrectedZVertical,-0.0655646884282373,-0.0018559444953524,0.1370659749360243,0.9883879306340314,0.9726216197013856,-0.2323939800262451,-0.0002007413422688,45.21685791015625,-19.89100646972656,3.8494873046875,-1,2,651
2025-11-20T22:17:40.732+01:00,2521,630422.996337375,0.2801875583349729,0.0182423070764664,-0.136271499847363,-0.1787749379873276,0.0566053502261638,0.1180488914251328,0.1212076544761658,-0.0586716085672378,-0.0253647565841674,XArbitraryCorrectedZVertical,-0.0686838865330616,-0.0004957345726478,0.1386912667364285,0.9879509700237816,0.9717946648597716,-0.235823005437851,0.0016678475076332,45.30914306640625,-19.90498352050781,3.889236450195312,-1,2,652
2025-11-20T22:17:40.772+01:00,2522,630423.031253375,0.2818729531017223,0.0209342582296353,-0.1442219222430212,-0.279011458158493,0.0764509588479995,-0.0979196652770042,0.2351567149162292,-0.1503260433673859,-0.0109552145004272,XArbitraryCorrectedZVertical,-0.0727966793314181,0.0002161020031483,0.1393509809579232,0.9875636010256316,0.9714319109916688,-0.2373081743717194,0.0021661419887095,45.3653564453125,-19.90299987792969,4.200485229492188,-1,2,653
2025-11-20T22:17:40.801+01:00,2523,630423.0661703751,0.275103124587069,0.0192662595165426,-0.1547883612632689,-0.3355518281459808,-0.0648953020572662,-0.2111696153879166,0.2995350360870361,-0.0814412534236908,0.0433194041252136,XArbitraryCorrectedZVertical,-0.0779000069483424,-0.0010876379219357,0.1359636600737205,0.9876458416728738,0.9730479121208192,-0.2306009382009506,-0.000915223674383,45.5736083984375,-19.48678588867188,4.216522216796875,-1,2,654
2025-11-20T22:17:40.836+01:00,2524,630423.1010863751,0.2701537579850658,0.0170532245597718,-0.1660303217218436,-0.3040549159049988,0.021186189725995,-0.0751204192638397,-0.0075452923774719,0.1578647792339325,0.0883246064186096,XArbitraryCorrectedZVertical,-0.083305811272712,-0.0027463711065705,0.1334972611086203,0.9875379840361186,0.9742048978805542,-0.2256138026714325,-0.0048437644727528,45.83258056640625,-19.148681640625,3.908416748046875,-1,2,655
2025-11-20T22:17:40.871+01:00,2525,630423.136002375,0.2704210673679021,0.0204067290147318,-0.174292124695944,-0.1672544181346893,0.1408612132072449,0.0857571884989738,0.0731844902038574,0.0973436385393142,0.0756908059120178,XArbitraryCorrectedZVertical,-0.0876070967346514,-0.0016600260981482,0.1334004681330413,0.9871810638734804,0.9741938710212708,-0.225685253739357,-0.0034862605389207,46.18707275390625,-18.98844909667969,4.302169799804688,-1,2,656
2025-11-20T22:17:40.906+01:00,2526,630423.170919375,0.2752484309875642,0.0255949822182825,-0.1794224015067462,-0.1587551385164261,0.1059647426009178,0.1393319666385651,0.0553568005561828,0.0405953824520111,0.1073279976844788,XArbitraryCorrectedZVertical,-0.0904851254675401,0.0003351780046043,0.1354916398960584,0.9866378792722132,0.9731464982032776,-0.23018579185009,-0.0004554721526801,46.139404296875,-18.90242004394531,4.725112915039062,-1,2,657
2025-11-20T22:17:40.941+01:00,2527,630423.205835375,0.2795052358657178,0.0299584961245149,-0.183989124520607,-0.1019508987665176,0.0975742489099502,0.1158022880554199,-0.0116152167320251,0.0264798700809478,0.0932914018630981,XArbitraryCorrectedZVertical,-0.0930366908454352,0.001974765082375,0.1373309557947038,0.9861443084662505,0.9722017645835876,-0.234136700630188,0.0019539478234946,46.1861572265625,-19.18130493164062,4.555618286132812,-1,2,658
2025-11-20T22:17:40.976+01:00,2528,630423.2407513751,0.2837204132192003,0.0337473304432158,-0.1865292817762506,-0.0572457425296306,0.0683535113930702,0.0784740895032882,-0.104183554649353,0.0463025420904159,0.0853644609451293,XArbitraryCorrectedZVertical,-0.094556053838495,0.0034655515514468,0.1391948028244278,0.9857342301292696,0.9712337255477904,-0.2380902171134949,0.0042504300363361,46.11334228515625,-19.16995239257812,4.669525146484375,-1,2,659
2025-11-20T22:17:41.013+01:00,2529,630423.2756683751,0.2845677390899485,0.0348097418830478,-0.1879380036697165,-0.0238211266696453,-0.029064729809761,-0.0092766862362623,-0.1225777864456177,0.0424925237894058,0.055760383605957,XArbitraryCorrectedZVertical,-0.0953255843782913,0.0038485240667495,0.1395407414310092,0.9856097857331468,0.9710427522659302,-0.2388578355312347,0.0047864830121397,46.26995849609375,-19.19477844238281,5.050750732421875,-1,2,660
2025-11-20T22:17:41.051+01:00,2530,630423.310584375,0.2838114620726178,0.0313479564122117,-0.188873334850815,-0.0309385843575,-0.1540368497371674,-0.0353607051074504,-0.1585695147514343,0.0362968444824218,0.051129937171936,XArbitraryCorrectedZVertical,-0.0955438546735298,0.0021119655046378,0.1393193797640254,0.985625195299784,0.9712373018264772,-0.2381095290184021,0.0013450332917273,46.20068359375,-19.06510925292969,5.116043090820312,-1,2,661
2025-11-20T22:17:41.080+01:00,2531,630423.34549975,0.2830362924687746,0.0253771784674392,-0.1894041617426553,0.0102801183238625,-0.1604499071836472,-0.0028808377683162,-0.1812670230865479,0.0280806571245193,0.0142911076545715,XArbitraryCorrectedZVertical,-0.0953893401094381,-0.000831223696224,0.1392151133646193,0.9856568237938288,0.9714128375053406,-0.2373549044132233,-0.0044339597225189,46.25335693359375,-18.85945129394531,4.984344482421875,-1,2,662
2025-11-20T22:17:41.115+01:00,2532,630423.3804167501,0.2833981069881312,0.0210043325165669,-0.1878378861988634,0.0715621933341026,-0.0891543999314308,0.0098808258771896,-0.2173088788986206,0.0395031720399856,0.0139317531138658,XArbitraryCorrectedZVertical,-0.0943125027849588,-0.0028926181542605,0.1396201813740319,0.985699186511284,0.9712912440299988,-0.2377452850341797,-0.0083775781095027,46.20806884765625,-18.90509033203125,5.208663940429688,-1,2,663
2025-11-20T22:17:41.150+01:00,2533,630423.4153327501,0.2845126730495282,0.0191515856582202,-0.1841813097171429,0.1236079260706902,-0.045607291162014,0.0647987127304077,-0.1226668357849121,0.0181789994239807,0.0335587263107299,XArbitraryCorrectedZVertical,-0.0923792983704781,-0.0035985408605061,0.1402981028222246,0.9857837086709264,0.9709944128990172,-0.2389125972986221,-0.0095109166577458,46.1534423828125,-18.9881591796875,5.220748901367188,-1,2,664
2025-11-20T22:17:41.185+01:00,2534,630423.45024875,0.2875000680781004,0.0174745975588448,-0.179397436497857,0.1373835057020187,-0.0826951786875724,0.0919911116361618,-0.0486599206924438,-0.0087444633245468,0.0505496263504028,XArbitraryCorrectedZVertical,-0.0898977798589765,-0.0042198104196889,0.1418995083225425,0.9857814892082698,0.9702449440956116,-0.2418963760137558,-0.0105258449912071,45.92694091796875,-19.01412963867188,5.419387817382812,-1,2,665
2025-11-20T22:17:41.220+01:00,2535,630423.48516575,0.2898987079551074,0.0145250195847549,-0.1748372762618074,0.1237862408161163,-0.1230443492531776,0.0455298498272895,0.0872095227241516,-0.0630635321140289,0.0556660294532775,XArbitraryCorrectedZVertical,-0.0874344834643131,-0.005451695639451,0.1432595366603291,0.985800311803794,0.9696141481399536,-0.2443094849586487,-0.0126973511651158,45.9822998046875,-18.93013000488281,5.238571166992188,-1,2,666
2025-11-20T22:17:41.255+01:00,2536,630423.52008175,0.2920693262137738,0.0097848441918359,-0.1701283810767055,0.1447333842515945,-0.1502362340688705,0.0846419632434845,0.1556788086891174,-0.069381445646286,0.0415590405464172,XArbitraryCorrectedZVertical,-0.0847656442703743,-0.0075403185868606,0.1445770288747715,0.9858272524703676,0.9690006375312804,-0.2465059757232666,-0.0165041219443082,45.92755126953125,-19.04393005371094,5.323623657226562,-1,2,667
2025-11-20T22:17:41.291+01:00,2537,630423.5549977501,0.294900927131043,0.005522801770653,-0.1643227746281719,0.1815260797739029,-0.1187884137034416,0.0614809952676296,0.0948374271392822,-0.032578632235527,0.0191206932067871,XArbitraryCorrectedZVertical,-0.0815824556200829,-0.0093350421168356,0.1461964157640961,0.98584165687718,0.968211829662323,-0.2493579685688019,-0.0196547787636518,45.36083984375,-19.27764892578125,5.399688720703125,-1,2,668
2025-11-20T22:17:41.332+01:00,2538,630423.5899147501,0.294648109115046,0.0033974897985818,-0.1571137421753963,0.2616094946861267,-0.0187152065336704,-0.1160679757595062,0.2477785348892212,-0.0961079001426696,-0.024618862196803,XArbitraryCorrectedZVertical,-0.0778744814216763,-0.00984446383444,0.1462069212333505,0.986134958460396,0.968224823474884,-0.2492899894714355,-0.0198757592588663,45.5125732421875,-19.238037109375,5.207550048828125,-1,2,669
2025-11-20T22:17:41.360+01:00,2539,630423.62483075,0.2928900314873912,-0.0003058645572054,-0.1467116693385728,0.3173744380474091,-0.1479601114988327,0.0750464051961898,0.2842395901679993,-0.0317839682102203,-0.0121576767414808,XArbitraryCorrectedZVertical,-0.0724833170295852,-0.0108455312202627,0.1455407868573843,0.9866338607364512,0.9685831665992736,-0.2478332817554474,-0.0206182282418012,45.446044921875,-19.09725952148438,5.541046142578125,-1,2,670
2025-11-20T22:17:41.394+01:00,2540,630423.65974675,0.2978618996003137,-0.0064619145517907,-0.1373539387548958,0.1968714743852615,-0.2049805819988251,0.1442604660987854,-0.0376986861228942,0.0678434371948242,-0.001867888495326,XArbitraryCorrectedZVertical,-0.0673847225013513,-0.0133699497337312,0.1482497091137311,0.986560972292058,0.9672029614448548,-0.2527798712253571,-0.0249113384634256,45.641357421875,-19.39237976074219,5.476165771484375,-1,2,671
2025-11-20T22:17:41.430+01:00,2541,630423.69466375,0.3017648982618412,-0.0127830292864325,-0.1301793551354876,0.2055270969867706,-0.1815297901630402,0.0508878007531166,-0.049743115901947,0.0254325568675994,-0.0889645814895629,XArbitraryCorrectedZVertical,-0.0633447671548818,-0.0160820378982628,0.150400254201963,0.9864626763086944,0.9660485982894896,-0.2566489279270172,-0.0296877417713403,45.5364990234375,-19.520751953125,5.240997314453125,-1,2,672
2025-11-20T22:17:41.464+01:00,2542,630423.72957975,0.2992855125260823,-0.019607244445768,-0.1231661859170083,0.181447833776474,-0.1963296383619308,-0.2086633294820786,-0.0520998835563659,-0.0109646618366241,-0.0936864018440246,XArbitraryCorrectedZVertical,-0.0593946784835987,-0.0188503944465936,0.1493917295721375,0.9868125870103984,0.9664980173110962,-0.2543856203556061,-0.0341975651681423,45.6572265625,-19.58480834960938,5.323623657226562,-1,2,673
2025-11-20T22:17:41.499+01:00,2543,630423.7644967501,0.2910250532348333,-0.0259194331325673,-0.1163539498061907,0.2074163854122162,-0.0817581713199615,-0.216575562953949,-0.0723419785499572,0.0393117070198059,-0.112059473991394,XArbitraryCorrectedZVertical,-0.055648922214387,-0.0212308693487073,0.1454876267898566,0.98756568426304,0.9683992266654968,-0.246541291475296,-0.0376903153955936,45.874755859375,-19.2928466796875,5.469863891601562,-1,2,674
2025-11-20T22:17:41.534+01:00,2544,630423.79941275,0.285117742914864,-0.0256015519268095,-0.1087748591275192,0.2178608030080795,0.1435801684856415,-0.1383382529020309,-0.149172842502594,0.0795882940292358,-0.080350637435913,XArbitraryCorrectedZVertical,-0.0519888110466786,-0.0203745738224283,0.1425435719102391,0.9882121882334308,0.9699124693870544,-0.2409346848726273,-0.0349295288324356,46.23040771484375,-18.79652404785156,5.702056884765625,-1,2,675
2025-11-20T22:17:41.571+01:00,2545,630423.83432875,0.281952821975776,-0.0188585031353665,-0.1012116198114288,0.2004904448986053,0.2280376851558685,-0.0383399724960327,-0.0507872700691223,0.0126205533742904,-0.0377557910978794,XArbitraryCorrectedZVertical,-0.0487569647832743,-0.016430882457392,0.1407960127250824,0.988700842941766,0.970922827720642,-0.237947091460228,-0.0262701455503702,46.35400390625,-18.99085998535156,6.317672729492188,-1,2,676
2025-11-20T22:17:41.604+01:00,2546,630423.86924575,0.2823681751689607,-0.0119110402985832,-0.0955863079868685,0.1243210062384605,0.1625286638736725,0.0456967800855636,-0.0831964612007141,-0.0051863938570022,-0.0075035113841295,XArbitraryCorrectedZVertical,-0.0464616899230592,-0.0126120530760338,0.1408340297757518,0.9888620516576696,0.9709987044334412,-0.238389641046524,-0.0182228405028581,46.23492431640625,-18.83622741699219,6.873428344726562,-1,2,677
2025-11-20T22:17:41.639+01:00,2547,630423.90416175,0.2845959678121078,-0.0070489469537901,-0.091806945807965,0.0942997932434082,0.099764235317707,0.0711883008480072,-0.1398597359657288,-0.0208160877227783,-0.0101387491449713,XArbitraryCorrectedZVertical,-0.0449239683460702,-0.0099927920417173,0.1418280711213571,0.9888208960111444,0.970548152923584,-0.2405669093132019,-0.0127952629700303,46.3983154296875,-18.81967163085938,7.272445678710938,-1,2,678
2025-11-20T22:17:41.674+01:00,2548,630423.9390777501,0.2863702460050142,-0.0039725750304921,-0.0888900882450145,0.0777171626687049,0.0774925202131271,0.0111793596297502,-0.1919899582862854,-0.0355947613716125,-0.0186341386288404,XArbitraryCorrectedZVertical,-0.0436924939421827,-0.0083040647367496,0.142642518567926,0.9887745148612505,0.970157504081726,-0.2422982156276703,-0.0092589352279901,46.45037841796875,-18.86767578125,7.389373779296875,-1,2,679
2025-11-20T22:17:41.709+01:00,2549,630423.9739947501,0.2845303844891834,-0.0012587322586862,-0.0861247404507335,0.0788130536675453,0.0905036553740501,-0.1237243935465813,-0.1942105889320374,-0.0439514070749282,-0.0314744710922241,XArbitraryCorrectedZVertical,-0.0425249908251965,-0.0067261733229926,0.1416811288398273,0.9889756981444148,0.9706235527992249,-0.2405334264039993,-0.0058027943596243,46.58221435546875,-18.70484924316406,7.911651611328125,-1,2,680
2025-11-20T22:17:41.744+01:00,2550,630424.00891075,0.2785598666681618,0.0012343477342825,-0.0839756365567873,0.0406325720250606,0.0699849128723144,-0.1744693368673325,-0.1163367033004761,-0.0373004376888275,-0.0420558452606201,XArbitraryCorrectedZVertical,-0.0416545972474132,-0.0052167979162027,0.1386820083399036,0.9894468642546072,0.972049593925476,-0.2347637414932251,-0.002377783646807,47.03997802734375,-18.64804077148438,8.08111572265625,-1,2,681
2025-11-20T22:17:41.779+01:00,2551,630424.04382675,0.2743917673006231,0.0031077789996522,-0.0830769716840046,0.0131278270855546,0.0784023031592369,-0.0781131014227867,0.0001870989799499,-0.0386818647384643,-0.0717860460281372,XArbitraryCorrectedZVertical,-0.0413486213450828,-0.0041414485456055,0.1365838357997889,0.9897564771122273,0.9730182886123656,-0.2307272553443909,-6.595588729396695e-06,47.16912841796875,-18.2645263671875,8.492507934570312,-1,2,682
2025-11-20T22:17:41.814+01:00,2552,630424.07874375,0.2706742699493803,0.0067860631463432,-0.0832563882567138,-0.0244459509849548,0.1447909027338028,-0.1315209716558456,0.0497614741325378,-0.0693577677011489,-0.0683826208114624,XArbitraryCorrectedZVertical,-0.0416927967513611,-0.0022559169596607,0.1346667899999702,0.9900108668000012,0.9738590717315674,-0.2271204739809036,0.0038378869649022,47.21063232421875,-18.11775207519531,8.83624267578125,-1,2,683
2025-11-20T22:17:41.851+01:00,2553,630424.1136597501,0.2664138934731519,0.010731858244511,-0.0850288604710728,-0.0956800729036331,0.1007932797074318,-0.1128249019384384,0.1149436235427856,-0.0333074480295181,-0.0164451599121093,XArbitraryCorrectedZVertical,-0.0428365162324158,-0.000331140060577,0.1324653908218638,0.9902615491307272,0.9747933149337769,-0.2229791283607483,0.0076407920569181,47.35614013671875,-17.96054077148438,9.059844970703123,-1,2,684
2025-11-20T22:17:41.883+01:00,2554,630424.1485757501,0.2588397127098823,0.0150198528431537,-0.0911894918608627,-0.2343901693820953,0.1536846309900284,-0.3762823343276978,0.2856969833374023,-0.1231161057949066,0.0024049282073974,XArbitraryCorrectedZVertical,-0.0461647009386826,0.0015571091674345,0.1285816800839548,0.9906226247553912,0.9764184951782228,-0.215598464012146,0.0111448261886835,47.53948974609375,-17.733154296875,9.319992065429688,-1,2,685
2025-11-20T22:17:41.918+01:00,2555,630424.18349175,0.2450978312028023,0.0146473216910316,-0.099957293803605,-0.2558946907520294,-0.0519791878759861,-0.3059090673923492,0.3565073013305664,0.026193082332611,0.0642499923706054,XArbitraryCorrectedZVertical,-0.050475979331272,0.0011527912836417,0.1217233597366525,0.9912791024021516,0.9792928099632264,-0.2021878957748413,0.0102738887071609,48.01922607421875,-17.0689697265625,8.932861328125,-1,2,686
2025-11-20T22:17:41.953+01:00,2556,630424.21840875,0.2401846813071765,0.0131429320755902,-0.1085928806193972,-0.2167453318834305,0.0218496620655059,0.0030456129461526,0.0396109223365783,0.2279229462146759,0.1115511655807495,XArbitraryCorrectedZVertical,-0.0546638522003096,1.288525996401538e-05,0.1192706909686277,0.9913557774953308,0.9803016185760498,-0.1973595172166824,0.0075894338078796,48.3912353515625,-16.55853271484375,8.88763427734375,-1,2,687
2025-11-20T22:17:41.988+01:00,2557,630424.25332475,0.242016254119693,0.0143106619781689,-0.1149197261697607,-0.1690345257520676,-0.000280822161585,0.069669596850872,0.0898273587226867,0.0806972384452819,0.1028172969818115,XArbitraryCorrectedZVertical,-0.0578691515439174,0.0001590640947721,0.120102807421397,0.991073390987932,0.979951024055481,-0.1991054117679596,0.0072748330421745,48.4552001953125,-16.85015869140625,9.202255249023438,-1,2,688
2025-11-20T22:17:42.023+01:00,2558,630424.2882407501,0.2436429130968324,0.0130077558680119,-0.1225224009891567,-0.2622691690921783,-0.0754824951291084,0.0049135233275592,0.0392327308654785,0.0472946763038635,0.1063710451126099,XArbitraryCorrectedZVertical,-0.0615567427356717,-0.0009961486841102,0.1208946094317005,0.9907543987129258,0.9796576499938964,-0.2006301879882812,0.004285654053092,48.5447998046875,-16.89535522460938,9.0860595703125,-1,2,689
2025-11-20T22:17:42.058+01:00,2559,630424.3231577501,0.2443416629042395,0.0098512980217117,-0.1311229073246614,-0.2194231748580933,-0.1091635301709175,0.060494128614664,-0.0339874625205993,0.0826373398303985,0.0424316525459289,XArbitraryCorrectedZVertical,-0.0656243731635556,-0.0031055554785003,0.1212835566806336,0.9904413625257368,0.9795440435409546,-0.2012286186218262,-0.0006225961260497,48.70697021484375,-16.87882995605469,8.790756225585938,-1,2,690
2025-11-20T22:17:42.093+01:00,2560,630424.3580745,0.2475562651747417,0.0051200720838764,-0.1382133310014518,-0.1833992302417755,-0.1768441647291183,0.0938111245632171,-0.1172252297401428,0.0727071166038513,0.0148414969444274,XArbitraryCorrectedZVertical,-0.0688384660786433,-0.0059908678794005,0.1229917882834896,0.9899991770301352,0.9788889288902284,-0.2042683362960815,-0.0071205319836735,48.84588623046875,-16.94151306152344,8.649642944335938,-1,2,691
2025-11-20T22:17:42.133+01:00,2561,630424.3929905001,0.2500220572619437,-0.0007943573667567,-0.1430577260171886,-0.0895261242985725,-0.1769594550132751,0.0399950593709945,-0.1549280285835266,0.0324317216873168,-0.0458767414093017,XArbitraryCorrectedZVertical,-0.0708607670709134,-0.0093040918879886,0.1243949951518858,0.9896555432962368,0.9783227443695068,-0.2065955102443695,-0.0142429219558835,48.7034912109375,-17.05557250976562,8.3917236328125,-1,2,692
2025-11-20T22:17:42.163+01:00,2562,630424.4279075001,0.2495035239768856,-0.0065699058740424,-0.1445591274795809,0.0038117757067084,-0.1378429532051086,-0.0615225359797477,-0.1951416730880737,0.0326569527387619,-0.0438798666000366,XArbitraryCorrectedZVertical,-0.0712473596115397,-0.0122366632559072,0.1243382575224081,0.9896029811782489,0.9783294200897216,-0.2060730308294296,-0.0201308242976665,48.896240234375,-17.11344909667969,7.964874267578125,-1,2,693
2025-11-20T22:17:42.198+01:00,2563,630424.4628235,0.2470125438881693,-0.0099483748211843,-0.142980803736995,0.0853726491332054,-0.025393933057785,-0.0707501545548439,-0.1952031254768372,0.0251993536949157,-0.0424782633781433,XArbitraryCorrectedZVertical,-0.0702733346502253,-0.0137231421774442,0.1232289187349443,0.989791893540531,0.9787724018096924,-0.2036813646554947,-0.0227683670818805,48.87054443359375,-16.65518188476562,7.98089599609375,-1,2,694
2025-11-20T22:17:42.233+01:00,2564,630424.4977395,0.2446967734700012,-0.0085900524520072,-0.1383966478333281,0.1791201382875443,0.1235820949077606,-0.0605675466358661,-0.2113525867462158,0.0300300568342208,-0.0232151169329881,XArbitraryCorrectedZVertical,-0.0681026911543731,-0.0126910837275155,0.1220449141624229,0.990104093266426,0.9792817831039428,-0.2014930695295334,-0.0201961696147918,49.07012939453125,-16.6544189453125,8.080108642578125,-1,2,695
2025-11-20T22:17:42.268+01:00,2565,630424.5326565,0.2429998109784349,-0.0038518457046361,-0.1308555439002516,0.2374503314495087,0.12741719186306,-0.0407299436628818,-0.1085430979728699,0.0036848336458206,0.0431174039840698,XArbitraryCorrectedZVertical,-0.0646660621159306,-0.0098318849767046,0.1210666266955112,0.9904870446329604,0.9797131419181824,-0.1999280750751495,-0.0138205783441662,48.84228515625,-16.43309020996094,8.404388427734375,-1,2,696
2025-11-20T22:17:42.302+01:00,2566,630424.5675725001,0.241932443626002,-0.0010247933707869,-0.1226562811112502,0.2269569486379623,0.0416883528232574,-0.0270384829491376,-0.0480319261550903,-0.0304043591022491,0.0718598365783691,XArbitraryCorrectedZVertical,-0.0607801068461995,-0.0079036112313346,0.1204757253085461,0.9908223293638486,0.9799624085426332,-0.1989657282829285,-0.0092836078256368,48.551025390625,-16.15005493164062,8.832489013671875,-1,2,697
2025-11-20T22:17:42.337+01:00,2567,630424.6024885001,0.2401755448745755,-0.0007479126057196,-0.1156535986582497,0.1727618426084518,-0.010685158893466,-0.0850870013236999,0.0658444166183471,-0.0992462188005447,0.0706068873405456,XArbitraryCorrectedZVertical,-0.0573336168189629,-0.0072943940787088,0.1196205485325398,0.9911360280412628,0.9803134202957152,-0.1973083019256592,-0.0074202558025717,48.60888671875,-15.98674011230469,9.060379028320312,-1,2,698
2025-11-20T22:17:42.372+01:00,2568,630424.6374055,0.2378789069146295,-0.0021402570314776,-0.1107101873831896,0.1114329695701599,-0.0346633456647396,-0.0106293288990855,0.1447799205780029,-0.0973796695470809,0.0641261935234069,XArbitraryCorrectedZVertical,-0.0548091266287743,-0.0076259740694055,0.1185361857695635,0.991406605983384,0.9807540774345398,-0.1951007843017578,-0.0075618582777678,48.37261962890625,-15.56985473632812,9.159088134765623,-1,2,699
2025-11-20T22:17:42.411+01:00,2569,630424.6723215,0.239825552269246,-0.0023640812874635,-0.1075563144585188,0.0666099265217781,0.0051722833886742,0.0896625518798828,0.0951429009437561,-0.0474156141281127,0.0406648516654968,XArbitraryCorrectedZVertical,-0.0532250146571141,-0.0076019961554148,0.1195156690608107,0.9913754340862848,0.980372667312622,-0.1970148533582687,-0.0073701874352991,48.11199951171875,-15.74514770507812,8.949081420898438,-1,2,700
2025-11-20T22:17:42.442+01:00,2570,630424.7072375,0.241527864991461,-0.0005738518586936,-0.1055682617348776,0.106595978140831,0.020984636619687,-0.0418047793209552,0.3256305456161499,-0.1544044762849808,-0.0256069898605346,XArbitraryCorrectedZVertical,-0.0523408479638146,-0.006640422800801,0.1203178443222681,0.9913324417617444,0.9800487756729126,-0.1986838579177856,-0.0053989156149327,47.959716796875,-15.74583435058594,9.147232055664062,-1,2,701
2025-11-20T22:17:42.477+01:00,2571,630424.7421545,0.239459126965697,-0.0012727961743931,-0.1010157519012173,0.1562383025884628,-0.0209232494235038,-0.0788047909736633,0.1377101540565491,0.0106816589832305,-0.0260610580444335,XArbitraryCorrectedZVertical,-0.0500490416103207,-0.0066613177752708,0.1193232609113635,0.9915708556313938,0.9804538488388062,-0.196686252951622,-0.004975345917046,47.95721435546875,-15.92245483398438,8.9462890625,-1,2,702
2025-11-20T22:17:42.512+01:00,2572,630424.7770705001,0.2387176928511416,-0.0014021128351339,-0.0969277287807482,0.0915745124220848,0.0021419224794954,0.04126688092947,0.0196751356124877,0.0970078259706497,-0.0249620676040649,XArbitraryCorrectedZVertical,-0.048016827147506,-0.0064638570570994,0.1189695224209707,0.9917150853499368,0.9805994033813475,-0.1959762722253799,-0.0042280280031263,47.800537109375,-15.56092834472656,9.043045043945312,-1,2,703
2025-11-20T22:17:42.547+01:00,2573,630424.8119865,0.2417579929977581,-0.0018689728845738,-0.0945698573001339,0.047953862696886,-0.0392493084073066,0.0695086568593978,0.0486413240432739,0.0470025688409805,-0.0610936284065246,XArbitraryCorrectedZVertical,-0.0468098208385503,-0.006626348256459,0.120493847368241,0.991587733922666,0.9799993634223938,-0.1989495605230331,-0.0045039374381303,47.3548583984375,-15.80868530273438,9.161590576171877,-1,2,704
2025-11-20T22:17:42.582+01:00,2574,630424.8469035,0.2416207551496994,-0.003991323972053,-0.0933855531963648,0.0474337451159954,-0.0612454190850257,-0.0472312830388546,0.0063580870628356,0.0654721707105636,-0.0656399130821228,XArbitraryCorrectedZVertical,-0.0460952647288985,-0.0076041599485498,0.1204775950366545,0.9916161383941542,0.980015754699707,-0.1988186687231064,-0.0063358363695442,47.18438720703125,-15.72944641113281,9.099639892578123,-1,2,705
2025-11-20T22:17:42.617+01:00,2575,630424.8818195,0.24069478627292,-0.0054563363786961,-0.0894265845446371,0.1665778607130051,-0.0056289657950401,0.0125048775225877,-0.0751335024833679,0.1028605550527573,-0.0658648014068603,XArbitraryCorrectedZVertical,-0.0440477166849794,-0.0080720640877353,0.1200577154169515,0.991756431347156,0.980193257331848,-0.1979227662086487,-0.0069043692201375,46.97406005859375,-15.72297668457031,8.697341918945312,-1,2,706
2025-11-20T22:17:42.652+01:00,2576,630424.9167355,0.2415131008583401,-0.0042277260508714,-0.082562746524538,0.2129204273223877,0.0468837283551693,0.0261732283979654,-0.1407350897789001,0.0683112889528274,-0.0473203063011169,XArbitraryCorrectedZVertical,-0.0407145967335381,-0.0070681460492673,0.1204469852858421,0.9918593277135396,0.980044722557068,-0.1987281143665314,-0.0044070198200643,46.91455078125,-15.85969543457031,9.070587158203123,-1,2,707
2025-11-20T22:17:42.691+01:00,2577,630424.9516525001,0.2430826939931095,-0.0029908584871357,-0.0755930162060697,0.1710671186447144,0.0043020946905016,0.0455637797713279,-0.1102190613746643,-0.0198034346103668,-0.0241217613220214,XArbitraryCorrectedZVertical,-0.0373275276359329,-0.0060647773654844,0.1212116935193843,0.9919060276935616,0.9797410368919371,-0.2002587765455246,-0.0019250550540164,46.49664306640625,-15.95611572265625,8.953155517578125,-1,2,708
2025-11-20T22:17:42.721+01:00,2578,630424.9865685,0.2428588581997618,-0.0032832439952019,-0.0710329225198242,0.0960858538746833,-0.0019071982242167,-0.0571897849440574,-0.1676391959190369,-0.0363252162933349,-0.0248705744743347,XArbitraryCorrectedZVertical,-0.0350487527630179,-0.0059297489659236,0.1211125504997744,0.9920020430273466,0.979788064956665,-0.2000333666801453,-0.0012830095365643,46.3079833984375,-16.019775390625,8.996109008789062,-1,2,709
2025-11-20T22:17:42.756+01:00,2579,630425.0214845,0.2406583074870859,-0.0028495757830272,-0.06873040073483,0.0276736617088317,0.0219916924834251,-0.0491175688803196,-0.138719916343689,-0.0331411063671112,-0.0194639563560485,XArbitraryCorrectedZVertical,-0.0339390315886854,-0.0055379969211489,0.1200165849050089,0.9921761933557935,0.9802268743515016,-0.1978769153356552,-0.0002504390722606,46.140380859375,-16.08134460449219,9.027923583984377,-1,2,710
2025-11-20T22:17:42.791+01:00,2580,630425.0564015,0.23999080494871,-0.0026357306311626,-0.0697195374906459,-0.0876781940460205,-0.0102041931822896,0.00574273429811,-0.122340977191925,-0.0331200808286666,-0.0163797736167907,XArbitraryCorrectedZVertical,-0.0344443954487203,-0.0054797249439481,0.119680407719724,0.9921996976899776,0.9803579449653624,-0.1972265690565109,-0.0001913365122163,45.93377685546875,-16.02079772949219,8.876922607421875,-1,2,711
2025-11-20T22:17:42.826+01:00,2581,630425.0913175,0.2407819939288101,-0.0034941098031302,-0.075194496040901,-0.2236252576112747,-0.0273817628622055,0.0340248942375183,-0.1273228526115417,-0.0527985692024231,-0.0352136492729187,XArbitraryCorrectedZVertical,-0.0371065854581894,-0.0062475555738522,0.1200805164061849,0.992050802076809,0.980197548866272,-0.198010116815567,-0.0021704358514398,45.88775634765625,-16.69154357910156,8.830352783203125,-1,2,712
2025-11-20T22:17:42.861+01:00,2582,630425.1262335001,0.2415577170976284,-0.0030747870746196,-0.0839402976562924,-0.2483138591051102,0.0539829991757869,-0.0027091316878795,-0.1276682615280151,-0.0247548520565033,-0.0736703872680664,XArbitraryCorrectedZVertical,-0.0414670465985269,-0.006580148740625,0.1204432105779973,0.9918320344052094,0.9800395965576172,-0.198771134018898,-0.0035543499980121,45.79510498046875,-16.94235229492188,8.671783447265625,-1,2,713
2025-11-20T22:17:42.896+01:00,2583,630425.1611495,0.2403110586156858,-0.0006844821512549,-0.0911736312254671,-0.1553103476762772,0.0741870999336242,-0.0643572583794593,0.0300396680831909,-0.034205287694931,-0.0970403552055358,XArbitraryCorrectedZVertical,-0.0452014769610402,-0.0058018648720669,0.1197575624113082,0.9917566846837192,0.9802904725074768,-0.1975451707839966,-0.0025385543704032,45.8629150390625,-17.16705322265625,8.682083129882812,-1,2,714
2025-11-20T22:17:42.932+01:00,2584,630425.1960665,0.2384458766919079,0.0021989836126169,-0.094602226233883,-0.0379883758723735,0.0957146510481834,-0.0131401605904102,0.1202917695045471,-0.0328748673200607,-0.0815256834030151,XArbitraryCorrectedZVertical,-0.0470784281087053,-0.0045334607429075,0.118755974032088,0.991796387837832,0.980660319328308,-0.1957170218229294,-0.0002156968548661,45.77886962890625,-17.24324035644531,8.565933227539062,-1,2,715
2025-11-20T22:17:42.972+01:00,2585,630425.2309825,0.2406038484920513,0.0042254179849338,-0.0948395826068255,-0.0034550374839454,0.0309891477227211,0.1140462607145309,0.1575807332992554,-0.0032880902290344,-0.0277986526489257,XArbitraryCorrectedZVertical,-0.0473125798514259,-0.0035937162115686,0.1197773549858091,0.9916662968989614,0.9802366495132446,-0.197822704911232,0.0015230164863169,45.67498779296875,-17.743408203125,8.329177856445312,-1,2,716
2025-11-20T22:17:43.001+01:00,2586,630425.2658985,0.2422518402174454,0.0053345888104441,-0.0958349677604622,-0.0398782566189765,0.010490016080439,-0.014729531481862,0.4016665816307068,-0.1867721527814865,-0.0167833566665649,XArbitraryCorrectedZVertical,-0.0478699525056829,-0.003142922111021,0.1205640100709987,0.9915457057959252,0.9799098372459412,-0.1994277536869049,0.0022569904103875,45.598876953125,-17.90577697753906,8.46124267578125,-1,2,717
2025-11-20T22:17:43.036+01:00,2587,630425.3008155001,0.2439064106906945,0.0079478753622716,-0.0981681980212279,-0.0725937783718109,0.1341491490602493,0.1192789301276207,0.1469047069549561,0.0080709159374237,0.0627340078353881,XArbitraryCorrectedZVertical,-0.0491824526621139,-0.0020290299169969,0.1213101321670254,0.9913933783158616,0.9795753359794616,-0.2010335177183151,0.0041910102590918,45.6600341796875,-18.35316467285156,8.679229736328125,-1,2,718
2025-11-20T22:17:43.071+01:00,2588,630425.3357315001,0.2513303486382835,0.0145018933931519,-0.1015539452237067,-0.1057300940155983,0.1616408377885818,0.2674404382705688,0.0084021687507629,0.0868964195251464,0.1339098215103149,XArbitraryCorrectedZVertical,-0.0512612208758491,0.000823219735883,0.1248047458421542,0.990855847585756,0.9780325889587402,-0.208249494433403,0.0091717988252639,45.5845947265625,-18.8211669921875,8.729248046875,-1,2,719
2025-11-20T22:17:43.106+01:00,2589,630425.3706472501,0.2604942821197818,0.018968179268019,-0.1059361847105403,-0.1598738580942154,0.0423768572509288,0.1972783505916595,0.0162972211837768,-0.0225403159856796,0.1417068243026733,XArbitraryCorrectedZVertical,-0.0537225708813007,0.0025145001759833,0.1291933569229332,0.9901598451857924,0.9760732054710388,-0.2171293944120407,0.0116439424455165,45.20684814453125,-19.27156066894531,8.711212158203125,-1,2,720
2025-11-20T22:17:43.140+01:00,2590,630425.4055642501,0.2640035108095927,0.0204209263172561,-0.1122901502350842,-0.1725253611803055,0.0470117256045341,0.0155861070379614,-0.0395495891571044,-0.0021265745162963,0.1175005435943604,XArbitraryCorrectedZVertical,-0.0569662468038756,0.0027200344706053,0.1308365280120902,0.9897622347983682,0.975325345993042,-0.2204838693141937,0.0112836277112364,45.71478271484375,-19.75076293945312,9.20709228515625,-1,2,721
2025-11-20T22:17:43.175+01:00,2591,630425.44048025,0.2651496584752716,0.021712528485413,-0.1171308638079175,-0.1194627657532692,-0.01603932864964,0.0682934150099754,-0.0272530317306518,0.0273357480764389,0.0942046642303466,XArbitraryCorrectedZVertical,-0.059447475168982,0.0030056416509452,0.1313225514064505,0.9895511289792382,0.9750831723213196,-0.2215495854616165,0.0113403825089335,45.60186767578125,-19.87144470214844,8.97314453125,-1,2,722
2025-11-20T22:17:43.211+01:00,2592,630425.47539625,0.2683512214680887,0.0191351436278172,-0.1217282932044722,-0.1552012413740158,-0.1433186531066895,0.0919248685240745,-0.1088986992835999,0.0385797917842865,0.0572961568832397,XArbitraryCorrectedZVertical,-0.0615545982950227,0.0013272737622492,0.1329428348054247,0.9892095676814076,0.9744229316711426,-0.2245996445417404,0.0074164136312901,45.6077880859375,-20.12492370605469,8.959716796875,-1,2,723
2025-11-20T22:17:43.251+01:00,2593,630425.51031325,0.2714970986047135,0.0134269770960268,-0.127597296192297,-0.1821214258670807,-0.1913656145334244,0.0633908361196517,-0.139579176902771,0.0030818879604339,-0.0097193717956542,XArbitraryCorrectedZVertical,-0.0640741172161485,-0.0019898045542464,0.1346295600330331,0.9888202418435098,0.9737619161605836,-0.2275691479444504,0.000136815739097,45.50823974609375,-20.56134033203125,8.351654052734375,-1,2,724
2025-11-20T22:17:43.280+01:00,2594,630425.54522925,0.2728386591444783,0.00786124137363,-0.1339503033595347,-0.1630692034959793,-0.1127766892313957,0.0191069152206182,-0.1897172927856445,0.0136125236749649,-0.0251232981681823,XArbitraryCorrectedZVertical,-0.0668361431987607,-0.0052161496643602,0.1354300125864143,0.988516381230876,0.9734545946121216,-0.2287767082452774,-0.0069049433805048,45.830322265625,-20.78678894042969,7.989990234375,-1,2,725
2025-11-20T22:17:43.315+01:00,2595,630425.5801452501,0.2733729566090888,0.0061937115266275,-0.1375780377256533,-0.0409035310149192,-0.0080121289938688,0.0139530599117279,-0.1717959046363831,0.0368546992540359,-0.0180051922798156,XArbitraryCorrectedZVertical,-0.0685143384918934,-0.0063051300564963,0.1357274523700372,0.9883543097107894,0.9733249545097352,-0.2292375117540359,-0.0094301542267203,45.6827392578125,-21.02476501464844,7.802337646484375,-1,2,726
2025-11-20T22:17:43.350+01:00,2596,630425.61506125,0.2743422323765021,0.0063934935366647,-0.1371923405238677,0.0602373518049716,0.0147648891434073,0.0518012307584285,-0.1759241819381714,0.043807029724121,0.0123600959777832,XArbitraryCorrectedZVertical,-0.068334305261255,-0.0062132646617206,0.1362020147849878,0.9883019964806936,0.9731042981147766,-0.2301778346300125,-0.0092778587713837,45.9658203125,-21.07850646972656,7.7135009765625,-1,2,727
2025-11-20T22:17:43.385+01:00,2597,630425.64997825,0.2769586002496376,0.0072070906395172,-0.1343647949034673,0.089754082262516,-0.0050307200290262,0.0917546451091766,-0.1245577335357666,0.0158086419105529,0.046022355556488,XArbitraryCorrectedZVertical,-0.0669850900429309,-0.0057056413068503,0.1374852464328548,0.9882197309446314,0.9725038409233092,-0.2327428013086319,-0.008180565200746,45.69342041015625,-21.22958374023438,7.51824951171875,-1,2,728
2025-11-20T22:17:43.420+01:00,2598,630425.68489425,0.2803940418610027,0.0061223758263231,-0.1313604694969198,0.078235425055027,-0.0747196227312088,0.0880585312843322,-0.0555958747863769,-0.0141614079475402,0.0566622018814086,XArbitraryCorrectedZVertical,-0.0654156015962778,-0.0061467857336661,0.1392373123514068,0.988076887936823,0.9716876745224,-0.2360979318618774,-0.0089785121381282,45.64697265625,-21.15817260742188,7.340576171875,-1,2,729
2025-11-20T22:17:43.455+01:00,2599,630425.71981025,0.2821889028492652,0.0033772844570828,-0.1282776284137664,0.1034179627895355,-0.0931539237499237,0.0216610468924045,0.0837142467498779,-0.0722780972719192,0.0454440116882324,XArbitraryCorrectedZVertical,-0.0636948033988206,-0.0073450145215061,0.140230255313909,0.9880407812632886,0.9712325930595398,-0.2378720194101334,-0.0111422622576355,45.59844970703125,-21.56443786621094,7.479019165039062,-1,2,730
2025-11-20T22:17:43.492+01:00,2600,630425.7547272501,0.2828130072049193,0.0001155502987083,-0.1245106179645932,0.1072959452867508,-0.0830518007278442,0.0154041228815913,0.1183435320854187,-0.083861619234085,0.0375980734825134,XArbitraryCorrectedZVertical,-0.061602242348673,-0.0087112414165046,0.1406591282113067,0.9881013975563196,0.9710424542427064,-0.2385260462760925,-0.0134892212226986,45.6702880859375,-21.80072021484375,7.36236572265625,-1,2,731
2025-11-20T22:17:43.532+01:00,2601,630425.78964325,0.282479719440111,-0.0015853200475192,-0.1213782500638838,0.0643065869808197,0.0177625101059675,-0.0664027035236358,0.1029216051101685,-0.0506789237260818,-0.0066721439361572,XArbitraryCorrectedZVertical,-0.0599365186194521,-0.0093213270125694,0.1405591187463599,0.9882125240850428,0.971098780632019,-0.2382462173700333,-0.0143544906750321,45.857421875,-21.9388427734375,7.174514770507812,-1,2,732
2025-11-20T22:17:43.559+01:00,2602,630425.82455925,0.2766428388168393,-0.0006798281782356,-0.1178842502573529,0.1543811410665512,-0.0060372436419129,-0.1882200390100479,0.4356263875961304,-0.1698854863643646,-0.0601974725723266,XArbitraryCorrectedZVertical,-0.0582985736214705,-0.0084583631403828,0.1376611476508627,0.9887259943518354,0.9724850654602052,-0.2326565831899643,-0.011976646259427,46.42633056640625,-21.757080078125,7.181793212890625,-1,2,733
2025-11-20T22:17:43.594+01:00,2603,630425.85947625,0.2744626160871036,-0.000225174892587,-0.1120341048111331,0.1766168475151062,0.0292106252163648,0.0279306918382644,0.1740536689758301,0.034612163901329,-0.0383121967315673,XArbitraryCorrectedZVertical,-0.0554460145458375,-0.0077705336505817,0.1365926399696954,0.9890439259097898,0.9729952216148376,-0.2306112796068192,-0.0099361157044768,46.45098876953125,-21.74372863769531,7.630538940429688,-1,2,734
2025-11-20T22:17:43.629+01:00,2604,630425.89439225,0.2777471055664185,0.0005086700939513,-0.1073121177105665,0.1210035681724548,-0.0253158006817102,0.1206615343689919,0.0078926682472229,0.1121419817209244,-0.0317007899284362,XArbitraryCorrectedZVertical,-0.0531491479498079,-0.0071723916133459,0.1382148686368884,0.9889491386947606,0.9722403287887572,-0.2338307648897171,-0.0084756389260292,46.583740234375,-21.84652709960938,7.605972290039062,-1,2,735
2025-11-20T22:17:43.664+01:00,2605,630425.9293082501,0.2798162139843721,-0.0021885203350325,-0.1042353963068081,0.0575583614408969,-0.1364168375730515,-0.0414289906620979,0.0035812854766845,0.0307184308767318,-0.0342435836791992,XArbitraryCorrectedZVertical,-0.0514326685754906,-0.0083467272046173,0.1393191418006953,0.9888756568137064,0.971729815006256,-0.2358575165271759,-0.0105867981910705,46.50177001953125,-22.30070495605469,7.469009399414062,-1,2,736
2025-11-20T22:17:43.699+01:00,2606,630425.9642252501,0.2763072155441604,-0.0080272984845703,-0.1031574916884781,0.0184639617800712,-0.1583174616098404,-0.1118146851658821,-0.022327184677124,0.0490626990795135,-0.0558415651321411,XArbitraryCorrectedZVertical,-0.0505122381891295,-0.0110700461202525,0.1377352479025108,0.9891183170699,0.9724766612052916,-0.2324733138084412,-0.0156611800193786,46.55059814453125,-22.01252746582031,6.974166870117188,-1,2,737
2025-11-20T22:17:43.734+01:00,2607,630425.99914125,0.2739928953157614,-0.0127311666025313,-0.1026776730642007,0.0090846475213766,-0.0686346814036369,-0.0158249828964471,-0.1484528779983521,0.1089148372411728,-0.0757422447204589,XArbitraryCorrectedZVertical,-0.0499662702904105,-0.0133056276369776,0.1367092169313728,0.9892608250652768,0.9729309678077698,-0.2302374541759491,-0.0198999270796775,46.56231689453125,-22.16563415527344,7.033370971679688,-1,2,738
2025-11-20T22:17:43.771+01:00,2608,630426.03405725,0.2739533719182783,-0.0124165368115114,-0.1016161201172338,0.0497078634798526,0.0760867670178413,0.0011736152227967,-0.1512178182601929,0.0685096830129623,-0.0910059213638305,XArbitraryCorrectedZVertical,-0.0494629044961084,-0.0130768002407351,0.1366822470314077,0.9892928845935798,0.9729493260383606,-0.2302070260047913,-0.0193456578999757,46.73297119140625,-22.31758117675781,6.8812255859375,-1,2,739
2025-11-20T22:17:43.804+01:00,2609,630426.06897425,0.2745287852702799,-0.0089104065810315,-0.1000255900554122,0.0429202578961849,0.1101279407739639,0.016525624319911,-0.1156123280525208,-0.0009903013706207,-0.0704214572906494,XArbitraryCorrectedZVertical,-0.0489123766437249,-0.0112482833177519,0.1368819340081911,0.9893150968842386,0.9728814959526062,-0.2307754009962082,-0.0156229073181748,46.75494384765625,-22.49900817871094,6.773361206054688,-1,2,740
2025-11-20T22:17:43.839+01:00,2610,630426.1038902501,0.2747074349130131,-0.004272527124251,-0.0984659735114974,0.0526357032358646,0.1560774594545364,-0.0014525586739182,-0.1596105098724365,-0.0129222720861434,-0.0687462091445922,XArbitraryCorrectedZVertical,-0.0484573381023469,-0.0088519283535401,0.1368601464881939,0.9893649586062784,0.9729040265083312,-0.2309589385986328,-0.0107674021273851,46.94622802734375,-22.6302490234375,7.243499755859375,-1,2,741
2025-11-20T22:17:43.874+01:00,2611,630426.1388062501,0.274924593634607,0.0016359872236222,-0.0966774391121857,0.0454009622335434,0.1741225123405457,0.0160851553082466,-0.163207471370697,-0.0395559519529342,-0.0416688323020935,XArbitraryCorrectedZVertical,-0.0479760340270183,-0.005811932358626,0.1368305320566728,0.9894149452712084,0.9728997945785522,-0.2311806827783585,-0.0046264114789664,46.8565673828125,-22.61894226074219,7.549591064453125,-1,2,742
2025-11-20T22:17:43.909+01:00,2612,630426.17372225,0.2762858486992562,0.007844732377699,-0.0958972830941413,-0.0078202802687883,0.1732501834630966,0.0548808090388774,-0.1450645327568054,-0.0559485852718353,-0.0339360237121582,XArbitraryCorrectedZVertical,-0.0480127970022347,-0.0027196130435491,0.1373584349274859,0.9893533581330516,0.972594439983368,-0.2325035184621811,0.0014652516692876,47.03289794921875,-22.65036010742188,7.556594848632812,-1,2,743
2025-11-20T22:17:43.944+01:00,2613,630426.20863925,0.2773159735871869,0.0141071185150607,-0.0975140077799006,-0.0883304700255394,0.1902311742305756,-0.0159955471754074,-0.1552557945251465,-0.0570065379142761,-0.0411522388458252,XArbitraryCorrectedZVertical,-0.0492424530576486,0.0002414344196537,0.1377059402574728,0.9892483613819276,0.9723334312438964,-0.2334902435541153,0.0070792930200695,47.2760009765625,-22.87806701660156,7.879928588867188,-1,2,744
2025-11-20T22:17:43.978+01:00,2614,630426.24355525,0.2760983890728066,0.0211659839404829,-0.1020814824847412,-0.1699627786874771,0.2135074734687805,-0.0464079827070236,-0.0635198354721069,-0.0189410895109176,-0.0451228618621826,XArbitraryCorrectedZVertical,-0.0519847896660548,0.003448131330071,0.1368894348782261,0.989215391512255,0.9725621938705444,-0.2322795838117599,0.013003097847104,47.2762451171875,-22.90118408203125,7.630584716796875,-1,2,745
2025-11-20T22:17:44.013+01:00,2615,630426.2784712501,0.2744006931797993,0.0279315011765724,-0.1087330439454766,-0.2040876597166061,0.2003543972969055,-0.0354200825095176,0.1005889177322388,-0.0292444080114364,-0.0454654693603515,XArbitraryCorrectedZVertical,-0.055731065894328,0.0063822835058804,0.1358031695365721,0.9891465492336144,0.972882091999054,-0.23058220744133,0.0182284675538539,47.40478515625,-22.63754272460938,7.786697387695312,-1,2,746
2025-11-20T22:17:44.052+01:00,2616,630426.3133882501,0.2746455607131095,0.034696544407542,-0.1157896720082585,-0.2023860067129135,0.1483682692050934,0.0427841320633888,0.1577556133270264,-0.024697408080101,-0.0132207851856946,XArbitraryCorrectedZVertical,-0.0596798894097986,0.0092356060203924,0.1356473509169414,0.9889150326714544,0.9727376103401184,-0.2307499647140503,0.0231542568653821,47.62554931640625,-22.73063659667969,8.030380249023438,-1,2,747
2025-11-20T22:17:44.083+01:00,2617,630426.348304125,0.2761866708396192,0.0391525268149159,-0.1231147069628307,-0.1957234293222427,0.0814392119646072,-0.0445645488798618,0.4052671790122986,-0.1456078588962555,0.0102258902043104,XArbitraryCorrectedZVertical,-0.0636106615863417,0.0108852454331343,0.1361750410336503,0.9885805612054884,0.9723419547080994,-0.2321539223194122,0.0256017837673425,47.7537841796875,-22.95773315429688,8.426605224609375,-1,2,748
2025-11-20T22:17:44.118+01:00,2618,630426.383220125,0.2727340208998928,0.036456585076735,-0.127909369145021,-0.102048933506012,-0.1595516949892044,-0.0716940835118293,0.4096923470497131,-0.0955965965986251,0.0407695770263671,XArbitraryCorrectedZVertical,-0.0657800889197191,0.0093342158762576,0.1344901790946686,0.9886851310768224,0.9732269048690796,-0.2287594527006149,0.0223254021257162,48.10296630859375,-22.71336364746094,8.136978149414062,-1,2,749
2025-11-20T22:17:44.153+01:00,2619,630426.4181371251,0.2722382678132627,0.030233178808387,-0.1304965877424965,-0.0703104808926582,-0.1360195875167847,-0.0019994061440229,-0.0685995221138,0.1499838083982468,0.0919077396392822,XArbitraryCorrectedZVertical,-0.0666383724233307,0.0060974771155991,0.1344184611503054,0.9886627350563608,0.9734762907028198,-0.2282461374998093,0.0157430190593004,48.15863037109375,-22.63919067382812,7.679885864257812,-1,2,750
2025-11-20T22:17:44.188+01:00,2620,630426.4530531251,0.2716358382313788,0.0277445895196495,-0.1321721799678455,-0.0255131106823682,-0.0145011506974697,-0.0164558794349432,0.0141502618789672,0.0546068400144577,0.062801718711853,XArbitraryCorrectedZVertical,-0.0672977056969637,0.0047733683586745,0.1341845365155613,0.9886571097879896,0.97365802526474,-0.2276414781808853,0.0130191370844841,48.4376220703125,-22.61767578125,7.41302490234375,-1,2,751
2025-11-20T22:17:44.223+01:00,2621,630426.487970125,0.2727784339134336,0.0290746810183442,-0.1335057461861012,-0.061538491398096,0.0797497108578681,0.0450761877000331,-0.0183600783348083,0.0330921709537506,0.0873870849609375,XArbitraryCorrectedZVertical,-0.0680490049374541,0.0053012810722149,0.1346889580936697,0.988534302454466,0.973392367362976,-0.2287250608205795,0.0138549776747822,48.60589599609375,-22.66450500488281,7.285995483398438,-1,2,752
2025-11-20T22:17:44.258+01:00,2622,630426.522886125,0.2746508969610135,0.0326096504491264,-0.1348871850935733,-0.0215617008507251,0.1036821305751801,0.0714032426476478,-0.0047864913940429,0.0258749425411224,0.069674015045166,XArbitraryCorrectedZVertical,-0.0689760080580847,0.0068894781361941,0.1354764246068526,0.9883526843560542,0.972926139831543,-0.2305105477571487,0.0167211722582578,48.8038330078125,-22.66156005859375,7.637802124023438,-1,2,753
2025-11-20T22:17:44.293+01:00,2623,630426.557802125,0.2768091854133978,0.035877673765397,-0.1358050998275223,-0.0653901696205139,0.0538096688687801,0.0081186182796955,-0.1395448446273804,0.0448936074972152,0.1011570692062378,XArbitraryCorrectedZVertical,-0.0696597977229791,0.0083660542363565,0.1364175956793989,0.988163907310136,0.9723848700523376,-0.2325767129659653,0.0193873140960931,48.81378173828125,-22.79437255859375,7.949081420898438,-1,2,754
2025-11-20T22:17:44.332+01:00,2624,630426.5927191251,0.2759079662587218,0.0352230087256328,-0.1395895802038546,-0.1430164128541946,-0.0932877361774444,-0.0206181779503822,-0.0721508860588073,0.0223436504602432,0.093312382698059,XArbitraryCorrectedZVertical,-0.0714807277635453,0.0078121350588199,0.1359442754805208,0.988103599085124,0.9726330637931824,-0.2316484153270721,0.0180003866553306,48.9671630859375,-22.69284057617188,7.630722045898438,-1,2,755
2025-11-20T22:17:44.363+01:00,2625,630426.6276351251,0.2778928408457683,0.0300082163071368,-0.1456548790794905,-0.198599174618721,-0.20639269053936,0.0998896583914756,-0.1674931049346924,0.0358997285366058,0.0604863166809082,XArbitraryCorrectedZVertical,-0.0741261912793082,0.0047430254795383,0.137035908607044,0.9877772787319494,0.9723026156425476,-0.2334552407264709,0.0112300207838416,49.06622314453125,-22.71992492675781,7.231246948242188,-1,2,756
2025-11-20T22:17:44.397+01:00,2626,630426.662551125,0.28327320872686,0.0237909566601847,-0.1520698225254788,-0.1561264246702194,-0.1740690469741821,0.1850701570510864,-0.1984784007072449,0.0154799818992614,0.0076624155044555,XArbitraryCorrectedZVertical,-0.0768700096312364,0.0010198000542156,0.1398511757260822,0.9871836412826857,0.971137523651123,-0.2385023832321167,0.0028660558164119,48.98992919921875,-22.948974609375,6.962753295898438,-1,2,757
2025-11-20T22:17:44.432+01:00,2627,630426.697468125,0.2902304261535546,0.019962709591868,-0.1556460409902514,-0.0609673969447612,-0.1017361357808113,0.1859204918146133,-0.2400789260864258,0.0108279436826705,-0.0013968939892947,XArbitraryCorrectedZVertical,-0.0783624842005108,-0.0013954075359624,0.1433937539258303,0.9865574011948576,0.969494640827179,-0.2450960427522659,-0.0027840461116284,49.0526123046875,-23.18218994140625,6.341796875,-1,2,758
2025-11-20T22:17:44.467+01:00,2628,630426.732384125,0.2953170506643771,0.0187620280781547,-0.1560054235319508,0.0312945954501628,-0.0245435945689678,0.0863952934741973,-0.1989887356758118,-0.0036152601242065,0.0200076699256897,XArbitraryCorrectedZVertical,-0.0784482457586805,-0.0022132375185129,0.1459457063034267,0.986174799799312,0.9682452082633972,-0.2499552220106125,-0.0048252120614051,49.107177734375,-23.42373657226562,6.356796264648438,-1,2,759
2025-11-20T22:17:44.502+01:00,2629,630426.7673001251,0.2962240533234276,0.0177382382631857,-0.1540089760323568,0.0704701095819473,-0.0614071227610111,-0.0175879225134849,-0.0800817012786865,-0.0363175570964813,0.0705652832984924,XArbitraryCorrectedZVertical,-0.0773880904656936,-0.002606056906906,0.1464531875822992,0.9861824276382724,0.968005895614624,-0.2508680820465088,-0.0054560587741434,49.0069580078125,-23.2362060546875,6.41656494140625,-1,2,760
2025-11-20T22:17:44.537+01:00,2630,630426.8022171251,0.2953401828202402,0.0150271564096258,-0.1513513996033592,0.0863072201609611,-0.0971956700086593,-0.033452745527029,0.0711855292320251,-0.0880530476570129,0.0725126862525939,XArbitraryCorrectedZVertical,-0.0758808825751885,-0.003713063754365,0.146146872910754,0.9863414213051114,0.9681972861289978,-0.2500816583633423,-0.0072813956066966,49.14617919921875,-23.27020263671875,6.424102783203125,-1,2,761
2025-11-20T22:17:44.572+01:00,2631,630426.837133125,0.2947284428579444,0.0098953499735553,-0.1485732883512109,0.0661405175924301,-0.189283013343811,0.004538741428405,0.2119747400283813,-0.1144274473190308,0.049917995929718,XArbitraryCorrectedZVertical,-0.0741374926352816,-0.0060169191556114,0.14606145522734,0.986475294154286,0.9682925343513488,-0.2495556473731995,-0.0114658791571855,49.27740478515625,-23.11004638671875,6.444168090820312,-1,2,762
2025-11-20T22:17:44.612+01:00,2632,630426.872049125,0.2956258192716378,0.0047017653273005,-0.1464330402532026,0.057166401296854,-0.0400209724903106,0.019817017018795,0.1175779104232788,-0.0407086610794067,6.657838821411133e-05,XArbitraryCorrectedZVertical,-0.0726985491891232,-0.0084543041068882,0.1467101756180619,0.9864682264864894,0.9679933190345764,-0.2504594922065735,-0.0160882975906133,49.26873779296875,-23.07058715820312,6.3294677734375,-1,2,763
2025-11-20T22:17:44.642+01:00,2633,630426.906966125,0.2919340974099369,0.0047644812749547,-0.1409678044351687,0.2477255761623383,-0.0529119372367858,-0.1364353001117706,0.4658334255218506,-0.1602431833744049,-0.0440604090690612,XArbitraryCorrectedZVertical,-0.0700220699185735,-0.0078922643231012,0.1449217245265541,0.9869307178780626,0.9689045548439026,-0.2470290809869766,-0.0141518944874405,49.2965087890625,-22.92453002929688,6.351913452148438,-1,2,764
2025-11-20T22:17:44.677+01:00,2634,630426.941882125,0.2894176180737301,0.0018579983085978,-0.1339254613423149,0.1314346939325333,-0.1269452124834061,-0.0605837777256965,0.0836105942726135,0.0320611447095871,-0.0412515997886657,XArbitraryCorrectedZVertical,-0.0663469540375133,-0.0087318627128421,0.1438195165914284,0.987338824190882,0.9694747924804688,-0.2447381466627121,-0.014900772832334,49.87677001953125,-22.72427368164062,6.323440551757812,-1,2,765
2025-11-20T22:17:44.712+01:00,2635,630426.9767991251,0.2875869549330473,-0.0026309165852478,-0.1323609159566883,0.0315699316561222,-0.0903269946575164,-0.0442354008555412,0.0026880502700805,0.1075368821620941,-0.1143589615821838,XArbitraryCorrectedZVertical,-0.0652614964907358,-0.0107756606511157,0.1430707393827829,0.9874996507434946,0.9698460698127748,-0.2430043667554855,-0.0186366830021143,49.998046875,-22.45979309082031,6.359970092773438,-1,2,766
2025-11-20T22:17:44.747+01:00,2636,630427.0117151251,0.2850804023014343,-0.0058173391150548,-0.1305181579745273,0.0607500709593296,-0.0839188396930694,-0.1168796494603157,0.0520075559616088,0.0538549274206161,-0.1277766227722168,XArbitraryCorrectedZVertical,-0.0641388090982488,-0.0121369947121962,0.1419427797625395,0.987720189563194,0.9703922867774964,-0.2406224310398102,-0.0209660902619361,50.06011962890625,-22.16021728515625,6.231857299804688,-1,2,767
2025-11-20T22:17:44.782+01:00,2637,630427.046631125,0.2801497944467995,-0.0093497467171744,-0.1288556066756015,0.0690699443221092,-0.0702481940388679,-0.1279110312461853,-0.008086621761322,0.0747054517269134,-0.1135275363922119,XArbitraryCorrectedZVertical,-0.0631006102731476,-0.0136083802969396,0.1396241249198655,0.9880982469729572,0.9714958667755128,-0.2358992248773575,-0.0233895741403102,50.2327880859375,-22.16587829589844,6.436187744140625,-1,2,768
2025-11-20T22:17:44.816+01:00,2638,630427.081548125,0.278300987464733,-0.0097143555058133,-0.1252015194441397,0.1315904557704926,0.0784365683794021,-0.0040517733432352,-0.1524284482002258,0.1165829747915268,-0.0790841579437255,XArbitraryCorrectedZVertical,-0.0612820795010413,-0.0134778578950247,0.1387294745193537,0.9883405285375502,0.9719321727752686,-0.234167143702507,-0.0226614885032177,50.45135498046875,-21.6217041015625,6.5654296875,-1,2,769
2025-11-20T22:17:44.852+01:00,2639,630427.116464125,0.2780321927825476,-0.0059808800622987,-0.1198600780686377,0.1721735298633575,0.1163539588451385,-0.0068601570092141,-0.1442912220954895,0.0470242947340011,-0.0407209992408752,XArbitraryCorrectedZVertical,-0.058902454967923,-0.0112556921243442,0.1384967563779571,0.9885456962625508,0.972080647945404,-0.2339749783277512,-0.0177507083863019,50.43463134765625,-21.59597778320312,6.872390747070312,-1,2,770
2025-11-20T22:17:44.891+01:00,2640,630427.1513801251,0.2774746340152792,-0.0023525136238217,-0.1140486353887446,0.148828312754631,0.0864551961421966,-0.0459561273455619,-0.1517307162284851,-0.012485072016716,-0.0181120634078979,XArbitraryCorrectedZVertical,-0.0562833472313786,-0.0090448268353042,0.1381341830358852,0.9887716519095048,0.9722720980644226,-0.2335018366575241,-0.012802311219275,50.3988037109375,-21.33148193359375,7.580429077148438,-1,2,771
2025-11-20T22:17:44.921+01:00,2641,630427.1862971251,0.274955852932516,0.0005020596232231,-0.1100439272900572,0.0772395282983779,0.1013591289520264,-0.083141952753067,-0.2064850926399231,-0.0166497677564621,-0.0014163851737976,XArbitraryCorrectedZVertical,-0.0545096707636793,-0.0072884103449777,0.1368241995056926,0.9890676204438882,0.9728882908821106,-0.2311071455478668,-0.0088223358616232,50.38653564453125,-21.02621459960938,7.838180541992188,-1,2,772
2025-11-20T22:17:44.956+01:00,2642,630427.221213125,0.2724493292594631,0.0033826101537128,-0.1087383050408763,-0.0098788384348154,0.0722087919712066,-0.0471324101090431,-0.1580686569213867,-0.0144087523221969,-0.0045278668403625,XArbitraryCorrectedZVertical,-0.0540681974127888,-0.005706725958568,0.1355118072653217,0.9892829058249042,0.9734830260276794,-0.2286942452192307,-0.0054514296352863,50.410888671875,-20.69309997558594,7.988601684570312,-1,2,773
2025-11-20T22:17:44.991+01:00,2643,630427.256130125,0.2720354451390225,0.0059886106938819,-0.1102717610059377,-0.0651540607213974,0.0905039831995964,0.0242666043341159,-0.1395142674446106,0.0125056505203247,-0.0312796831130981,XArbitraryCorrectedZVertical,-0.0550041288645667,-0.0045103973353015,0.1352285639669866,0.9892761545948472,0.9735899567604064,-0.22828009724617,-0.0032204778399318,50.29071044921875,-20.53213500976562,8.23309326171875,-1,2,774
2025-11-20T22:17:45.026+01:00,2644,630427.291046125,0.2736588667025189,0.0098186950385809,-0.1133962124778978,-0.1197897270321846,0.0995218902826309,0.0746733918786048,-0.0818144083023071,-0.0091776102781295,-0.0323735475540161,XArbitraryCorrectedZVertical,-0.0568059822457101,-0.0028739219785062,0.1359064510889638,0.989087538223124,0.9732327461242676,-0.2298207432031631,-0.0003871117951348,49.91766357421875,-20.52128601074219,8.588043212890625,-1,2,775
2025-11-20T22:17:45.061+01:00,2645,630427.3259621251,0.2768576391460671,0.0140084069784203,-0.1186575117125453,-0.1751725226640701,0.1200654208660126,0.0796557143330574,0.0501806735992431,-0.0723968595266342,-0.0507479906082153,XArbitraryCorrectedZVertical,-0.0596900927416438,-0.0012566631613105,0.1373296453890694,0.9887244784915944,0.9725090861320496,-0.2328551709651947,0.0021029782947152,49.63671875,-20.56541442871094,8.56781005859375,-1,2,776
2025-11-20T22:17:45.096+01:00,2646,630427.3608786251,0.2785338416712109,0.017863829866176,-0.1251713986135662,-0.1845590174198151,0.0935631543397903,0.0231757722795009,0.1277506351470947,-0.0675487220287323,-0.0546933412551879,XArbitraryCorrectedZVertical,-0.0631742808169884,0.0001460481671879,0.1379866330490048,0.9884172532894896,0.9721332788467408,-0.2343921214342117,0.0041256537660956,49.478759765625,-20.82281494140625,9.075454711914062,-1,2,777
2025-11-20T22:17:45.132+01:00,2647,630427.395794625,0.2798494288075939,0.0206208912999881,-0.1313566294586042,-0.210867777466774,0.1090754568576813,0.0329022817313671,0.1204118728637695,-0.0230326056480407,-0.0113323926925659,XArbitraryCorrectedZVertical,-0.0664210575721316,0.0010344953044595,0.1384903956393158,0.9881334708908328,0.971842885017395,-0.2355733513832092,0.0051830541342496,49.184814453125,-20.87416076660156,9.19873046875,-1,2,778
2025-11-20T22:17:45.167+01:00,2648,630427.430711625,0.2779436296392943,0.0242288047255671,-0.1399007330649965,-0.247627004981041,-0.0149580230936408,-0.0978593677282333,0.5064831376075745,-0.2308892160654068,0.0140646696090698,XArbitraryCorrectedZVertical,-0.0708884113302319,0.0022867159129355,0.1373374745070415,0.987981809707992,0.9723070859909058,-0.2336035370826721,0.0069466433487832,49.734375,-20.63609313964844,9.4505615234375,-1,2,779
2025-11-20T22:17:45.201+01:00,2649,630427.465627625,0.2804153374738799,0.0217169742592188,-0.1498102310659659,-0.2813774645328522,-0.1022648364305496,0.1793477088212967,0.1277338266372681,0.0267574489116668,0.0556142330169677,XArbitraryCorrectedZVertical,-0.0756095371795196,0.0002640797611335,0.1385440577954218,0.9874658057970872,0.9717991948127748,-0.2358028143644333,0.0018198131583631,49.687255859375,-20.67939758300781,9.297500610351562,-1,2,780
2025-11-20T22:17:45.235+01:00,2650,630427.5005436251,0.2859086136601262,0.0225302295908843,-0.1586106351874843,-0.1895555257797241,0.1394819617271423,0.0690916925668716,-0.1246048808097839,0.0912173390388488,0.0638730525970459,XArbitraryCorrectedZVertical,-0.0800089645607276,-0.0001709826001875,0.1411277859398424,0.9867530126946452,0.970552146434784,-0.2408907562494278,-0.0003355207445565,49.4791259765625,-21.10385131835938,9.368316650390623,-1,2,781
2025-11-20T22:17:45.270+01:00,2651,630427.5354606251,0.2855496480344004,0.0301005417594071,-0.1624573440229397,-0.0709668323397636,0.2341502606868744,-0.0865948945283889,0.0499902367591857,-0.0116610676050186,0.117329478263855,XArbitraryCorrectedZVertical,-0.0824390493716445,0.003303419877316,0.1405963233448952,0.9866233225074288,0.9706395864486694,-0.2404598444700241,0.0061446614563465,49.1741943359375,-21.13925170898438,9.484161376953123,-1,2,782
2025-11-20T22:17:45.305+01:00,2652,630427.570376625,0.2803620453214803,0.0349717992128242,-0.1668183575981315,-0.1527943164110184,0.0759816616773605,-0.1699813902378082,0.0623832941055297,-0.0262985229492187,0.1618573665618896,XArbitraryCorrectedZVertical,-0.0849172000967249,0.0056144636097355,0.1377728922369773,0.98680103299683,0.9718421697616576,-0.2353896796703339,0.0107042649760842,49.23895263671875,-20.81126403808594,10.13462829589844,-1,2,783
2025-11-20T22:17:45.340+01:00,2653,630427.605292625,0.2768980687527928,0.0348418781370058,-0.1726926200888766,-0.1729463785886765,-0.0406790971755981,-0.0474864728748798,-0.0492207407951355,0.0360243022441864,0.1034018993377686,XArbitraryCorrectedZVertical,-0.0877960260800345,0.0052892912877749,0.1359842256952393,0.986798981668138,0.9726826548576356,-0.2319318503141403,0.009802971035242,49.2679443359375,-20.4566650390625,9.948516845703123,-1,2,784
2025-11-20T22:17:45.375+01:00,2654,630427.640209625,0.2750137371855347,0.0321535815852032,-0.1791355969019451,-0.1838374584913254,-0.0772949755191803,-0.083741046488285,-0.1613660454750061,0.0543854981660842,0.0607826709747314,XArbitraryCorrectedZVertical,-0.0907870943743969,0.0036011040266328,0.1350824249226459,0.9866598445188608,0.9731795191764832,-0.2299683839082718,0.0060355877503752,49.16461181640625,-20.38134765625,10.036865234375,-1,2,785
2025-11-20T22:17:45.412+01:00,2655,630427.675125625,0.2722847669605507,0.0284508964388543,-0.1855691164601903,-0.1867590099573135,-0.1166024580597878,-0.0687310025095939,-0.1722744107246399,0.0372343510389328,0.0372350215911865,XArbitraryCorrectedZVertical,-0.0937072298305372,0.0014591297212205,0.1338189780891924,0.9865643650901136,0.9738489985466005,-0.2271909713745117,0.0014611762017011,49.346435546875,-20.355712890625,9.951019287109377,-1,2,786
2025-11-20T22:17:45.452+01:00,2656,630427.7100426251,0.2711074825830798,0.0236834828619471,-0.1923728997055728,-0.1844609379768372,-0.1249311044812202,0.0019527373369783,-0.2149279713630676,0.0409455746412277,0.0218651294708252,XArbitraryCorrectedZVertical,-0.0967433800842819,-0.0012989891400025,0.1333780955239234,0.9863312874196848,0.9741442799568176,-0.2258820682764053,-0.0045006736181676,49.46197509765625,-20.21812438964844,9.562820434570312,-1,2,787
2025-11-20T22:17:45.480+01:00,2657,630427.7449586251,0.2722638647297483,0.02065479746285,-0.1973199152379757,-0.0959791243076324,-0.0582556799054145,0.0361695699393749,-0.2234634757041931,0.0274604260921478,-0.001810728572309,XArbitraryCorrectedZVertical,-0.0989782011440936,-0.0031849880021222,0.1340368807840553,0.9860158346081996,0.9738906025886536,-0.2268469631671906,-0.0087941605597734,49.3873291015625,-20.29313659667969,9.37396240234375,-1,2,788
2025-11-20T22:17:45.515+01:00,2658,630427.779874625,0.2730536672587328,0.0195088255151473,-0.1988171778177767,0.01297870837152,-0.0199590772390365,0.0168588776141405,-0.1973572373390198,0.0403317958116531,0.0160965919494628,XArbitraryCorrectedZVertical,-0.0996377930963256,-0.0038911191007709,0.1344656674621059,0.985888474853244,0.9737089872360228,-0.2275570929050446,-0.0104051055386662,49.258056640625,-20.21389770507812,9.33990478515625,-1,2,789
2025-11-20T22:17:45.550+01:00,2659,630427.814791625,0.2739146487520631,0.0193124964617287,-0.1962725231532476,0.1265760660171509,-0.0112108755856752,0.0206439979374408,-0.0910859107971191,0.0046676695346832,0.0333777666091918,XArbitraryCorrectedZVertical,-0.0983688240657169,-0.0038567307212661,0.1349290956704103,0.9859526891792212,0.973501443862915,-0.2284529954195023,-0.0101844919845461,49.01470947265625,-20.04548645019531,9.452224731445312,-1,2,790
2025-11-20T22:17:45.585+01:00,2660,630427.849707625,0.2744691490868867,0.0183516453225338,-0.1910254759239962,0.1560820639133453,-0.0473450496792793,0.0198072139173746,0.0037221908569335,-0.0253848731517791,0.0555272698402404,XArbitraryCorrectedZVertical,-0.0957165209540724,-0.0039981414005698,0.1353081095565196,0.9861612886012652,0.9733437299728394,-0.229131668806076,-0.0100255962461233,48.95782470703125,-20.08323669433594,9.530288696289062,-1,2,791
2025-11-20T22:17:45.620+01:00,2661,630427.8846246251,0.2744220710572982,0.0157563225646653,-0.1855895252257098,0.1549627333879471,-0.1077628508210182,-0.0096902251243591,0.1905127763748169,-0.0900552719831466,0.0525571107864379,XArbitraryCorrectedZVertical,-0.0928608382309771,-0.0049034901013023,0.1354650620529261,0.986408627971498,0.9733054637908936,-0.2292348444461823,-0.0112973479554057,48.80914306640625,-19.89427185058594,9.554840087890623,-1,2,792
2025-11-20T22:17:45.654+01:00,2662,630427.9195406251,0.2758164003884511,0.012018355823384,-0.1799046908319976,0.1698915064334869,-0.101831465959549,0.0979819148778915,0.1567930579185486,-0.0458026379346847,0.0368734002113342,XArbitraryCorrectedZVertical,-0.0897993443258946,-0.0064209637554756,0.1363785254849357,0.986557538258123,0.9729218482971193,-0.2307171076536179,-0.0138784339651465,48.697998046875,-19.84980773925781,9.891387939453123,-1,2,793
2025-11-20T22:17:45.692+01:00,2663,630427.954456625,0.2783036239643091,0.0115908268395582,-0.1744528526145407,0.195806473493576,0.0427516587078571,-0.0135744884610176,0.4005517959594727,-0.1674607992172241,-0.040583785623312,XArbitraryCorrectedZVertical,-0.0870731333376644,-0.0063655017874605,0.1376735474012546,0.9866223483510924,0.9723270535469056,-0.2332349419593811,-0.0134628573432564,48.2691650390625,-19.83673095703125,9.503616333007812,-1,2,794
2025-11-20T22:17:45.724+01:00,2664,630427.989373625,0.2806378571747554,0.0102241753880483,-0.1655680936920914,0.2234504520893097,-0.0862158611416816,0.1638107746839523,0.3402699828147888,-0.0492291897535324,-0.0201816577464342,XArbitraryCorrectedZVertical,-0.0825882470499991,-0.0065202271396149,0.1389595565624659,0.9868267736598502,0.9717418551445008,-0.2356829196214676,-0.0130977928638458,48.11956787109375,-19.66949462890625,9.730880737304688,-1,2,795
2025-11-20T22:17:45.759+01:00,2665,630428.024289625,0.2843030023570168,0.0058885761122365,-0.1606052157047173,0.0252465512603521,-0.1685595065355301,-0.0020057228393852,-0.0393576025962829,0.0799145698547363,-0.0041434150189161,XArbitraryCorrectedZVertical,-0.0798226664913782,-0.008459265188076,0.1409822899842274,0.9867526144168288,0.9707997441291808,-0.2393078207969666,-0.016715370118618,47.458984375,-19.59835815429688,9.527664184570312,-1,2,796
2025-11-20T22:17:45.794+01:00,2666,630428.059206625,0.2810507880823351,-0.0012311374964775,-0.161031888859426,-0.0574486292898654,-0.2633526027202606,-0.1706490963697433,0.1114694476127625,0.0221917927265167,-0.0516972504556179,XArbitraryCorrectedZVertical,-0.0795502027948221,-0.0118726780859471,0.1396585948775216,0.9869276372272628,0.9714313745498656,-0.2361809611320496,-0.0232234671711921,47.3436279296875,-19.36738586425781,9.533432006835938,-1,2,797
2025-11-20T22:17:45.829+01:00,2667,630428.0941226251,0.2744014471267966,-0.0140508469470017,-0.1651742994731221,-0.1685716509819031,-0.3642784357070923,-0.1821967959403992,0.0398133993148803,0.0519002825021743,-0.0830409526824951,XArbitraryCorrectedZVertical,-0.0807584766182953,-0.0182180100064356,0.1368752431777117,0.9871228276636284,0.9726072549819946,-0.2297109216451645,-0.0356114357709884,47.46807861328125,-19.21257019042969,8.90509033203125,-1,2,798
2025-11-20T22:17:45.864+01:00,2668,630428.129038625,0.2698533009292916,-0.0245997837124967,-0.1693803845608763,-0.0543371476233005,-0.1378136724233627,-0.0421658158302307,-0.119769275188446,0.1105824559926987,-0.1332831978797913,XArbitraryCorrectedZVertical,-0.0821652564753079,-0.0235219611447466,0.1350563226720519,0.9871450592481804,0.973208487033844,-0.2252521961927414,-0.0461144186556339,47.48553466796875,-19.05340576171875,8.592788696289062,-1,2,799
2025-11-20T22:17:45.899+01:00,2669,630428.163955625,0.2689369452256448,-0.0238680301199532,-0.1685063776940502,0.0940330028533935,0.1493490785360336,-0.0394758805632591,-0.2592234015464783,0.1122241318225861,-0.1065201759338379,XArbitraryCorrectedZVertical,-0.0817937227026662,-0.0230651759352432,0.1345737334738346,0.98725263072107,0.9734567403793336,-0.2243914604187012,-0.0450606197118759,47.56695556640625,-18.81150817871094,8.523590087890625,-1,2,800
2025-11-20T22:17:45.934+01:00,2670,630428.198871625,0.2676799869494548,-0.016825616469823,-0.1632589606671693,0.1970369517803192,0.247346505522728,-0.0084851440042257,-0.1882272958755493,0.0495273023843765,-0.0850854516029357,XArbitraryCorrectedZVertical,-0.0796879192352935,-0.0191899337975863,0.1336715584076884,0.9876302114432832,0.9740548133850098,-0.2232943475246429,-0.0368323028087616,47.16357421875,-18.57723999023438,8.730499267578125,-1,2,801
2025-11-20T22:17:45.972+01:00,2671,630428.233787625,0.2683760681372044,-0.0079198861715716,-0.1555100300677588,0.2413860410451889,0.2615994811058044,0.0305461436510086,-0.2089425325393677,0.0039776116609573,-0.0533353686332702,XArbitraryCorrectedZVertical,-0.0764496111308235,-0.0143044240002742,0.1336852483603795,0.9879671825212304,0.9742012619972228,-0.2241161465644836,-0.0265291463583707,46.7957763671875,-18.31423950195312,9.223892211914062,-1,2,802
2025-11-20T22:17:46.004+01:00,2672,630428.2687046251,0.2698416772460898,0.0016288090425876,-0.1460424042811097,0.2997673153877258,0.2655325829982758,0.048391506075859,-0.1939869523048401,-0.011241614818573,-0.0435875058174133,XArbitraryCorrectedZVertical,-0.0724025288508383,-0.009008635811065,0.1340944919405365,0.9882790117972348,0.9740772247314452,-0.2256968319416046,-0.0153114311397075,46.60076904296875,-18.32113647460938,9.951705932617188,-1,2,803
2025-11-20T22:17:46.039+01:00,2673,630428.303620625,0.2701379592808367,0.0096165558131101,-0.1356480351671511,0.2738247215747833,0.1813877820968628,-0.0432832054793834,-0.1811258792877197,-0.0356030166149139,-0.0157575607299804,XArbitraryCorrectedZVertical,-0.0677999734876903,-0.0043724735137768,0.1340246078857223,0.9886462827276824,0.9740793108940125,-0.2261462062597275,-0.0052232695743441,46.05596923828125,-18.15623474121094,10.76502990722656,-1,2,804
2025-11-20T22:17:46.073+01:00,2674,630428.338537625,0.2671275540380436,0.0145683087601477,-0.1276309448070754,0.1845414340496063,0.1379791349172592,-0.0995572805404663,-0.1192992329597473,-0.0456962883472442,-0.0252037048339843,XArbitraryCorrectedZVertical,-0.0641705344544638,-0.0012876031175003,0.1324320381773891,0.9891118832946596,0.9747374653816224,-0.2233466655015945,0.0017966727027669,45.96923828125,-17.96229553222656,10.83370971679688,-1,2,805
2025-11-20T22:17:46.108+01:00,2675,630428.3734537917,0.2648621604275785,0.019403163367108,-0.1227912699469958,0.0959077030420303,0.1645413637161255,-0.0163338147103786,-0.0090989470481872,-0.0415136814117431,-0.0380828380584716,XArbitraryCorrectedZVertical,-0.0620955563158786,0.0014968925653678,0.1311992871680074,0.9894082927527348,0.9751940369606018,-0.2212121337652206,0.0078704729676246,45.68341064453125,-18.04389953613281,11.40914916992188,-1,2,806
2025-11-20T22:17:46.143+01:00,2676,630428.4083697917,0.2650161803574098,0.0251571812461395,-0.1210601850106412,0.0055603142827749,0.151062086224556,0.0192709453403949,0.0858237147331237,-0.0800267904996871,-0.0335597991943359,XArbitraryCorrectedZVertical,-0.0616168896836537,0.0044533994673294,0.1311140276949662,0.9894406189303104,0.9750893712043762,-0.2213800251483917,0.0138454167172312,45.38653564453125,-18.07177734375,11.79609680175781,-1,2,807
2025-11-20T22:17:46.178+01:00,2677,630428.4432867917,0.266302451275085,0.0292835758517544,-0.1213982392431895,-0.0233797207474708,0.0572313629090786,0.0634347274899482,0.1347668170928955,-0.0504499524831771,-0.0067237634211778,XArbitraryCorrectedZVertical,-0.062058626728866,0.0064324509014438,0.131619132309819,0.9893349844673008,0.9747453927993774,-0.222621276974678,0.0176337789744138,44.55096435546875,-18.07911682128906,12.13563537597656,-1,2,808
2025-11-20T22:17:46.213+01:00,2678,630428.4782027917,0.267742676027492,0.0313549883652348,-0.1246773218405271,-0.1671785116195679,0.0680177807807922,-0.0722398608922958,0.1876188516616821,-0.0998600423336029,0.033888816833496,XArbitraryCorrectedZVertical,-0.0638216547130235,0.0071923604791115,0.1322283055597709,0.9891363223738184,0.9744141101837158,-0.2239771634340286,0.0187386814504861,44.420166015625,-18.28909301757812,12.31723022460938,-1,2,809
2025-11-20T22:17:46.252+01:00,2679,630428.5131197918,0.2617123508286835,0.0287142016257045,-0.1320222558193309,-0.2495599985122681,-0.1840224862098694,-0.1611165255308151,0.5037066340446472,-0.1529321372509003,0.0477157831192016,XArbitraryCorrectedZVertical,-0.0672617202415269,0.0055966741966094,0.1292465277867862,0.9893128582534516,0.9758160710334778,-0.2180547714233398,0.0153334913775324,44.11553955078125,-18.081787109375,12.16050720214844,-1,2,810
2025-11-20T22:17:46.283+01:00,2680,630428.5480357917,0.2600008087268821,0.0214867043642608,-0.140506232022606,-0.2159934192895889,-0.1416013538837433,0.0272885784506797,0.0829730033874511,0.1236491054296494,0.0441231727600097,XArbitraryCorrectedZVertical,-0.0709882482738022,0.001527001365028,0.1285595442404904,0.9891566590459272,0.976307451725006,-0.2162851989269257,0.0066733136773109,44.064208984375,-18.24021911621094,11.70417785644531,-1,2,811
2025-11-20T22:17:46.318+01:00,2681,630428.5829517917,0.2612958353378856,0.0236058431018083,-0.144590219345766,0.0024732574820518,0.2474964112043381,0.0223451443016529,-0.044837474822998,0.1269760280847549,0.015843391418457,XArbitraryCorrectedZVertical,-0.0731451724233249,0.0022619923951798,0.1290819534011292,0.9889299403754178,0.9760354161262512,-0.2174758464097977,0.0076703634113073,43.6048583984375,-18.29670715332031,11.88212585449219,-1,2,812
2025-11-20T22:17:46.353+01:00,2682,630428.6178687917,0.2610233791059608,0.0336580295095928,-0.1427570700226294,0.0491815730929374,0.2373417913913727,-0.045399509370327,0.1146988272666931,0.0039379000663757,0.0945225954055786,XArbitraryCorrectedZVertical,-0.072885873222416,0.0073625078013604,0.1286017839644007,0.9889868404018536,0.9759535193443298,-0.2172404527664185,0.0179194081574678,43.404052734375,-18.48760986328125,11.99464416503906,-1,2,813
2025-11-20T22:17:46.388+01:00,2683,630428.6527847917,0.259545485067295,0.0378116910895518,-0.1423285825319073,-0.0093328729271888,0.0523238405585289,-0.0021852441132068,0.0074939131736755,0.0477279275655746,0.1018626689910889,XArbitraryCorrectedZVertical,-0.072933986671235,0.0094984389488214,0.127725272159348,0.9890787676268146,0.9761792421340942,-0.2158187478780746,0.0222828313708305,42.9761962890625,-18.14518737792969,12.25836181640625,-1,2,814
2025-11-20T22:17:46.423+01:00,2684,630428.6877007918,0.2610552828235951,0.0381705233610498,-0.1432108206693422,-0.0404202900826931,-0.0365357547998428,0.0597707405686378,-0.0950920581817627,0.0851844251155853,0.0707670450210571,XArbitraryCorrectedZVertical,-0.0734002852131673,0.0095629634686824,0.1284463895245531,0.9889501907840014,0.975859761238098,-0.2172644734382629,0.0222200527787208,42.963623046875,-18.48236083984375,12.50198364257812,-1,2,815
2025-11-20T22:17:46.458+01:00,2685,630428.7226177917,0.263304204274791,0.0365126864811488,-0.1443610153187931,-0.0399154797196388,-0.0759176015853881,0.0786512941122055,-0.1445080637931824,0.059674397110939,0.022629139944911,XArbitraryCorrectedZVertical,-0.0738720270722755,0.0085847455333515,0.1296033472577079,0.988773088015666,0.9754253625869752,-0.2194186002016068,0.0200191084295511,42.57122802734375,-18.88519287109375,12.33660888671875,-1,2,816
2025-11-20T22:17:46.492+01:00,2686,630428.7575337917,0.2671619006580616,0.033212206582486,-0.1461127026071157,-0.0630976408720016,-0.1422842890024185,0.1405364274978638,-0.1722195744514465,0.0406936258077621,0.0124803781509399,XArbitraryCorrectedZVertical,-0.0745368164528854,0.0066935631999662,0.1316092124888592,0.9884728246485686,0.974664032459259,-0.2231124192476273,0.015839846804738,42.388916015625,-18.91856384277344,12.29461669921875,-1,2,817
2025-11-20T22:17:46.533+01:00,2687,630428.7924507917,0.2737130976243281,0.0294321507497138,-0.1471095571280219,0.0125365406274795,-0.103651650249958,0.2167420089244843,-0.2462791800498962,0.0385961085557937,-0.0246112346649169,XArbitraryCorrectedZVertical,-0.0747956627228825,0.0045136052158516,0.1349747956584673,0.988011646597476,0.9732688069343568,-0.2294072210788727,0.0109546184539794,42.2215576171875,-19.39366149902344,12.07052612304688,-1,2,818
2025-11-20T22:17:46.562+01:00,2688,630428.8273667917,0.2811339935781227,0.0286114904412994,-0.1441635224509387,0.1486656963825226,-0.0130756041035056,0.1899555623531342,-0.2696542143821716,0.0471152961254119,-0.0111345052719116,XArbitraryCorrectedZVertical,-0.0733007400460339,0.0040381729543677,0.138706329790517,0.9876088562682032,0.9715584516525269,-0.2365988940000534,0.009745898656547,41.859375,-19.8428955078125,11.89035034179688,-1,2,819
2025-11-20T22:17:46.597+01:00,2689,630428.8622827918,0.2866344345742459,0.0292022070942128,-0.1368386210568445,0.2562629580497742,-0.0170995444059371,0.1368182301521301,-0.1539227962493896,-0.0107624977827072,0.0250755548477172,XArbitraryCorrectedZVertical,-0.0697382945116106,0.0046536161366786,0.141489786372803,0.9874693223517282,0.9702070355415344,-0.2420145869255066,0.0112861730158329,41.69696044921875,-20.36740112304688,12.07437133789062,-1,2,820
2025-11-20T22:17:46.632+01:00,2690,630428.8971997917,0.290312091384523,0.0281145281501164,-0.1267943982101079,0.3011098206043243,-0.0749842450022697,0.0764817222952842,-0.0991340279579162,-0.0437175780534744,0.0547242164611816,XArbitraryCorrectedZVertical,-0.064711450415989,0.0047178718411002,0.1434607827211429,0.9875268424884136,0.9692665338516236,-0.2457111179828644,0.0121855931356549,41.58953857421875,-20.68505859375,12.20135498046875,-1,2,821
2025-11-20T22:17:46.667+01:00,2691,630428.9321157917,0.2906498842038481,0.0247148122625037,-0.1163693232210574,0.2902582883834839,-0.1191092357039452,-0.0421317555010318,0.0327809453010559,-0.1061301827430725,0.0702531337738037,XArbitraryCorrectedZVertical,-0.0593209061135711,0.003785589951179,0.1438468318036748,0.9878132083346238,0.9691570401191713,-0.2461799830198288,0.0114118512719869,41.39935302734375,-20.58433532714844,12.30061340332031,-1,2,822
2025-11-20T22:17:46.702+01:00,2692,630428.9670327917,0.2876256424370952,0.0186625807219134,-0.107013932390419,0.2407885938882828,-0.2165783196687698,-0.0880783349275589,0.1642718315124512,-0.1464144438505173,0.0671107769012451,XArbitraryCorrectedZVertical,-0.0542624365879586,0.0015571124341733,0.142612376228758,0.9882888556708987,0.9698986411094666,-0.2433712780475616,0.008176090195775,41.37408447265625,-20.67974853515625,12.55194091796875,-1,2,823
2025-11-20T22:17:46.737+01:00,2693,630429.0019487917,0.2853985916290975,0.011042425057231,-0.0996725679631009,0.1803608983755112,-0.154999628663063,-0.0550883561372757,0.1233156323432922,-0.0591273158788681,0.0082848072052001,XArbitraryCorrectedZVertical,-0.0500927841844402,-0.0016261683533532,0.1417644959199733,0.9886309056206344,0.970449686050415,-0.2412877231836319,0.0027930869255214,41.42694091796875,-20.82351684570312,12.35491943359375,-1,2,824
2025-11-20T22:17:46.772+01:00,2694,630429.0368647916,0.279028199396876,0.0080371799938764,-0.0919965566391599,0.324342280626297,-0.1371334940195084,-0.2698479890823364,0.5102898478507996,-0.2408934086561203,-0.0748190879821777,XArbitraryCorrectedZVertical,-0.0460931548968754,-0.0024189789232473,0.1387307503655122,0.9892539517142482,0.9719488620758056,-0.2351807951927185,0.0023092965129762,41.503173828125,-20.58592224121094,12.37675476074219,-1,2,825
2025-11-20T22:17:46.812+01:00,2695,630429.0717817917,0.2723345060091844,0.0016533889357174,-0.0828335635314575,0.1950946152210236,-0.2134097814559937,-0.1522340029478073,0.1005165576934814,0.0587802678346633,-0.039664089679718,XArbitraryCorrectedZVertical,-0.0411337894911089,-0.0048022484865282,0.1355964798156423,0.989898272922314,0.9734885096549988,-0.2287326157093048,-0.0011989768827334,41.71649169921875,-20.167236328125,12.47781372070312,-1,2,826
2025-11-20T22:17:46.841+01:00,2696,630429.1066977917,0.2650939203717209,-0.0064245714000184,-0.079503185765243,0.0667849108576774,-0.1768821328878403,-0.2716951966285706,-0.0494688153266906,0.1430494636297226,-0.0797885060310363,XArbitraryCorrectedZVertical,-0.038968136179407,-0.0084337163875043,0.1321806453320724,0.990423436541878,0.9750820994377136,-0.2217084616422653,-0.007751184515655,41.673583984375,-19.95425415039062,12.28460693359375,-1,2,827
2025-11-20T22:17:46.877+01:00,2697,630429.1416147917,0.2544168942865264,-0.0129573939271334,-0.0766655352688134,0.076992243528366,-0.1825499981641769,-0.3180035352706909,0.1361910104751587,0.0711515098810195,-0.1140313744544983,XArbitraryCorrectedZVertical,-0.037191611533553,-0.0112834007789175,0.1270160624173443,0.9911389478457237,0.9773343801498412,-0.211318701505661,-0.0127234328538179,41.7890625,-19.7354736328125,12.30343627929688,-1,2,828
2025-11-20T22:17:46.911+01:00,2698,630429.1765307917,0.2445753801362582,-0.0209124147557159,-0.0749669985894245,0.050833836197853,-0.1964634358882904,-0.2154641598463058,0.0384647846221923,0.118830531835556,-0.1062875986099243,XArbitraryCorrectedZVertical,-0.0359182722972848,-0.0149416771950536,0.1222796917145753,0.9917329909755086,0.9792506098747252,-0.2017162293195724,-0.0194601342082023,41.95294189453125,-19.55633544921875,12.03675842285156,-1,2,829
2025-11-20T22:17:46.946+01:00,2699,630429.2114467917,0.2416933498525293,-0.0250004158995388,-0.0713717730735339,0.1397494375705719,-0.002267278265208,0.0474277548491954,-0.1363165378570557,0.1614956110715866,-0.1030437350273132,XArbitraryCorrectedZVertical,-0.0339094066483104,-0.0167016034107214,0.1209093132337522,0.9919435719304804,0.9797611832618712,-0.1988948285579681,-0.0225513745099306,42.108642578125,-19.32904052734375,11.91419982910156,-1,2,830
2025-11-20T22:17:46.981+01:00,2700,630429.2463637918,0.2458815026086508,-0.0219316012788222,-0.0655410953817538,0.1896731853485107,0.1330918669700623,0.1671290993690491,-0.1417112946510315,0.0807816833257675,-0.0759386420249939,XArbitraryCorrectedZVertical,-0.0311714290792146,-0.0148947073079527,0.1229146540569725,0.9918157148104666,0.9790066480636596,-0.2029740065336227,-0.0186354033648967,41.6639404296875,-19.21229553222656,11.91265869140625,-1,2,831
2025-11-20T22:17:47.016+01:00,2701,630429.2812797917,0.2538156563435303,-0.0164309032733438,-0.0594830052834816,0.1572554260492325,0.1442335695028305,0.2635687589645386,-0.1606833338737488,-0.0029822140932083,-0.0389367938041687,XArbitraryCorrectedZVertical,-0.0284576379738597,-0.0119093101911525,0.1267495328065863,0.9914550028685624,0.977471113204956,-0.2107018530368805,-0.0124548310413956,41.332763671875,-19.77479553222656,12.223388671875,-1,2,832
2025-11-20T22:17:47.052+01:00,2702,630429.3161967917,0.2628154272132816,-0.0107532727103042,-0.0547424428685471,0.1241152435541153,0.1562258005142212,0.2521694004535675,-0.2187347412109375,-0.0315793007612228,-0.0350155234336853,XArbitraryCorrectedZVertical,-0.0264272245067173,-0.0089142057505593,0.1311247480189148,0.9909735234046702,0.9756011366844176,-0.2194582670927048,-0.0063663562759757,41.31060791015625,-20.12835693359375,12.63626098632812,-1,2,833
2025-11-20T22:17:47.092+01:00,2703,630429.35111275,0.2713400990016601,-0.004621679478118,-0.0509435336861476,0.0881537720561027,0.1621495485305786,0.2164991348981857,-0.2209756374359131,-0.0532973408699035,-0.0255323648452758,XArbitraryCorrectedZVertical,-0.0249224602090283,-0.005733643541053,0.1352683165957374,0.9904788765810598,0.9737221002578736,-0.2277389615774155,3.491228926577605e-05,40.97491455078125,-20.54170227050781,12.8187255859375,-1,2,834
2025-11-20T22:17:47.121+01:00,2704,630429.38602875,0.2773273318757666,0.0004615321756317,-0.0494974112081509,-0.0091315377503633,0.1052845269441605,0.1314761489629745,-0.1640430688858032,-0.0571444332599639,-0.0156606435775756,XArbitraryCorrectedZVertical,-0.0245405392617983,-0.0031919282127642,0.1381717329722743,0.9900991430760576,0.9723317623138428,-0.2335507571697235,0.0050252312794327,40.79241943359375,-20.77308654785156,13.21846008300781,-1,2,835
2025-11-20T22:17:47.156+01:00,2705,630429.4209457501,0.28182817483951,0.0037495632338992,-0.051717316281077,-0.1193565726280212,0.0768633186817169,0.1415914744138718,-0.1073775887489319,-0.0378741174936294,-0.0234190225601196,XArbitraryCorrectedZVertical,-0.0258626712555899,-0.0017758137056719,0.1403530060902836,0.9897620922881816,0.9712538719177246,-0.2379284501075745,0.0074735358357429,40.68536376953125,-21.16117858886719,13.00148010253906,-1,2,836
2025-11-20T22:17:47.191+01:00,2706,630429.4558617501,0.2873847169908409,0.0068932430908964,-0.0580232918178408,-0.2392427921295166,0.0976177752017974,0.1349320858716965,-0.0289860963821411,-0.0685728192329406,-0.033866286277771,XArbitraryCorrectedZVertical,-0.0292017949325753,-0.0007441546946138,0.1430383264052883,0.989286006014179,0.9699040055274964,-0.2433320432901382,0.008704524487257,40.3909912109375,-21.597412109375,12.80583190917969,-1,2,837
2025-11-20T22:17:47.226+01:00,2707,630429.49077875,0.2893207621323656,0.0101405093849346,-0.0675796567653621,-0.3026202619075775,0.0791045725345611,-0.0140334032475948,0.1128060221672058,-0.09784996509552,-0.0407997369766235,XArbitraryCorrectedZVertical,-0.034160587654677,0.0001443806886234,0.1439027250347268,0.989002051832903,0.969423532485962,-0.2452133297920227,0.0093971015885472,40.54425048828125,-21.91595458984375,12.84344482421875,-1,2,838
2025-11-20T22:17:47.261+01:00,2708,630429.52569475,0.2877183623977029,0.0122324982103128,-0.0791945643512744,-0.3826932013034821,0.0633330941200256,-0.0922192260622978,0.1759259700775146,-0.0730685889720916,-0.0146255483850836,XArbitraryCorrectedZVertical,-0.0400534247625522,0.0003730720794359,0.14300880111469,0.98891061322307,0.96982604265213,-0.2436428219079971,0.0087050925940275,40.4456787109375,-22.20576477050781,12.94224548339844,-1,2,839
2025-11-20T22:17:47.296+01:00,2709,630429.56061075,0.2804181969009834,0.0134517316749677,-0.093279238390668,-0.3554362952709198,-0.0878887996077537,-0.3126347362995148,0.5843532085418701,-0.2455524504184723,0.0023355484008789,XArbitraryCorrectedZVertical,-0.0471030597569715,0.0001371874145794,0.1392845347404708,0.9891315254620234,0.9716007709503174,-0.2365184277296066,0.007140111643821,40.73382568359375,-22.31344604492188,12.56875610351562,-1,2,840
2025-11-20T22:17:47.332+01:00,2710,630429.5955277501,0.2736309729574591,0.0088060942435286,-0.1063339184520073,-0.3393686711788177,-0.0608127936720848,-0.0603909157216548,0.1435972452163696,0.1355131268501282,0.0646265745162963,XArbitraryCorrectedZVertical,-0.0532444859953453,-0.0028921797827998,0.1359632080809632,0.98927790473545,0.97322416305542,-0.2298582345247269,0.0002537780965212,41.02044677734375,-22.25373840332031,12.43095397949219,-1,2,841
2025-11-20T22:17:47.371+01:00,2711,630429.6304437501,0.2722970441888246,0.0127878479332557,-0.1155569542375442,-0.163475438952446,0.2833582162857056,-0.0670527294278144,-0.0306288599967956,0.1493957787752151,0.0853462219238281,XArbitraryCorrectedZVertical,-0.0580771694086724,-0.0015135102272472,0.1351332275653963,0.9891227149025092,0.9735456705093384,-0.2284820377826691,0.0021629331167787,40.83099365234375,-22.19844055175781,12.63568115234375,-1,2,842
2025-11-20T22:17:47.400+01:00,2712,630429.66536075,0.2693194765511456,0.0220135933889235,-0.12018823950011,-0.1630117446184158,0.1903215348720551,-0.1183163225650787,0.1445233225822449,0.0169961154460907,0.1627076864242554,XArbitraryCorrectedZVertical,-0.06098565123214,0.0028247637372634,0.1333476310086028,0.989187125459826,0.974174737930298,-0.2255532294511795,0.0104490490630269,40.83514404296875,-22.30572509765625,12.47065734863281,-1,2,843
2025-11-20T22:17:47.435+01:00,2713,630429.70027675,0.2634879992423729,0.0232633856211814,-0.1278178457751345,-0.2303428202867508,-0.0562713369727134,-0.1809208542108536,0.0348799228668212,0.0623996406793594,0.1438553333282471,XArbitraryCorrectedZVertical,-0.0648325320939197,0.0031180947144989,0.1303497811790633,0.9893411262831094,0.9754805564880372,-0.219824492931366,0.0107009867206215,40.8782958984375,-22.21711730957031,12.78666687011719,-1,2,844
2025-11-20T22:17:47.470+01:00,2714,630429.73519375,0.2600602043027984,0.0192285368553044,-0.1345575116944493,-0.1477225869894028,-0.1359022706747055,-0.0238452870398759,-0.0671486854553222,0.1046227812767029,0.0734610557556152,XArbitraryCorrectedZVertical,-0.06790117026204,0.0007947429179583,0.1287237716347348,0.9893529057583792,0.9762827157974244,-0.2164239287376404,0.0057473061606287,41.16644287109375,-22.45738220214844,12.37576293945312,-1,2,845
2025-11-20T22:17:47.505+01:00,2715,630429.77010975,0.2597699204623773,0.0132608953667192,-0.1389808478825314,-0.1179547533392906,-0.1967127174139023,-0.0099344197660684,-0.1632639765739441,0.063434675335884,0.0387463569641113,XArbitraryCorrectedZVertical,-0.069704835375737,-0.0024342834501526,0.1287481407211104,0.9892214933167238,0.9763742685317992,-0.2160835415124893,-0.0009961377363651,41.1649169921875,-22.52618408203125,12.15858459472656,-1,2,846
2025-11-20T22:17:47.540+01:00,2716,630429.8050257501,0.2598730138053726,0.0065751733354223,-0.1435215286864609,-0.149268627166748,-0.1860457956790924,0.0172074940055608,-0.183071494102478,0.0295332074165344,0.024708867073059,XArbitraryCorrectedZVertical,-0.0715192716623751,-0.0060386224744338,0.1290032824371075,0.989043293480387,0.976330041885376,-0.2161176204681396,-0.008519354276359,41.46844482421875,-22.67301940917969,11.55978393554688,-1,2,847
2025-11-20T22:17:47.575+01:00,2717,630429.83994275,0.2616358412865059,0.0005102801402482,-0.1487237894401435,-0.1349290162324905,-0.1599630862474442,0.0871044993400573,-0.212603747844696,0.0300707817077636,-0.006290316581726,XArbitraryCorrectedZVertical,-0.0736917695744228,-0.0094389471365202,0.1300658244035452,0.988718027733592,0.975878894329071,-0.21773861348629,-0.0158196669071912,41.51361083984375,-22.72552490234375,11.15986633300781,-1,2,848
2025-11-20T22:17:47.612+01:00,2718,630429.87485875,0.2646756001401914,-0.0025776588892095,-0.152028908552987,-0.0444372445344924,-0.033808946609497,0.0690702423453331,-0.2776004672050476,0.0354340672492981,-0.0047498326748609,XArbitraryCorrectedZVertical,-0.0751076135287233,-0.0112944533861459,0.1316677285122957,0.9883799564105764,0.9751559495925904,-0.2206146866083145,-0.0199999511241912,41.53125,-23.08763122558594,10.98771667480469,-1,2,849
2025-11-20T22:17:47.652+01:00,2719,630429.90977575,0.2663350163656765,-0.0015220029425646,-0.1515851611042994,0.0562985725700855,0.0535362958908081,0.0241639260202646,-0.2042245864868164,0.0042043030261993,0.0332460403442382,XArbitraryCorrectedZVertical,-0.074948859873884,-0.0108057673422058,0.1324501609775725,0.9882929141492872,0.9748086929321288,-0.2222218364477158,-0.0191163979470729,41.72943115234375,-23.33851623535156,11.31745910644531,-1,2,850
2025-11-20T22:17:47.680+01:00,2720,630429.94469175,0.2665115850240202,-0.0004634205134844,-0.1488460538469353,0.0959835052490234,-0.0156372897326946,-0.0199731327593326,-0.0827300548553466,-0.0528289973735809,0.0590509176254272,XArbitraryCorrectedZVertical,-0.0736644586278504,-0.0101078696636279,0.1325110648926782,0.9883886898545288,0.9747893214225768,-0.2224395126104355,-0.0175012443214654,41.78460693359375,-23.23680114746094,10.88409423828125,-1,2,851
2025-11-20T22:17:47.715+01:00,2721,630429.9796087501,0.265174255543722,-0.002593704955235,-0.1452794694350156,0.1096628829836845,-0.0790503993630409,-0.0665364637970924,0.0176265835762023,-0.0838143527507782,0.0583148598670959,XArbitraryCorrectedZVertical,-0.0717678312143038,-0.0108765278400036,0.1319435558958039,0.9885960241642808,0.9750491976737976,-0.2212088257074356,-0.0185962244868278,42.0179443359375,-23.39254760742188,11.21440124511719,-1,2,852
2025-11-20T22:17:47.749+01:00,2722,630430.0145247501,0.2610472695151887,-0.006063043852838,-0.1409932035100096,0.1301421672105789,-0.074805811047554,-0.1382156163454056,0.1245408058166504,-0.1038469076156616,0.040917158126831,XArbitraryCorrectedZVertical,-0.0694451633897646,-0.0121659923571237,0.1300411774315585,0.9889988374484524,0.9758924841880798,-0.217289537191391,-0.0204703938215971,42.354736328125,-23.23080444335938,10.84947204589844,-1,2,853
2025-11-20T22:17:47.784+01:00,2723,630430.04944075,0.2577929516869332,-0.0082444328759267,-0.1362972054878404,0.1298026144504547,-0.0308250375092029,-0.050387755036354,0.1662784218788147,-0.0907240509986877,0.0310555677860975,XArbitraryCorrectedZVertical,-0.067001749203471,-0.0128314749735884,0.1285187598090662,0.989357972941545,0.9765591621398926,-0.2142075896263123,-0.0211525987833738,42.6566162109375,-22.91374206542969,10.92648315429688,-1,2,854
2025-11-20T22:17:47.819+01:00,2724,630430.08435775,0.25419912854738,-0.006718005663216,-0.1332894294881735,0.1317768543958664,0.095066487789154,-0.229872465133667,0.3640395998954773,-0.182163342833519,-0.0141739845275878,XArbitraryCorrectedZVertical,-0.0656330059634936,-0.0117659311590717,0.1266974164654381,0.9896977919887076,0.9773604869842528,-0.2107657194137573,-0.0185561459511518,42.84649658203125,-22.92681884765625,10.79090881347656,-1,2,855
2025-11-20T22:17:47.854+01:00,2725,630430.11927375,0.2491245972848575,-0.0074746667647016,-0.1289320359126498,0.0480628088116645,-0.0619750134646892,-0.095246598124504,0.1514695286750793,0.0006178766489028,0.0222790259867906,XArbitraryCorrectedZVertical,-0.0634584415077169,-0.0117043503633663,0.1242203989203522,0.9901541487071354,0.9784131646156312,-0.2058943063020706,-0.0177471861243248,43.25164794921875,-22.65885925292969,10.75169372558594,-1,2,856
2025-11-20T22:17:47.891+01:00,2726,630430.1541907501,0.2454705099109029,-0.0116076668118305,-0.1316844423857473,-0.1710801273584366,-0.1160832718014717,-0.1566053628921509,-0.0233406424522399,0.1182429492473602,-0.0073699932545423,XArbitraryCorrectedZVertical,-0.0645896142539048,-0.013802590657031,0.1225389956957242,0.990263505106336,0.979074776172638,-0.2023188173770905,-0.0218963995575904,43.3619384765625,-22.60536193847656,10.55596923828125,-1,2,857
2025-11-20T22:17:47.924+01:00,2727,630430.1891067501,0.2412486088343145,-0.0146939351869226,-0.1364093013978318,-0.085411325097084,-0.0482131242752075,-0.0841222926974296,0.1172814965248108,0.0930666029453277,-0.118398904800415,XArbitraryCorrectedZVertical,-0.0667727354488944,-0.0154771785619311,0.120546050733829,0.9903385650290384,0.9798405766487122,-0.198169082403183,-0.02532366104424,43.7510986328125,-22.41441345214844,10.28587341308594,-1,2,858
2025-11-20T22:17:47.959+01:00,2728,630430.22402375,0.238594313703344,-0.0160842536007837,-0.1395964461751499,-0.1097472459077835,-0.0148399863392114,-0.0742653906345367,0.0073643922805786,0.0958555042743682,-0.0794970393180847,XArbitraryCorrectedZVertical,-0.0682888456102772,-0.016265418112894,0.1192776312607964,0.990376214028334,0.980321764945984,-0.1955563873052597,-0.0269635692238807,43.70684814453125,-22.23915100097656,10.02140808105469,-1,2,859
2025-11-20T22:17:47.994+01:00,2729,630430.25893975,0.2367865024774307,-0.0157066707126054,-0.1420003560533455,-0.0307011045515537,0.075383074581623,0.0064375707879662,-0.0891543626785278,0.1195854544639587,-0.0782080888748168,XArbitraryCorrectedZVertical,-0.0695164995316555,-0.0161576479443474,0.1183688516305612,0.990401524552616,0.9806795716285706,-0.1937736570835114,-0.0268181934952735,43.9600830078125,-22.57743835449219,10.11624145507812,-1,2,860
2025-11-20T22:17:48.029+01:00,2730,630430.29385675,0.2370252617894641,-0.0112952213480418,-0.142152754301384,0.0103954263031482,0.1382544487714767,-0.0269531533122062,-0.1701183319091797,0.087543249130249,-0.0347428917884826,XArbitraryCorrectedZVertical,-0.0698512260653607,-0.0139903430243598,0.1183332517520812,0.9904152269370806,0.9807414412498474,-0.1940037608146667,-0.0225538872182369,44.22711181640625,-22.58094787597656,10.15603637695312,-1,2,861
2025-11-20T22:17:48.064+01:00,2731,630430.32877275,0.2363230376889001,-0.0068828768056609,-0.1419169667098339,-0.003161268075928,0.1207157000899315,0.0014796669129282,-0.135234534740448,0.0062670856714248,-0.0125249586999416,XArbitraryCorrectedZVertical,-0.0699994844030341,-0.0117668333367703,0.1178316866585423,0.9904934138685166,0.9809679985046388,-0.1933245062828064,-0.0180841833353042,44.34967041015625,-22.46234130859375,10.47811889648438,-1,2,862
2025-11-20T22:17:48.099+01:00,2732,630430.3636895,0.2357382794918107,-0.0035706922211872,-0.1428640957744928,-0.0421766974031925,0.0791354924440383,-0.044123537838459,-0.1918436884880066,-0.0032685846090316,-0.0016802549362182,XArbitraryCorrectedZVertical,-0.0706665742255265,-0.0101614317928321,0.1174228560275294,0.990512450391,0.9811350107192992,-0.1927458047866821,-0.0149365840479731,44.44464111328125,-22.57904052734375,10.60897827148438,-1,2,863
2025-11-20T22:17:48.134+01:00,2733,630430.3986055,0.23357059983482,-0.0010201449599426,-0.1440819544426179,-0.0156706776469945,0.0912984013557434,-0.0593669861555099,-0.1951925754547119,0.0001510381698608,-0.0198473930358886,XArbitraryCorrectedZVertical,-0.071429097428605,-0.0088922398722496,0.1162542301438008,0.9906077602886252,0.9815846681594848,-0.1906264424324036,-0.0123639041557908,44.63861083984375,-22.69953918457031,10.81781005859375,-1,2,864
2025-11-20T22:17:48.171+01:00,2734,630430.4335215001,0.2310300745934771,0.0017295181780929,-0.1441260486313466,0.0077277468517422,0.0824372768402099,-0.0785390362143516,-0.1928949356079102,-0.0058122724294662,-0.0175872445106506,XArbitraryCorrectedZVertical,-0.0716202082512336,-0.007441905353555,0.1148972717407251,0.9907642606797517,0.982094705104828,-0.1881574243307114,-0.0093140723183751,44.8580322265625,-22.14817810058594,10.67362976074219,-1,2,865
2025-11-20T22:17:48.203+01:00,2735,630430.4684385001,0.2279494038227114,0.0042228734981695,-0.1444179443861816,-0.0273381639271974,0.0882216840982437,-0.0794473811984062,-0.1184446215629578,-0.0271971821784973,-0.0311611890792846,XArbitraryCorrectedZVertical,-0.0719174882590158,-0.0061127663471428,0.1132801348715059,0.9909380267397712,0.9826871156692504,-0.185159370303154,-0.0064822821877896,44.90435791015625,-22.07464599609375,10.66946411132812,-1,2,866
2025-11-20T22:17:48.238+01:00,2736,630430.5033545,0.226169286761114,0.0076544145698049,-0.1462364588573905,-0.0783020928502082,0.1347335278987885,-0.0226405821740627,-0.0502312779426574,-0.0323961675167083,-0.0506590008735656,XArbitraryCorrectedZVertical,-0.0730166710818576,-0.0044509332158295,0.1122636264877577,0.990982225949215,0.9830316305160522,-0.1834088712930679,-0.0031892848201096,45.0244140625,-21.87055969238281,10.76774597167969,-1,2,867
2025-11-20T22:17:48.273+01:00,2737,630430.5382715,0.2249251465403751,0.0126454903290469,-0.1495372614020472,-0.1032396927475929,0.1475103199481964,-0.0460584908723831,0.0949184894561767,-0.0820123255252838,-0.0567473173141479,XArbitraryCorrectedZVertical,-0.0749331942054551,-0.002117766630092,0.1114405536746804,0.9909397654225688,0.9832674860954284,-0.1821630597114563,0.001296846778132,45.1392822265625,-22.05326843261719,10.83699035644531,-1,2,868
2025-11-20T22:17:48.308+01:00,2738,630430.5731875,0.2235798414107956,0.017681932117074,-0.1532207088869916,-0.1227798014879227,0.1303497105836868,-0.0266610756516456,0.1484270691871643,-0.0903809964656829,-0.0572978258132934,XArbitraryCorrectedZVertical,-0.0770381012725591,0.0002221489466314,0.1105532550771209,0.9908799137359134,0.9835003018379213,-0.1808134168386459,0.005784201901406,45.31292724609375,-21.90007019042969,10.61102294921875,-1,2,869
2025-11-20T22:17:48.343+01:00,2739,630430.6081045,0.2225513298586993,0.0231260115560464,-0.1616008699495325,-0.3618123829364777,0.2290712147951126,-0.1039444953203201,0.1938195824623108,-0.1728886663913727,-0.0221965312957763,XArbitraryCorrectedZVertical,-0.0814877974153593,0.0024915261835482,0.1097489750698028,0.9906103385548868,0.983670711517334,-0.1797114014625549,0.0097911432385444,45.31549072265625,-21.88656616210938,10.81480407714844,-1,2,870
2025-11-20T22:17:48.378+01:00,2740,630430.6430205001,0.2142857694218721,0.0310012286020812,-0.1769895524683149,-0.502966046333313,0.2677398025989532,-0.3421695232391357,0.3922660350799561,-0.2498441487550735,-0.0045176725834608,XArbitraryCorrectedZVertical,-0.0895130119582673,0.005900834552677,0.1051447230695614,0.9904026028195312,0.9850533604621888,-0.1714815050363541,0.016251590102911,45.569091796875,-21.62750244140625,10.83053588867188,-1,2,871
2025-11-20T22:17:48.413+01:00,2741,630430.6779375001,0.2029551290717749,0.0379664309789149,-0.1968306251150811,-0.582813560962677,0.2689717411994934,-0.2366671562194824,0.0822987556457519,0.1015223562717438,0.1035947799682617,XArbitraryCorrectedZVertical,-0.0996470829863328,0.0088411085749537,0.098939614936737,0.9900521200978196,0.986838698387146,-0.160207599401474,0.0219697598367929,45.8035888671875,-21.26060485839844,10.43405151367188,-1,2,872
2025-11-20T22:17:48.452+01:00,2742,630430.7128535,0.1999949955880868,0.046911056465904,-0.2097410550162714,-0.4206782281398773,0.3205412030220032,0.0137972738593816,0.0899469852447509,0.154847115278244,0.1121032238006592,XArbitraryCorrectedZVertical,-0.1064553300537047,0.0127607405258228,0.0968123544397149,0.9895109583703644,0.9871405363082886,-0.1571359038352966,0.0293609276413917,45.9158935546875,-21.27766418457031,10.47958374023438,-1,2,873
2025-11-20T22:17:48.483+01:00,2743,630430.7477695,0.2006119038715573,0.0553741860322085,-0.2148339979993414,-0.3288006484508514,0.192101776599884,-0.0210981965065002,0.0471397042274475,0.0885660946369171,0.1545498371124268,XArbitraryCorrectedZVertical,-0.109386967205077,0.016653932515342,0.0965694621180368,0.9891569967861324,0.9868110418319702,-0.1576426029205322,0.0367801450192928,46.0721435546875,-21.37997436523438,10.645263671875,-1,2,874
2025-11-20T22:17:48.517+01:00,2744,630430.7826865,0.1993006390275208,0.0568878279705985,-0.2149147953550169,-0.2192691266536713,0.0058710929006338,-0.0368250161409378,0.0176326036453247,0.075764000415802,0.1129103899002075,XArbitraryCorrectedZVertical,-0.1094885330929793,0.0174701870231409,0.0958365502103162,0.9892029027703174,0.9869449734687804,-0.1563761532306671,0.0385483466088771,46.2220458984375,-21.17900085449219,10.79736328125,-1,2,875
2025-11-20T22:17:48.553+01:00,2745,630430.8176025001,0.199678250576076,0.0535579739884141,-0.2133444352763063,-0.1114733144640923,-0.1223970577120781,0.0311260689049959,-0.1195225119590759,0.1057579815387726,0.0618343353271484,XArbitraryCorrectedZVertical,-0.1085555067947973,0.015882591912113,0.0962346336637368,0.9892938929334526,0.9869999289512634,-0.1567680835723877,0.0354250855743885,46.244140625,-21.21878051757812,10.53985595703125,-1,2,876
2025-11-20T22:17:48.587+01:00,2746,630430.8525195001,0.2004136181758511,0.0468685770234775,-0.2065892805981828,-0.0638213455677032,-0.1633040606975555,0.0253090430051088,-0.1750143766403198,0.0784916132688522,0.0318890810012817,XArbitraryCorrectedZVertical,-0.1048972614728186,0.0128780123141376,0.0970746524386865,0.9896500586121556,0.9870565533638,-0.1575931459665298,0.0297258645296096,46.4312744140625,-21.13009643554688,10.42303466796875,-1,2,877
2025-11-20T22:17:48.622+01:00,2747,630430.8874355,0.2015620586059241,0.0401062668480884,-0.2010357175091987,-0.0382631048560142,-0.1731569468975067,0.0422135032713413,-0.1666997671127319,0.034754991531372,-0.0005899686366319,XArbitraryCorrectedZVertical,-0.1018266579838948,0.0097552415206836,0.0980805776012961,0.9899072581216414,0.9870274662971495,-0.1587936282157898,0.023691700771451,46.6171875,-21.1439208984375,10.21629333496094,-1,2,878
2025-11-20T22:17:48.657+01:00,2748,630430.9223525,0.2030924543232349,0.0340097900621053,-0.1924329760186863,0.0157710872590541,-0.0892495587468147,0.0525338910520076,-0.1949723362922668,0.0249703079462051,-0.0155078191310167,XArbitraryCorrectedZVertical,-0.0972751622876312,0.0071010496270804,0.0992632102756266,0.99026960143165,0.9868728518486024,-0.1604072749614716,0.0187426526099443,46.79705810546875,-21.03189086914062,9.65582275390625,-1,2,879
2025-11-20T22:17:48.692+01:00,2749,630430.9572685,0.2050033896076581,0.0324555103887622,-0.1835259986005678,0.1000900417566299,0.0304540283977985,0.0580155402421951,-0.1782081127166748,0.0155059099197387,-0.0062136650085449,XArbitraryCorrectedZVertical,-0.0927947137606515,0.0066989638384972,0.1003992376435744,0.990587820628554,0.98655766248703,-0.1623869687318802,0.018283387646079,46.8714599609375,-20.87408447265625,9.70391845703125,-1,2,880
2025-11-20T22:17:48.732+01:00,2750,630430.9921855,0.206213111867461,0.0325273707291461,-0.1700551349580678,0.1446993798017502,0.0270504914224147,0.0318797528743743,-0.1023533940315247,-0.0091790109872817,0.024161098524928,XArbitraryCorrectedZVertical,-0.086130765718166,0.0073784811163949,0.1011647764928859,0.9911067917895208,0.98629492521286,-0.1637335270643234,0.0203334894031286,46.93426513671875,-20.76255798339844,10.00367736816406,-1,2,881
2025-11-20T22:17:48.762+01:00,2751,630431.0271015001,0.2072882630617865,0.0314351099707169,-0.1576954785486839,0.1734358072280884,-0.0243575610220432,0.0561350621283054,-0.0417461991310119,0.0002713054418563,0.0434367656707763,XArbitraryCorrectedZVertical,-0.0799547088208687,0.0074359726985019,0.1018931832490143,0.9915491615014403,0.9860820770263672,-0.1649135947227478,0.0211078058928251,46.90899658203125,-20.75456237792969,10.25169372558594,-1,2,882
2025-11-20T22:17:48.797+01:00,2752,630431.0620185001,0.2100875796602847,0.0289730042997859,-0.1410082810157257,0.251136988401413,-0.0596127547323703,0.1173624619841576,0.0742920637130737,-0.0225800424814224,0.029063818976283,XArbitraryCorrectedZVertical,-0.0715651886843554,0.0069848459304159,0.103564402258494,0.9920201772063716,0.9855985641479492,-0.1677885502576828,0.0210307110100984,47.07354736328125,-20.70536804199219,10.39974975585938,-1,2,883
2025-11-20T22:17:48.832+01:00,2753,630431.0969345,0.2150458479378116,0.0261397951356037,-0.1242605611776055,0.3095949292182922,-0.0552297085523605,0.1973082274198532,0.1089635491371155,-0.0359857231378555,0.0189771652221679,XArbitraryCorrectedZVertical,-0.0631263298454118,0.0063062706487853,0.1062928437643169,0.9923090181361174,0.9847558736801147,-0.1727392077445984,0.0204210225492715,46.98785400390625,-20.40931701660156,10.18409729003906,-1,2,884
2025-11-20T22:17:48.867+01:00,2754,630431.1318505,0.2223452153336219,0.023639232733356,-0.1034913767232476,0.3148094713687897,-0.0185598544776439,0.2076534777879715,0.1015366911888123,-0.0103028267621994,0.0050747375935316,XArbitraryCorrectedZVertical,-0.0527092370245467,0.0059927558418324,0.1101799572408756,0.9924949076548824,0.9834545850753784,-0.1799589693546295,0.0207735896110534,46.42437744140625,-20.46003723144531,10.59999084472656,-1,2,885
2025-11-20T22:17:48.902+01:00,2755,630431.1667675,0.2236231364792057,0.0235585237446112,-0.0836437479023724,0.4728592038154602,0.0146875493228435,-0.0396757125854492,0.4308260083198547,-0.1491885632276535,-0.0598604716360569,XArbitraryCorrectedZVertical,-0.0428588615421256,0.0070304531896468,0.1109840427664929,0.9928726839916394,0.9831448197364808,-0.1812252253293991,0.024154832586646,46.611328125,-20.53501892089844,10.55335998535156,-1,2,886
2025-11-20T22:17:48.936+01:00,2756,630431.2016835001,0.224254726229597,0.0236287582985038,-0.0585142156046758,0.4148266315460205,0.0302475187927484,0.0848954916000366,0.134204089641571,0.0220037102699279,-0.0301561374217271,XArbitraryCorrectedZVertical,-0.03038855016063,0.0084619340396215,0.1114934369117885,0.9932644030640276,0.9829223155975342,-0.1817631870508194,0.0287370141595602,46.5926513671875,-20.03469848632812,11.30924987792969,-1,2,887
2025-11-20T22:17:48.972+01:00,2757,630431.2366005001,0.2248467309366262,0.0213978812682018,-0.0418653158807485,0.1922811567783356,-0.098764456808567,-0.0485784485936164,0.0293030142784118,0.0869825929403305,-0.0249949693679809,XArbitraryCorrectedZVertical,-0.0219977958635292,0.0082808079474967,0.1119331711071891,0.993437747587242,0.9828124046325684,-0.1822279244661331,0.0295421127229929,46.63372802734375,-20.06280517578125,11.75965881347656,-1,2,888
2025-11-20T22:17:49.012+01:00,2758,630431.2715165,0.2221840126226637,0.0137303188851049,-0.0272081545267353,0.1088013499975204,-0.2083096504211426,-0.0677307546138763,0.1127386093139648,0.0586163699626922,-0.0662569999694824,XArbitraryCorrectedZVertical,-0.0142805003977782,0.0053140395065798,0.1107579501273159,0.9937306518310868,0.9834527373313904,-0.1794659495353699,0.0247530918568372,46.83746337890625,-19.60746765136719,11.87342834472656,-1,2,889
2025-11-20T22:17:49.041+01:00,2759,630431.3064335,0.2204911577182059,0.0052364015440889,-0.0162876664896581,0.1181822195649147,-0.1641541570425034,-0.0116381477564573,0.0067275166511535,0.0889220535755157,-0.1090239286422729,XArbitraryCorrectedZVertical,-0.0083823265424418,0.0017062256525458,0.109997174225078,0.9938950875765156,0.9839187860488892,-0.1776671260595322,0.0183866508305072,47.037841796875,-19.39179992675781,11.48480224609375,-1,2,890
2025-11-20T22:17:49.076+01:00,2760,630431.3413495,0.2233674625515049,0.0009286226648813,-0.0012118982619693,0.1830765753984451,0.0189587641507387,0.1546904295682907,-0.1191226840019226,0.1171361804008484,-0.0994472503662109,XArbitraryCorrectedZVertical,-0.0006539221681665,0.0003938844592163,0.1114513896865307,0.9937695717463212,0.983471930027008,-0.1802769899368286,0.0168209020048379,47.0257568359375,-19.29081726074219,11.51377868652344,-1,2,891
2025-11-20T22:17:49.112+01:00,2761,630431.3762657917,0.2285707745091748,0.0016084379421706,0.0128413963040105,0.2035440653562546,0.0732277706265449,0.1435402780771255,-0.1512824892997742,0.048065185546875,-0.0508321523666381,XArbitraryCorrectedZVertical,0.0062870577589657,0.00153114618805,0.1140394970615726,0.993455251717916,0.9825051426887512,-0.1851501315832138,0.0200857184827327,46.93414306640625,-19.35940551757812,11.66444396972656,-1,2,892
2025-11-20T22:17:49.146+01:00,2762,630431.4111827917,0.2340530726734713,0.0018213163966158,0.030021910400655,0.2228334099054337,0.0407284945249557,0.1432606279850006,-0.1460601091384888,0.0001838058233261,-0.0414090156555175,XArbitraryCorrectedZVertical,0.0148014011773823,0.0026569340554847,0.116759974741439,0.9930463095451042,0.9814634919166564,-0.1901862174272537,0.0236324686557054,46.75360107421875,-19.24946594238281,11.73316955566406,-1,2,893
2025-11-20T22:17:49.181+01:00,2763,630431.4460987917,0.2384985774294353,0.0013938139342669,0.0449339753309682,0.2244692593812943,0.0368647240102291,0.1179939657449722,-0.1874445676803589,-0.0238212347030639,-0.0318259000778198,XArbitraryCorrectedZVertical,0.0222226619048262,0.0033643843659198,0.1189523512637037,0.9926455578658632,0.9806116223335266,-0.1941963136196136,0.0262411590665578,46.59527587890625,-19.35786437988281,12.29542541503906,-1,2,894
2025-11-20T22:17:49.216+01:00,2764,630431.4810157917,0.2425116818832956,0.0003038842136156,0.0619723499186535,0.1910957545042038,-9.645335376262663e-05,0.0782610550522804,-0.1772658824920654,-0.0334999859333038,-0.0232734680175781,XArbitraryCorrectedZVertical,0.0307353662028375,0.0038982082233147,0.120905525391424,0.9921804590298696,0.9798476696014404,-0.1976706236600876,0.0287207961082458,46.57281494140625,-19.31217956542969,12.34619140625,-1,2,895
2025-11-20T22:17:49.251+01:00,2765,630431.5159317917,0.2451575961888798,-0.0030515702509818,0.076219793642793,0.1097266376018524,-0.0651952922344207,0.0856034010648727,-0.1127336621284485,-0.0292806476354599,-0.0349606275558471,XArbitraryCorrectedZVertical,0.0380011703494591,0.003145405901162,0.1221254395660346,0.9917819235371316,0.9794175028800964,-0.199830025434494,0.028445016592741,46.45867919921875,-19.18820190429688,12.32266235351562,-1,2,896
2025-11-20T22:17:49.291+01:00,2766,630431.5508487917,0.2497551175220773,-0.0069652190260755,0.0856016641514219,0.0390352979302406,-0.0516233220696449,0.1458549052476883,-0.0919725894927978,-0.0255125164985656,-0.0525569915771484,XArbitraryCorrectedZVertical,0.0428876876995118,0.0018770039101661,0.1242905691571116,0.9913168107234024,0.978599727153778,-0.2040101736783981,0.0268763732165098,46.38604736328125,-19.36610412597656,12.28831481933594,-1,2,897
2025-11-20T22:17:49.321+01:00,2767,630431.5857647917,0.2542650394263841,-0.0104721209072451,0.0937322927722231,-0.058459598571062,-0.0266857296228408,0.084764190018177,0.0104501247406005,-0.0574892312288284,-0.0709651708602905,XArbitraryCorrectedZVertical,0.0471334112146792,0.0007518410880508,0.126406050570102,0.990857916058984,0.9777700304985046,-0.2081204801797867,0.0255244541913271,46.25335693359375,-19.28224182128906,12.02227783203125,-1,2,898
2025-11-20T22:17:49.355+01:00,2768,630431.6206817917,0.2565595643060873,-0.0129059809625724,0.0964818785012941,-0.1323442459106445,-0.0199809819459915,0.0496311485767364,0.1194173693656921,-0.0751929581165313,-0.078214406967163,XArbitraryCorrectedZVertical,0.0486495674738617,-0.0002236218810932,0.1274681440607522,0.9906487851049152,0.9773537516593932,-0.2102531641721725,0.0239388868212699,46.31817626953125,-19.41502380371094,11.835205078125,-1,2,899
2025-11-20T22:17:49.391+01:00,2769,630431.6555977917,0.2591788943221585,-0.0158680172039077,0.0992514803218178,-0.1832066774368286,-0.0042986944317817,0.0820236951112747,0.1574500203132629,-0.0590621978044509,-0.0465923547744751,XArbitraryCorrectedZVertical,0.0502118994495467,-0.0014475605178492,0.1286736186079863,0.9904139789741014,0.9768730998039246,-0.2126967906951904,0.0218883976340293,46.04412841796875,-19.45733642578125,11.56120300292969,-1,2,900
2025-11-20T22:17:49.425+01:00,2770,630431.6905137917,0.2580431263217682,-0.0145814965600858,0.0945877819036327,-0.1541887074708939,0.0182060934603214,-0.1789165139198303,0.3975006937980652,-0.2145353257656097,-0.0352892875671386,XArbitraryCorrectedZVertical,0.0478190652304422,-0.0011394149234477,0.1281748025198803,0.9905974670900038,0.9770720601081848,-0.2117646783590317,0.022044600918889,45.94085693359375,-19.20347595214844,11.30398559570312,-1,2,901
2025-11-20T22:17:49.460+01:00,2771,630431.7254307917,0.2511545136593976,-0.0137656970354606,0.0894740062490539,-0.1235740929841995,0.0180026069283485,-0.2022429406642914,0.1180897951126099,0.0451617091894149,0.0572932958602905,XArbitraryCorrectedZVertical,0.045230056914888,-0.0012205691828617,0.1248137948232357,0.991147985805919,0.9784830808639526,-0.2052416503429413,0.0211368389427661,46.21405029296875,-18.86968994140625,11.37800598144531,-1,2,902
2025-11-20T22:17:49.495+01:00,2772,630431.7603467917,0.2419766699700478,-0.0109198257871214,0.0859653957315089,-0.0879511162638664,0.1115184426307678,-0.3600192666053772,-0.1339523792266846,0.1517165750265121,0.1288356781005859,XArbitraryCorrectedZVertical,0.0433130760562343,-0.0002289151457966,0.1203472071074581,0.9917865440359844,0.9802658557891846,-0.1964095234870911,0.0224093291908502,46.31109619140625,-18.587158203125,11.27032470703125,-1,2,903
2025-11-20T22:17:49.531+01:00,2773,630431.7952637917,0.2295032188521154,-0.0066563783250774,0.083732274939141,-0.0719581469893455,0.0323842242360115,-0.2646263837814331,0.1291121244430542,0.0232764929533004,0.1257534027099609,XArbitraryCorrectedZVertical,0.0419591560632883,0.001488845391386,0.114260582445894,0.9925632673656102,0.9825516939163208,-0.1842872053384781,0.0251102540642023,46.419921875,-17.92996215820312,11.2999267578125,-1,2,904
2025-11-20T22:17:49.571+01:00,2774,630431.8301797917,0.2265510219051665,-0.0065417469348121,0.0799295827614916,-0.1291919648647308,-0.0244060549885034,0.0168991610407829,0.0891010165214538,0.0761984139680862,0.1187949180603027,XArbitraryCorrectedZVertical,0.0400673040240724,0.0012688200426146,0.1128127111538055,0.9928072979636292,0.9830882549285888,-0.1815145611763,0.0242866277694702,46.49822998046875,-17.51792907714844,11.18411254882812,-1,2,905
2025-11-20T22:17:49.600+01:00,2775,630431.8650967916,0.2284913689925998,-0.0082842487976905,0.075114232826636,-0.148167759180069,-0.0609193481504917,0.0999939739704132,-0.0126268863677978,0.0829148739576339,0.0780082941055297,XArbitraryCorrectedZVertical,0.0377750482108188,0.0001681588521689,0.1137614375336521,0.9927897123635976,0.9827653765678406,-0.1835618168115616,0.021845256909728,46.50445556640625,-17.5682373046875,11.09825134277344,-1,2,906
2025-11-20T22:17:49.635+01:00,2776,630431.9000127917,0.2325858529098722,-0.0110541407998005,0.0694186751960422,-0.1814962923526764,-0.0817727297544479,0.1241681724786758,-0.1147372126579285,0.0752994418144226,0.0573190450668335,XArbitraryCorrectedZVertical,0.0351083698027666,-0.0014599156662409,0.1157688134097641,0.9926544612101142,0.9820467829704284,-0.1877414286136627,0.0183644872158765,46.42626953125,-17.74821472167969,10.50761413574219,-1,2,907
2025-11-20T22:17:49.670+01:00,2777,630431.9349297917,0.2380019476695217,-0.0147438097762871,0.0626449632942156,-0.194461852312088,-0.1169248521327972,0.2016022652387619,-0.1378231644630432,0.0458393692970275,0.0180436372756958,XArbitraryCorrectedZVertical,0.0319697876927735,-0.0035982066584724,0.1184296128145061,0.992441152458134,0.9810543656349182,-0.1932392418384552,0.0138167263939976,46.24432373046875,-17.96830749511719,10.12103271484375,-1,2,908
2025-11-20T22:17:49.705+01:00,2778,630431.9698457917,0.2466136896379046,-0.0201902211250124,0.0556668409798268,-0.19320347905159,-0.157096266746521,0.2868758141994476,-0.2107847929000854,0.0386646687984466,0.0105600357055664,XArbitraryCorrectedZVertical,0.028858258661238,-0.0065916670086432,0.1226618973912573,0.9920069819345748,0.9793851971626282,-0.2018573880195618,0.0076284706592559,46.35357666015625,-18.42117309570312,9.770523071289062,-1,2,909
2025-11-20T22:17:49.740+01:00,2779,630432.0047617917,0.2564331577624571,-0.0254017555381672,0.0493123027851521,-0.1430254429578781,-0.0933771729469299,0.2629663050174713,-0.2527564764022827,0.0017500519752502,-0.008724570274353,XArbitraryCorrectedZVertical,0.0260727790167137,-0.0094403563537761,0.1275058440860732,0.9914501425362952,0.9773505330085754,-0.2116193771362305,0.0017665193881839,45.9632568359375,-18.75045776367188,9.192291259765623,-1,2,910
2025-11-20T22:17:49.774+01:00,2780,630432.0396787917,0.2642504051510842,-0.0275278108226199,0.0454923731404339,-0.0624888725578784,-0.0108173424378037,0.1878445595502853,-0.2192695736885071,-0.0142392069101333,0.0052884221076965,XArbitraryCorrectedZVertical,0.0243565994069358,-0.0106439152083618,0.1313842474876177,0.9909751364525732,0.9756476879119872,-0.2193423062562943,-0.0007261252612806,45.62628173828125,-18.94972229003906,8.682586669921875,-1,2,911
2025-11-20T22:17:49.812+01:00,2781,630432.0745947917,0.2695776348256077,-0.0269784830989803,0.0444362289103051,0.0121165579184889,0.0480124540627002,0.1195053160190582,-0.145435631275177,-0.038260206580162,0.0286321640014648,XArbitraryCorrectedZVertical,0.0238249726996508,-0.0103780100079228,0.1340387068226243,0.9906352722320516,0.974460780620575,-0.2245571464300156,-0.0001592850021552,45.53564453125,-19.14080810546875,8.74468994140625,-1,2,912
2025-11-20T22:17:49.844+01:00,2782,630432.1095117917,0.2733191868031207,-0.0258136156185391,0.0461039917891272,0.0797828808426857,0.0185240861028432,0.0995495095849037,-0.04303640127182,-0.0414092093706131,0.0587780475616455,XArbitraryCorrectedZVertical,0.0245909875609748,-0.0096427803471393,0.1358923640603687,0.9903713891154308,0.973624050617218,-0.2281524837017059,0.0015399508411064,45.30230712890625,-19.20838928222656,8.72137451171875,-1,2,913
2025-11-20T22:17:49.879+01:00,2783,630432.1444277917,0.27570096707643,-0.0257217336987094,0.0504472115579236,0.171365350484848,-0.0214838199317455,0.019558411091566,0.1116430759429932,-0.1012396961450577,0.0739246606826782,XArbitraryCorrectedZVertical,0.0267462673392667,-0.009269030822121,0.1370379604327119,0.9901612513643836,0.9731041193008424,-0.230348989367485,0.0027507320046424,45.17633056640625,-19.36985778808594,8.528671264648438,-1,2,914
2025-11-20T22:17:49.914+01:00,2784,630432.1793447917,0.2761817032216961,-0.0281121842819818,0.0570899552041865,0.2025049328804016,-0.0990018174052238,0.0284052845090627,0.1727572679519653,-0.1153057813644409,0.074691891670227,XArbitraryCorrectedZVertical,0.0302006138683476,-0.0099877937101386,0.1371853648173557,0.9900346215309904,0.9730405211448668,-0.2306262105703354,0.0019835154525935,45.07659912109375,-19.17990112304688,8.483535766601562,-1,2,915
2025-11-20T22:17:49.949+01:00,2785,630432.2142607917,0.2775778512131376,-0.0302888697617091,0.0643788290187913,0.2012353241443634,0.0325556844472885,-0.0091966288164258,0.1829599142074585,-0.0718277096748352,0.028982400894165,XArbitraryCorrectedZVertical,0.033964699880883,-0.0105385410821351,0.1377735539775592,0.989825199057248,0.972771406173706,-0.2317611426115036,0.0016420187894254,44.94561767578125,-19.09066772460938,8.526138305664062,-1,2,916
2025-11-20T22:17:49.984+01:00,2786,630432.2491777918,0.274374008095124,-0.0301597433342315,0.0742396609560428,0.2792837023735046,-0.0686787515878677,-0.0463257655501365,0.4671750068664551,-0.1539580672979355,0.004564881324768,XArbitraryCorrectedZVertical,0.0388192323984772,-0.0098526769603037,0.1360929930437114,0.9898861973792462,0.973574995994568,-0.2283355742692947,0.0037968393880873,44.9638671875,-18.8878173828125,8.749908447265625,-1,2,917
2025-11-20T22:17:50.019+01:00,2787,630432.2840937917,0.2739384789005631,-0.0341869043028963,0.0817440942369001,0.1035431772470474,-0.1624300181865692,-0.0176129266619682,0.0560909509658813,0.0609404593706131,0.0120152235031127,XArbitraryCorrectedZVertical,0.0428039670794707,-0.0113400388463093,0.1357155259518406,0.9897578671812718,0.9737399816513062,-0.2276579588651657,0.0015497674467042,44.56072998046875,-18.54362487792969,8.429183959960938,-1,2,918
2025-11-20T22:17:50.054+01:00,2788,630432.3190107917,0.2726308889582267,-0.0401092524043994,0.0831587403247103,0.0235564820468425,-0.1751690357923508,-0.0114105716347694,0.0443010330200195,0.0945806503295898,-0.0721282958984375,XArbitraryCorrectedZVertical,0.0438962664192611,-0.0142024757139608,0.1349230876522681,0.9897813486028884,0.974039912223816,-0.2263402342796326,-0.0040130917914211,44.796875,-18.48677062988281,8.039871215820312,-1,2,919
2025-11-20T22:17:50.091+01:00,2789,630432.353927125,0.272310671341293,-0.0474431778228439,0.0837296713757272,-0.0154534997418522,-0.247554823756218,-0.0197361465543508,0.049970269203186,0.0283777117729187,-0.09157395362854,XArbitraryCorrectedZVertical,0.0446703276020817,-0.017799987280928,0.1345944198089113,0.9897333978190372,0.9740623831748962,-0.2260095477104187,-0.0110567072406411,44.677490234375,-18.47952270507812,7.688003540039062,-1,2,920
2025-11-20T22:17:50.124+01:00,2790,630432.3888441251,0.2706223184338466,-0.0552672045875826,0.0830220646543752,0.0030899024568498,-0.1681300103664398,-0.0641019940376281,-0.0792018771171569,0.0605320036411285,-0.1236752867698669,XArbitraryCorrectedZVertical,0.0448281331169375,-0.021757908770527,0.1335948147339026,0.9897825882425152,0.974312961101532,-0.2243961095809937,-0.0189944095909595,44.52581787109375,-18.38070678710938,7.70989990234375,-1,2,921
2025-11-20T22:17:50.159+01:00,2791,630432.4237601251,0.2694541369556597,-0.0572138167711419,0.0850833426449872,0.1008035913109779,0.0572538077831268,-0.0218755416572094,-0.2201640605926514,0.1229551285505295,-0.1033452749252319,XArbitraryCorrectedZVertical,0.0459646743293304,-0.0226080314582052,0.1329379847540639,0.9897998611831712,0.9745585918426514,-0.2231900840997696,-0.0205408651381731,44.5552978515625,-18.31234741210938,7.280517578125,-1,2,922
2025-11-20T22:17:50.194+01:00,2792,630432.458676125,0.2688321364627106,-0.0526741301878658,0.089779442912804,0.1530656665563583,0.1620382964611053,-0.0056986464187502,-0.1718247532844543,0.0783605277538299,-0.0645647644996643,XArbitraryCorrectedZVertical,0.0479799547293318,-0.0200585513332322,0.1326591692516638,0.989796516360358,0.9748337864875792,-0.2224187105894089,-0.0151319513097405,44.48907470703125,-18.38291931152344,7.297027587890625,-1,2,923
2025-11-20T22:17:50.229+01:00,2793,630432.493593125,0.2706221950760217,-0.0474715145559074,0.0946875971777226,0.1228703260421753,0.1288798153400421,0.0736574605107307,-0.1194835305213928,0.0028895437717437,-0.025347888469696,XArbitraryCorrectedZVertical,0.0500783422008526,-0.0171078123617298,0.133596497566686,0.9896219914182084,0.9745556712150574,-0.2239741235971451,-0.0087860468775033,44.20989990234375,-18.47380065917969,7.691696166992188,-1,2,924
2025-11-20T22:17:50.263+01:00,2794,630432.528509125,0.2728748019992815,-0.0438849326208034,0.098105925985622,0.0893482118844986,0.1023129299283028,0.0437685847282409,-0.1690883636474609,-0.0081797391176223,-0.0254656076431274,XArbitraryCorrectedZVertical,0.051546587931125,-0.0150430278160662,0.1347523531868714,0.9894233357783242,0.9741114974021912,-0.2260273694992065,-0.0042890580371022,43.9656982421875,-18.58500671386719,8.10040283203125,-1,2,925
2025-11-20T22:17:50.299+01:00,2795,630432.5634261251,0.273713361828504,-0.0407415975210518,0.1015291399556656,0.1004879251122475,0.0757615268230438,-0.0087701100856065,-0.1518347859382629,-0.0180292874574661,-0.0239891409873962,XArbitraryCorrectedZVertical,0.0530332964187717,-0.0132315423998919,0.1352019112801096,0.9893092329684936,0.9739629626274108,-0.2267063707113266,-0.0003638910711742,43.64068603515625,-18.44219970703125,8.24481201171875,-1,2,926
2025-11-20T22:17:50.333+01:00,2796,630432.5983421251,0.2722190812929109,-0.0386112124311023,0.1046696048622607,0.0749418437480926,0.0493580400943756,-0.0757497772574424,-0.1302850246429443,-0.0249562114477157,-0.0276786088943481,XArbitraryCorrectedZVertical,0.0544332749041714,-0.0120029535537713,0.1344781471668246,0.9893475792672992,0.9743248820304872,-0.225135326385498,0.0022573557216674,43.5772705078125,-18.31266784667969,8.529556274414062,-1,2,927
2025-11-20T22:17:50.371+01:00,2797,630432.633259125,0.2692813204391643,-0.0360951647554241,0.1067603758327777,0.0332815535366535,0.0677372962236404,-0.0857625231146812,-0.0718655586242675,-0.0294258147478103,-0.0381145477294921,XArbitraryCorrectedZVertical,0.0552823698742424,-0.0106969219363561,0.1330670403083326,0.9895062561284852,0.9749874472618104,-0.2222068458795547,0.0048504001460969,43.3341064453125,-18.21347045898438,8.727188110351562,-1,2,928
2025-11-20T22:17:50.403+01:00,2798,630432.668175125,0.2669303340692171,-0.0332379727495951,0.1061729737454043,-0.0671895444393158,0.0902437418699264,-0.0534405447542667,-0.0195510983467102,-0.0250580161809921,-0.0450568199157714,XArbitraryCorrectedZVertical,0.0547906614835466,-0.0093873402194925,0.1319895231156107,0.9896912020077828,0.9754837155342102,-0.219952329993248,0.0072455126792192,43.208984375,-18.10183715820312,8.657363891601562,-1,2,929
2025-11-20T22:17:50.438+01:00,2799,630432.703092125,0.2644941428770387,-0.029765517609464,0.1032140038005328,-0.0899862051010131,0.0867472812533378,-0.0781347081065177,0.1133436560630798,-0.0362763851881027,-0.0620896816253662,XArbitraryCorrectedZVertical,0.053087787163705,-0.0079313943712005,0.1309107947960248,0.9899400462626224,0.9759660363197328,-0.2177061289548874,0.0097214812412858,43.1693115234375,-18.27177429199219,8.724105834960938,-1,2,930
2025-11-20T22:17:50.473+01:00,2800,630432.738008125,0.2623271065221405,-0.0277806696952104,0.1003468606535561,-0.1049677729606628,0.013221338391304,-0.018527515232563,0.1249824166297913,0.0084988176822662,-0.0319886207580566,XArbitraryCorrectedZVertical,0.0515311391931856,-0.0071945635863608,0.1299199786058841,0.9901583306866252,0.9763968586921692,-0.2157130986452103,0.0108093861490488,43.01446533203125,-18.21574401855469,8.603286743164062,-1,2,931
2025-11-20T22:17:50.508+01:00,2801,630432.7729251251,0.2603830312468607,-0.0264054193682394,0.0949466446096001,-0.1899380683898926,0.0366752669215202,-0.1384174376726151,0.4232103824615479,-0.1509947031736374,-0.016808271408081,XArbitraryCorrectedZVertical,0.0487618243161827,-0.0069155204233326,0.1290452467899088,0.9904149929610444,0.9767683148384094,-0.2140260189771652,0.0107962889596819,42.83026123046875,-18.30712890625,8.66961669921875,-1,2,932
2025-11-20T22:17:50.542+01:00,2802,630432.8078411251,0.2570580420831882,-0.0286334765665616,0.0885775140254194,-0.213273212313652,-0.1260020583868027,0.0275209359824657,0.4437618851661682,-0.0826958566904068,0.0218288898468017,XArbitraryCorrectedZVertical,0.045737774152433,-0.0085099458167773,0.1274080081448571,0.9907587559734474,0.9774569272994996,-0.2110205441713333,0.0069490750320255,42.7965087890625,-18.25967407226562,8.440460205078125,-1,2,933
2025-11-20T22:17:50.578+01:00,2803,630432.842758125,0.2591099489093164,-0.0331397366769091,0.0826124834663377,-0.1516496390104294,-0.0722242668271064,0.0575557239353656,-0.104123592376709,0.141490712761879,0.0683737993240356,XArbitraryCorrectedZVertical,0.0430815870400773,-0.0110820160223278,0.1283864506138034,0.990726126203798,0.977002739906311,-0.2132222801446915,0.001465616049245,42.75439453125,-18.51362609863281,7.970199584960938,-1,2,934
2025-11-20T22:17:50.612+01:00,2804,630432.877674125,0.2595464235754677,-0.0313518054397884,0.0791726849415522,-0.0560716986656189,0.1547896862030029,-0.0080372001975774,-0.073867380619049,0.055849090218544,0.0577108860015869,XArbitraryCorrectedZVertical,0.0412653342291525,-0.0104104019764973,0.1286768484313772,0.990772940707642,0.9768823385238647,-0.2137622535228729,0.0025155681651085,42.56207275390625,-18.66693115234375,7.936386108398438,-1,2,935
2025-11-20T22:17:50.652+01:00,2805,630432.912591125,0.2586641925949948,-0.0255604028521084,0.0770600343863429,-0.0972253680229187,0.1569183021783829,-0.0463173910975456,0.0181652903556823,-0.0041290819644927,0.1120700836181641,XArbitraryCorrectedZVertical,0.0398426711303898,-0.0076960612430538,0.1283774289559971,0.9908947988981056,0.9770280122756958,-0.2129729092121124,0.0076503134332597,42.42022705078125,-18.81172180175781,8.072372436523438,-1,2,936
2025-11-20T22:17:50.682+01:00,2806,630432.9475071251,0.2568254032261096,-0.0206024709008349,0.0735640143077033,-0.1007979139685631,0.1138720437884331,-0.0317983478307724,-0.0252355933189392,0.0162872523069381,0.0831016302108764,XArbitraryCorrectedZVertical,0.0377872608633703,-0.005500333830125,0.1275909795685174,0.9910915198176584,0.9773533940315248,-0.2112945318222046,0.0116096194833517,42.01873779296875,-18.72259521484375,8.035919189453125,-1,2,937
2025-11-20T22:17:50.717+01:00,2807,630432.9824241251,0.256140346913846,-0.0186222800448527,0.0701710875300715,-0.1041323691606522,-0.0080410558730363,-0.0331426113843917,-0.1297732591629028,0.0454044342041015,0.0436180830001831,XArbitraryCorrectedZVertical,0.0359780273376852,-0.0047490421880381,0.1273122852944847,0.991198558612167,0.9774599671363832,-0.2107333689928055,0.0127783296629786,41.6951904296875,-19.07830810546875,8.204132080078125,-1,2,938
2025-11-20T22:17:50.752+01:00,2808,630433.017340125,0.2538447200891388,-0.0197442239139252,0.0664929677655752,-0.1001578196883202,-0.0528172887861728,-0.0836003720760345,-0.1798599362373352,0.0574385225772857,0.0152834663167595,XArbitraryCorrectedZVertical,0.0342202905309394,-0.0055797103025583,0.12618023383822,0.9914012727760244,0.9779404401779176,-0.2086073309183121,0.010748017579317,41.71270751953125,-19.13896179199219,7.955535888671875,-1,2,939
2025-11-20T22:17:50.787+01:00,2809,630433.052257125,0.2515839538116241,-0.0219501579059528,0.0634693045476602,-0.0715431421995163,-0.0708279982209205,-0.0216198787093162,-0.1676720976829529,0.0445649623870849,-0.0022246842272579,XArbitraryCorrectedZVertical,0.0328529420255711,-0.0069021227809666,0.1250442952832424,0.991583074164656,0.9784172773361206,-0.2064911872148514,0.0078093614429235,41.95477294921875,-19.08338928222656,7.731109619140625,-1,2,940
2025-11-20T22:17:50.822+01:00,2810,630433.087173125,0.2531917288278281,-0.0237724887482794,0.0621490110369223,0.0046395105309784,-0.0198205336928367,0.1181396618485451,-0.1874866485595703,0.0285181403160095,-0.0143890380859375,XArbitraryCorrectedZVertical,0.032318665061788,-0.0078626580252176,0.1258217813844403,0.9914951235946884,0.978090226650238,-0.2080987840890884,0.0058593600988388,41.73419189453125,-19.24876403808594,7.748016357421875,-1,2,941
2025-11-20T22:17:50.857+01:00,2811,630433.122090125,0.2590096036070766,-0.0241607336482418,0.0637155322311315,0.0864218324422836,0.0175728984177112,0.1886366903781891,-0.214148223400116,0.0135000199079513,0.0017220973968505,XArbitraryCorrectedZVertical,0.0331426054387225,-0.0078596209426783,0.1286865986758563,0.991100205023865,0.976874053478241,-0.2137258052825928,0.006197206210345,41.60565185546875,-19.81803894042969,7.527755737304688,-1,2,942
2025-11-20T22:17:50.892+01:00,2812,630433.1570061251,0.2650373577849184,-0.0235481422915512,0.0674151241848038,0.1282635033130646,0.0283206738531589,0.1469139456748962,-0.1626257300376892,-0.0221403837203979,0.022580862045288,XArbitraryCorrectedZVertical,0.0349581805750969,-0.0072112728533579,0.1316536277955002,0.9906529804264226,0.975583553314209,-0.2194825410842896,0.0080129923298954,41.5361328125,-20.0845947265625,7.91094970703125,-1,2,943
2025-11-20T22:17:50.931+01:00,2813,630433.1919231251,0.2698158657017243,-0.0233228980043959,0.0725198296482894,0.1650934964418411,-0.0054034194909036,0.1067520529031754,-0.0542908906936645,-0.0635244697332382,0.0392965078353881,XArbitraryCorrectedZVertical,0.0374875167441086,-0.0066721075550274,0.1339826251390094,0.9902519642582324,0.9745485186576844,-0.2239663898944855,0.0097147021442651,41.30169677734375,-20.31092834472656,7.706802368164062,-1,2,944
2025-11-20T22:17:50.962+01:00,2814,630433.226840125,0.2717221012522754,-0.0243282284722707,0.0780567415123303,0.1635879129171371,-0.0333304218947887,-0.0073684928938746,0.0185773372650146,-0.0877967178821563,0.0392632484436035,XArbitraryCorrectedZVertical,0.0403023031929159,-0.0067581429831229,0.1348600749669797,0.9900216853572772,0.97415953874588,-0.2256340533494949,0.0101293865591287,41.2598876953125,-20.61782836914062,7.710861206054688,-1,2,945
2025-11-20T22:17:50.997+01:00,2815,630433.261756125,0.2710801143593733,-0.0250311406813616,0.0844913936947802,0.208026647567749,-0.0035025533288717,0.0018713537137955,0.1895016431808472,-0.1094853729009628,0.0159249305725097,XArbitraryCorrectedZVertical,0.0435321308730361,-0.0066830729471302,0.1344705855362803,0.9899383915849688,0.9743472337722778,-0.2247888743877411,0.0108389016240835,41.24188232421875,-20.69931030273438,7.609970092773438,-1,2,946
2025-11-20T22:17:51.031+01:00,2816,630433.296673125,0.273553901163885,-0.023628568767765,0.092247591590801,0.2272550761699677,0.1094285100698471,0.123333565890789,0.1659268140792847,-0.0710819661617279,-0.0012125968933105,XArbitraryCorrectedZVertical,0.0472827767070825,-0.0054048752338719,0.1356567345240756,0.9896122568255808,0.9738131761550904,-0.2269068956375122,0.0141825098544359,41.26043701171875,-20.794677734375,7.767318725585938,-1,2,947
2025-11-20T22:17:51.067+01:00,2817,630433.331589125,0.275464699472328,-0.0169684192577359,0.101438344617087,0.3890819549560547,0.1014039292931557,-0.0291732233017683,0.5301833152770996,-0.2415502369403839,-0.0455454587936401,XArbitraryCorrectedZVertical,0.0513788573874986,-0.0014325866137448,0.1366897493999737,0.9892796059359568,0.9732956886291504,-0.2284051775932312,0.0229471661150455,41.158935546875,-20.81187438964844,7.960128784179688,-1,2,948
2025-11-20T22:17:51.101+01:00,2818,630433.3665065417,0.2786261541115769,-0.0160413781079564,0.1130340447851007,0.2912079989910126,-0.0433966293931007,0.0988700836896896,0.1573423147201538,-0.0115362852811813,-0.0055520571768283,XArbitraryCorrectedZVertical,0.0570498613616964,-8.652682723103837e-05,0.1381880386731023,0.9887614930218666,0.9725860953330994,-0.2309868633747101,0.0268532689660787,41.263916015625,-21.04725646972656,8.016265869140625,-1,2,949
2025-11-20T22:17:51.136+01:00,2819,630433.4014225417,0.2785494198601443,-0.0192501621608686,0.1189017679639738,0.1044508367776871,-0.0951586961746215,-0.1243496611714363,-0.0795990824699401,0.0849688500165939,-0.0244673490524292,XArbitraryCorrectedZVertical,0.0601716358094633,-0.0012668751761297,0.1380068678820162,0.988600977976942,0.9727112054824828,-0.2306597232818604,0.0250776037573814,41.29388427734375,-21.10272216796875,7.936431884765625,-1,2,950
2025-11-20T22:17:51.171+01:00,2820,630433.4363395417,0.2744020849338,-0.0226761339647927,0.1230688798059324,0.1137957274913788,-0.1336245685815811,-0.1149778887629509,0.0857138633728027,0.0528578460216522,-0.0390344858169555,XArbitraryCorrectedZVertical,0.0624615538817756,-0.0027997466948443,0.1358126870553943,0.9887596747242288,0.9737648367881776,-0.2264723181724548,0.0221887342631816,41.3465576171875,-20.94940185546875,7.82965087890625,-1,2,951
2025-11-20T22:17:51.212+01:00,2821,630433.4712555417,0.2693564759772729,-0.0273407187569024,0.1259973274368747,0.0491680949926376,-0.1598617881536484,-0.1844638735055923,-0.0404984354972839,0.0747093111276626,-0.0322022438049316,XArbitraryCorrectedZVertical,0.064212905913707,-0.005066736080275,0.1331397534134081,0.989002003181992,0.975007712841034,-0.2214683145284653,0.0176606476306915,41.404296875,-20.8531494140625,7.4862060546875,-1,2,952
2025-11-20T22:17:51.241+01:00,2822,630433.5061725418,0.2646377389321731,-0.0318104577506117,0.1280688522583603,0.0563519857823848,-0.1046494469046593,-0.0476156249642372,-0.0771834254264831,0.0910515189170837,-0.053850769996643,XArbitraryCorrectedZVertical,0.0655173185551176,-0.0072917996420367,0.1306371920593993,0.9892362271008004,0.9761244058609008,-0.2168144285678864,0.0131402742117643,41.71209716796875,-20.86282348632812,7.407135009765625,-1,2,953
2025-11-20T22:17:51.276+01:00,2823,630433.5410885417,0.2630935482374883,-0.0330697488410311,0.1302115453022114,0.0632015988230705,0.011487073265016,-0.0692312270402908,-0.1754631400108337,0.0571143329143524,-0.043555736541748,XArbitraryCorrectedZVertical,0.0666530162061787,-0.0078239653600988,0.1298055102724231,0.9892657160619216,0.9764884114265442,-0.2152258455753326,0.0121684512123465,41.79095458984375,-21.20025634765625,7.06353759765625,-1,2,954
2025-11-20T22:17:51.311+01:00,2824,630433.5760055417,0.260780623004259,-0.0309840665834145,0.1327256457676822,0.0716719850897789,0.0723635107278823,-0.0543842390179634,-0.1403179168701172,0.0222177803516387,-0.0270812511444091,XArbitraryCorrectedZVertical,0.0677530832393641,-0.0067048964191867,0.128700798002981,0.9893435755751212,0.9769725799560548,-0.2128763049840927,0.0144316814839839,42.0706787109375,-21.19989013671875,7.38250732421875,-1,2,955
2025-11-20T22:17:51.346+01:00,2825,630433.6109215417,0.259016071513057,-0.0290068968604042,0.1346845142886104,0.0332604348659515,0.0189282074570655,-0.03577421605587,-0.1474641561508179,0.0016086846590042,0.0035274028778076,XArbitraryCorrectedZVertical,0.0685895757975711,-0.0056593704823249,0.1278722793245314,0.9893999250700444,0.977328598499298,-0.2110813111066818,0.0165378041565418,41.882568359375,-21.16209411621094,6.981658935546875,-1,2,956
2025-11-20T22:17:51.381+01:00,2826,630433.6458385417,0.2591768329762335,-0.0294119695095121,0.1353590188429267,0.0078146113082766,-0.0301370825618505,0.0466809459030628,-0.137873649597168,-0.0131129026412963,-0.0143074989318847,XArbitraryCorrectedZVertical,0.0689495291310388,-0.0058104345395445,0.1279300698349428,0.989366532936374,0.9773054122924804,-0.2112065255641937,0.0163063574582338,42.12469482421875,-21.31498718261719,6.844207763671875,-1,2,957
2025-11-20T22:17:51.416+01:00,2827,630433.6807545417,0.2614261082568517,-0.0308872660042726,0.1356246740014569,0.0116525273770093,-0.0245318617671728,0.0764571875333786,-0.1507723927497864,-0.0223629474639892,-0.0437511205673217,XArbitraryCorrectedZVertical,0.0691825489302549,-0.0064451749571497,0.1289885676491791,0.9892088748918269,0.9768526554107666,-0.2133700549602509,0.0152323469519615,42.02587890625,-21.56640625,6.888870239257812,-1,2,958
2025-11-20T22:17:51.451+01:00,2828,630433.7156715418,0.2641470079550709,-0.0315866669813378,0.1356743509997244,-0.0110591482371091,-0.0031725303269922,0.0598214156925678,-0.1309273838996887,-0.0375573337078094,-0.0534508228302002,XArbitraryCorrectedZVertical,0.0692613802461595,-0.0066936258864742,0.1303093931793881,0.9890286608898232,0.9762796759605408,-0.2159979492425919,0.014937562867999,42.22149658203125,-21.85966491699219,6.726028442382812,-1,2,959
2025-11-20T22:17:51.490+01:00,2829,630433.7505875417,0.2653789748979513,-0.0308418306308857,0.1348041920898017,-0.0289176255464553,0.0817726477980613,0.0151815228164196,-0.0748876929283142,-0.0266682356595993,-0.0884156227111816,XArbitraryCorrectedZVertical,0.0687865758309873,-0.0063405294055193,0.1309549128884347,0.9889787899589524,0.9759954214096068,-0.2172281891107559,0.015646481886506,42.29364013671875,-21.96343994140625,6.912078857421875,-1,2,960
2025-11-20T22:17:51.520+01:00,2830,630433.7855045417,0.2646802434011193,-0.0255778125770521,0.1342685596776532,0.0041664657182991,0.2077460587024689,-0.0414994806051254,0.0311229825019836,-0.036748930811882,-0.111072301864624,XArbitraryCorrectedZVertical,0.0681755344897988,-0.0037969046469284,0.1307957458008827,0.9890551562149088,0.9760485291481018,-0.2165774405002594,0.0205723643302917,42.42047119140625,-22.14064025878906,7.342086791992188,-1,2,961
2025-11-20T22:17:51.555+01:00,2831,630433.8204205417,0.2646513255482907,-0.0163856497606748,0.1355422542844068,0.0556122697889804,0.3072396218776703,0.0738657042384147,0.1279153823852539,0.0031276941299438,-0.0825192928314209,XArbitraryCorrectedZVertical,0.0682034495695429,0.0008320990835046,0.1310825672468256,0.989022294100686,0.9758292436599731,-0.2164913266897202,0.0298154205083847,42.52398681640625,-22.19377136230469,7.620574951171875,-1,2,962
2025-11-20T22:17:51.590+01:00,2832,630433.8553375417,0.2674928067377826,-0.004712219939082,0.135355403775036,-0.0479110740125179,0.2914620041847229,0.0121746808290481,0.4066234827041626,-0.1588833332061768,0.0034421682357788,XArbitraryCorrectedZVertical,0.0673353748418533,0.0066880531058306,0.1328844610533498,0.9888189990876682,0.9747852087020874,-0.2192447036504745,0.0415406674146652,42.65447998046875,-22.58511352539062,8.478225708007812,-1,2,963
2025-11-20T22:17:51.625+01:00,2833,630433.8902535418,0.2685773215128879,-0.0029848876610189,0.1324257531313061,-0.1593831181526184,-0.0842852294445037,0.0923591181635856,0.3360792994499207,-0.0395526885986328,0.1289240121841431,XArbitraryCorrectedZVertical,0.0657681230413748,0.0073826874800358,0.1334940291606783,0.9888373562869812,0.974467396736145,-0.220426470041275,0.0427219904959201,42.6751708984375,-22.84844970703125,8.726211547851562,-1,2,964
2025-11-20T22:17:51.660+01:00,2834,630433.9251705417,0.271421637041131,-0.0067965366777989,0.1262798252165687,-0.1950996369123459,-0.0429812036454677,0.0055269980803132,-0.0131585001945495,0.1143202632665634,0.1261945962905884,XArbitraryCorrectedZVertical,0.0629762968409953,0.0051764596527099,0.1348117979965289,0.9888543873551624,0.9739738702774048,-0.223451092839241,0.0380051955580711,42.9775390625,-23.48590087890625,8.747344970703125,-1,2,965
2025-11-20T22:17:51.695+01:00,2835,630433.9600875417,0.268425392279401,-0.0045615981550082,0.1211316405336694,-0.1051994934678078,0.0917280837893486,-0.1437945067882538,0.0709300637245178,0.0355543941259384,0.1074733734130859,XArbitraryCorrectedZVertical,0.0602889389725323,0.005843203107484,0.1334276176470255,0.9892058608422616,0.97455632686615,-0.2207808047533035,0.0386752299964427,43.206787109375,-23.42622375488281,8.635879516601562,-1,2,966
2025-11-20T22:17:51.731+01:00,2836,630433.9950035417,0.2645040244872945,-0.0012544895557516,0.1168984458479796,-0.126552939414978,0.0470205396413803,-0.0558009967207908,0.0708335638046264,0.0536822527647018,0.1321524381637573,XArbitraryCorrectedZVertical,0.0579883866147036,0.0070824178961311,0.1316052865312794,0.9895793460762858,0.9752936959266664,-0.2171648889780045,0.0405160374939441,43.3209228515625,-23.6817626953125,8.711181640625,-1,2,967
2025-11-20T22:17:51.770+01:00,2837,630434.0299205417,0.2662969290786558,-0.0010981463238778,0.1131311541908561,-0.0854144394397735,-0.0253696776926517,0.1613380461931229,-0.0611171126365661,0.0903650075197219,0.0843417644500732,XArbitraryCorrectedZVertical,0.0561077796895788,0.0069620375444275,0.1325122754555099,0.9895675533264892,0.974889636039734,-0.2190575748682022,0.0400478392839431,44.24530029296875,-23.62211608886719,8.689544677734375,-1,2,968
2025-11-20T22:17:51.800+01:00,2838,630434.0648365417,0.2722770281319608,-0.0046544474486964,0.1100276471860549,-0.094175174832344,-0.1390063166618347,0.1335612386465073,-0.1786198019981384,0.0775899440050125,0.0638257265090942,XArbitraryCorrectedZVertical,0.054792536510673,0.0051603998771718,0.1353859018080327,0.9892632921013572,0.9736790060997008,-0.2249745577573776,0.0365465618669986,44.4195556640625,-23.9964599609375,8.759002685546875,-1,2,969
2025-11-20T22:17:51.835+01:00,2839,630434.0997535418,0.2754428012670152,-0.0113836611301804,0.1067948888739165,-0.0880110785365104,-0.2198439240455627,0.0622198618948459,-0.1749993562698364,0.0278215110301971,0.0135338269174099,XArbitraryCorrectedZVertical,0.0536461510352475,0.001697273235172,0.1367876482671704,0.9891452471908616,0.9731712341308594,-0.2281693518161774,0.0296027902513742,44.51702880859375,-24.32589721679688,8.531631469726562,-1,2,970
2025-11-20T22:17:51.869+01:00,2840,630434.1346695417,0.2770830421986998,-0.019495385062209,0.1036323836444314,-0.0875448137521743,-0.2109366804361343,0.0343622639775276,-0.2323570251464844,0.0233253836631774,-0.0042823571711778,XArbitraryCorrectedZVertical,0.0526386298294299,-0.0024889742943583,0.1374068364789447,0.9891119074470384,0.9729880690574646,-0.2298835664987564,0.0211586188524961,44.78948974609375,-24.63656616210938,8.235000610351562,-1,2,971
2025-11-20T22:17:51.905+01:00,2841,630434.1695865417,0.2786385000360847,-0.0248751481458168,0.1010337077120716,-0.0545544773340225,-0.0896222293376922,0.0581198334693908,-0.2257348299026489,0.0157933831214904,-0.0121616134420037,XArbitraryCorrectedZVertical,0.0517271876137217,-0.0052893342910558,0.1380591737902686,0.9890581101433468,0.9727135300636292,-0.2314915806055069,0.0154880015179514,45.12835693359375,-24.83372497558594,7.906829833984375,-1,2,972
2025-11-20T22:17:51.939+01:00,2842,630434.2045025417,0.2806016023477808,-0.0267042611188079,0.0996647143679616,-0.0228212885558605,-0.0070205745287239,0.0463275536894798,-0.2047886848449707,0.0097196102142333,0.0158247947692871,XArbitraryCorrectedZVertical,0.0511826875666136,-0.0062390276684869,0.1389963799454818,0.9889496798114312,0.9722751975059508,-0.233443945646286,0.0135941179469227,45.00189208984375,-24.96847534179688,7.711776733398438,-1,2,973
2025-11-20T22:17:51.974+01:00,2843,630434.2394195417,0.2811128676923769,-0.0262191941278794,0.0995545020656083,0.0143394861370325,0.0152810309082269,-0.020442584529519,-0.0983690023422241,-0.0342764109373092,0.0511236190795898,XArbitraryCorrectedZVertical,0.0510960231408066,-0.0059938436787664,0.139262696170138,0.9889181770371938,0.9721481800079346,-0.2339425384998322,0.0140924686565995,45.2855224609375,-24.95106506347656,7.696746826171875,-1,2,974
2025-11-20T22:17:52.011+01:00,2844,630434.2743355418,0.2803118012048813,-0.0272742862558131,0.1004096556327133,0.0294918771833181,-0.0862179175019264,-0.0089891832321882,-0.0242961049079895,-0.0346879810094833,0.0760037899017334,XArbitraryCorrectedZVertical,0.051589639943947,-0.0064760982477725,0.1388308538824026,0.9889503195737964,0.9723553061485292,-0.2331342697143555,0.0131837548688054,45.405517578125,-25.04319763183594,7.807769775390625,-1,2,975
2025-11-20T22:17:52.051+01:00,2845,630434.3092525417,0.2792059230077901,-0.0307919924863965,0.1018453380271801,0.0545570254325866,-0.1148684471845627,-0.0844042301177978,0.0896389484405517,-0.0798663794994354,0.0627888441085815,XArbitraryCorrectedZVertical,0.0525389851569216,-0.0081438631939003,0.1381770929291726,0.9889794694406668,0.9726625680923462,-0.2320079505443573,0.0099803041666746,45.49468994140625,-25.02165222167969,7.722702026367188,-1,2,976
2025-11-20T22:17:52.079+01:00,2846,630434.3441685417,0.2765292983896137,-0.0348742660869002,0.1040606585829255,0.0578430257737636,-0.1212406605482101,-0.0244708377867937,0.1855611801147461,-0.0750362575054168,0.0438785552978515,XArbitraryCorrectedZVertical,0.0539025969141431,-0.0100797475613056,0.136718942459231,0.9890909309775134,0.9733285903930664,-0.2293307930231094,0.0062312451191246,45.7933349609375,-24.61213684082031,7.972335815429688,-1,2,977
2025-11-20T22:17:52.114+01:00,2847,630434.3790854167,0.2777233086368736,-0.0371675703359898,0.105826495454662,0.0282196160405874,0.0775262936949729,0.0371666476130485,0.1811689734458923,-0.0168851017951965,-0.0033464436419308,XArbitraryCorrectedZVertical,0.0549389622567902,-0.0110587353275049,0.1372248714153524,0.9889533686517462,0.9730820655822754,-0.2304140478372574,0.0045365812256932,45.99859619140625,-24.68812561035156,7.752090454101562,-1,2,978
2025-11-20T22:17:52.149+01:00,2848,630434.4140014166,0.2764319882526414,-0.0348026638626647,0.1109249668363274,0.1597306877374649,0.0068446621298789,0.049350056797266,0.4964434504508972,-0.101870134472847,-0.0120887756347656,XArbitraryCorrectedZVertical,0.0572907683538942,-0.0095716668172002,0.1365882792232228,0.9889235947409908,0.973405122756958,-0.2289556264877319,0.0078620193526148,46.23675537109375,-24.53585815429688,8.121322631835938,-1,2,979
2025-11-20T22:17:52.184+01:00,2849,630434.4489184167,0.2804739665990795,-0.0376976534078245,0.1151520761064706,0.015891894698143,-0.1374427080154419,0.1359772086143494,0.0226924419403076,0.1316061168909073,0.0108671179041266,XArbitraryCorrectedZVertical,0.0595993220655186,-0.0105897795914581,0.1384474460060779,0.9885180776390654,0.9725314378738404,-0.2326802611351013,0.0064973677508533,46.30926513671875,-24.74270629882812,7.884063720703125,-1,2,980
2025-11-20T22:17:52.221+01:00,2850,630434.4838344167,0.2817863860880629,-0.0426319128707184,0.1144076004498129,-0.0141527839004993,-0.1277658492326736,-0.0378467738628387,0.0222970843315124,0.0777136832475662,-0.09749436378479,XArbitraryCorrectedZVertical,0.0595814433949078,-0.013041836420832,0.1389594388872899,0.9884181005131556,0.9722402691841124,-0.2339789271354675,0.0016843534540385,46.3974609375,-24.82110595703125,7.585540771484375,-1,2,981
2025-11-20T22:17:52.254+01:00,2851,630434.5187514167,0.2782198545856407,-0.0468816491194743,0.1150022278034532,0.0026743989437818,-0.1476082652807236,-0.131021186709404,0.0730003118515014,0.0279196351766586,-0.1161970496177673,XArbitraryCorrectedZVertical,0.0601433085816321,-0.0152072723717941,0.1370605031757542,0.9886181612932192,0.9730658531188964,-0.2305105179548264,-0.0027452413924038,46.8143310546875,-24.74037170410156,7.499267578125,-1,2,982
2025-11-20T22:17:52.291+01:00,2852,630434.5536674167,0.2742224690857867,-0.050387003643973,0.1145276590005688,-0.0109584927558898,-0.0494649484753608,-0.0772430375218391,-0.0363417863845825,0.062331348657608,-0.1235543489456177,XArbitraryCorrectedZVertical,0.0601149068789238,-0.0170933392570358,0.1349864832899356,0.9888744756184764,0.9739485383033752,-0.2266684770584106,-0.0067557129077613,47.20977783203125,-24.70475769042969,7.224090576171875,-1,2,983
2025-11-20T22:17:52.324+01:00,2853,630434.5885844167,0.2733167050963721,-0.0482097871433646,0.114558634739276,0.0108347097411751,0.1563966572284698,-0.0085564944893121,-0.1922885179519653,0.0853038728237152,-0.0850590467453002,XArbitraryCorrectedZVertical,0.0599759788143007,-0.0160418621734574,0.1346034970959484,0.9889526700985984,0.9741640090942384,-0.2257914990186691,-0.0047389664687216,47.4539794921875,-24.654541015625,7.073089599609375,-1,2,984
2025-11-20T22:17:52.358+01:00,2854,630434.6235004168,0.2737130980118925,-0.0411762308461348,0.1157943690706493,0.0689839273691177,0.2382672280073166,0.0433661751449108,-0.1501060128211975,0.0570092350244522,-0.0612169504165649,XArbitraryCorrectedZVertical,0.0601155699562622,-0.0124671864675272,0.134992163787946,0.9889427916938064,0.9740958213806152,-0.2261223495006561,0.0024400523398071,47.517578125,-24.72735595703125,7.287567138671875,-1,2,985
2025-11-20T22:17:52.393+01:00,2855,630434.6584174167,0.2762889913428799,-0.0333960667275663,0.1187391254227261,0.0894859731197357,0.2096061110496521,0.0815351605415344,-0.164449155330658,0.0120538622140884,-0.0201709270477294,XArbitraryCorrectedZVertical,0.0610564832605923,-0.0083394725189699,0.1364624561349315,0.9887267383413372,0.9734853506088256,-0.2284844815731049,0.011000357568264,47.68017578125,-24.6973876953125,7.602584838867188,-1,2,986
2025-11-20T22:17:52.428+01:00,2856,630434.6933334167,0.2789678635583634,-0.027205744032716,0.1222765246344492,0.126095712184906,0.1622654497623444,0.0638337954878807,-0.1820330023765564,-0.0035064369440078,-0.0266525745391845,XArbitraryCorrectedZVertical,0.0623888122696643,-0.0049510776622895,0.1379364301207653,0.9884618084120012,0.9728044867515564,-0.230914294719696,0.0181686095893383,47.77655029296875,-24.74543762207031,8.048965454101562,-1,2,987
2025-11-20T22:17:52.463+01:00,2857,630434.7282504167,0.279898119559527,-0.0232724164880424,0.1271275427397865,0.1292928904294968,0.060720432549715,-0.0387086197733879,-0.1902022361755371,-0.0367796719074249,-0.0088753700256347,XArbitraryCorrectedZVertical,0.0645155287971521,-0.0026388029198889,0.1384696372458467,0.9882595951203744,0.9725355505943298,-0.2315918803215027,0.0232338365167379,47.7138671875,-24.57177734375,8.21551513671875,-1,2,988
2025-11-20T22:17:52.498+01:00,2858,630434.7631664167,0.2777956376283695,-0.0220656651100133,0.1306392010982841,0.064165286719799,0.0278380941599607,-0.0532855093479156,-0.14976966381073,-0.03913614153862,-0.0121868848800659,XArbitraryCorrectedZVertical,0.0661648165477004,-0.0018664295558559,0.1374347642817502,0.98829676390785,0.97301185131073,-0.2294032573699951,0.0249431803822517,48.1046142578125,-24.18231201171875,8.57867431640625,-1,2,989
2025-11-20T22:17:52.533+01:00,2859,630434.7980834167,0.2767779727000836,-0.0200386922236081,0.1309726296937174,-0.0496554225683212,0.0637806802988052,-0.0092945024371147,-0.0650836825370788,-0.0482046008110046,-0.0303980074822902,XArbitraryCorrectedZVertical,0.0661897888003109,-0.0008753438813604,0.1369956991113603,0.9883574396938538,0.9731953144073486,-0.2284067273139954,0.0268579423427581,48.30059814453125,-24.10420227050781,8.719818115234375,-1,2,990
2025-11-20T22:17:52.570+01:00,2860,630434.8329994167,0.2786977227336488,-0.016899215805173,0.1271936894590278,-0.1423698365688324,0.1503794938325882,0.1131211817264557,0.0039760470390319,-0.0187596082687377,-0.0548982620239257,XArbitraryCorrectedZVertical,0.0641069356225468,0.0004765389600449,0.1380807788951008,0.9883439463056632,0.9726473689079284,-0.2304316312074661,0.0292939711362123,48.40185546875,-23.87869262695312,8.46844482421875,-1,2,991
2025-11-20T22:17:52.603+01:00,2861,630434.8679164167,0.2821847277796281,-0.0115201543833865,0.122318665868229,-0.1229269653558731,0.1504210531711578,0.0960027053952217,0.1368911862373352,-0.0312595069408416,-0.042934063822031,XArbitraryCorrectedZVertical,0.0613213363122151,0.0029028648064404,0.1400108982641869,0.9882450122229904,0.9716444611549376,-0.234014481306076,0.0338244698941707,48.40087890625,-23.77796936035156,8.63385009765625,-1,2,992
2025-11-20T22:17:52.638+01:00,2862,630434.9028324167,0.2859114057931671,-0.0091049971831013,0.1183665830024324,-0.1260566711425781,0.0506587177515029,0.0795838385820388,0.1478828191757202,-0.0134835094213485,0.0006194077432155,XArbitraryCorrectedZVertical,0.0591922324519176,0.0039286381578969,0.1419518491785185,0.988094366961744,0.9706626534461976,-0.2377829104661942,0.0356811806559562,48.26513671875,-23.81306457519531,8.504226684570312,-1,2,993
2025-11-20T22:17:52.673+01:00,2863,630434.9377494167,0.2837123669690285,-0.0083736658081645,0.1140577845073138,-0.0947351157665252,-0.1200632378458977,-0.1551640033721924,0.5228948593139648,-0.1922942698001862,0.0434485673904418,XArbitraryCorrectedZVertical,0.0570159337357735,0.0039203279708668,0.1409135679622416,0.988370999588305,0.9711541533470154,-0.2358520776033401,0.0351188816130161,48.560302734375,-23.58871459960938,8.372726440429688,-1,2,994
2025-11-20T22:17:52.707+01:00,2864,630434.9726654167,0.2808287932031553,-0.0148584789300297,0.1092816821512338,-0.1689718514680862,-0.2110911160707474,-0.0207666456699371,0.2710617780685425,0.0178028792142868,0.0967521667480468,XArbitraryCorrectedZVertical,0.0551128449333844,0.0002980824152026,0.139338970960202,0.9887098670784096,0.972025990486145,-0.2332722097635269,0.0273780431598424,48.70404052734375,-23.13333129882812,8.005706787109375,-1,2,995
2025-11-20T22:17:52.743+01:00,2865,630435.0075824168,0.2810617585655233,-0.0185653517414382,0.1030101996788058,-0.1551402658224106,0.033440887928009,0.0200181230902671,-0.0356680750846862,0.1312007009983063,0.0947910547256469,XArbitraryCorrectedZVertical,0.0522710793337207,-0.0019680886980266,0.1394038298619413,0.988853114895606,0.9720389246940612,-0.2337550073862076,0.0223354399204254,48.7037353515625,-22.72958374023438,7.071395874023438,-1,2,996
2025-11-20T22:17:52.777+01:00,2866,630435.0424984167,0.2818145698068929,-0.0149353363113009,0.0991567861066388,-0.1078214645385742,0.1146811917424202,0.0346374362707138,0.0690413117408752,0.0644552707672119,0.1215837001800537,XArbitraryCorrectedZVertical,0.0501130155965543,-0.0004246868724553,0.1398985685198993,0.9888968455606424,0.9717606902122498,-0.234636515378952,0.0250379219651222,48.916259765625,-22.54728698730469,7.263397216796875,-1,2,997
2025-11-20T22:17:52.812+01:00,2867,630435.0774154167,0.2829859462375436,-0.0133851501522507,0.0931936264499143,-0.2180568724870682,-0.0376130454242229,0.046420183032751,0.0187486410140991,0.056908443570137,0.1489249467849731,XArbitraryCorrectedZVertical,0.0470561888698844,-4.983293044744702e-05,0.1405564739315105,0.9889538162032636,0.971424639225006,-0.2360008060932159,0.0252541247755289,48.7867431640625,-22.33787536621094,6.987472534179688,-1,2,998
2025-11-20T22:17:52.851+01:00,2868,630435.1123314167,0.2858146157486794,-0.0174949453568483,0.0844178683334209,-0.2757889330387115,-0.1808767467737198,0.1131629049777985,-0.0870661735534668,0.0830880105495452,0.098166823387146,XArbitraryCorrectedZVertical,0.0430093602508338,-0.0026410400413935,0.1419237441070924,0.9889392745480508,0.9708094596862792,-0.2390633374452591,0.0194326546043157,48.62554931640625,-22.50550842285156,5.82073974609375,-1,2,999
2025-11-20T22:17:52.882+01:00,2869,630435.1472484167,0.2894617459275645,-0.0256535932263043,0.0745901342592303,-0.2684702575206757,-0.2456962168216705,0.103321798145771,-0.178751528263092,0.0555896610021591,0.0184149742126464,XArbitraryCorrectedZVertical,0.0387421672508517,-0.0073062819017054,0.1436407117410256,0.9888443517604656,0.9699961543083192,-0.2429370731115341,0.0094475829973816,48.50836181640625,-22.33253479003906,4.906204223632812,-1,2,1000
2025-11-20T22:17:52.917+01:00,2870,630435.1821654167,0.2924113539073691,-0.034539942964719,0.0661955363940225,-0.2036956399679184,-0.2567073404788971,0.0639540553092956,-0.1736128330230713,0.0247095823287963,-0.0208223462104797,XArbitraryCorrectedZVertical,0.0352482652082214,-0.0122552506568849,0.1450184760975481,0.9887249624974062,0.969251811504364,-0.2460687905550003,-0.000997785013169,48.48095703125,-22.02655029296875,4.755096435546875,-1,2,1001
2025-11-20T22:17:52.952+01:00,2871,630435.2170814167,0.2930211888554767,-0.0421391238980347,0.0558381887789174,-0.0910939946770668,-0.2381637543439865,-0.0016870060935616,-0.1956132054328918,0.0110503584146499,-0.0573347806930542,XArbitraryCorrectedZVertical,0.0306847229804627,-0.0167597779574651,0.1453159056977314,0.988767303216916,0.9689590334892272,-0.2469817101955414,-0.0108720548450946,48.2489013671875,-21.67323303222656,3.916748046875,-1,2,1002
2025-11-20T22:17:52.987+01:00,2872,630435.2519974167,0.2927714002218178,-0.0473930285856617,0.0492679988521866,0.0306497812271118,-0.1371350735425949,0.0034608538262546,-0.2159587144851685,0.0128007531166076,-0.0431767702102661,XArbitraryCorrectedZVertical,0.0278163098946204,-0.019841939964991,0.145200872958382,0.9888120283662548,0.9688730239868164,-0.2469315528869629,-0.0175990313291549,47.96075439453125,-21.61381530761719,3.195846557617188,-1,2,1003
2025-11-20T22:17:53.022+01:00,2873,630435.2869144167,0.2942272828016602,-0.0487082916139391,0.0450719486372708,0.0847041457891464,-0.0342620462179184,0.0935145244002342,-0.1691694259643555,0.0091378986835479,0.0045837759971618,XArbitraryCorrectedZVertical,0.0258527075190653,-0.0207804365701931,0.1459600668883514,0.9887343039126508,0.968440055847168,-0.2484567165374756,-0.019827326759696,47.70111083984375,-21.3292236328125,3.343765258789062,-1,2,1004
2025-11-20T22:17:53.057+01:00,2874,630435.3218304167,0.2986728546602526,-0.0481446232321458,0.0438063685205741,0.0970919877290725,0.0014198597054928,0.1505344063043594,-0.0988128185272216,-0.0380739867687225,0.0293785948306322,XArbitraryCorrectedZVertical,0.0252317177619427,-0.0205387849770383,0.1481818986343293,0.9884248056518044,0.9673277139663696,-0.2527889907360077,-0.0193536430597305,47.4984130859375,-21.16900634765625,3.162872314453125,-1,2,1005
2025-11-20T22:17:53.092+01:00,2875,630435.3567470417,0.3044408701382248,-0.047477781087696,0.041576552661994,0.0738401487469673,-0.028641128912568,0.1650341600179672,-0.0112111568450927,-0.1023450493812561,0.0464969277381897,XArbitraryCorrectedZVertical,0.0241391200431553,-0.0203060419077183,0.1510700907962936,0.988019582510328,0.9658466577529908,-0.258418470621109,-0.018970089033246,47.02691650390625,-21.03178405761719,3.382003784179688,-1,2,1006
2025-11-20T22:17:53.127+01:00,2876,630435.3916630417,0.3082228892714177,-0.0484991702585951,0.0406062477625123,0.0826057270169258,-0.0663067251443862,0.0487827397882938,0.093025803565979,-0.142968088388443,0.0329046845436096,XArbitraryCorrectedZVertical,0.0237764515769896,-0.0208394572426534,0.1529389468946152,0.987729787321918,0.9648354649543762,-0.2620916962623596,-0.0200110003352165,46.86749267578125,-21.09403991699219,3.325851440429688,-1,2,1007
2025-11-20T22:17:53.162+01:00,2877,630435.4265800416,0.3094669126366312,-0.0498049934719076,0.0420241372265481,0.146493211388588,-0.032413013279438,0.031263131648302,0.1314146518707275,-0.0875472724437713,-0.0068159103393554,XArbitraryCorrectedZVertical,0.0245897126803124,-0.0213599340254447,0.1535180363079315,0.987608922141896,0.9645020961761476,-0.2632522583007812,-0.0208330750465393,46.5654296875,-20.61174011230469,2.959747314453125,-1,2,1008
2025-11-20T22:17:53.196+01:00,2878,630435.4614960417,0.3093131829513648,-0.0475689624993264,0.048041607535596,0.2415449619293213,0.1868885010480881,-0.1122296825051308,0.2430256009101868,-0.1130713224411011,-0.0391249656677246,XArbitraryCorrectedZVertical,0.0273874870143741,-0.0197928252396648,0.1533884093003897,0.9875880474973232,0.9646616578102112,-0.2629356682300568,-0.0171036757528781,46.166015625,-20.40155029296875,3.285614013671875,-1,2,1009
2025-11-20T22:17:53.231+01:00,2879,630435.4964130417,0.3065228474860733,-0.0447333441839628,0.0615468328289844,0.3853610754013062,0.0207514576613903,-0.0186086297035217,0.2473312616348267,-0.0105191767215728,1.984741538763046e-05,XArbitraryCorrectedZVertical,0.0338129374595509,-0.0173961722756255,0.1518716073986578,0.9876685937620072,0.9655899405479432,-0.2598360478878021,-0.0110214734449982,45.7398681640625,-19.68939208984375,3.606887817382812,-1,2,1010
2025-11-20T22:17:53.266+01:00,2880,630435.5313290417,0.3048786929650842,-0.047260179307877,0.0722809536802585,0.1680983155965805,-0.1645973175764084,-0.099343255162239,0.0176973938941955,0.0949594676494598,0.0160916447639465,XArbitraryCorrectedZVertical,0.0392891749768667,-0.0178534501472407,0.1508642799384738,0.9876120698608322,0.9661129713058472,-0.2578927874565125,-0.0108121186494827,45.38409423828125,-19.86886596679688,4.121337890625,-1,2,1011
2025-11-20T22:17:53.301+01:00,2881,630435.5662460417,0.3014129309545549,-0.0535994283868285,0.0775059793205459,0.1534004062414169,-0.2130687683820724,-0.1272874772548676,0.1305271983146667,0.041036307811737,-0.0981462001800537,XArbitraryCorrectedZVertical,0.0423105083255539,-0.020658185888971,0.148943618484267,0.9877240567473026,0.9669763445854188,-0.2543693482875824,-0.0158980395644903,45.11785888671875,-19.31362915039062,4.029006958007812,-1,2,1012
2025-11-20T22:17:53.336+01:00,2882,630435.6011620417,0.2957286013866045,-0.06159461428654,0.0818386543982924,0.0579558238387107,-0.2467254847288132,-0.2023567259311676,0.0285590291023254,0.0568833500146865,-0.0790455937385559,XArbitraryCorrectedZVertical,0.0449750673915568,-0.0244069932867935,0.1458870435556878,0.9879769507397608,0.96829754114151,-0.2487320303916931,-0.0230662636458873,44.85400390625,-18.78190612792969,3.451583862304688,-1,2,1013
2025-11-20T22:17:53.372+01:00,2883,630435.6360790418,0.2898381492760859,-0.067527527060574,0.0837082622736655,0.042543314397335,-0.0902226790785789,-0.0955282747745513,-0.0808067321777343,0.1014981716871262,-0.1104525327682495,XArbitraryCorrectedZVertical,0.0462504220149514,-0.0273351926962037,0.142805987633082,0.9882914857383064,0.9696004986763,-0.2429776042699814,-0.0289213042706251,44.85797119140625,-18.23271179199219,3.616989135742188,-1,2,1014
2025-11-20T22:17:53.412+01:00,2884,630435.6709950417,0.2887292996779446,-0.0661494783069678,0.08518035358768,0.0434309244155883,0.1476494818925858,-0.0240659695118665,-0.2076293230056763,0.1101691275835037,-0.0791536569595336,XArbitraryCorrectedZVertical,0.0468644236110618,-0.0265730583343424,0.1422613238872073,0.9883618921550056,0.9699277281761168,-0.2418524026870728,-0.0273374561220407,44.62115478515625,-17.91984558105469,3.498672485351562,-1,2,1015
2025-11-20T22:17:53.441+01:00,2885,630435.7059120417,0.2883829896161032,-0.0588756985111404,0.0876549653061819,0.0988093167543411,0.2458514422178268,0.0179910380393266,-0.1634867191314697,0.0613418072462081,-0.0422015786170959,XArbitraryCorrectedZVertical,0.0475653099245757,-0.022807245817348,0.1422159746639338,0.9884290676611904,0.9702188372612,-0.2414259910583496,-0.0197186134755611,44.19207763671875,-17.70503234863281,3.837051391601562,-1,2,1016
2025-11-20T22:17:53.476+01:00,2886,630435.7408280417,0.2903311154752821,-0.0506883733169213,0.0915549478148037,0.1279472410678864,0.229169100522995,0.0518292821943759,-0.1798737645149231,0.0311381667852401,-0.0117315649986267,XArbitraryCorrectedZVertical,0.0489275860083083,-0.0184311032799656,0.1433108292521031,0.9882957215235728,0.9699280858039856,-0.2431589961051941,-0.0106378709897398,44.105224609375,-17.5120849609375,4.668991088867188,-1,2,1017
2025-11-20T22:17:53.511+01:00,2887,630435.7757450417,0.2919994300549855,-0.0435781177480911,0.0967811483500475,0.1690452247858047,0.1775152385234833,0.0336268655955791,-0.1623491048812866,-0.0077711641788482,-0.004125952720642,XArbitraryCorrectedZVertical,0.0510116427307901,-0.0144947860619497,0.1442340974421979,0.9881216675774426,0.9696307182312012,-0.244563415646553,-0.0022980363573879,43.736083984375,-17.64710998535156,5.049636840820312,-1,2,1018
2025-11-20T22:17:53.545+01:00,2888,630435.8106610418,0.2920762222364171,-0.0392514091350496,0.1021976666262949,0.124029740691185,0.0525951534509658,-0.0609451234340667,-0.1399375200271606,-0.0454384684562683,0.0158448219299316,XArbitraryCorrectedZVertical,0.0533751855004147,-0.0119589944193209,0.144309950950063,0.9880196579780446,0.9696648120880128,-0.2444174885749817,0.0032286238856613,43.52374267578125,-17.5615234375,5.443038940429688,-1,2,1019
2025-11-20T22:17:53.581+01:00,2889,630435.8455780417,0.2890800413842641,-0.038819691479641,0.1049026380882204,0.0224123690277338,-0.0133276227861642,-0.094586007297039,-0.0831910371780395,-0.0409314334392547,-0.0105822086334228,XArbitraryCorrectedZVertical,0.0546625240637798,-0.0116297671118304,0.1428051520018971,0.9881717484302094,0.9704132080078124,-0.2414171248674393,0.0039751441217958,43.3292236328125,-17.64582824707031,6.1026611328125,-1,2,1020
2025-11-20T22:17:53.615+01:00,2890,630435.8804940417,0.2866155849201423,-0.0385088261069648,0.1038238103695696,-0.0928046032786369,0.0239089094102382,-0.0212065111845731,-0.0274948477745056,-0.02347332239151,-0.0319443941116333,XArbitraryCorrectedZVertical,0.0540931556203484,-0.0116209487531653,0.1416101491751902,0.988375258470177,0.9709916710853576,-0.2390846610069275,0.0037461724132299,43.04852294921875,-17.32563781738281,6.274337768554688,-1,2,1021
2025-11-20T22:17:53.651+01:00,2891,630435.9154110417,0.288116075772734,-0.0366994313629303,0.0990510691239565,-0.173325851559639,0.0860907882452011,0.1246856972575188,0.0828232765197753,-0.0347251892089843,-0.0581083297729492,XArbitraryCorrectedZVertical,0.0516151555345046,-0.0110305602473046,0.1424611681931681,0.988392203864668,0.9705825448036194,-0.2407264858484268,0.0045194099657237,42.82061767578125,-17.51437377929688,6.42694091796875,-1,2,1022
2025-11-20T22:17:53.691+01:00,2892,630435.9503270417,0.2940616252447475,-0.0338937282588344,0.0917456974203205,-0.2158297598361969,0.0758394747972488,0.2132618725299835,0.1298931241035461,-0.0361474752426147,-0.0584597587585449,XArbitraryCorrectedZVertical,0.0478354858556191,-0.0100284521083582,0.145557793458551,0.9881417582740926,0.9690600633621216,-0.2467504143714905,0.0060609797947108,42.32403564453125,-17.44624328613281,6.841567993164062,-1,2,1023
2025-11-20T22:17:53.720+01:00,2893,630435.9852440417,0.3015619650052411,-0.0311621749610127,0.0827543574112894,-0.2866946458816528,0.1629869043827057,0.1628168672323227,0.1784295439720154,-0.0655338764190673,-0.0246798992156982,XArbitraryCorrectedZVertical,0.0432294211803052,-0.0091777472459827,0.1494263333875408,0.9877847937477228,0.9670934677124025,-0.2543208301067352,0.0071474919095635,42.05694580078125,-17.83746337890625,6.914581298828125,-1,2,1024
2025-11-20T22:17:53.755+01:00,2894,630436.0201600417,0.3027580661266212,-0.0280431296228462,0.0736237552088558,-0.2487936466932297,-0.0476731471717357,0.0188417714089155,0.5102323293685913,-0.2175091803073883,0.0092465877532958,XArbitraryCorrectedZVertical,0.0384920747086057,-0.0083018820192392,0.150174429013859,0.9878750650445584,0.966696321964264,-0.2558031678199768,0.0079347752034664,41.70159912109375,-18.00178527832031,7.051910400390625,-1,2,1025
2025-11-20T22:17:53.790+01:00,2895,630436.0550770417,0.3052391512321569,-0.031618456027145,0.0652341136351283,-0.2137085944414139,-0.0722252950072288,0.1100595369935036,-0.0019022226333618,0.1062117218971252,0.0732663869857788,XArbitraryCorrectedZVertical,0.0346302407867849,-0.0106593035720633,0.1514183741013527,0.9878055071848988,0.9660136103630066,-0.2584791779518127,0.002508727600798,41.41168212890625,-17.79649353027344,7.114608764648438,-1,2,1026
2025-11-20T22:17:53.825+01:00,2896,630436.0899930417,0.3054130896896973,-0.0297812408989696,0.0601987977324929,-0.0737216025590896,0.1622018069028854,-0.0834139287471771,-0.0883296728134155,0.088109940290451,0.0737429857254028,XArbitraryCorrectedZVertical,0.0320053019153668,-0.0101327952002248,0.1515850828980891,0.9878739257825102,0.9659234881401062,-0.2588099241256714,0.0029934083577245,41.28265380859375,-17.71856689453125,7.156585693359375,-1,2,1027
2025-11-20T22:17:53.860+01:00,2897,630436.1249100417,0.3005486596545128,-0.0243127328500377,0.0578991545937272,-0.1274824887514114,0.0875965431332588,-0.1637306660413742,0.1269597411155701,-0.040837675333023,0.1423869132995605,XArbitraryCorrectedZVertical,0.0304363205522349,-0.007680934903845,0.1492876979013016,0.9882953616535958,0.9671257734298706,-0.2541909217834473,0.0073780352249741,40.95257568359375,-17.49945068359375,7.47528076171875,-1,2,1028
2025-11-20T22:17:53.895+01:00,2898,630436.1598260417,0.2942910862959838,-0.0238507220909159,0.0509339555354291,-0.2594329714775085,-0.0607289634644985,-0.1570935994386673,0.0514432787895202,-0.0078107267618179,0.1270886659622192,XArbitraryCorrectedZVertical,0.0269350856337427,-0.0080592112453033,0.1462567684070151,0.9888471264057008,0.968652606010437,-0.2483538240194321,0.005708547309041,40.72296142578125,-17.17030334472656,7.429428100585938,-1,2,1029
2025-11-20T22:17:53.931+01:00,2899,630436.1947430416,0.2901389267957588,-0.026490206656705,0.0413713892346336,-0.2755257785320282,-0.0870509073138237,-0.0914362370967865,-0.1178632974624634,0.0759130269289016,0.0663268566131591,XArbitraryCorrectedZVertical,0.0223794146728667,-0.0101129151771841,0.1442464709091459,0.9892370671787007,0.9696242213249208,-0.2445989549160004,0.0005829114816151,40.285888671875,-16.9464111328125,7.385726928710938,-1,2,1030
2025-11-20T22:17:53.967+01:00,2900,630436.2296590417,0.2861706787479365,-0.029045554795609,0.0328070377539975,-0.2119393646717072,-0.0685964450240135,-0.1139231249690056,-0.1783334612846375,0.0805836915969848,0.0245755314826965,XArbitraryCorrectedZVertical,0.0183040086111541,-0.0120331754960606,0.1423276059845875,0.9895771990864272,0.9705239534378052,-0.2409687787294388,-0.0041440553031861,40.28533935546875,-16.49722290039062,6.784713745117188,-1,2,1031
2025-11-20T22:17:54.000+01:00,2901,630436.2645760417,0.2826104570541169,-0.0317684157710222,0.0267324326989809,-0.1407533437013626,-0.1031158491969109,-0.075515978038311,-0.1566924452781677,0.0641176700592041,0.0048903822898864,XArbitraryCorrectedZVertical,0.0154676967175594,-0.0138416800820885,0.1405949194525433,0.9898496598856504,0.9713134169578552,-0.2376558482646942,-0.008369468152523,40.053955078125,-16.39041137695312,6.794174194335938,-1,2,1032
2025-11-20T22:17:54.034+01:00,2902,630436.2994920417,0.2812068415955019,-0.0357623131967928,0.0236724910235616,-0.0261172112077474,-0.1107098683714867,0.009151728823781,-0.19400554895401,0.0664693266153335,-0.0069844722747802,XArbitraryCorrectedZVertical,0.0142228606796365,-0.016044080046971,0.1398988457288873,0.9899336469571188,0.9715781211853028,-0.2363606542348862,-0.0130198439583182,39.7171630859375,-16.25375366210938,6.940765380859375,-1,2,1033
2025-11-20T22:17:54.069+01:00,2903,630436.3344090417,0.2831679025608944,-0.0386703294690069,0.0250446448849783,0.1081062778830528,-0.0548847131431102,0.0955467000603675,-0.2324982285499573,0.0591422021389007,0.0053234696388244,XArbitraryCorrectedZVertical,0.0151224070971247,-0.0173723321885774,0.140834274367877,0.9897652611589726,0.9710846543312072,-0.2382345795631409,-0.0154553698375821,39.26824951171875,-16.29458618164062,6.782333374023438,-1,2,1034
2025-11-20T22:17:54.104+01:00,2904,630436.369325625,0.289693991734867,-0.0404130126792777,0.0308267942546915,0.2347389310598373,-0.0461939871311187,0.2687633335590363,-0.1587973833084106,0.0552069991827011,0.0259956121444702,XArbitraryCorrectedZVertical,0.0181643524252636,-0.0177669242478372,0.1439862573906053,0.9892534865933554,0.9695425629615784,-0.2444312274456024,-0.0155128082260489,39.1318359375,-16.65229797363281,6.856399536132812,-1,2,1035
2025-11-20T22:17:54.139+01:00,2905,630436.404241625,0.2991730656142109,-0.0427673020135356,0.0397656485944513,0.2704783976078033,-0.0682580024003982,0.204872265458107,-0.0900661349296569,-0.0463022589683532,0.0498767495155334,XArbitraryCorrectedZVertical,0.0228409162962111,-0.0181768139312773,0.148545414749048,0.9884746584620302,0.9672480821609496,-0.2533802688121796,-0.0151478042826056,38.74285888671875,-17.14463806152344,7.208511352539062,-1,2,1036
2025-11-20T22:17:54.174+01:00,2906,630436.4391586251,0.3038466138123164,-0.0448460877735896,0.0471189121983172,0.1584602147340775,-0.0380255132913589,0.0421124547719955,-0.0293272733688354,-0.0891858339309692,0.0671861767768859,XArbitraryCorrectedZVertical,0.0266723543296531,-0.0185925120633003,0.1507374360666214,0.9880390230047382,0.9661100506782532,-0.2576921880245209,-0.015031648799777,38.6104736328125,-17.40457153320312,7.083221435546875,-1,2,1037
2025-11-20T22:17:54.212+01:00,2907,630436.4740746251,0.3031542494965701,-0.0465246345921247,0.0509812536517239,0.0687395930290222,-0.0689123719930648,-0.0605445876717567,0.1717393398284912,-0.1271657943725586,0.0561069250106811,XArbitraryCorrectedZVertical,0.0286999013962418,-0.0191384925665004,0.1503214143660118,0.9880351530132444,0.9663068652153016,-0.2569130957126617,-0.0157016701996326,38.27276611328125,-17.49586486816406,7.381866455078125,-1,2,1038
2025-11-20T22:17:54.244+01:00,2908,630436.508991625,0.3032577580305352,-0.0489882064860842,0.0526480545795209,0.0377447679638862,-0.0450716763734817,0.0734520927071571,0.1667205095291138,-0.0768984854221344,0.02593326382339,XArbitraryCorrectedZVertical,0.0297093285833786,-0.020227703042925,0.1503136386942044,0.9879848896244476,0.9662599563598632,-0.2569638192653656,-0.0176477767527103,38.209228515625,-17.63037109375,6.995986938476562,-1,2,1039
2025-11-20T22:17:54.279+01:00,2909,630436.543907625,0.3057064465438884,-0.047554250966086,0.0543789608324672,0.1591271907091141,0.0747777447104454,-0.0117358276620507,0.4620572924613953,-0.2106974720954895,-0.0575367771089077,XArbitraryCorrectedZVertical,0.0304801610802043,-0.0193508466124527,0.151520604152443,0.9877944569250228,0.9656769037246704,-0.2592731118202209,-0.0156596470624208,37.94122314453125,-18.000732421875,7.4893798828125,-1,2,1040
2025-11-20T22:17:54.314+01:00,2910,630436.578824625,0.3067850084018393,-0.0490704371454736,0.0611235492576029,0.1809188425540924,-0.1205371916294098,0.0233948603272438,0.2959842085838318,-0.0649252831935882,-0.0045667309314012,XArbitraryCorrectedZVertical,0.0339357879108412,-0.0195659285326458,0.1519335031235103,0.9876142580609398,0.9654600024223328,-0.2601021826267242,-0.0153002673760056,37.62481689453125,-17.85188293457031,7.441513061523438,-1,2,1041
2025-11-20T22:17:54.349+01:00,2911,630436.6137406251,0.3058300228223601,-0.0546594424482935,0.063818755560974,-0.0052540977485477,-0.1587967276573181,-0.1204375252127647,-0.0724396109580993,0.1208503544330597,-0.0273862481117248,XArbitraryCorrectedZVertical,0.0356801288021342,-0.0221359174684549,0.1513237348180068,0.9875920523501428,0.9656432867050172,-0.2590949535369873,-0.020068584010005,37.56781005859375,-19.04103088378906,7.069976806640625,-1,2,1042
2025-11-20T22:17:54.383+01:00,2912,630436.6486576251,0.300976777032042,-0.0589057262216564,0.064077343398999,-0.0006851679645478,-0.116945669054985,-0.1578202396631241,0.0684605836868286,0.0830215513706207,-0.0869138836860656,XArbitraryCorrectedZVertical,0.0360701120443317,-0.0243004677188283,0.1488464143439991,0.9879034757195212,0.9667872190475464,-0.254408210515976,-0.0244752764701843,37.5665283203125,-18.78305053710938,6.915557861328125,-1,2,1043
2025-11-20T22:17:54.419+01:00,2913,630436.683573625,0.2945308402040629,-0.0627451928087058,0.0635898759867858,-0.0548533797264099,-0.1101519614458084,-0.2201811671257019,-0.0054047107696533,0.0747849494218826,-0.095489501953125,XArbitraryCorrectedZVertical,0.0360303556193804,-0.0263499409054336,0.1456010139297916,0.9883358566469772,0.9682799577713012,-0.2482010275125504,-0.0288086514919996,37.54443359375,-18.81098937988281,6.929855346679688,-1,2,1044
2025-11-20T22:17:54.453+01:00,2914,630436.718490625,0.2865818447715988,-0.0641987054515495,0.0632256947293872,0.0048141414299607,0.01286824606359,-0.1774035543203354,-0.0828825831413269,0.1001281142234802,-0.1030701398849487,XArbitraryCorrectedZVertical,0.0358482782182037,-0.0272377810493592,0.1416521878627657,0.9888921481140064,0.970150589942932,-0.2405241727828979,-0.0309172887355089,37.6553955078125,-18.49937438964844,6.879196166992188,-1,2,1045
2025-11-20T22:17:54.492+01:00,2915,630436.753406625,0.2823574992548327,-0.060907150669152,0.0648409643464286,0.0818087682127952,0.1411487609148026,-0.0833344385027885,-0.1417224407196045,0.1064986288547516,-0.0608382262289524,XArbitraryCorrectedZVertical,0.036359633929843,-0.0255711044420916,0.1395938954574708,0.9892107069098756,0.9712666273117064,-0.2363814264535904,-0.0276628080755472,37.63153076171875,-18.437744140625,7.14129638671875,-1,2,1046
2025-11-20T22:17:54.523+01:00,2916,630436.788323625,0.2814668031051092,-0.0550448945782539,0.0692499534607981,0.1500401645898819,0.1744952499866486,0.0216880850493907,-0.1206640005111694,0.0621594935655593,-0.0395928025245666,XArbitraryCorrectedZVertical,0.0381205770198879,-0.0223765603849991,0.1391889055414967,0.98927878135994,0.97167706489563,-0.2353772073984146,-0.0209998786449432,37.49847412109375,-18.39274597167969,7.541854858398438,-1,2,1047
2025-11-20T22:17:54.558+01:00,2917,630436.8232396251,0.2826655654796444,-0.0494169285135305,0.0740129599948944,0.1165615618228912,0.1526507437229156,0.0251155328005552,-0.1679814457893372,0.0064003765583038,-0.0061201471835374,XArbitraryCorrectedZVertical,0.0400957132521297,-0.0192328101258796,0.1398183571718784,0.9891781324450152,0.9715551137924194,-0.2363808453083038,-0.0143114179372787,37.42352294921875,-18.45404052734375,7.862060546875,-1,2,1048
2025-11-20T22:17:54.593+01:00,2918,630436.8581566251,0.2843751907167109,-0.0443442500988341,0.0774352457344649,0.0876671522855758,0.1466527283191681,0.0664723515510559,-0.180324375629425,0.0030252486467361,-0.0104311695322394,XArbitraryCorrectedZVertical,0.0414472846017147,-0.0164462108729976,0.1407184632939811,0.9890449318447688,0.9712482690811156,-0.2379190027713776,-0.008428705856204,37.340576171875,-18.46693420410156,8.21099853515625,-1,2,1049
2025-11-20T22:17:54.628+01:00,2919,630436.893072625,0.2870829897313353,-0.0395189786616644,0.0797670808991742,0.049240943044424,0.1398283839225769,0.0782004594802856,-0.1890391707420349,-0.0112064331769943,-0.0074232220649719,XArbitraryCorrectedZVertical,0.042279339513749,-0.0138367734832032,0.1421277002527136,0.9888481726089816,0.97065532207489,-0.2404567152261734,-0.0029527524020522,37.155029296875,-18.59130859375,8.521377563476562,-1,2,1050
2025-11-20T22:17:54.663+01:00,2920,630436.927989625,0.2894456136414569,-0.0354330447365806,0.0804471261264179,-0.0196723826229572,0.1031545251607895,0.0453271903097629,-0.1507298946380615,-0.0449118465185165,-0.0153734683990478,XArbitraryCorrectedZVertical,0.042338928687986,-0.0117177225483859,0.1433739265227071,0.988693106195812,0.9700962901115416,-0.2427162826061249,0.0013811371754854,37.05517578125,-18.79898071289062,8.9776611328125,-1,2,1051
2025-11-20T22:17:54.698+01:00,2921,630436.962905625,0.2896939268622032,-0.0327205131852477,0.0777821352193224,-0.1244175210595131,0.0794646143913269,0.0004469663836061,-0.0476444363594055,-0.0418003350496292,-0.0394889116287231,XArbitraryCorrectedZVertical,0.0408285178030779,-0.0105645595294622,0.143583137332531,0.9887392120106172,0.9700075387954712,-0.243050679564476,0.0033865075092762,36.969482421875,-18.97334289550781,9.1478271484375,-1,2,1052
2025-11-20T22:17:54.733+01:00,2922,630436.9978216251,0.2899619263976326,-0.0288212121636055,0.0728058295906745,-0.1537285000085831,0.1353513151407242,0.0188440941274166,0.0547252893447876,-0.0578947663307189,-0.0573108196258544,XArbitraryCorrectedZVertical,0.0380898051872556,-0.0089919267948128,0.1438439329290099,0.9888262006105064,0.96988707780838,-0.2434815168380737,0.0059802797622978,37.113037109375,-18.79679870605469,9.295730590820312,-1,2,1053
2025-11-20T22:17:54.771+01:00,2923,630437.0327386251,0.2909395154280729,-0.0239548972447034,0.0671196742710066,-0.1688544899225235,0.1188530325889587,0.0579840280115604,0.13386470079422,-0.0519997477531433,-0.0304265022277832,XArbitraryCorrectedZVertical,0.0349319601821699,-0.0069805062216818,0.1444675958405658,0.9888681154585076,0.9695746302604676,-0.244615837931633,0.0093846172094345,37.1766357421875,-19.18063354492188,9.801300048828123,-1,2,1054
2025-11-20T22:17:54.802+01:00,2924,630437.067654625,0.2935360891527756,-0.0207101776783031,0.0592202890621993,-0.2862491011619568,0.1064653545618057,0.0384782925248146,0.2102785706520081,-0.0935503095388412,-0.0018486976623535,XArbitraryCorrectedZVertical,0.0307996067842634,-0.0059097140344357,0.1458664805733093,0.9888070853161788,0.9688595533370972,-0.2473767846822739,0.0107598342001438,36.98736572265625,-19.51824951171875,9.731674194335938,-1,2,1055
2025-11-20T22:17:54.838+01:00,2925,630437.102571625,0.2911692594551106,-0.0201002550218424,0.048696369404211,-0.3049474656581879,-0.1366942822933197,-0.0794309601187706,0.5240697264671326,-0.2091314047574997,0.0075361719354987,XArbitraryCorrectedZVertical,0.025544539167955,-0.0064090094377554,0.1447784897468208,0.9891135411747816,0.9693841934204102,-0.2453973591327667,0.008622876368463,36.904052734375,-19.55253601074219,10.07839965820312,-1,2,1056
2025-11-20T22:17:54.872+01:00,2926,630437.137487625,0.2924034640404706,-0.0254938563721941,0.0369444381180363,-0.3394224941730499,-0.0663684457540512,0.1261507272720337,0.0240331292152404,0.1339601427316666,0.0348389148712158,XArbitraryCorrectedZVertical,0.0201292488206258,-0.0099177572886465,0.1454118246886198,0.9891167132733646,0.9690393209457396,-0.246905654668808,0.0005614140536636,36.90228271484375,-19.70671081542969,9.6685791015625,-1,2,1057
2025-11-20T22:17:54.907+01:00,2927,630437.172404625,0.2937020961841631,-0.0205789493699952,0.0281441657320296,-0.1302252858877182,0.3122248351573944,-0.0283699054270982,-0.0370636582374572,0.097374752163887,0.0247154235839843,XArbitraryCorrectedZVertical,0.0154248443326078,-0.008118635287194,0.1461583405701481,0.9891076458420752,0.9686585068702698,-0.2483756989240646,0.0031928357202559,36.767578125,-19.50227355957031,9.786575317382812,-1,2,1058
2025-11-20T22:17:54.942+01:00,2928,630437.2073206251,0.2935440940494715,-0.0091876971860962,0.0261393338238731,-0.0530950240790844,0.2927824854850769,0.021247886121273,0.1140170693397522,0.0358510464429855,0.1119012832641602,XArbitraryCorrectedZVertical,0.0136004118646383,-0.0026327454465844,0.1461722257400583,0.9891621678749398,0.968593955039978,-0.2482686042785645,0.0137242684140801,36.8739013671875,-19.78367614746094,10.55471801757812,-1,2,1059
2025-11-20T22:17:54.977+01:00,2929,630437.2422376251,0.2946509629361438,-0.0025383042390251,0.023556770009913,-0.0804356783628463,0.0978164821863174,0.0759236961603164,0.0299498438835144,0.0503773242235183,0.1422396898269653,XArbitraryCorrectedZVertical,0.0118368027974497,0.0004736280112364,0.1467680211452466,0.9891000503441147,0.9682038426399232,-0.2493976652622223,0.019549261778593,36.5081787109375,-19.91470336914062,10.877685546875,-1,2,1060
2025-11-20T22:17:55.012+01:00,2930,630437.277153625,0.2996272282361856,-0.0018583544385307,0.0218610625272909,-0.0158251207321882,-0.0573046952486038,0.1737699806690216,-0.0628359317779541,0.059454470872879,0.1001639366149902,XArbitraryCorrectedZVertical,0.0109465521098677,0.0007126759820447,0.149234808533553,0.9887409738012398,0.9669344425201416,-0.2542481422424316,0.0198922101408243,36.3538818359375,-20.19158935546875,11.18998718261719,-1,2,1061
2025-11-20T22:17:55.052+01:00,2931,630437.312070625,0.3043301757295851,-0.005884199104651,0.0223319903328914,0.0405833162367343,-0.1518420726060867,0.0853196382522583,-0.1768134236335754,0.0212781727313995,0.0462876558303833,XArbitraryCorrectedZVertical,0.0114826279616456,-0.0012154358322123,0.1515359783515422,0.9883843116789888,0.9657996296882628,-0.2587811946868896,0.0162275973707437,36.05731201171875,-20.14083862304688,11.26278686523438,-1,2,1062
2025-11-20T22:17:55.082+01:00,2932,630437.346986625,0.3060490333314226,-0.0113838010918963,0.0233062914169426,-0.004341690801084,-0.1477442383766174,0.0254833158105611,-0.2022013068199158,-0.0089598596096038,0.0381046533584594,XArbitraryCorrectedZVertical,0.0123840675550434,-0.0038487792533669,0.1523496243390694,0.9882416088742326,0.9654306769371032,-0.2604187726974487,0.0112117640674114,36.06842041015625,-20.739990234375,11.30404663085938,-1,2,1063
2025-11-20T22:17:55.117+01:00,2933,630437.3819031251,0.3070131753026533,-0.0152494635687063,0.0222995566090746,-0.0338110662996769,-0.0738695189356803,0.0390362814068794,-0.2026684880256653,0.0178715288639068,0.0095883607864379,XArbitraryCorrectedZVertical,0.0121838903397684,-0.0058297655049154,0.1528064548918524,0.9881638553829596,0.9652111530303956,-0.2613712549209595,0.0072420821525156,35.96722412109375,-20.70509338378906,11.10577392578125,-1,2,1064
2025-11-20T22:17:55.152+01:00,2934,630437.4168191251,0.3082866928114022,-0.0169432772120896,0.0216578708797146,0.0085214776918292,-0.014760922640562,0.0212399773299694,-0.2271841764450073,0.0434212386608123,0.0107024908065795,XArbitraryCorrectedZVertical,0.0120005371076015,-0.006708088853877,0.1534284900877251,0.988064177582974,0.9648855924606324,-0.2626137435436249,0.0054718353785574,36.17901611328125,-21.07177734375,11.25614929199219,-1,2,1065
2025-11-20T22:17:55.187+01:00,2935,630437.451735125,0.3080206157122418,-0.0161269522438573,0.0230717099626896,0.0730249732732772,0.0412354655563831,-0.0380748584866523,-0.1607878804206848,0.0199249386787414,0.0352466106414794,XArbitraryCorrectedZVertical,0.0126355508364548,-0.0061978903136544,0.1532950908166302,0.9880802110468968,0.9649564623832704,-0.2623260021209717,0.0066234939731657,36.065185546875,-21.185546875,11.58970642089844,-1,2,1066
2025-11-20T22:17:55.221+01:00,2936,630437.486652125,0.3065287693413326,-0.0161160708262613,0.0264424506071574,0.1123993694782257,-0.055002886801958,-0.0467715784907341,-0.0457901358604431,-0.0140305161476135,0.0653412342071533,XArbitraryCorrectedZVertical,0.0142955012714088,-0.0059445020718714,0.152541481993541,0.988175757149416,0.9653608798980712,-0.2608107328414917,0.007473599165678,36.20184326171875,-21.30084228515625,11.48403930664062,-1,2,1067
2025-11-20T22:17:55.257+01:00,2937,630437.521568125,0.3044078190493062,-0.0199670451748693,0.0308098331252347,0.1298574954271317,-0.1570616364479065,-0.0981280356645584,0.0311142206192016,-0.0560361146926879,0.0815746784210205,XArbitraryCorrectedZVertical,0.0167389312418439,-0.0075313342706336,0.1514393807062758,0.9882960782666914,0.9659559726715088,-0.2586610913276672,0.0048205056227743,36.2266845703125,-21.47169494628906,11.74458312988281,-1,2,1068
2025-11-20T22:17:55.291+01:00,2938,630437.556485125,0.3006193925275031,-0.0264421933184374,0.0356061431878565,0.1376029700040817,-0.2119058817625046,-0.0958366319537162,0.1433190703392029,-0.0819683969020843,0.0661461353302002,XArbitraryCorrectedZVertical,0.0195792814235489,-0.0104040375254938,0.1494748194293902,0.988516956406328,0.9669714570045472,-0.2548846006393433,-0.0003502462641336,36.6187744140625,-21.42488098144531,11.21942138671875,-1,2,1069
2025-11-20T22:17:55.332+01:00,2939,630437.5914011251,0.2989068957554494,-0.033946299094298,0.040236606969516,0.1282604187726974,-0.2098958045244217,-0.0230159703642129,0.1403573155403137,-0.0518361628055572,0.0301443934440612,XArbitraryCorrectedZVertical,0.0224164586276407,-0.0137848051983877,0.148508489802954,0.9885609657378868,0.967415452003479,-0.2531107068061829,-0.0065085324458777,36.81231689453125,-21.35098266601562,10.54762268066406,-1,2,1070
2025-11-20T22:17:55.361+01:00,2940,630437.626318125,0.2974646243188978,-0.0384366369095237,0.0440955190272415,0.139292985200882,-0.0433148331940174,-0.1078595221042633,0.3121916651725769,-0.125431090593338,-0.0199549794197082,XArbitraryCorrectedZVertical,0.0246455451786088,-0.0157340847068333,0.1477022084520755,0.9885995254930704,0.9677764773368835,-0.2516135275363922,-0.0099522937089204,37.02508544921875,-21.54971313476562,10.77214050292969,-1,2,1071
2025-11-20T22:17:55.396+01:00,2941,630437.661234125,0.2978440005550756,-0.0429592732392521,0.0509737089486755,0.1500164419412613,-0.158967137336731,0.148309662938118,0.2718161940574646,-0.0227035582065582,-0.0202744007110595,XArbitraryCorrectedZVertical,0.0283819128479976,-0.0174531017969069,0.1477484577286154,0.988463595403858,0.9677009582519532,-0.2517867088317871,-0.0125777851790189,37.15625,-21.66252136230469,11.00093078613281,-1,2,1072
2025-11-20T22:17:55.431+01:00,2942,630437.696151125,0.3031178650357486,-0.0513656703376774,0.0518120025616907,-0.1089272126555443,-0.2712686359882355,0.0533852949738502,-0.0343397855758667,0.0892510712146759,-0.0290412325412035,XArbitraryCorrectedZVertical,0.0294735785809724,-0.0214675761244565,0.1502213677289218,0.9879798171697968,0.9662399291992188,-0.2568536102771759,-0.0201683863997459,37.1673583984375,-22.09986877441406,10.84835815429688,-1,2,1073
2025-11-20T22:17:55.466+01:00,2943,630437.731067125,0.2998499007447493,-0.0592903292668232,0.0484204703116882,-0.0764908865094184,-0.1804276555776596,-0.2075822800397873,0.0101336240768432,0.0642071366310119,-0.1465944051742554,XArbitraryCorrectedZVertical,0.028351767896029,-0.0256855376482918,0.1485450511977002,0.9881653783953344,0.966825544834137,-0.2537975311279297,-0.0288969241082668,37.1446533203125,-22.26789855957031,10.58934020996094,-1,2,1074
2025-11-20T22:17:55.501+01:00,2944,630437.7659841251,0.289909737328392,-0.0634796395277369,0.0465621494155381,-0.0807034894824028,-0.1016615107655525,-0.3177427649497986,-0.0034049749374389,0.0891318619251251,-0.1249284148216248,XArbitraryCorrectedZVertical,0.0276059637907757,-0.0280322612408518,0.1436048939366496,0.9888527482506788,0.9691184163093568,-0.2442374229431152,-0.0340224131941795,37.7642822265625,-22.26472473144531,10.25914001464844,-1,2,1075
2025-11-20T22:17:55.536+01:00,2945,630437.8009001251,0.2799010884107997,-0.0640927347274077,0.0455264847689905,0.0097046270966529,0.0668471753597259,-0.1916843354701996,-0.0871766805648803,0.1431162059307098,-0.1225863099098206,XArbitraryCorrectedZVertical,0.0269955214027179,-0.0285459606177092,0.1386642352869178,0.9895598305739588,0.9714540243148804,-0.23456209897995,-0.0354642495512962,37.808349609375,-22.07868957519531,9.981216430664062,-1,2,1076
2025-11-20T22:17:55.572+01:00,2946,630437.835817125,0.2762488893743057,-0.0573202823779813,0.0479171322874782,0.1090578809380531,0.2894780337810516,-0.068132683634758,-0.1950960755348206,0.1429992467164993,-0.0792142152786254,XArbitraryCorrectedZVertical,0.0276627880091537,-0.0250780687146286,0.1369096668009983,0.9898795764312768,0.9725465774536132,-0.2309508472681046,-0.0285433884710073,38.02935791015625,-21.89759826660156,10.51034545898438,-1,2,1077
2025-11-20T22:17:55.611+01:00,2947,630437.870733125,0.2744937199749569,-0.0455449622850361,0.0536359490315105,0.1988453567028046,0.3635298609733582,-0.0598625615239143,-0.13564532995224,0.0522828698158264,-0.0287821311503648,XArbitraryCorrectedZVertical,0.0296699741210355,-0.01888052956408,0.1361268723145044,0.9900671059076626,0.973276674747467,-0.2290864586830139,-0.0158803835511207,38.0806884765625,-22.00328063964844,11.09037780761719,-1,2,1078
2025-11-20T22:17:55.641+01:00,2948,630437.905650125,0.2722392528531301,-0.0339348810999678,0.0609703758726049,0.1956117153167725,0.2808067798614502,-0.1055612713098526,-0.1361193060874939,0.0100068300962448,0.015381634235382,XArbitraryCorrectedZVertical,0.0324954715279183,-0.0126662813531256,0.1351047238749415,0.9902173084279564,0.9739640951156616,-0.2266815602779388,-0.0030526129994541,37.96148681640625,-21.68447875976562,11.57218933105469,-1,2,1079
2025-11-20T22:17:55.676+01:00,2949,630437.9405661251,0.2682979830018962,-0.0263752138887722,0.0671951923781584,0.1508945226669312,0.1285341829061508,-0.1137442290782928,-0.1201903820037842,-0.0245318412780761,0.0300222635269165,XArbitraryCorrectedZVertical,0.0350493356480297,-0.0085690273523515,0.1332208938696521,0.9904293893530656,0.974880874156952,-0.2226605117321014,0.005439129192382,37.7822265625,-21.856689453125,11.93910217285156,-1,2,1080
2025-11-20T22:17:55.710+01:00,2950,630437.9754821251,0.2642443153751078,-0.0238979826776959,0.0719320449506251,0.1212127357721329,0.0120916757732629,-0.1324730813503265,-0.1507561206817627,-0.0250375419855117,0.0130648612976074,XArbitraryCorrectedZVertical,0.0372154139031723,-0.0071001729061378,0.1312175945621941,0.9906293717649912,0.9757835268974304,-0.2185689806938171,0.0086026536300778,37.96337890625,-21.67495727539062,12.12989807128906,-1,2,1081
2025-11-20T22:17:55.745+01:00,2951,630438.010399125,0.2589786254491137,-0.0243505068462093,0.0765296115185148,0.1333861649036407,-0.0554567314684391,-0.1651913225650787,-0.1100661754608154,-0.0205903798341751,-0.0282455682754516,XArbitraryCorrectedZVertical,0.0395033515230648,-0.0071247097946258,0.1285617940955226,0.9908888543904906,0.9769484996795654,-0.2132963091135025,0.0087447836995124,38.29949951171875,-21.44415283203125,12.30244445800781,-1,2,1082
2025-11-20T22:17:55.780+01:00,2952,630438.045315125,0.2536830895391355,-0.0265300906332064,0.0803676226767167,0.0449369139969348,-0.0764863938093185,-0.1194344982504845,-0.0462011098861694,-0.0413157492876052,-0.0426328182220459,XArbitraryCorrectedZVertical,0.0415234068632872,-0.0080659657935349,0.1258598631743048,0.9911457704511478,0.9781009554862976,-0.2080128043889999,0.0069882199168205,38.475341796875,-21.28390502929688,12.30238342285156,-1,2,1083
2025-11-20T22:17:55.815+01:00,2953,630438.080232125,0.2512273217013106,-0.0273091791859202,0.0796121675272944,-0.0699971318244934,0.0131998201832175,-0.0156191531568765,0.051145315170288,-0.0626055598258972,-0.072133183479309,XArbitraryCorrectedZVertical,0.0411876294613937,-0.0085505855973862,0.1246335758070422,0.991310705210659,0.9786092042922974,-0.2056439071893692,0.0058642723597586,38.53607177734375,-20.95616149902344,12.30012512207031,-1,2,1084
2025-11-20T22:17:55.850+01:00,2954,630438.115148125,0.2525973280822782,-0.0262054277117031,0.0766056126199627,-0.0871409028768539,0.0435314066708087,0.0855201557278633,0.0961288809776306,-0.0397951006889343,-0.0776642560958862,XArbitraryCorrectedZVertical,0.0396343726895075,-0.0081652953909372,0.1253622313368735,0.9912853783081534,0.9783033728599548,-0.2070768028497696,0.0064361421391367,38.67340087890625,-21.16641235351562,11.81916809082031,-1,2,1085
2025-11-20T22:17:55.891+01:00,2955,630438.1500651251,0.2554305981163613,-0.0251952463068282,0.0719760227139643,-0.2064726799726486,0.0638627335429191,0.0449083745479583,0.0782111883163452,-0.0409301370382309,-0.031017780303955,XArbitraryCorrectedZVertical,0.0372878245890906,-0.0079042190570306,0.1268262414836157,0.9911924139073008,0.9776818156242372,-0.2099853903055191,0.0066800103522837,38.57568359375,-21.31272888183594,11.90562438964844,-1,2,1086
2025-11-20T22:17:55.920+01:00,2956,630438.184981125,0.2526206712963113,-0.021980048186953,0.063255588885615,-0.2484557628631592,0.001346074277535,-0.146662712097168,0.4425439238548279,-0.2051952332258224,-0.0274277925491333,XArbitraryCorrectedZVertical,0.0327524474507378,-0.0069134014227973,0.1255593663656262,0.991521293933886,0.978201985359192,-0.2075092196464539,0.0078049409203231,38.4979248046875,-21.34129333496094,11.95561218261719,-1,2,1087
2025-11-20T22:17:55.955+01:00,2957,630438.219898125,0.2505902648824433,-0.0224765042058027,0.0543979721807242,-0.2050034254789352,0.029188023880124,0.0360594540834426,0.0980455875396728,0.0937936007976532,0.0276263952255249,XArbitraryCorrectedZVertical,0.0283846045908838,-0.0077474375981921,0.1246102149390775,0.9917694496687744,0.978584051132202,-0.2057778090238571,0.0053630848415195,38.59527587890625,-21.37077331542969,11.7191162109375,-1,2,1088
2025-11-20T22:17:55.990+01:00,2958,630438.254814125,0.2502297092291573,-0.0170130511457549,0.0499141782260929,-0.0357243902981281,0.2662043571472168,-0.0889240726828575,-0.0764533281326293,0.1245067566633224,0.0680367946624755,XArbitraryCorrectedZVertical,0.0258197164165893,-0.0053233763642501,0.1245347016482913,0.9918649747319976,0.978598654270172,-0.2055461257696152,0.0097677186131477,38.52978515625,-21.51663208007812,11.799560546875,-1,2,1089
2025-11-20T22:17:56.025+01:00,2959,630438.289731125,0.2454018842034695,-0.0071968492852765,0.0510594484826227,0.059055421501398,0.2325579822063446,-0.1562439799308777,0.1465349197387695,0.0142730772495269,0.1430236101150513,XArbitraryCorrectedZVertical,0.025775145334115,-0.0004458919474327,0.1222614419200184,0.9921631011856132,0.9794416427612304,-0.2007964849472046,0.0193603560328483,38.369140625,-21.59707641601562,11.8575439453125,-1,2,1090
2025-11-20T22:17:56.059+01:00,2960,630438.3246471251,0.2396782184360937,-0.0022735587131476,0.0514137196561855,-0.03270810469985,0.0303124506026506,-0.1473893374204636,0.0970564484596252,0.022472009062767,0.1678557395935059,XArbitraryCorrectedZVertical,0.0256555193089882,0.0019447249671324,0.1194838825269658,0.9925027152726102,0.9804733991622924,-0.1951861977577209,0.0239624939858913,38.3267822265625,-21.40913391113281,12.315185546875,-1,2,1091
2025-11-20T22:17:56.095+01:00,2961,630438.3595645417,0.2374642177910362,-0.0036014006117268,0.0492804885135632,-0.0902708545327186,-0.0955448225140571,0.0157391112297773,-0.0262989997863769,0.0485419631004333,0.1000720262527466,XArbitraryCorrectedZVertical,0.0246774867277079,0.0011309402821731,0.1183731382852067,0.9926618287951936,0.9809345602989196,-0.1930731534957886,0.0221355557441711,38.445556640625,-21.2666015625,12.33625793457031,-1,2,1092
2025-11-20T22:17:56.131+01:00,2962,630438.3944805417,0.2383211427479579,-0.0075230708347077,0.0447663491389159,-0.1596716642379761,-0.1118888556957245,0.0167760588228702,-0.1460326313972473,0.0435292720794677,0.0520939826965332,XArbitraryCorrectedZVertical,0.0226694915971339,-0.0010732737579125,0.118764565367409,0.99266302625869,0.9808408617973328,-0.1940266489982605,0.0174555648118257,38.45916748046875,-21.35885620117188,12.12403869628906,-1,2,1093
2025-11-20T22:17:56.164+01:00,2963,630438.4293975417,0.2385239172543758,-0.0108743184846487,0.0386961765241074,-0.1770035475492477,-0.0858285576105117,0.0100462827831506,-0.1672735214233398,0.0143035948276519,3.254320472478867e-05,XArbitraryCorrectedZVertical,0.0198559572320343,-0.0030956534233448,0.1188509717956899,0.9927086965451616,0.9808415174484252,-0.1943725198507309,0.0129983872175216,38.5010986328125,-21.44268798828125,11.91725158691406,-1,2,1094
2025-11-20T22:17:56.199+01:00,2964,630438.4643135417,0.2387436818318945,-0.0132282301638865,0.0333526513797595,-0.1268593370914459,-0.0436472818255424,0.0032421939540654,-0.2180261611938477,0.0227603316307067,-0.0160671472549438,XArbitraryCorrectedZVertical,0.0173440712096259,-0.0045802618151923,0.118959869111409,0.9927370114421628,0.980812966823578,-0.1947115808725357,0.0096584847196936,38.620849609375,-21.47892761230469,11.80874633789062,-1,2,1095
2025-11-20T22:17:56.234+01:00,2965,630438.4992305418,0.2382961817961489,-0.0143458477022856,0.0299433303236158,-0.0649161636829376,-0.0289716068655252,-0.0187915340065956,-0.1951494812965393,0.0187508165836334,0.005512953735888,XArbitraryCorrectedZVertical,0.0157170971324594,-0.0053416948647283,0.1187433661463149,0.9927863069350492,0.9809008836746216,-0.1943489611148834,0.0078841997310519,38.68585205078125,-21.49595642089844,11.65081787109375,-1,2,1096
2025-11-20T22:17:56.269+01:00,2966,630438.5341465417,0.2373719480219026,-0.0147210694546837,0.0292633350069518,0.0294213015586137,0.0107708917930722,-0.0461221262812614,-0.1978779435157776,0.0173866599798202,0.0062714801169931,XArbitraryCorrectedZVertical,0.0153992650999491,-0.0055755148868641,0.1182847155507373,0.9928446194652124,0.9810808897018432,-0.193457767367363,0.0073545663617551,38.69281005859375,-21.54328918457031,11.51939392089844,-1,2,1097
2025-11-20T22:17:56.304+01:00,2967,630438.5690635417,0.2350080464061673,-0.0137783071912255,0.0318149547243336,0.1009314507246017,0.0320690721273422,-0.0804318636655807,-0.1066879034042358,-0.01523058116436,0.0369459390640258,XArbitraryCorrectedZVertical,0.01660427672651,-0.0049759573439692,0.1171073666771347,0.9929679842315616,0.981535255908966,-0.1910834908485413,0.0086930338293313,38.75311279296875,-21.26969909667969,11.67694091796875,-1,2,1098
2025-11-20T22:17:56.339+01:00,2968,630438.6039795417,0.2314794698840624,-0.01281169786674,0.0357589841704598,0.1204090043902397,0.0094305835664272,-0.1298096179962158,-0.0283167958259582,-0.0452400296926498,0.0576388835906982,XArbitraryCorrectedZVertical,0.0184981959637456,-0.0042973326069954,0.1153469249716037,0.9931436575839164,0.9822045564651488,-0.1875327527523041,0.010262650437653,38.8917236328125,-21.25489807128906,11.55348205566406,-1,2,1099
2025-11-20T22:17:56.374+01:00,2969,630438.6388965417,0.2259340711594347,-0.0133790649370397,0.0401343642537986,0.1243135780096054,-0.0553167127072811,-0.1776327639818192,0.1100146770477295,-0.0763748288154602,0.0538545846939086,XArbitraryCorrectedZVertical,0.0206914224963824,-0.00438359646273,0.112568323038435,0.9934188626842716,0.9832470417022704,-0.1819869726896286,0.0102933850139379,38.8094482421875,-20.76817321777344,11.48518371582031,-1,2,1100
2025-11-20T22:17:56.411+01:00,2970,630438.6738125418,0.2211828443442345,-0.0149211057121405,0.0443443023116352,0.1217854917049408,-0.0300387628376483,-0.0885872170329093,0.1356083154678345,-0.0509307533502578,0.0412596464157104,XArbitraryCorrectedZVertical,0.0228574640797476,-0.0049662991070974,0.1101715361651902,0.9936373508590856,0.9841273427009584,-0.1772186309099197,0.0093231862410902,39.03350830078125,-20.62548828125,11.55513000488281,-1,2,1101
2025-11-20T22:17:56.444+01:00,2971,630438.7087295417,0.2190295110458723,-0.0153331107215165,0.0482228758334956,0.0872274115681648,0.0083756893873214,-0.0759954378008842,0.1126924753189087,0.0007370114326477,0.0281312465667724,XArbitraryCorrectedZVertical,0.0248016361177931,-0.0049833869073463,0.109077265063635,0.9937113877212654,0.9845213294029236,-0.175007626414299,0.0094968806952238,38.972412109375,-20.43675231933594,11.58233642578125,-1,2,1102
2025-11-20T22:17:56.478+01:00,2972,630438.7436455417,0.2145169567648191,-0.0138861648138936,0.0522305370816339,0.18243707716465,-0.0393643788993358,-0.0851353108882904,0.4462672472000122,-0.1229407787322998,-0.0312007665634155,XArbitraryCorrectedZVertical,0.0267046339175806,-0.0041054422814635,0.1068336022538599,0.9939097297375064,0.9852969646453856,-0.1704704314470291,0.0113795204088091,39.11126708984375,-20.14920043945312,11.59391784667969,-1,2,1103
2025-11-20T22:17:56.514+01:00,2973,630438.7785625417,0.2154399931641013,-0.014573325757441,0.056534879673843,0.1001775711774826,-0.0494234077632427,0.0503348819911479,0.1608844995498657,0.0206034630537033,-0.0357816219329834,XArbitraryCorrectedZVertical,0.0288821899796708,-0.0042028719972155,0.107261237517047,0.9938023911786458,0.985157310962677,-0.1712686866521835,0.0114896399900317,38.99212646484375,-20.17292785644531,11.80149841308594,-1,2,1104
2025-11-20T22:17:56.548+01:00,2974,630438.8134785417,0.2171042340110296,-0.0167061581693368,0.0570055171085966,-0.0235775597393512,-0.0449868813157081,0.0343004018068313,-0.0215305685997009,0.0868636816740036,-0.0623930692672729,XArbitraryCorrectedZVertical,0.0292347532686796,-0.00521300740669,0.1080546221112276,0.9937013358405452,0.9848941564559937,-0.172892689704895,0.0095671899616718,38.9833984375,-20.20515441894531,11.77241516113281,-1,2,1105
2025-11-20T22:17:56.583+01:00,2975,630438.8483955417,0.216273937222045,-0.0186082891628704,0.0556635154543051,-0.0591212287545204,-0.0712421461939811,-0.1052911803126335,0.0411802530288696,0.0286327749490737,-0.0990275144577026,XArbitraryCorrectedZVertical,0.0286681775441409,-0.0062428204529848,0.1076224668789433,0.9937588534339146,0.9850496649742126,-0.1721111536026001,0.0074137095361948,38.93878173828125,-20.16325378417969,11.49476623535156,-1,2,1106
2025-11-20T22:17:56.618+01:00,2976,630438.8833125418,0.2109332095984678,-0.0209183026067263,0.0530969335377661,-0.0750730484724044,-0.0490694306790828,-0.1597638726234436,-0.0047438144683837,0.0344913899898529,-0.1079748868942261,XArbitraryCorrectedZVertical,0.0274970445140609,-0.0076028730841361,0.1049522415745079,0.994068016038242,0.9859602451324464,-0.166922390460968,0.0043982327915728,39.08355712890625,-20.06083679199219,11.61445617675781,-1,2,1107
2025-11-20T22:17:56.653+01:00,2977,630438.9182285417,0.2075398603849861,-0.0196017555629073,0.0515529160202784,-0.0151541410014033,0.1352995336055756,-0.0440506413578987,-0.183912456035614,0.0996548533439636,-0.1003477573394775,XArbitraryCorrectedZVertical,0.0266485887331256,-0.0070751625218041,0.1032931730786974,0.9942687053316738,0.986509382724762,-0.1636196374893188,0.0052550071850419,39.14202880859375,-19.92643737792969,11.68280029296875,-1,2,1108
2025-11-20T22:17:56.691+01:00,2978,630438.9531455417,0.2059314048878655,-0.011849776847349,0.0522027265160515,0.0439299643039703,0.2693295180797577,-0.0512344390153884,-0.1793604493141174,0.044541910290718,-0.0803359746932983,XArbitraryCorrectedZVertical,0.0265684910682297,-0.0032090194537184,0.1025932347010742,0.9943633449084508,0.9867029190063475,-0.1620192974805832,0.0129226557910442,39.0906982421875,-19.9415283203125,11.55136108398438,-1,2,1109
2025-11-20T22:17:56.723+01:00,2979,630438.9880615417,0.2044948387425896,-0.0028059333493406,0.0540899922494242,0.0528647750616073,0.2327502369880676,-0.0405161641538143,-0.1331114768981934,-0.0069993883371353,-0.0461372137069702,XArbitraryCorrectedZVertical,0.0270435891878185,0.001364997511284,0.1019941870898648,0.9944163972358026,0.9867795705795288,-0.1605573147535324,0.0220740288496017,38.60491943359375,-19.99737548828125,12.36923217773438,-1,2,1110
2025-11-20T22:17:56.758+01:00,2980,630439.0229785417,0.2024729423390737,0.0045197392391269,0.05573405729247,0.0365485437214374,0.1777120232582092,-0.0646944195032119,-0.167915403842926,-0.0167994797229766,-0.032645583152771,XArbitraryCorrectedZVertical,0.0274923871951744,0.0050633954519374,0.1010867803214977,0.9944848074781424,0.9869155883789062,-0.1585239917039871,0.0294564794749021,38.79718017578125,-20.09828186035156,12.55570983886719,-1,2,1111
2025-11-20T22:17:56.793+01:00,2981,630439.0578945416,0.2003665838230412,0.0094510951500745,0.056392051385774,-0.0021716707851737,0.1023613139986992,-0.065708965063095,-0.1352402567863464,-0.0426652431488037,-0.0280114412307739,XArbitraryCorrectedZVertical,0.0275781753917876,0.0075196087302824,0.1001074719491863,0.9945659735407434,0.9870926141738892,-0.1564313918352127,0.0343132354319095,38.7078857421875,-19.93014526367188,12.65093994140625,-1,2,1112
2025-11-20T22:17:56.828+01:00,2982,630439.0928115417,0.1976214225402429,0.0128522830982648,0.055984071655504,-0.0143657922744751,0.0909922122955322,-0.0886683091521263,-0.1404474973678589,-0.0169500410556793,-0.0410919189453125,XArbitraryCorrectedZVertical,0.0272175967797364,0.0091532433180735,0.0987882936129791,0.9946940895376208,0.9874017834663392,-0.1537347435951233,0.0374602824449539,38.4017333984375,-19.71417236328125,12.87495422363281,-1,2,1113
2025-11-20T22:17:56.863+01:00,2983,630439.1277275417,0.194650505454317,0.0161337788454206,0.0546764787691879,-0.0698289051651954,0.0792117714881897,-0.0742790624499321,-0.0794862508773803,-0.0274476259946823,-0.0394001007080078,XArbitraryCorrectedZVertical,0.0264210180652664,0.0106817116612414,0.09735166605023,0.9948419690851892,0.987735152244568,-0.1508360207080841,0.0403461940586566,38.47589111328125,-19.52227783203125,13.09196472167969,-1,2,1114
2025-11-20T22:17:56.897+01:00,2984,630439.1626445417,0.1935256037283448,0.0191085896838305,0.0508779680626765,-0.1346878707408905,0.1037466302514076,0.0015489566139876,-0.0374603867530822,-0.0127345472574234,-0.0503485240042209,XArbitraryCorrectedZVertical,0.0243933515031801,0.0119637100537532,0.0968180897997797,0.994931213359515,0.98779296875,-0.1498172879219055,0.0426580049097538,38.53668212890625,-19.55142211914062,12.75987243652344,-1,2,1115
2025-11-20T22:17:56.933+01:00,2985,630439.1975605417,0.1938134009698979,0.0228738739483626,0.0463841238793994,-0.1253531277179718,0.1043610274791718,-0.0049046599306166,0.0663732886314392,-0.032242551445961,-0.056153055280447,XArbitraryCorrectedZVertical,0.0219734096012721,0.0136235692385631,0.0969867182696523,0.9949498836542526,0.9875971674919128,-0.1502067744731903,0.0457159914076328,38.43963623046875,-19.81129455566406,12.76492309570312,-1,2,1116
2025-11-20T22:17:56.971+01:00,2986,630439.2324775417,0.1934673567112618,0.0253862037135364,0.0423485059830702,-0.119586281478405,0.0143970511853694,0.0134376063942909,0.1305254101753235,-0.0357270240783691,-0.0294196680188179,XArbitraryCorrectedZVertical,0.0198463612972014,0.0146753428385844,0.0968209415134386,0.9949956963239568,0.987546980381012,-0.1499571204185486,0.047577541321516,38.39849853515625,-19.88919067382812,12.94306945800781,-1,2,1117
2025-11-20T22:17:57.002+01:00,2987,630439.2673945418,0.1939481203374476,0.0265102727215056,0.0363541295398725,-0.2208992689847946,0.0726190507411956,-0.0762822926044464,0.277372419834137,-0.1106815785169601,-0.0048658847808837,XArbitraryCorrectedZVertical,0.0168059359291243,0.0149499836284975,0.0970374230738065,0.9950265994339746,0.9874438643455504,-0.1505641341209412,0.0478041023015976,38.32269287109375,-20.18110656738281,12.662841796875,-1,2,1118
2025-11-20T22:17:57.037+01:00,2988,630439.3023105417,0.1892641205008596,0.0262238069814956,0.0295132977040251,-0.2124265730381012,-0.0396872460842132,-0.1008429974317551,0.4026989340782166,-0.077843353152275,0.0250841379165649,XArbitraryCorrectedZVertical,0.0134500419626991,0.0144456391602411,0.0946650749629262,0.9953135618070762,0.988185465335846,-0.1460793316364288,0.046372789889574,38.48370361328125,-20.23782348632812,12.25775146484375,-1,2,1119
2025-11-20T22:17:57.072+01:00,2989,630439.3372275417,0.1885688161324907,0.0250465767481615,0.0232053777986794,-0.1681445688009262,0.011503541842103,0.0398575514554977,0.0220114588737487,0.1528268456459045,0.0783299207687377,XArbitraryCorrectedZVertical,0.0103710984002842,0.013558723022619,0.0942757073832676,0.995399812404112,0.9883645176887512,-0.1455178558826447,0.044274415820837,38.427001953125,-20.31686401367188,12.18815612792969,-1,2,1120
2025-11-20T22:17:57.107+01:00,2990,630439.372143125,0.1901700739928109,0.0278076949110261,0.0196724572240807,-0.0444324165582656,0.1316696107387543,0.0820622071623802,0.0883989334106445,0.0975172072649002,0.0630747079849243,XArbitraryCorrectedZVertical,0.0084707418378772,0.014773689267936,0.0950641857471505,0.9953255097442568,0.9880170822143556,-0.1471692770719528,0.046513807028532,38.28057861328125,-20.72358703613281,12.23249816894531,-1,2,1121
2025-11-20T22:17:57.142+01:00,2991,630439.407060125,0.1936352926002679,0.0322404949797012,0.0180966123065654,-0.0851140245795249,0.1075432449579239,0.0831352099776268,0.0382229089736938,0.0343677848577499,0.1169569566845894,XArbitraryCorrectedZVertical,0.0074464821041063,0.0169179428070567,0.0967951076001562,0.9951327480161368,0.9872898459434508,-0.1506244689226151,0.0507065542042255,38.32562255859375,-21.2633056640625,12.25167846679688,-1,2,1122
2025-11-20T22:17:57.177+01:00,2992,630439.441976125,0.1955856998847545,0.0349819901300618,0.014871293328837,-0.0972611531615257,0.058275569230318,0.0542860031127929,-0.0070390701293945,0.0301295667886734,0.0901666805148124,XArbitraryCorrectedZVertical,0.0056912848971092,0.018131933883755,0.097748851459012,0.9950295909919048,0.9868667721748352,-0.1526118069887161,0.0529454164206981,38.25689697265625,-21.380126953125,12.25698852539062,-1,2,1123
2025-11-20T22:17:57.212+01:00,2993,630439.476893125,0.1979984424181408,0.0356521678381801,0.0117607320870026,-0.0949541106820106,-0.0332338623702526,0.0479326769709587,-0.1190898418426514,0.0659099370241165,0.0639487504959106,XArbitraryCorrectedZVertical,0.0040888465132437,0.0183186594026293,0.0989244810588418,0.9949179063588146,0.9864756464958192,-0.1550517529249191,0.053147155791521,38.2962646484375,-21.76922607421875,12.15374755859375,-1,2,1124
2025-11-20T22:17:57.252+01:00,2994,630439.5118091251,0.199081242984309,0.0326689380250056,0.0081769930878483,-0.1058530732989311,-0.1230454742908478,0.0311458632349968,-0.1331771612167358,0.0540269315242767,0.0358126163482666,XArbitraryCorrectedZVertical,0.0024445304178797,0.0166589975041734,0.0994286822548928,0.994902249973716,0.986479103565216,-0.1561844795942307,0.049651850014925,38.427490234375,-21.99565124511719,11.66302490234375,-1,2,1125
2025-11-20T22:17:57.282+01:00,2995,630439.5467261251,0.2006726211200734,0.0279428087736616,0.0048125808957818,-0.0795041397213935,-0.1297627687454224,0.0394226685166358,-0.1683979034423828,0.0407634079456329,-0.0109102763235569,XArbitraryCorrectedZVertical,0.0009945134749032,0.0141416528812681,0.1001914245367922,0.994867175492776,0.9864672422409058,-0.157813549041748,0.0444642454385757,38.785888671875,-22.37345886230469,11.24226379394531,-1,2,1126
2025-11-20T22:17:57.316+01:00,2996,630439.581642125,0.202097737135666,0.0248247374881517,0.0038818395886689,0.0344907455146312,-0.0345732010900974,0.0506162159144878,-0.1920062303543091,0.0461837500333786,-0.0331387557089328,XArbitraryCorrectedZVertical,0.0006787810682924,0.0125444910735046,0.1008930003730051,0.9948179299733206,0.9863786101341248,-0.1592360734939575,0.0412411019206047,38.80938720703125,-22.84921264648438,10.84878540039062,-1,2,1127
2025-11-20T22:17:57.351+01:00,2997,630439.616559125,0.2043027010781968,0.0245962261763181,0.0068828258033491,0.1233159005641937,0.0039055526722222,0.0768651366233825,-0.1528315544128418,0.0317225605249404,0.0146373473107814,XArbitraryCorrectedZVertical,0.002169161337947,0.0125845302283678,0.1020075749521918,0.9947016303684152,0.9860223531723022,-0.1613611876964569,0.0414996407926082,38.9737548828125,-22.82795715332031,11.01303100585938,-1,2,1128
2025-11-20T22:17:57.386+01:00,2998,630439.651476125,0.2076489459550289,0.0245697460934987,0.0125354602388384,0.1835459023714066,-0.0050128442235291,0.115201860666275,-0.1242789626121521,0.0198628008365631,0.0398620404303073,XArbitraryCorrectedZVertical,0.0049603442631437,0.0128676932865935,0.1037047590563159,0.9945126139632456,0.9854546189308168,-0.1645618826150894,0.0424132943153381,39.2958984375,-23.0107421875,10.78565979003906,-1,2,1129
2025-11-20T22:17:57.421+01:00,2999,630439.6863921251,0.2114788968292272,0.0232895744174046,0.0191002315785474,0.175466924905777,-0.0697457939386367,0.1188585683703423,-0.0638835430145263,-0.0240618288516998,0.0687499046325683,XArbitraryCorrectedZVertical,0.0082670520030518,0.0125868188662388,0.1056411342075569,0.994290261957866,0.984842836856842,-0.1682141125202179,0.0422883033752441,39.43280029296875,-23.112060546875,10.71856689453125,-1,2,1130
2025-11-20T22:17:57.456+01:00,3000,630439.7213091251,0.2158882438765152,0.019751893273646,0.0246897784674084,0.1335838139057159,-0.1247741430997849,0.1315570920705795,-0.0041563510894775,-0.0498286932706832,0.0674331188201904,XArbitraryCorrectedZVertical,0.0112082448506014,0.0111474309745845,0.1078423570479531,0.9940423303466562,0.9842130541801452,-0.172446072101593,0.0398361645638942,39.777099609375,-23.40121459960938,11.00579833984375,-1,2,1131
2025-11-20T22:17:57.491+01:00,3001,630439.756225125,0.2196180057238167,0.0141466455064169,0.0280504582282284,0.0570562742650508,-0.1936192661523819,0.0915400981903076,0.1127216219902039,-0.0943692028522491,0.0590630769729614,XArbitraryCorrectedZVertical,0.0131648776497177,0.0085668841306232,0.1096735344870991,0.9938436065621776,0.9837597012519836,-0.1760470122098923,0.0349920131266117,40.7086181640625,-22.75115966796875,10.7685546875,-1,2,1132
2025-11-20T22:17:57.532+01:00,3002,630439.791142125,0.2249790173611022,0.0070048161918209,0.0294995313916235,0.0330687947571277,-0.1912309527397156,0.228217750787735,0.1200064420700073,-0.0556508749723434,0.0318115875124931,XArbitraryCorrectedZVertical,0.0142628124216311,0.0051355134786593,0.1122908600135891,0.993559676886472,0.9830206632614136,-0.1812875270843506,0.0283689871430397,40.9017333984375,-23.05876159667969,10.48042297363281,-1,2,1133
2025-11-20T22:17:57.561+01:00,3003,630439.826058125,0.2324878918711132,0.0016010462772119,0.0309258911781115,0.0398426912724971,-0.0473901182413101,0.1448090672492981,0.1145628094673157,-0.0337509214878082,-0.0261658392846584,XArbitraryCorrectedZVertical,0.0152651368019219,0.002588381358443,0.1159807106679238,0.9931308689197408,0.9817659854888916,-0.1886306554079056,0.0235413312911987,41.21044921875,-23.4822998046875,10.09547424316406,-1,2,1134
2025-11-20T22:17:57.596+01:00,3004,630439.860975125,0.232910441661127,0.0010087553231655,0.0370639660340104,0.2688047587871552,0.0013680639676749,0.0222140327095985,0.4336763024330139,-0.136517345905304,-0.0721975564956665,XArbitraryCorrectedZVertical,0.0183468102770908,0.0026540230679281,0.1161814892621772,0.993055014311612,0.9816984534263612,-0.1889068186283112,0.0241324119269847,41.4197998046875,-23.59124755859375,10.16163635253906,-1,2,1135
2025-11-20T22:17:57.631+01:00,3005,630439.8958911251,0.2345547505210428,-0.0004370475169479,0.0466529226324352,0.1805805414915085,-0.1139947399497032,0.0906858071684837,0.000895082950592,0.1105460524559021,0.0210402011871337,XArbitraryCorrectedZVertical,0.0231896896735373,0.0025121880464264,0.1169718226964912,0.9928612970354396,0.9814199805259703,-0.1902884691953659,0.0245987642556428,41.81756591796875,-23.48410034179688,10.19842529296875,-1,2,1136
2025-11-20T22:17:57.666+01:00,3006,630439.9308081251,0.235076948269331,-0.0066469943619368,0.0504995275339039,0.0731239169836044,-0.2222323268651962,-0.0244104266166687,0.0225999951362609,0.0635664165019989,-0.0648705959320068,XArbitraryCorrectedZVertical,0.0254623603054951,-0.0003388489594793,0.1171466665207665,0.9927880941598948,0.9814587831497192,-0.1907026022672653,0.0192620102316141,42.3865966796875,-22.92930603027344,10.23519897460938,-1,2,1137
2025-11-20T22:17:57.701+01:00,3007,630439.965725125,0.2303227853484864,-0.0134635579343012,0.0531097769137762,0.0670915246009826,-0.1678313314914703,-0.2395501583814621,0.0064356327056884,0.0486752241849899,-0.1064677238464355,XArbitraryCorrectedZVertical,0.0271485483863834,-0.0036338659908464,0.1146863459288738,0.99302404601819,0.9824711084365844,-0.1859737634658813,0.0128091881051659,43.08892822265625,-22.7919921875,9.999282836914062,-1,2,1138
2025-11-20T22:17:57.736+01:00,3008,630440.000641125,0.2207762409119101,-0.0168825078475745,0.0553183951594058,0.075396254658699,-0.0414094850420951,-0.2371855676174164,-0.0273240804672241,0.0940255969762802,-0.0968521833419799,XArbitraryCorrectedZVertical,0.0284159195742672,-0.005340014203233,0.1098859832492797,0.9935235637613218,0.9842483997344972,-0.1765450835227966,0.0093125160783529,43.5496826171875,-22.74183654785156,9.7188720703125,-1,2,1139
2025-11-20T22:17:57.771+01:00,3009,630440.035558125,0.2165988284950892,-0.0153523519922437,0.0583335413329504,0.0705541521310806,0.0973982214927673,-0.0288024377077817,-0.0900586247444152,0.0800302922725677,-0.0620946884155273,XArbitraryCorrectedZVertical,0.029820266683129,-0.0044758501334901,0.1078161326273911,0.9937134764519452,0.984971284866333,-0.1723611801862717,0.0110998153686523,44.20733642578125,-22.37258911132812,9.70013427734375,-1,2,1140
2025-11-20T22:17:57.811+01:00,3010,630440.0704741251,0.2170546411286546,-0.0114148033702327,0.0602894530817208,0.0561273247003555,0.1350228488445282,0.0540467277169227,-0.0966155529022216,0.0412573814392089,-0.0481798686087131,XArbitraryCorrectedZVertical,0.0305802601681256,-0.0024066541615171,0.1080924262784634,0.9936674512712768,0.9848447442054749,-0.1727575808763504,0.0153429340571165,44.49078369140625,-22.34500122070312,10.04884338378906,-1,2,1141
2025-11-20T22:17:57.840+01:00,3011,630440.1053911251,0.2201226620261066,-0.0057776567892726,0.0624467912761462,0.0708123445510864,0.1801259070634842,0.0886213183403015,-0.1288302540779114,-0.0058198720216751,-0.0321857929229736,XArbitraryCorrectedZVertical,0.0313464520909808,0.0005590370794747,0.1096956206808248,0.9934707267666578,0.9842074513435364,-0.1757138967514038,0.0214587841182947,44.7166748046875,-22.32655334472656,10.17369079589844,-1,2,1142
2025-11-20T22:17:57.875+01:00,3012,630440.140307125,0.2229554280539286,0.0005785095554966,0.0655448835025743,0.1123363226652145,0.190130278468132,0.086104393005371,-0.1403902769088745,-0.0218616724014282,-0.0321331024169921,XArbitraryCorrectedZVertical,0.0325310239876891,0.0039324868786565,0.111196642030937,0.9932580566762194,0.9835450649261476,-0.1784098893404007,0.0284404493868351,45.10455322265625,-22.40470886230469,10.47727966308594,-1,2,1143
2025-11-20T22:17:57.910+01:00,3013,630440.175224125,0.2257871091033414,0.0062335721370228,0.069451973323989,0.099227949976921,0.1329916417598724,0.061539202928543,-0.1330268383026123,-0.0470567792654037,-0.0151441097259521,XArbitraryCorrectedZVertical,0.0341469216128885,0.0070062854546793,0.1126929566369644,0.9930182730079324,0.9828498363494872,-0.1810773313045502,0.0348889343440532,45.06390380859375,-22.34832763671875,11.00880432128906,-1,2,1144
2025-11-20T22:17:57.945+01:00,3014,630440.210140125,0.2267907170641055,0.0096328620486448,0.0723493841538089,0.0647465363144874,0.0754199847579002,0.001030427403748,-0.1042248606681824,-0.0517874509096145,-0.0222069025039672,XArbitraryCorrectedZVertical,0.0353894764451302,0.0088746651890523,0.1132502328897475,0.9928963907642612,0.9825360178947448,-0.1819771528244019,0.0388237051665782,45.3402099609375,-22.08305358886719,11.47862243652344,-1,2,1145
2025-11-20T22:17:57.980+01:00,3015,630440.245057125,0.2258159060059887,0.0120015389436126,0.0737454083297128,0.011415391229093,0.0573392324149608,-0.0484586432576179,-0.0953953266143798,-0.0414622128009796,-0.0279852114617824,XArbitraryCorrectedZVertical,0.0359533273762616,0.0101118360440001,0.1128093963648166,0.9929145480560284,0.982617735862732,-0.1809803992509842,0.0413365699350833,45.68988037109375,-21.83042907714844,11.18510437011719,-1,2,1146
2025-11-20T22:17:58.015+01:00,3016,630440.2799731251,0.224272878908319,0.01411697408588,0.0728597017912491,-0.0550372041761875,0.0629065856337547,-0.039882406592369,-0.0220275521278381,-0.03440423309803,-0.0414851866662502,XArbitraryCorrectedZVertical,0.0354028098079181,0.0110849958993533,0.1120800019981743,0.9930065367072468,0.982812523841858,-0.1794934421777725,0.0431483797729015,45.966796875,-21.63584899902344,11.17243957519531,-1,2,1147
2025-11-20T22:17:58.051+01:00,3017,630440.3148901251,0.222831181697406,0.0162876864229921,0.0699731714220709,-0.1131068021059036,0.0537945441901683,-0.0319130197167396,0.0790708065032959,-0.0422808825969696,-0.0439819134771823,XArbitraryCorrectedZVertical,0.0338565012137841,0.0119773752032305,0.111396594638669,0.9931269387862528,0.9829866290092468,-0.1781628131866455,0.0446685254573822,46.302490234375,-21.49972534179688,11.16827392578125,-1,2,1148
2025-11-20T22:17:58.087+01:00,3018,630440.349806125,0.2229888840020945,0.0172389494182644,0.0648695165216751,-0.1947809904813766,-0.0004234062507748,0.0568629652261734,0.1147559285163879,-0.0171866714954376,-0.0133469067513942,XArbitraryCorrectedZVertical,0.0312680007271726,0.01216938393658,0.1114787113078509,0.9932003075253908,0.9829309582710266,-0.1784615069627762,0.0447037294507026,46.576904296875,-21.78144836425781,10.79539489746094,-1,2,1149
2025-11-20T22:17:58.120+01:00,3019,630440.38472325,0.2247260272499852,0.0181605567096476,0.0563518341647682,-0.2856289148330688,0.0624370463192462,-0.0209064073860645,0.2547644972801208,-0.0858688205480575,-0.0001575946807861,XArbitraryCorrectedZVertical,0.0269756544087799,0.012178036562436,0.1123317900110904,0.9932299011813924,0.9826011657714844,-0.1803970187902451,0.044179193675518,46.902099609375,-21.80619812011719,10.66162109375,-1,2,1150
2025-11-20T22:17:58.154+01:00,3020,630440.41964025,0.2222808339248503,0.0181474512745243,0.0461153985510145,-0.3144595921039581,-0.0417804196476936,-0.0647201463580131,0.3318936228752136,-0.0444777011871337,0.036977183073759,XArbitraryCorrectedZVertical,0.0219063618905292,0.0115722585184881,0.1110856020456179,0.993502089312144,0.9830784797668456,-0.1782548725605011,0.0422159768640995,47.11126708984375,-21.66477966308594,10.25822448730469,-1,2,1151
2025-11-20T22:17:58.190+01:00,3021,630440.45455625,0.2234446006820359,0.0158407294092447,0.0364680785269194,-0.2469860315322876,-0.0480945110321044,0.154088094830513,-0.0159952640533447,0.2089224606752396,0.0890076160430908,XArbitraryCorrectedZVertical,0.017235900994803,0.0099023310937742,0.1116115010461274,0.9935531575790094,0.9829906225204468,-0.1796255707740784,0.038265936076641,47.166015625,-21.69448852539062,10.12910461425781,-1,2,1152
2025-11-20T22:17:58.224+01:00,3022,630440.48947325,0.2311984063416547,0.0158061352219089,0.0314286870692042,-0.0509195700287818,0.0281779076904058,0.2500426471233368,0.0192186832427978,0.1003026962280273,0.0753564834594726,XArbitraryCorrectedZVertical,0.0146969010445708,0.0096616618158505,0.1154474284178843,0.9931578501490193,0.9815746545791626,-0.1873540431261063,0.0375432446599006,47.2562255859375,-21.94357299804688,9.925827026367188,-1,2,1153
2025-11-20T22:17:58.259+01:00,3023,630440.5243892501,0.2377879382226381,0.0164352782836225,0.0319667454381556,0.0458815284073352,0.0249402225017547,0.1041373535990715,-0.0046392679214477,0.0250285416841507,0.1170547008514404,XArbitraryCorrectedZVertical,0.0148947338142431,0.0100542004846497,0.1187253169694978,0.9927644723843204,0.9802860617637634,-0.1938059478998184,0.0384475104510784,47.36376953125,-22.04229736328125,9.673568725585938,-1,2,1154
2025-11-20T22:17:58.294+01:00,3024,630440.5593062501,0.2381015790410063,0.0166530839373924,0.0345608692290211,0.0933624953031539,-0.0320361852645874,-0.0470586046576499,0.0288401842117309,0.0035946369171142,0.1129263639450073,XArbitraryCorrectedZVertical,0.0161678897230965,0.0103184954681853,0.1188907806520854,0.9927220558992662,0.980208158493042,-0.1940547823905945,0.039173275232315,47.70025634765625,-22.02322387695312,9.787353515625,-1,2,1155
2025-11-20T22:17:58.331+01:00,3025,630440.59422225,0.236378966489852,0.0139461367452728,0.0375753543494081,0.0687650442123413,-0.1224206686019897,-0.0597064830362796,-0.053711712360382,0.0350089967250824,0.088762879371643,XArbitraryCorrectedZVertical,0.017832984450776,0.0091383001156127,0.1180209251908224,0.9928089056025372,0.9806373119354248,-0.1922965347766876,0.0370457805693149,47.812744140625,-21.82417297363281,9.571334838867188,-1,2,1156
2025-11-20T22:17:58.364+01:00,3026,630440.62913925,0.2340412338731442,0.0090793275418033,0.039545009391907,0.0618746615946292,-0.1476578265428543,-0.0552432090044021,-0.0933125615119934,0.0491346269845962,0.0415317974984645,XArbitraryCorrectedZVertical,0.019105879522622,0.0068160591552375,0.1168188395627896,0.9929460486815436,0.9812519550323486,-0.1899579465389252,0.0325648710131645,47.96356201171875,-21.52546691894531,9.009689331054688,-1,2,1157
2025-11-20T22:17:58.399+01:00,3027,630440.66405525,0.2332410270751099,0.0040309797388923,0.0421020628734665,0.0829046219587326,-0.1501838862895966,0.0123982075601816,-0.1367820501327515,0.0618843287229538,0.0230680704116821,XArbitraryCorrectedZVertical,0.0206719929888648,0.0044505898744053,0.116372464401058,0.9929805398079928,0.981554388999939,-0.1891120672225952,0.0280640348792076,48.31494140625,-21.2320556640625,9.07354736328125,-1,2,1158
2025-11-20T22:17:58.434+01:00,3028,630440.69897225,0.2356546933969519,-0.0018678574745623,0.0459770629073212,0.1407815665006638,-0.1783452033996582,0.1324011236429214,-0.1229819655418396,0.0352861732244491,0.0057231206446886,XArbitraryCorrectedZVertical,0.0229368745344094,0.0017749667370497,0.1175024587441387,0.9928061521217428,0.981243133544922,-0.191383570432663,0.0231160037219524,48.47088623046875,-21.22747802734375,8.857254028320312,-1,2,1159
2025-11-20T22:17:58.469+01:00,3029,630440.7338882501,0.2408888667081624,-0.0082082596719363,0.0517211814697202,0.184015765786171,-0.1579243540763855,0.1308687329292297,-0.1946706771850586,0.0055521875619888,0.0084514636546373,XArbitraryCorrectedZVertical,0.0261631196884298,-0.0009661569594208,0.1200068870326082,0.9924278226146384,0.9803610444068908,-0.1963633447885513,0.0182666610926389,48.38140869140625,-21.13018798828125,8.62628173828125,-1,2,1160
2025-11-20T22:17:58.504+01:00,3030,630440.7688052501,0.2443613749099778,-0.0127352928398368,0.0583014389494334,0.1884945780038834,-0.0934545248746871,0.0777041614055633,-0.1706638336181641,-0.0096305757761001,0.025749921798706,XArbitraryCorrectedZVertical,0.0297044572725497,-0.0027652242903555,0.1216384658400751,0.9921260465315698,0.9797610640525818,-0.199582651257515,0.0153267793357372,48.6220703125,-20.68865966796875,8.664260864257812,-1,2,1161
2025-11-20T22:17:58.538+01:00,3031,630440.80372125,0.2471149195858874,-0.0158232560608655,0.0646091869846595,0.1738707721233368,-0.0731678754091262,0.0728857517242431,-0.0879580378532409,-0.015938863158226,0.0508480072021484,XArbitraryCorrectedZVertical,0.0330262739439692,-0.0038666273398427,0.1229215664717352,0.9918592400272344,0.979269802570343,-0.2020939737558365,0.0137424543499946,48.9102783203125,-20.76351928710938,8.712677001953125,-1,2,1162
2025-11-20T22:17:58.573+01:00,3032,630440.83863825,0.2481736025889877,-0.0177463258575803,0.0709874711998505,0.1966403871774673,-0.0376554168760776,-0.0289492290467023,-0.050834059715271,-0.0180865228176116,0.0501143932342529,XArbitraryCorrectedZVertical,0.0363095560720333,-0.0044073624426068,0.1233733218199336,0.9916861515342664,0.979102611541748,-0.2029370367527008,0.0132248140871524,49.10748291015625,-20.34208679199219,8.6878662109375,-1,2,1163
2025-11-20T22:17:58.612+01:00,3033,630440.87355525,0.2464610058639888,-0.0190633794258256,0.0788037396399133,0.2559340298175812,-0.0506812632083892,-0.0529362894594669,0.084225058555603,-0.0121905356645584,0.0495916604995727,XArbitraryCorrectedZVertical,0.0402618802211278,-0.0046101636318392,0.1224452526666553,0.99164752823091,0.9794955253601074,-0.2010204643011093,0.0133813684806227,48.9022216796875,-20.02301025390625,8.840301513671875,-1,2,1164
2025-11-20T22:17:58.643+01:00,3034,630440.9084712501,0.2459670217660181,-0.0210803589046858,0.0893845780703721,0.3400689661502838,-0.0636294484138488,0.007194282952696,0.0910140872001647,0.0263449996709823,0.0439029932022094,XArbitraryCorrectedZVertical,0.0456291906297858,-0.0049694912544859,0.1220770794275079,0.9914587764083622,0.9796646237373352,-0.2001883536577225,0.0134852081537246,49.05120849609375,-19.86039733886719,8.942489624023438,-1,2,1165
2025-11-20T22:17:58.679+01:00,3035,630440.9433882501,0.2455419337252844,-0.0214330902517583,0.1012792672350664,0.3740151226520538,0.0635633021593093,-0.111454926431179,0.3344188928604126,-0.0904560536146163,-0.0050064325332641,XArbitraryCorrectedZVertical,0.0515447818180193,-0.0044235809686008,0.1217604155285048,0.991210374229652,0.9798052906990052,-0.1993540972471237,0.0154738910496234,49.206298828125,-19.51040649414062,8.875595092773438,-1,2,1166
2025-11-20T22:17:58.713+01:00,3036,630440.97830425,0.2442986143524916,-0.0219220453071702,0.1164974091750707,0.4100425541400909,-0.0564496405422687,0.071698173880577,0.3988865613937378,-0.0322917848825454,0.0147770661860704,XArbitraryCorrectedZVertical,0.0591117935820716,-0.0037677650978714,0.1209984760102872,0.9908840370812304,0.9801266193389891,-0.1975666135549545,0.0178767163306474,49.2666015625,-18.92512512207031,9.177520751953123,-1,2,1167
2025-11-20T22:17:58.748+01:00,3037,630441.01322125,0.2488733430678192,-0.0264542104305295,0.1274830645750787,0.186387687921524,-0.1494893431663513,0.1236754879355431,-0.0360277295112609,0.1059685498476028,0.0150852184742689,XArbitraryCorrectedZVertical,0.0648386252597383,-0.0051925119827672,0.1230168812616839,0.9902706151655724,0.9793412685394288,-0.2015648186206818,0.016195323318243,49.4244384765625,-18.66531372070312,9.400741577148438,-1,2,1168
2025-11-20T22:17:58.783+01:00,3038,630441.04813725,0.2534338849669016,-0.0323940582907043,0.1324099036978224,0.1174010038375854,-0.1599267274141312,0.1251545995473862,0.03549724817276,0.0686764121055603,-0.0635030269622802,XArbitraryCorrectedZVertical,0.0676599297632814,-0.0076716157850846,0.1250217847520979,0.9898145860529244,0.9785255789756776,-0.2057766020298004,0.0119892563670873,49.485107421875,-18.81776428222656,8.976577758789062,-1,2,1169
2025-11-20T22:17:58.818+01:00,3039,630441.08305425,0.2554629772293175,-0.0388553281168809,0.1350326863293417,0.0142948534339666,-0.1814024895429611,-0.0277130585163831,-0.0250616073608398,0.0263216197490692,-0.0685619115829467,XArbitraryCorrectedZVertical,0.069371808543076,-0.0106319060136342,0.1257702965361756,0.9895738534883852,0.9781866669654846,-0.207626536488533,0.0064890650101006,49.63287353515625,-18.74345397949219,8.759414672851562,-1,2,1170
2025-11-20T22:17:58.853+01:00,3040,630441.1179702501,0.2538177580724529,-0.043416071732218,0.134966955128251,0.0002895032521337,-0.0800279527902603,-0.0103799635544419,-0.0253262519836425,0.0424772053956985,-0.0989661216735839,XArbitraryCorrectedZVertical,0.0696152924663771,-0.0129499669006049,0.1247987103907271,0.989652130892152,0.9785427451133728,-0.2060361057519913,0.0017828809795901,49.93377685546875,-18.50222778320312,8.412322998046875,-1,2,1171
2025-11-20T22:17:58.890+01:00,3041,630441.1528872501,0.2559455604312995,-0.0441823793596952,0.1351651096278186,0.0219102706760168,0.0557258985936641,0.0853343605995178,-0.1282098889350891,0.081272155046463,-0.0851747989654541,XArbitraryCorrectedZVertical,0.069775249454228,-0.0132422733399703,0.1258218301890186,0.989507395080251,0.9781090617179872,-0.2080879062414169,0.001373513485305,49.96673583984375,-18.22941589355469,8.06658935546875,-1,2,1172
2025-11-20T22:17:58.923+01:00,3042,630441.18780325,0.2583102100630342,-0.0411804017668981,0.1369039231384187,0.0864101499319076,0.1266475170850754,0.0493826232850551,-0.1021819114685059,0.0554064214229583,-0.0771201848983764,XArbitraryCorrectedZVertical,0.0704599954778983,-0.0115618376222686,0.127070949465573,0.989320339315134,0.9776244163513184,-0.2102983593940735,0.0050070490688085,50.0081787109375,-18.26939392089844,8.632568359375,-1,2,1173
2025-11-20T22:17:58.958+01:00,3043,630441.22272025,0.2593684783873051,-0.0365701743634335,0.1404212401029665,0.1022255718708038,0.1452374011278152,-0.0089932233095169,-0.1315860152244568,0.023630604147911,-0.0491632223129272,XArbitraryCorrectedZVertical,0.071910914793715,-0.0090151285953998,0.1277089400830076,0.9891603130273988,0.9773959517478944,-0.2111610919237137,0.0104059157893061,50.27301025390625,-18.25279235839844,8.655075073242188,-1,2,1174
2025-11-20T22:17:58.992+01:00,3044,630441.25763625,0.258668765725113,-0.030960833765475,0.1436547698208168,0.0858577117323875,0.1598901152610779,-0.0200815815478563,-0.1012548804283142,0.0042952448129653,-0.0433692932128906,XArbitraryCorrectedZVertical,0.0731490629826881,-0.0060561299694204,0.1275244953169997,0.9891158553535392,0.9774908423423768,-0.2103346288204193,0.0164680536836385,50.4737548828125,-18.05320739746094,8.971694946289062,-1,2,1175
2025-11-20T22:17:59.028+01:00,3045,630441.2925532501,0.2583474623615825,-0.0252150034560021,0.1456183124358341,0.0158094074577093,0.1642835140228271,-0.0191809684038162,-0.1101028323173523,-0.0064223259687423,-0.0232889633625745,XArbitraryCorrectedZVertical,0.0737527316845665,-0.0030991430045181,0.127553833353106,0.9890809307420316,0.9774582982063292,-0.2099320441484451,0.0224497765302658,50.60723876953125,-17.61837768554688,9.165557861328123,-1,2,1176
2025-11-20T22:17:59.062+01:00,3046,630441.3274692501,0.2566737831964402,-0.0195615886220451,0.1446197291956321,-0.072803258895874,0.1534871011972427,-0.06819948554039,-0.0839573144912719,-0.0068943947553634,-0.0254020746797323,XArbitraryCorrectedZVertical,0.0728977965768057,-0.0004287887938147,0.1269435288001381,0.9892274510578072,0.9776644110679626,-0.2083612531423569,0.0275229457765817,50.51495361328125,-17.04948425292969,9.473831176757812,-1,2,1177
2025-11-20T22:17:59.097+01:00,3047,630441.3623861667,0.2539814967317221,-0.0137307303809192,0.1408317132603195,-0.1398372203111649,0.1668721586465836,-0.060579065233469,-0.0724167823791503,0.0249775648117065,-0.0373971499502658,XArbitraryCorrectedZVertical,0.0706568153452426,0.0021174172752799,0.125853727046983,0.9895271366589878,0.9780411124229432,-0.2059315145015717,0.0320565477013588,50.512939453125,-16.89735412597656,9.710693359375,-1,2,1178
2025-11-20T22:17:59.132+01:00,3048,630441.3973021667,0.253983737038085,-0.0074007070405293,0.1356420451726471,-0.1564472913742065,0.1882514804601669,0.0689820647239685,-0.0251888632774353,0.0361535549163818,-0.0436323918402195,XArbitraryCorrectedZVertical,0.0676904355238745,0.0049208360171962,0.126110029975192,0.9896919117682822,0.977810263633728,-0.2061669379472733,0.0371779352426528,50.56573486328125,-16.55667114257812,10.069580078125,-1,2,1179
2025-11-20T22:17:59.171+01:00,3049,630441.4322191667,0.2578557014853218,-0.0032775685581439,0.1349266633583882,-0.1764256507158279,0.12886942923069,0.1249967962503433,0.0552302598953247,-0.0100688785314559,-0.0372704267501831,XArbitraryCorrectedZVertical,0.0670627970210566,0.0070457497848394,0.1281687596142578,0.9894573231643122,0.976828396320343,-0.2099475711584091,0.0415734238922596,49.53936767578125,-16.48043823242188,10.12127685546875,-1,2,1180
2025-11-20T22:17:59.202+01:00,3050,630441.4671351667,0.2632874014071049,-0.0033711911797489,0.1392796466514957,-0.2146705836057663,0.0497476980090141,0.1615678369998932,0.0681167244911193,-0.0119732469320297,-0.0325764417648315,XArbitraryCorrectedZVertical,0.069202095575057,0.0074668270550637,0.130829165508386,0.9889586034179632,0.9756607413291932,-0.2150012105703354,0.0431354455649852,49.29254150390625,-16.22991943359375,10.38427734375,-1,2,1181
2025-11-20T22:17:59.237+01:00,3051,630441.5020521667,0.2694595049244852,-0.0046175553365885,0.1397327491069389,-0.25154709815979,0.0617289319634437,0.1366841048002243,0.0843092203140258,-0.0215543955564498,-0.0280600823462009,XArbitraryCorrectedZVertical,0.0694860898939076,0.007094697833778,0.1338347430576689,0.9885391424472206,0.9743455052375792,-0.2209382504224777,0.0428610779345035,49.166748046875,-16.36882019042969,10.21759033203125,-1,2,1182
2025-11-20T22:17:59.272+01:00,3052,630441.5369691667,0.2709527354825532,-0.0049444453074833,0.1431895353908622,-0.2450044900178909,0.026584530249238,-0.0856634750962257,0.3338194489479065,-0.1450816243886948,-0.0216189585626125,XArbitraryCorrectedZVertical,0.0712109909304615,0.0072181735404982,0.1345406764237259,0.988319715245122,0.9740267395973206,-0.2222126871347427,0.0435153506696224,49.04498291015625,-16.433349609375,10.25621032714844,-1,2,1183
2025-11-20T22:17:59.307+01:00,3053,630441.5718851667,0.26671949553538,-0.0057575849698941,0.1433110694947535,-0.2445572465658188,-0.0034313988871872,-0.1164953261613846,0.1849478483200073,0.0296635180711746,0.036167737096548,XArbitraryCorrectedZVertical,0.0713400313432125,0.0066735686352083,0.1324187720163081,0.9886006743417656,0.9750099182128906,-0.2181247472763062,0.0421556159853935,48.747802734375,-15.89697265625,9.86492919921875,-1,2,1184
2025-11-20T22:17:59.341+01:00,3054,630441.6068021667,0.2679774002146711,-0.009494437870398,0.1469415214394874,-0.2252308428287506,0.0038107894361019,0.176828920841217,-0.0461170673370361,0.1981971263885498,0.0723918676376342,XArbitraryCorrectedZVertical,0.0733783895921006,0.0051139252919844,0.1328809124786257,0.9883987492089832,0.9748889207839966,-0.21916264295578,0.0394855625927448,48.57489013671875,-15.57243347167969,9.348648071289062,-1,2,1185
2025-11-20T22:17:59.376+01:00,3055,630441.6417181666,0.2769937082979925,-0.0115011988810935,0.151587140203308,-0.0983403846621513,0.0643068775534629,0.241043284535408,-0.0407142639160156,0.087778627872467,0.0549224577844142,XArbitraryCorrectedZVertical,0.0757863413147944,0.0047743050074838,0.1372246288781132,0.9876249127706548,0.9729346036911012,-0.2276101112365723,0.0398955941200256,48.41217041015625,-15.690185546875,9.604644775390623,-1,2,1186
2025-11-20T22:17:59.413+01:00,3056,630441.6766351667,0.2828824283533821,-0.0141360575489294,0.1628530205636494,-0.0774194374680519,0.0503559075295925,0.0311941783875227,-0.0650061964988708,0.0666205734014511,0.0736162662506103,XArbitraryCorrectedZVertical,0.0815153823486033,0.0044915319283302,0.1399303543863527,0.9867900154960136,0.9716985821723938,-0.2326666712760925,0.0408399105072021,48.2310791015625,-15.755615234375,9.784500122070312,-1,2,1187
2025-11-20T22:17:59.451+01:00,3057,630441.7115511667,0.2807999778793882,-0.0139082540663392,0.1717568166532912,-0.0707631036639213,0.0711748301982879,-0.1539261639118195,-0.0037476420402526,0.070068210363388,0.0824354887008667,XArbitraryCorrectedZVertical,0.0858963916488208,0.0051424270630258,0.1388294812754594,0.986570766296732,0.97220778465271,-0.2301786839962006,0.0427781157195568,48.0689697265625,-15.38192749023438,9.885360717773438,-1,2,1188
2025-11-20T22:17:59.481+01:00,3058,630441.7464681667,0.2757348462969467,-0.0133003568665686,0.1763843809686242,-0.1049459874629974,0.0194089021533727,-0.1287577152252197,0.0274396538734436,0.0884411036968231,0.0891366004943847,XArbitraryCorrectedZVertical,0.088150621470772,0.0055429465951471,0.1363137742115454,0.9867204799814824,0.973369002342224,-0.2250682264566422,0.0435537658631801,47.8824462890625,-14.92300415039062,9.937774658203123,-1,2,1189
2025-11-20T22:17:59.516+01:00,3059,630441.7813841667,0.2722251693307526,-0.0126424882807191,0.1720772104348804,-0.1400958001613617,-0.0197936333715915,-0.0511793121695518,0.0305421948432922,0.1024988293647766,0.0766026973724365,XArbitraryCorrectedZVertical,0.0859905599247926,0.0054206044027524,0.1346498713045348,0.9871402299328904,0.9741270542144777,-0.2219446152448654,0.0426294766366481,47.7392578125,-14.44227600097656,9.67510986328125,-1,2,1190
2025-11-20T22:17:59.551+01:00,3060,630441.8163011667,0.2731562936946786,-0.0146018166750887,0.1670897502648942,-0.1327452063560486,-0.0851747691631317,0.111895889043808,0.0130634307861328,0.1072496622800827,0.0546696186065673,XArbitraryCorrectedZVertical,0.0836589978444929,0.0041538032866273,0.1350718629480773,0.9872889899460406,0.9739818572998048,-0.2231096178293228,0.0397669561207294,47.5997314453125,-14.52265930175781,9.196609497070312,-1,2,1191
2025-11-20T22:17:59.586+01:00,3061,630441.8512171668,0.2795004211566589,-0.0193175908772021,0.1638094764114451,-0.0350410565733909,-0.1185007691383362,0.2344806492328644,-0.0606283545494079,0.0911894142627716,0.0148627758026123,XArbitraryCorrectedZVertical,0.0823526987207213,0.0018632807123134,0.1380398195120468,0.9869952606610596,0.9726918935775756,-0.2293729782104492,0.0354759246110916,47.271484375,-14.49534606933594,9.070968627929688,-1,2,1192
2025-11-20T22:17:59.621+01:00,3062,630441.8861341667,0.2883751301773476,-0.025490088140072,0.164776418065004,0.0985779240727424,-0.1463009566068649,0.2424403727054596,-0.0920864939689636,0.0563767850399017,0.0044997930526733,XArbitraryCorrectedZVertical,0.0832594914469385,-0.0007457796419157,0.1421515023256902,0.9863368494149212,0.9708096385002136,-0.2378190010786057,0.0311599820852279,46.8345947265625,-14.61207580566406,8.580764770507812,-1,2,1193
2025-11-20T22:17:59.660+01:00,3063,630441.9210501667,0.2954511747114986,-0.0314964864234483,0.1700774499797717,0.2118908911943436,-0.1193114444613457,0.1287619173526764,-0.1177446246147156,0.0241221487522125,0.011580467224121,XArbitraryCorrectedZVertical,0.0863102507198632,-0.0030196671747665,0.1453158270640673,0.9856088444111316,0.9693071246147156,-0.2442759275436401,0.0278024487197399,46.485107421875,-14.8389892578125,8.680328369140625,-1,2,1194
2025-11-20T22:17:59.691+01:00,3064,630441.9559671667,0.2964580693378734,-0.0352115785116883,0.1788004378169197,0.276396632194519,-0.0930819511413574,-0.0963672623038291,-0.0931487083435058,0.010342001914978,0.0349824391305446,XArbitraryCorrectedZVertical,0.0908780832530038,-0.0041586817948971,0.1455196885463246,0.9851638423881988,0.969231903553009,-0.2447169423103333,0.0265103988349437,46.21490478515625,-14.85874938964844,8.59912109375,-1,2,1195
2025-11-20T22:17:59.731+01:00,3065,630441.9908831667,0.2905630373256332,-0.0372666284173713,0.1885728765338586,0.2623478174209595,-0.0866847932338714,-0.2213740199804306,-0.0333752632141113,0.0245465040206909,0.063711404800415,XArbitraryCorrectedZVertical,0.0958242410803249,-0.0047267020866339,0.1423672634240005,0.9851532086003596,0.9707987904548644,-0.2385051697492599,0.0257813520729541,46.06854248046875,-14.01905822753906,8.829925537109375,-1,2,1196
2025-11-20T22:17:59.761+01:00,3066,630442.0258001667,0.2837670479034994,-0.038475027995247,0.1975380937622717,0.2329785078763962,-0.0578691512346267,-0.156828910112381,0.0152989625930786,0.0338141620159149,0.0667767524719238,XArbitraryCorrectedZVertical,0.100306509419553,-0.0050087675256584,0.1388149370363148,0.9852126436600552,0.9725091457366944,-0.2314764708280563,0.025386294350028,45.851318359375,-13.70648193359375,8.66802978515625,-1,2,1197
2025-11-20T22:17:59.796+01:00,3067,630442.0607161667,0.2809557627639539,-0.0400741593253129,0.2046424270029903,0.1636141240596771,-0.0798652395606041,-0.0046584624797105,0.0717682242393493,0.0307348817586898,0.080775499343872,XArbitraryCorrectedZVertical,0.1039069248583747,-0.0054358311200658,0.1372296722227726,0.9850593502435304,0.9732605814933776,-0.2283514589071274,0.0248915683478117,45.00634765625,-13.63311767578125,8.496826171875,-1,2,1198
2025-11-20T22:17:59.830+01:00,3068,630442.0956331667,0.2849654990544092,-0.0447349826248405,0.2082955745203461,0.0536528080701828,-0.1325183510780334,0.2243509590625763,0.0495651364326477,0.0284958034753799,0.0787034034729003,XArbitraryCorrectedZVertical,0.1060391316644283,-0.0072603335183252,0.1388948228120075,0.9845868183049784,0.97248375415802,-0.2319259494543076,0.0220350492745637,44.77154541015625,-13.71688842773438,8.701675415039062,-1,2,1199
2025-11-20T22:17:59.866+01:00,3069,630442.1305501667,0.2954384584138491,-0.0510995323150626,0.2083146880109334,-0.0086376694962382,-0.0877666547894477,0.3201504349708557,-0.0612844824790954,0.0212140828371048,0.0317727327346801,XArbitraryCorrectedZVertical,0.1065429509369572,-0.009834371211216,0.1437099812422163,0.9838187797469872,0.970143735408783,-0.2418561428785324,0.018077652901411,44.4287109375,-14.14967346191406,8.36724853515625,-1,2,1200
2025-11-20T22:17:59.900+01:00,3070,630442.1654661667,0.3046158522334775,-0.054274506386494,0.2075636664694421,0.004520840011537,0.0371830873191356,0.1549152135848999,-0.0480111837387085,0.0019775629043579,5.979090929031372e-07,XArbitraryCorrectedZVertical,0.1064532558519063,-0.0109637898147277,0.1480694277732091,0.9831699204752352,0.9679484367370604,-0.2505890130996704,0.0167687963694334,44.016357421875,-14.43891906738281,8.070892333984375,-1,2,1201
2025-11-20T22:17:59.935+01:00,3071,630442.2003831667,0.3061330558246321,-0.0521541436808937,0.2098153503754815,0.1311679631471634,0.0794982612133026,-0.0027135321870446,0.200590193271637,-0.0549434125423431,-0.0244705658406019,XArbitraryCorrectedZVertical,0.1074094930615041,-0.0096671202111895,0.1488812736197438,0.9829569229501264,0.9675617814064026,-0.2518650591373444,0.0197097491472959,43.49072265625,-14.46052551269531,8.634963989257812,-1,2,1202
2025-11-20T22:17:59.971+01:00,3072,630442.2352991668,0.3065472166211188,-0.0498512135503158,0.2156146003321797,0.1769255995750427,0.0278604198247194,0.0144172068685293,0.0777139067649841,0.0278761386871337,0.001507643610239,XArbitraryCorrectedZVertical,0.1100871429944644,-0.0080654241877851,0.1490904133461909,0.9826433266960524,0.9674826860427856,-0.2518446445465088,0.0234862510114908,43.15826416015625,-14.31608581542969,9.026290893554688,-1,2,1203
2025-11-20T22:18:00.011+01:00,3073,630442.2702161667,0.3076340520045462,-0.0500322831210358,0.2213959803641406,0.1763692498207092,-0.0255019292235374,0.0137988664209842,-0.0066698789596557,0.0779192745685577,-0.0175162553787231,XArbitraryCorrectedZVertical,0.1129424887433249,-0.0076466570278821,0.1494951087605124,0.9822610684129588,0.9672868847846984,-0.2524492740631104,0.0250082798302173,42.8546142578125,-14.09239196777344,8.874130249023438,-1,2,1204
2025-11-20T22:18:00.040+01:00,3074,630442.3051321667,0.305597074370292,-0.0514721656166597,0.2269648788211606,0.1326266825199127,-0.067781463265419,-0.1702095419168472,-0.0145035982131958,0.0647729337215423,-0.0161720514297485,XArbitraryCorrectedZVertical,0.1157741315176967,-0.0080400326936927,0.1482955022981619,0.982110083267818,0.967903196811676,-0.2501214146614075,0.0245491545647382,42.37213134765625,-14.77531433105469,9.04119873046875,-1,2,1205
2025-11-20T22:18:00.075+01:00,3075,630442.3400491667,0.2976289955322702,-0.0523890262821322,0.2317171837690133,0.1193188577890396,-0.0797600597143173,-0.244215726852417,0.0424383282661438,0.0845867246389389,-0.0364788770675659,XArbitraryCorrectedZVertical,0.1181399652243415,-0.0085947996066021,0.1442270650706906,0.9824294248183733,0.9699364304542542,-0.2422709912061691,0.0229747928678989,42.30218505859375,-14.36839294433594,8.795623779296875,-1,2,1206
2025-11-20T22:18:00.109+01:00,3076,630442.3749650001,0.2892542981295188,-0.0534028590631527,0.2360077266030372,0.0946186333894729,-0.1026494354009628,-0.234167218208313,0.0326607227325439,0.0716827064752578,-0.0438817739486694,XArbitraryCorrectedZVertical,0.1202806012136695,-0.0092741532491306,0.1399597912847501,0.9827807244612294,0.9719932675361632,-0.2340667545795441,0.021024040877819,42.08380126953125,-13.93629455566406,9.123519897460938,-1,2,1207
2025-11-20T22:18:00.145+01:00,3077,630442.4098820001,0.2819488655576534,-0.0539422197608575,0.239037641046876,0.0672785863280296,-0.0075279003940522,-0.1861599832773209,-0.0223862528800964,0.1130353659391403,-0.0577973127365112,XArbitraryCorrectedZVertical,0.1217708400511881,-0.0097625329355716,0.1362712421665103,0.9831107578032956,0.9737107157707214,-0.2269574552774429,0.0194365996867418,41.83782958984375,-13.54618835449219,9.230880737304688,-1,2,1208
2025-11-20T22:18:00.179+01:00,3078,630442.444799,0.2759509468444546,-0.0515097446011609,0.2414582189146593,0.0487211644649505,0.0492914021015167,-0.1309890300035477,-0.0069590806961059,0.1196512430906296,-0.0418850183486938,XArbitraryCorrectedZVertical,0.1227680125634514,-0.008762573419346,0.1334197015272317,0.9833872497633742,0.9750223755836488,-0.2211221605539322,0.0208889096975326,42.12939453125,-13.03993225097656,9.14764404296875,-1,2,1209
2025-11-20T22:18:00.214+01:00,3079,630442.479715,0.2734867873925371,-0.0490956824983975,0.2427703572892498,0.0207690261304378,0.0397189669311046,-0.0153312906622886,0.000689148902893,0.0872776508331298,-0.0340220928192138,XArbitraryCorrectedZVertical,0.1232421815224857,-0.00763596546011,0.1323294292726231,0.9834846598904876,0.9755223989486694,-0.2187015563249588,0.0229288563132286,41.86090087890625,-12.87620544433594,9.238540649414062,-1,2,1210
2025-11-20T22:18:00.249+01:00,3080,630442.514632,0.2744761921047897,-0.0490951037087845,0.2432471968895906,0.0199771337211132,-0.0176551975309848,0.045364748686552,0.0030055046081542,0.0813729166984558,-0.0439366102218627,XArbitraryCorrectedZVertical,0.123480186940308,-0.0075416391480039,0.1328062862207749,0.98339115580305,0.9753116369247437,-0.2196022421121597,0.0232761669903993,41.55712890625,-13.14366149902344,9.159133911132812,-1,2,1211
2025-11-20T22:18:00.291+01:00,3081,630442.549548,0.2746543424081246,-0.0494870464179728,0.2443899035937398,0.0464391969144344,0.0065050236880779,-0.0528541319072246,-0.0386335849761962,0.0710837095975875,-0.0601148605346679,XArbitraryCorrectedZVertical,0.1240682576876751,-0.0076440412759127,0.132846264757623,0.9833110079792458,0.975294291973114,-0.2196890115737915,0.0231885239481926,41.34130859375,-12.99760437011719,9.251205444335938,-1,2,1212
2025-11-20T22:18:00.319+01:00,3082,630442.5844650001,0.2713162186061997,-0.0475218106151914,0.2466132895910583,0.0629233345389366,0.0593972280621528,-0.1237843856215477,-0.0064366459846496,0.0638062953948974,-0.0571893453598022,XArbitraryCorrectedZVertical,0.1250187842503029,-0.006732290827465,0.131282329311562,0.9834073496407024,0.9759953618049622,-0.2163788974285126,0.0247643701732158,41.1954345703125,-12.72976684570312,9.265335083007812,-1,2,1213
2025-11-20T22:18:00.354+01:00,3083,630442.619381,0.2665634832056563,-0.0438306879884606,0.2487150065441486,0.0405425690114498,0.0808394327759742,-0.1320661604404449,0.0284208059310913,0.0702463537454605,-0.0377215109765529,XArbitraryCorrectedZVertical,0.1257971772704928,-0.0050724805312404,0.1291356065487863,0.9836022965220432,0.976935088634491,-0.211741104722023,0.0276353973895311,41.3084716796875,-12.79737854003906,9.352340698242188,-1,2,1214
2025-11-20T22:18:00.389+01:00,3084,630442.654298,0.2629177552938508,-0.0399246007395307,0.2496440672072662,0.0039802975952625,0.0838631838560104,-0.0597554817795753,0.0306125879287719,0.0821472257375717,-0.027457121759653,XArbitraryCorrectedZVertical,0.1259955033483806,-0.0033187468146243,0.127571174397892,0.983788397820563,0.9775964617729188,-0.2082305252552032,0.0307376813143491,40.93170166015625,-12.51856994628906,9.69305419921875,-1,2,1215
2025-11-20T22:18:00.424+01:00,3085,630442.689214,0.2628781167888067,-0.037413570549443,0.2493750899064155,-0.0146803110837936,0.057671807706356,0.0630948543548584,0.038865327835083,0.0794429183006286,-0.0195006132125854,XArbitraryCorrectedZVertical,0.1257029584444732,-0.0021038757333763,0.1277144244962759,0.983810649535655,0.977522611618042,-0.2082117944955826,0.0331266447901725,40.98614501953125,-12.55813598632812,9.808670043945312,-1,2,1216
2025-11-20T22:18:00.459+01:00,3086,630442.724131,0.2666245718129396,-0.0365740920767549,0.2490172870871223,0.0024641703348606,0.0480055510997772,0.1268257051706314,0.0431383848190307,0.0574196428060531,-0.0232518911361694,XArbitraryCorrectedZVertical,0.1254764331240701,-0.0014795524907114,0.1296160263713183,0.9835919721383454,0.9766979813575744,-0.2117775231599808,0.0348028242588043,40.9100341796875,-12.81982421875,9.995834350585938,-1,2,1217
2025-11-20T22:18:00.494+01:00,3087,630442.7590480001,0.2705369822906174,-0.0365474895899389,0.2496066253060914,0.0341504476964473,0.0074504371732473,0.0880555510520935,0.045992374420166,0.0095582604408264,-0.0205000676214695,XArbitraryCorrectedZVertical,0.1257669110502758,-0.0011809260802661,0.1315313204020042,0.9833009730569728,0.9758581519126892,-0.2154297977685928,0.0359266325831413,40.66973876953125,-13.04246520996094,9.990890502929688,-1,2,1218
2025-11-20T22:18:00.528+01:00,3088,630442.7939640001,0.2725353946130646,-0.0370475389347707,0.2511037154090268,0.0521844290196895,8.621672168374062e-05,0.023460928350687,-0.0247529745101928,0.0220015048980712,-0.0165467225015163,XArbitraryCorrectedZVertical,0.1265365862914187,-0.001198488752383,0.1324559918251206,0.9830781485396896,0.9754518866539,-0.2172071784734726,0.0362610146403312,40.428466796875,-13.10081481933594,9.990524291992188,-1,2,1219
2025-11-20T22:18:00.564+01:00,3089,630442.828881,0.2729426609780841,-0.0364994347496438,0.2530860995512008,0.0610085502266883,0.036568384617567,-0.0054629133082926,-0.0413218736648559,0.0303133279085159,-0.0060327015817165,XArbitraryCorrectedZVertical,0.1274741815734246,-0.0007673042266035,0.1326561210864309,0.9829304596098508,0.9753581881523132,-0.2174471020698547,0.0373284183442592,40.4151611328125,-13.01048278808594,10.10043334960938,-1,2,1220
2025-11-20T22:18:00.598+01:00,3090,630442.863797,0.2713547587904778,-0.0347099176579198,0.2547247942656599,0.0198727063834667,0.0372338443994522,-0.085768923163414,-0.0417972207069397,0.0233112275600433,0.00857949629426,XArbitraryCorrectedZVertical,0.1281604049663508,0.0001227689897953,0.1319616824497952,0.9829349831518064,0.9756504893302916,-0.2158313691616058,0.0390279218554496,40.37200927734375,-12.77920532226562,10.13368225097656,-1,2,1221
2025-11-20T22:18:00.634+01:00,3091,630442.898714,0.2675157909552548,-0.0324649432397119,0.2546145697580415,-0.0299976579844951,0.0375204384326934,-0.1121457889676094,0.0073557496070861,0.0308696329593658,0.0049565993249416,XArbitraryCorrectedZVertical,0.1279601763517377,0.0009729832915375,0.1302203164299113,0.9831926854071196,0.9763935208320618,-0.2122202813625336,0.0402246229350566,40.258056640625,-12.53363037109375,10.20326232910156,-1,2,1222
2025-11-20T22:18:00.668+01:00,3092,630442.933631,0.263687161202771,-0.0303142325276736,0.2532971458629426,-0.0448631271719932,0.030460700392723,-0.0992279797792434,0.0087542533874511,0.0465611666440963,-0.001335147768259,XArbitraryCorrectedZVertical,0.1271762255150269,0.0016984311354094,0.1284962522449136,0.9835201869715036,0.9771159887313844,-0.2087010145187378,0.0410841889679431,40.1739501953125,-12.63705444335938,10.15476989746094,-1,2,1223
2025-11-20T22:18:00.703+01:00,3093,630442.9685470001,0.2600558469875179,-0.0286350965267804,0.2518165761385287,-0.0463865473866462,0.0088210701942443,-0.0922195240855217,0.0244706273078918,0.0442867130041122,0.0002526007592678,XArbitraryCorrectedZVertical,0.1263447283086799,0.0021969094451905,0.1268395484499603,0.9838413782115972,0.9778027534484864,-0.20537368953228,0.0415107011795043,40.2716064453125,-12.65391540527344,10.30461120605469,-1,2,1224
2025-11-20T22:18:00.738+01:00,3094,630443.0034640001,0.2574385761700324,-0.0277395881935118,0.2504292386746044,-0.0373533330857753,0.0084536466747522,-0.0445158183574676,0.0137327909469604,0.0399079024791717,-0.0056863911449909,XArbitraryCorrectedZVertical,0.1256089556529434,0.0023826292018283,0.1256291109987885,0.9840905637334462,0.9783022999763488,-0.2029938548803329,0.0414529517292976,40.20361328125,-12.45974731445312,9.99835205078125,-1,2,1225
2025-11-20T22:18:00.773+01:00,3095,630443.03838,0.2563534043096097,-0.0270860001713184,0.2488658055325294,-0.0605784282088279,0.0088704172521829,-0.0222081709653139,-0.0067344307899475,0.0204022824764251,-0.0008885897696018,XArbitraryCorrectedZVertical,0.1248003260030026,0.0025356521202312,0.1251590530556397,0.984252820019528,0.9784902930259703,-0.2020733803510666,0.0415075048804283,40.1695556640625,-12.45562744140625,9.946365356445312,-1,2,1226
2025-11-20T22:18:00.812+01:00,3096,630443.073297,0.2553305002128088,-0.0264751649891926,0.2460791434706299,-0.092556893825531,0.016500124707818,-0.0287072844803333,-0.0209577679634094,0.0107409805059433,0.003750916570425,XArbitraryCorrectedZVertical,0.1233925084635168,0.0025941654493878,0.1247337914457252,0.9844841617683816,0.9786603450775146,-0.2012926787137985,0.0412929467856884,40.2537841796875,-12.47103881835938,10.10482788085938,-1,2,1227
2025-11-20T22:18:00.843+01:00,3097,630443.108214,0.2541922519147649,-0.0251115858995305,0.2428054184991359,-0.0911246016621589,0.0403561890125274,-0.0346013791859149,-0.0208122134208679,0.0080641657114028,0.0008159913122653,XArbitraryCorrectedZVertical,0.1216981652317917,0.0029867952200962,0.1243030968043036,0.9847484583083412,0.9788201451301576,-0.2004317194223404,0.0416949689388275,40.14239501953125,-12.36083984375,10.01913452148438,-1,2,1228
2025-11-20T22:18:00.878+01:00,3098,630443.14313,0.252802556090074,-0.0235788850186004,0.2395246396910201,-0.103832371532917,0.0265743359923362,-0.0405623242259025,-0.0113415122032165,0.0015133321285247,0.0061469040811061,XArbitraryCorrectedZVertical,0.1199903691485135,0.0034493753754082,0.1237559733441003,0.9850253154965516,0.979023277759552,-0.1993282288312912,0.0422081761062145,40.162109375,-12.18411254882812,10.10090637207031,-1,2,1229
2025-11-20T22:18:00.913+01:00,3099,630443.1780470001,0.2510911531421331,-0.0224327940340838,0.235508254334497,-0.1270798146724701,0.0238970294594764,-0.0478714890778064,-0.0117746591567993,-0.0024932920932769,0.0075212679803371,XArbitraryCorrectedZVertical,0.1179449322213871,0.0036589050590085,0.1230337668963183,0.9853619732709143,0.9793038368225098,-0.1979613751173019,0.0421307981014251,40.096435546875,-12.26942443847656,9.991897583007812,-1,2,1230
2025-11-20T22:18:00.948+01:00,3100,630443.212963,0.2498681527406438,-0.0209544463807405,0.2310751375730266,-0.1254477500915527,0.0422387570142746,-0.0124828498810529,0.0067671537399291,-0.0001255720853805,0.0009746514260768,XArbitraryCorrectedZVertical,0.1156727340840848,0.0040381948968339,0.1225733702504588,0.9856871992589914,0.9794692993164062,-0.1970789432525635,0.0424212925136089,40.04974365234375,-12.45831298828125,10.022216796875,-1,2,1231
2025-11-20T22:18:00.983+01:00,3101,630443.24788,0.249694541492029,-0.0194100699400163,0.2268533219831256,-0.1157966926693916,0.0387699753046035,-0.0011455714702606,0.014535903930664,-0.0092435032129287,0.0003333091735839,XArbitraryCorrectedZVertical,0.1134980850352762,0.0045258499715573,0.1226273071431164,0.9859311706602882,0.9794215559959412,-0.1971773654222488,0.0430626384913921,39.629638671875,-12.48721313476562,10.04820251464844,-1,2,1232
2025-11-20T22:18:01.018+01:00,3102,630443.282796,0.249057595286427,-0.0181785211151074,0.2233429262526918,-0.0840487405657768,0.0235244333744049,-0.0304947029799222,0.0076225399971008,-0.0098787248134613,-0.002420425415039,XArbitraryCorrectedZVertical,0.1116938897609896,0.0048784404529469,0.1224233895309655,0.9861608404618885,0.979483723640442,-0.1967862695455551,0.0434359610080719,39.78546142578125,-12.5450439453125,10.07199096679688,-1,2,1233
2025-11-20T22:18:01.053+01:00,3103,630443.317713,0.2473888647453122,-0.0169535748037544,0.2211141170858883,-0.0411587245762348,0.0283493250608444,-0.0587738491594791,-0.0111756920814514,-0.0013263970613479,-0.0090584754943847,XArbitraryCorrectedZVertical,0.1105245193112819,0.0052516219200129,0.121693477242814,0.9863810154175412,0.9797577857971193,-0.1953288316726685,0.0438331738114357,39.65765380859375,-12.443359375,10.08348083496094,-1,2,1234
2025-11-20T22:18:01.091+01:00,3104,630443.3526300001,0.245119874956225,-0.0152826684617563,0.2204907028475641,0.0056193871423602,0.0347680151462554,-0.0618111491203308,-0.0056923031806945,0.0029215663671493,-0.0039163790643215,XArbitraryCorrectedZVertical,0.1101221809890261,0.0059122801453735,0.1206731955187101,0.986547682846274,0.9801339507102966,-0.1931986659765244,0.0448557138442993,39.6278076171875,-12.41082763671875,10.15170288085938,-1,2,1235
2025-11-20T22:18:01.123+01:00,3105,630443.3875465001,0.2430656050854128,-0.0136060047758598,0.2215470425549539,0.0484146028757095,0.0351086407899856,-0.0631877109408378,-0.0227176547050476,0.0037944018840789,0.005212664604187,XArbitraryCorrectedZVertical,0.1105488637185693,0.0066903572533164,0.1197414959590632,0.9866084648163516,0.9804660677909852,-0.1911723166704178,0.0462552085518837,39.4268798828125,-12.22776794433594,10.19902038574219,-1,2,1236
2025-11-20T22:18:01.157+01:00,3106,630443.4224635,0.2401654588412625,-0.011956777780506,0.2237051542223114,0.0701079443097114,0.0256648436188697,-0.0912381038069725,-0.0206180810928344,-0.0003877878189086,0.00887131690979,XArbitraryCorrectedZVertical,0.1115254043325275,0.0074729318581088,0.1183811236873345,0.9866570786891002,0.9809604287147522,-0.1882718503475189,0.0476471409201622,39.53375244140625,-12.20755004882812,10.08612060546875,-1,2,1237
2025-11-20T22:18:01.192+01:00,3107,630443.4573795,0.2372694669447902,-0.0107475629583164,0.2260058815016091,0.0560088455677032,0.0058871218934655,-0.0669333785772323,0.0009105205535888,-0.0094723105430603,0.021276481449604,XArbitraryCorrectedZVertical,0.1126003399280654,0.0080440561686174,0.1169983588729139,0.9866954835948054,0.9814656972885132,-0.1853671371936798,0.0486239567399025,39.466796875,-12.28102111816406,10.22904968261719,-1,2,1238
2025-11-20T22:18:01.227+01:00,3108,630443.4922965,0.2348012563453703,-0.0102584018709003,0.2273201717944728,0.0153541509062051,-0.0049497904255986,-0.08460284024477,-0.0035359263420104,-0.0199509114027023,0.018555399030447,XArbitraryCorrectedZVertical,0.1132302479412215,0.0082233085034632,0.1157960982249576,0.9867636933034872,0.9819141626358032,-0.1829298883676529,0.0487969070672988,39.63763427734375,-12.10794067382812,10.18568420410156,-1,2,1239
2025-11-20T22:18:01.262+01:00,3109,630443.5272135,0.2310264219030895,-0.0098102793139918,0.2269519977005434,-0.0389296188950538,-0.0161249302327632,-0.1186462268233299,0.0022793412208557,-0.0139270275831222,0.0133320055902004,XArbitraryCorrectedZVertical,0.1130383720871203,0.0082095445300907,0.1139621291913474,0.9869992519346752,0.982599139213562,-0.1793407499790192,0.0483286678791046,39.4678955078125,-11.74162292480469,10.27212524414062,-1,2,1240
2025-11-20T22:18:01.297+01:00,3110,630443.5621295001,0.2269300433193472,-0.0093476055633062,0.2248910317977024,-0.0760193318128585,-0.0087676523253321,-0.1016767174005508,0.0098077058792114,0.0033412724733352,0.0058052465319633,XArbitraryCorrectedZVertical,0.1120117966068636,0.0080899199236664,0.1119843916269763,0.9873435496276513,0.9833256602287292,-0.1755366623401642,0.0475089401006698,39.762939453125,-11.85763549804688,10.228271484375,-1,2,1241
2025-11-20T22:18:01.332+01:00,3111,630443.5970465001,0.2238579163411573,-0.0087206202485136,0.2222267452965104,-0.0724275261163711,0.0032346246298402,-0.0700806677341461,0.0029094815254211,0.0243188738822937,-0.0071313381195068,XArbitraryCorrectedZVertical,0.110673983783342,0.0080789201492193,0.1105250743983814,0.98765898421535,0.9838458895683287,-0.17274110019207,0.0469872429966926,39.612548828125,-11.65834045410156,10.015380859375,-1,2,1242
2025-11-20T22:18:01.371+01:00,3112,630443.6319625,0.2219783647825297,-0.0080966167106816,0.2202949845879952,-0.0370493233203887,0.006139085162431,-0.0310485120862722,-0.0005972981452941,0.0310752391815185,-0.0112467892467975,XArbitraryCorrectedZVertical,0.1096933056571065,0.0081763320490216,0.1096470404514513,0.9878655117961554,0.9841485023498536,-0.1710441112518311,0.0468608327209949,39.6259765625,-11.58111572265625,9.938720703125,-1,2,1243
2025-11-20T22:18:01.402+01:00,3113,630443.6668795,0.221642673991614,-0.0079694083188277,0.2195853542280571,-0.004575896076858,-0.0027705449610948,0.0141244605183601,-0.0001462697982788,0.0221858769655227,-0.0063409805297851,XArbitraryCorrectedZVertical,0.1093372342208719,0.0081815994086109,0.1094939200759577,0.9879218334768308,0.9842008352279664,-0.1707606762647629,0.0467920526862144,39.54571533203125,-11.56170654296875,10.03753662109375,-1,2,1244
2025-11-20T22:18:01.436+01:00,3114,630443.7017965,0.2229309769916045,-0.0081859685912268,0.2199747370066741,0.0251971781253814,0.0054343878291547,0.0489751175045967,-0.0056046247482299,0.0122166574001312,-0.0062134303152561,XArbitraryCorrectedZVertical,0.1095361700208561,0.0081666751383908,0.11011526696182,0.9878308583053904,0.9839828610420228,-0.1719761341810226,0.0469238124787807,39.4246826171875,-11.50663757324219,10.07427978515625,-1,2,1245
2025-11-20T22:18:01.472+01:00,3115,630443.7367125,0.2240064533745377,-0.0083467279237045,0.2206801221610651,0.0110637340694665,-0.0039779888466,0.0047886152751743,-0.009312093257904,-0.0095409899950027,0.0026845932006835,XArbitraryCorrectedZVertical,0.109888993404595,0.0081855207675747,0.1106318536334456,0.987733787718354,0.983799397945404,-0.1729693561792374,0.0471200458705425,39.42047119140625,-11.49667358398438,9.980239868164062,-1,2,1246
2025-11-20T22:18:01.506+01:00,3116,630443.7716295001,0.2234176044798102,-0.0081955348242671,0.2205523161565484,-0.0174960866570472,0.0085894623771309,-0.0268907714635133,-0.007991075515747,-0.007459208369255,0.0054016076028347,XArbitraryCorrectedZVertical,0.1098199412216495,0.0082207289047989,0.1103503850936591,0.9877726671578766,0.9838973879814148,-0.1724113672971725,0.047119140625,39.4190673828125,-11.58222961425781,10.00924682617188,-1,2,1247
2025-11-20T22:18:01.541+01:00,3117,630443.8065455001,0.2222562496293826,-0.0076580877323822,0.2194237823267034,-0.0471922755241394,0.0040194727480411,-0.0328008830547332,0.000969111919403,-0.0015234351158142,0.0071640014648437,XArbitraryCorrectedZVertical,0.109237825766258,0.0083599781696209,0.1098153012025117,0.9878956715307352,0.9840772747993468,-0.1713586300611496,0.0472030937671661,39.4036865234375,-11.61294555664062,9.97760009765625,-1,2,1248
2025-11-20T22:18:01.576+01:00,3118,630443.8414625,0.2210701589585859,-0.0073056457830455,0.2174335839214497,-0.0665001049637794,0.003901463933289,-0.0344726666808128,-0.0026701688766479,0.0057312846183776,0.0033830478787422,XArbitraryCorrectedZVertical,0.1082404248282083,0.0083597826175225,0.1092642140031511,0.9880666046326254,0.9842681288719176,-0.170327827334404,0.0469556301832199,39.5155029296875,-11.50874328613281,9.605743408203123,-1,2,1249
2025-11-20T22:18:01.611+01:00,3119,630443.8763785,0.2200070838199909,-0.0068894654496464,0.2151770623149896,-0.0612436383962631,0.0054554129019379,-0.0174931734800338,-0.0026061534881591,0.0217836201190948,-0.0027955770492553,XArbitraryCorrectedZVertical,0.107107390870985,0.0083843124708771,0.1087787406011285,0.9882433837353588,0.9844329357147216,-0.1694276481866837,0.0467560663819313,39.45770263671875,-11.50148010253906,9.889358520507812,-1,2,1250
2025-11-20T22:18:01.651+01:00,3120,630443.9112955,0.2200358364344633,-0.0068270796718473,0.2132789147997606,-0.0481699630618095,-0.0024741156958043,0.0161107238382101,0.0040110945701599,0.0185251384973526,-0.0010459423065185,XArbitraryCorrectedZVertical,0.1061659939397828,0.0083127282624648,0.1088106338487295,0.9883420259437784,0.9844227433204652,-0.1695566177368164,0.0465017631649971,39.54949951171875,-11.38148498535156,9.794052124023438,-1,2,1251
2025-11-20T22:18:01.681+01:00,3121,630443.9462125,0.2208560175962128,-0.0069167587007949,0.212035921754636,-0.0254646409302949,0.0028886552900075,0.0270127635449171,-0.0023170709609985,0.011369302868843,-0.0031149387359619,XArbitraryCorrectedZVertical,0.1055532787498971,0.0082436194994071,0.109220566286871,0.9883630226698502,0.9842811226844788,-0.1704116314649582,0.0463735498487949,39.45556640625,-11.42425537109375,9.890899658203123,-1,2,1252
2025-11-20T22:18:01.716+01:00,3122,630443.9811285001,0.2217612419241839,-0.0071408140503877,0.211349278947937,-0.0161530841141939,0.0002169776707887,0.0236872974783182,-0.0008390545845031,0.0041436702013015,-0.0024312771856784,XArbitraryCorrectedZVertical,0.1052225378232676,0.0081427701136086,0.1096613029530066,0.9883502952661328,0.9841306209564208,-0.1713189035654068,0.0462239198386669,39.39556884765625,-11.75611877441406,9.775894165039062,-1,2,1253
2025-11-20T22:18:01.751+01:00,3123,630444.0160455001,0.2224986477604585,-0.0070253743523635,0.2109048911418854,-0.0089560523629188,0.0124517949298024,0.0182839650660753,-0.0065616369247436,0.0013518035411834,-0.0004854165017604,XArbitraryCorrectedZVertical,0.1049935854484311,0.0082139947731262,0.1100351348699217,0.988332615551654,0.9839940071105956,-0.1720518618822098,0.0464143827557563,39.4207763671875,-11.70648193359375,9.769393920898438,-1,2,1254
2025-11-20T22:18:01.786+01:00,3124,630444.0509615,0.22302795941282,-0.006797070674997,0.2103098441762886,-0.0236442871391773,0.0083647090941667,0.0175622440874576,-0.0003066658973693,0.001572236418724,0.0088655948638916,XArbitraryCorrectedZVertical,0.1046847998268751,0.0083215691281858,0.1103131701203901,0.9883334066568183,0.9838881492614746,-0.1725927144289017,0.0466458424925804,39.36541748046875,-11.66481018066406,9.811737060546877,-1,2,1255
2025-11-20T22:18:01.821+01:00,3125,630444.0858785,0.2235864092327116,-0.0065413061049141,0.2093589305194601,-0.0308229476213455,0.0162841062992811,0.0167047977447509,-0.0035964846611022,0.0073633790016174,0.0055657625198364,XArbitraryCorrectedZVertical,0.1041984584691042,0.0084242735193717,0.1106096104733333,0.988350802326294,0.98377525806427,-0.1731805950403214,0.0468481555581092,39.33465576171875,-11.69450378417969,9.671279907226562,-1,2,1256
2025-11-20T22:18:01.856+01:00,3126,630444.1207955,0.224392646541426,-0.0059723199364786,0.2083397747607421,-0.0292546041309833,0.0209838412702083,0.0305760912597179,-0.0060329437255859,0.0106499195098877,0.003934271633625,XArbitraryCorrectedZVertical,0.1036598720965737,0.008690543244786,0.1110451119112045,0.9883563082319552,0.9836025834083556,-0.1740105003118515,0.0473962575197219,39.3890380859375,-11.85307312011719,9.77215576171875,-1,2,1257
2025-11-20T22:18:01.891+01:00,3127,630444.1557115001,0.2258398402208045,-0.0054811614098434,0.2073964122990836,-0.0261354073882103,0.0187361240386962,0.0488434694707393,-0.0021764039993286,0.0120314061641693,0.0055334568023681,XArbitraryCorrectedZVertical,0.1031599792830528,0.0089552542980273,0.1117925009069732,0.98832196260129,0.9833164811134338,-0.1754530221223831,0.0480095408856868,39.12841796875,-11.81173706054688,9.997726440429688,-1,2,1258
2025-11-20T22:18:01.931+01:00,3128,630444.1906285001,0.2278732469917429,-0.0050698622516817,0.2065776431089031,-0.0167063251137733,0.0245468877255916,0.077420026063919,0.0033425688743591,0.0136038661003112,0.0043420866131782,XArbitraryCorrectedZVertical,0.1027230750562278,0.0092169545254884,0.1128243102391125,0.9882478769237352,0.9829246401786804,-0.1774527281522751,0.0486822389066219,39.18841552734375,-11.91963195800781,10.04185485839844,-1,2,1259
2025-11-20T22:18:01.961+01:00,3129,630444.2255445,0.2308021513490107,-0.0049270280709309,0.2061590077615779,-0.0071390927769243,0.0136417429894208,0.0834194794297218,-0.0051410198211669,0.0040678530931472,0.0097420290112495,XArbitraryCorrectedZVertical,0.1024944941466199,0.009413917397431,0.1142817582691859,0.9881022674767814,0.9823750257492064,-0.1802915781736374,0.0493399985134601,38.9630126953125,-12.00422668457031,9.934616088867188,-1,2,1260
2025-11-20T22:18:01.995+01:00,3130,630444.2604615,0.2333180528060004,-0.0052176784666364,0.2060012542251881,-0.00246387347579,0.0007232837378978,0.0521252155303955,-0.0107558369636535,-0.0058651119470596,0.0137902498245239,XArbitraryCorrectedZVertical,0.1024214416021527,0.0093901164230045,0.115510910671634,0.9879670784016836,0.9819167256355286,-0.1827182173728943,0.0495336912572383,38.91064453125,-11.90670776367188,9.687652587890623,-1,2,1261
2025-11-20T22:18:02.030+01:00,3131,630444.2953785,0.2342615411297477,-0.0054903180639227,0.2058567965215778,-0.0083305519074201,-0.0076675377786159,0.0039659421890974,-0.0143441557884216,-0.0121070593595504,0.0165644809603691,XArbitraryCorrectedZVertical,0.1023614640005083,0.0092953455333095,0.1159640729983573,0.987921044543673,0.9817512035369872,-0.1836326569318771,0.049429751932621,39.0513916015625,-12.14895629882812,9.963241577148438,-1,2,1262
2025-11-20T22:18:02.065+01:00,3132,630444.3302945,0.2340867168534098,-0.0059392409608709,0.205318710435118,-0.0222100019454956,-0.0206336788833141,-0.0098899845033884,-0.0047552585601806,-0.0104450583457946,0.0143162086606025,XArbitraryCorrectedZVertical,0.1021224926856948,0.0090333086353156,0.1158587390913448,0.9879606622876717,0.9818060994148254,-0.1834941357374191,0.0488552078604698,38.99884033203125,-12.15608215332031,9.638641357421877,-1,2,1263
2025-11-20T22:18:02.100+01:00,3133,630444.3652110001,0.233565688443291,-0.0064635942977625,0.2043788976549051,-0.0272916574031114,-0.0135770495980978,-0.0204031486064195,-0.0108138918876647,-0.0054928958415985,0.0036180093884468,XArbitraryCorrectedZVertical,0.1016909078596971,0.0086930562618535,0.1155816773320646,0.9880406802691538,0.9819290637969972,-0.1830446720123291,0.0480634793639183,39.11279296875,-12.27902221679688,9.845428466796877,-1,2,1264
2025-11-20T22:18:02.135+01:00,3134,630444.4001270001,0.2325374839909739,-0.0062949523478289,0.203714021867069,-0.0125407427549362,0.0028852380346506,-0.0354376584291458,-0.0192385911941528,0.0028320550918579,-0.0006912872195243,XArbitraryCorrectedZVertical,0.1013571942542601,0.0086856218028736,0.1150872406681869,0.988132780764078,0.98211407661438,-0.1820922940969467,0.0479019954800605,39.0985107421875,-12.2386474609375,9.850296020507812,-1,2,1265
2025-11-20T22:18:02.170+01:00,3135,630444.435044,0.231087441194719,-0.0058121881195658,0.2033770499364576,-0.0034184860996901,0.0025017147418111,-0.0408407859504222,-0.0009472966194152,0.0113129764795303,0.0023590326309204,XArbitraryCorrectedZVertical,0.1011693719036726,0.0088313000405014,0.1143977224536322,0.98823072851177,0.9823620915412904,-0.1807160228490829,0.0480254516005516,39.06597900390625,-12.16671752929688,9.754531860351562,-1,2,1266
2025-11-20T22:18:02.208+01:00,3136,630444.46996,0.2299326881847913,-0.005401548742999,0.2034824034293028,0.0092389453202486,0.0082006100565195,-0.0250884667038917,-0.0055676698684692,0.0162237733602523,6.115436553955078e-05,XArbitraryCorrectedZVertical,0.1012031365405776,0.0089818277742155,0.1138471375487048,0.9882895063264312,0.9825574159622192,-0.1795995831489563,0.0482175461947917,39.08416748046875,-11.93980407714844,9.72454833984375,-1,2,1267
2025-11-20T22:18:02.240+01:00,3137,630444.504877,0.2292685845885685,-0.0050639129825199,0.2037824963871081,-2.216710709035397e-05,0.0007720282301306,-0.0126430941745638,0.0007797479629516,0.0074053555727005,0.0036075189709663,XArbitraryCorrectedZVertical,0.101335225884443,0.0091321797959164,0.1135339242813514,0.9883106929051778,0.9826645851135254,-0.1789446324110031,0.048470664769411,38.97833251953125,-11.98590087890625,9.718109130859377,-1,2,1268
2025-11-20T22:18:02.275+01:00,3138,630444.539794,0.2291479523643081,-0.0052481622347565,0.2033220673778963,-0.0284272711724042,-0.0079216202720999,0.0035637398250401,0.0053723454475402,0.0011340528726577,0.0047495439648628,XArbitraryCorrectedZVertical,0.1011187172165047,0.009008776002329,0.1134682493621861,0.9883415314281432,0.9826953411102296,-0.1788531541824341,0.0481831431388855,38.98956298828125,-12.07890319824219,9.94189453125,-1,2,1269
2025-11-20T22:18:02.310+01:00,3139,630444.5747100001,0.2292139030760812,-0.0053583248986859,0.2019737895751596,-0.048887014389038,0.0001411368139088,-0.0011331350542604,0.000818133354187,0.0013608634471893,0.0001879930496215,XArbitraryCorrectedZVertical,0.1004584189170556,0.0088807954059715,0.1135048592509147,0.9884057653731247,0.9826870560646056,-0.1789883822202682,0.0478466562926769,39.0303955078125,-12.11602783203125,9.911605834960938,-1,2,1270
2025-11-20T22:18:02.344+01:00,3140,630444.609627,0.229108811897792,-0.0052162082168985,0.2000821441896259,-0.053751029074192,0.0070618735626339,-0.003557754214853,-0.0030226707458496,0.0041216611862182,-0.0043073892593383,XArbitraryCorrectedZVertical,0.0995159731938975,0.0088379401945963,0.1134733467517314,0.9885051076756652,0.9826979637145996,-0.1789873540401459,0.0476270318031311,38.971923828125,-12.12875366210938,9.905593872070312,-1,2,1271
2025-11-20T22:18:02.379+01:00,3141,630444.644543,0.2289401956823915,-0.0048466948471613,0.1984763897708106,-0.034400500357151,0.0087532475590705,-0.0065865670330822,-0.004926860332489,0.0113527178764343,-0.0071119107306003,XArbitraryCorrectedZVertical,0.098702130527977,0.0089207446122447,0.1134194441810384,0.9885920824612754,0.9827099442481996,-0.1789094209671021,0.0476697422564029,38.911865234375,-12.12626647949219,9.83709716796875,-1,2,1272
2025-11-20T22:18:02.414+01:00,3142,630444.67946,0.2286833502391248,-0.0046729801424221,0.1977512900694137,-0.008981293067336,0.0008008107542991,-0.0089971497654914,-0.0090852379798889,0.0134168118238449,-0.005378846079111,XArbitraryCorrectedZVertical,0.0983350285383103,0.0089526920707693,0.113305986499295,0.9886413853617037,0.9827484488487244,-0.1786999702453613,0.0476609095931053,38.9735107421875,-12.02908325195312,9.972503662109377,-1,2,1273
2025-11-20T22:18:02.450+01:00,3143,630444.714376,0.2284063011793394,-0.0048456686355887,0.1977473101066017,0.0055120158940553,-0.0110678244382143,0.0021745767444372,-0.0029342770576477,0.0117157697677612,0.0001704692840576,XArbitraryCorrectedZVertical,0.0983440658384283,0.0088534772938882,0.1131605637327271,0.9886580948324044,0.9828078746795654,-0.1784332692623138,0.0474368743598461,38.88336181640625,-11.953857421875,9.928909301757812,-1,2,1274
2025-11-20T22:18:02.484+01:00,3144,630444.7492930001,0.228729118919126,-0.0052289493154313,0.1979882279830959,0.0064982059411704,-0.008231365121901,0.0165697447955608,-0.0025420784950256,0.0051782131195068,-0.0022897720336914,XArbitraryCorrectedZVertical,0.0984834365638285,0.0086935982684919,0.1132996265372326,0.98862967976792,0.9827666282653807,-0.1787316650152206,0.0471658036112785,38.9393310546875,-12.06336975097656,9.828857421875,-1,2,1275
2025-11-20T22:18:02.519+01:00,3145,630444.7842100001,0.2291515470000609,-0.0056493872058276,0.1978389581286764,-0.0146988881751895,-0.0096113737672567,0.009953549131751,-0.003963828086853,-0.0035317838191986,0.00173020362854,XArbitraryCorrectedZVertical,0.0984316748897183,0.0084980629302338,0.1134887797561039,0.988614865402374,0.9827082753181458,-0.1791463941335678,0.0468079932034015,38.9031982421875,-12.04573059082031,9.947830200195312,-1,2,1276
2025-11-20T22:18:02.554+01:00,3146,630444.819126,0.2295606319854167,-0.0061693222678475,0.1970236254841695,-0.0288938023149967,-0.0160860512405633,0.015220483765006,0.0067086219787597,-0.0023321211338043,9.548664093017578e-05,XArbitraryCorrectedZVertical,0.0980564892914743,0.0082146086454425,0.1136712411818847,0.9886336019671632,0.9826560020446776,-0.1795831322669983,0.046230137348175,38.87945556640625,-12.00444030761719,9.963775634765623,-1,2,1277
2025-11-20T22:18:02.589+01:00,3147,630444.854043,0.2300999059378522,-0.0069806376608373,0.1959961863133078,-0.0278933346271514,-0.0256518647074699,0.0127857998013496,0.0020424723625183,-0.000858649611473,-0.00477921590209,XArbitraryCorrectedZVertical,0.0975926424905084,0.0077811495727338,0.113905579600458,0.9886560466423951,0.982591986656189,-0.1801563501358032,0.0453522279858589,38.93621826171875,-12.16104125976562,9.715011596679688,-1,2,1278
2025-11-20T22:18:02.624+01:00,3148,630444.888959,0.2304494998717184,-0.0080225848425077,0.1950687581584619,-0.0228681340813636,-0.029773898422718,0.0105138793587684,-0.0030192136764526,0.0007472783327102,-0.005272626876831,XArbitraryCorrectedZVertical,0.0971922894795802,0.0072299170646903,0.1140345824449346,0.9886847476139932,0.982572376728058,-0.1805415600538254,0.0442282818257808,39.07647705078125,-12.2764892578125,10.13093566894531,-1,2,1279
2025-11-20T22:18:02.659+01:00,3149,630444.923876,0.2310665021397395,-0.0090655358680996,0.194422960437429,-0.0119696296751499,-0.0229863338172435,0.0264847241342067,-0.0080761313438415,0.0066702514886856,-0.0059736967086791,XArbitraryCorrectedZVertical,0.0969304569344857,0.0067071552091485,0.1142939525292363,0.9886842119575112,0.9825023412704468,-0.1811697334051132,0.0432050488889217,39.180419921875,-12.18789672851562,9.863693237304688,-1,2,1280
2025-11-20T22:18:02.693+01:00,3150,630444.9587930001,0.2320664380954965,-0.0099531092964422,0.1941734126315229,-0.0014010576996952,-0.0187547765672206,0.030061325058341,-0.0112993717193603,0.002458706498146,-0.0067584477365016,XArbitraryCorrectedZVertical,0.0968546776563871,0.0063024382631801,0.1147472330158661,0.9886418352636944,0.9823535680770874,-0.1821461915969849,0.042479183524847,39.13763427734375,-12.201416015625,9.540313720703123,-1,2,1281
2025-11-20T22:18:02.731+01:00,3151,630444.9937090001,0.2330851692507498,-0.0110382755823203,0.1941963485607875,0.0001063430681824,-0.0307749863713979,0.0291306842118501,-0.0088043808937072,-0.0059300065040588,-0.0022143088281154,XArbitraryCorrectedZVertical,0.0969253102574008,0.0058167159803546,0.1151980404398942,0.988585453215104,0.9822083711624146,-0.183126375079155,0.0416124314069747,39.0474853515625,-12.23323059082031,9.958526611328123,-1,2,1282
2025-11-20T22:18:02.764+01:00,3152,630445.028626,0.2338868810393386,-0.0122154882777044,0.1940711904532517,-0.0121699096634984,-0.0283078253269195,0.0068720169365406,-0.0135235786437988,-0.013802945613861,-0.0015394687652587,XArbitraryCorrectedZVertical,0.096929145540513,0.0052664050375624,0.1155383338501438,0.9885483910784044,0.9821056723594666,-0.1839051395654678,0.0405867286026477,39.13067626953125,-12.26519775390625,9.770187377929688,-1,2,1283
2025-11-20T22:18:02.799+01:00,3153,630445.063542,0.2335765957053391,-0.0129819356679695,0.1934117074051489,-0.0214545279741287,-0.0119030233472585,-0.0154058691114187,-0.0121615529060363,-0.0117631405591964,-0.0089679956436157,XArbitraryCorrectedZVertical,0.0966482426004474,0.0048340773131,0.1153536428142063,0.988599681002992,0.9821932315826416,-0.1836408823728561,0.0396534167230129,39.162109375,-12.34103393554688,9.654083251953123,-1,2,1284
